index	elapsed_ms
0	17.440958
1	0.726084
2	0.464708
3	0.459833
4	0.465208
5	0.456292
6	1.206875
7	0.893292
8	0.377792
9	0.363708
10	0.346708
11	0.474458
12	0.343583
13	0.321458
14	0.333833
15	0.353458
16	0.293625
17	0.768791
18	0.284542
19	0.247542
20	0.216917
21	0.21475
22	0.107042
23	0.107875
24	0.103166
25	0.106792
26	0.10325
27	0.102708
28	0.370708
29	0.190292
30	0.110583
31	0.113917
32	0.382792
33	0.326791
34	0.12175
35	0.1025
36	0.106125
37	0.093625
38	0.10275
39	0.101375
40	0.089958
41	0.087958
42	0.091
43	0.088542
44	0.089958
45	0.086292
46	0.088459
47	0.095875
48	0.089042
49	0.169959
50	0.249291
51	0.095583
52	0.090125
53	0.113333
54	0.13525
55	0.102084
56	0.093459
57	0.08575
58	0.09025
59	0.092834
60	0.085042
61	0.088625
62	0.086416
63	0.54175
64	0.099917
65	0.090833
66	0.208083
67	0.550584
68	0.234
69	0.10025
70	0.082459
71	0.083292
72	0.079916
73	0.082458
74	0.078875
75	0.078917
76	0.07775
77	0.07875
78	0.08475
79	0.103625
80	0.082042
81	0.077292
82	0.076916
83	0.0885
84	0.078667
85	0.083625
86	0.09175
87	0.080417
88	0.07625
89	0.082958
90	0.075083
91	0.091417
92	0.081375
93	0.076
94	0.077708
95	0.083583
96	0.0745
97	0.073833
98	0.073667
99	0.074625
100	0.074333
101	0.075
102	0.087
103	0.086583
104	0.072833
105	0.073458
106	0.075459
107	0.077125
108	0.0755
109	0.073459
110	0.074917
111	0.074875
112	0.072917
113	0.073334
114	0.072458
115	0.072458
116	0.07375
117	0.0735
118	0.074042
119	0.12275
120	0.110042
121	0.08325
122	0.079375
123	0.078
124	0.078375
125	0.075791
126	0.080833
127	0.269958
128	0.122209
129	0.084542
130	0.078542
131	0.077916
132	0.073333
133	0.074792
134	0.074125
135	0.19
136	0.073917
137	0.074291
138	0.073209
139	0.075
140	0.073125
141	0.0725
142	0.072709
143	0.077667
144	0.540334
145	0.254625
146	0.209125
147	0.264667
148	0.240084
149	0.190333
150	0.171625
151	0.227875
152	0.191625
153	0.159416
154	0.09475
155	0.07575
156	0.0745
157	0.071209
158	0.0755
159	0.185792
160	0.239791
161	0.231792
162	0.175583
163	0.197125
164	0.116458
165	0.078792
166	0.073042
167	0.07375
168	0.153333
169	0.213958
170	0.073
171	0.073167
172	0.081125
173	0.067666
174	0.069083
175	0.070583
176	0.067375
177	0.065416
178	0.068542
179	0.069209
180	0.071459
181	0.068667
182	0.067333
183	0.070625
184	0.078125
185	0.089375
186	0.070417
187	0.064833
188	0.065708
189	0.065042
190	0.068042
191	0.090042
192	0.066041
193	0.070292
194	0.077541
195	0.067583
196	0.065959
197	0.065125
198	0.064584
199	0.070917
200	0.064125
201	0.070709
202	0.066375
203	0.073042
204	0.102958
205	0.067417
206	0.065625
207	0.064791
208	0.075166
209	0.0645
210	0.064333
211	0.065792
212	0.074333
213	0.064333
214	0.063625
215	0.070167
216	0.063584
217	0.063625
218	0.064
219	0.063083
220	0.064041
221	0.063084
222	0.06525
223	0.065166
224	0.064083
225	0.065125
226	0.062958
227	0.063333
228	0.064125
229	0.064666
230	0.064167
231	0.092041
232	0.065167
233	0.064291
234	0.06475
235	0.067708
236	0.06775
237	0.064417
238	0.064667
239	0.066291
240	0.062916
241	0.078416
242	0.068666
243	0.064708
244	0.065709
245	0.064
246	0.064
247	0.070958
248	0.063916
249	0.09675
250	0.064209
251	0.064208
252	0.064042
253	0.064208
254	0.065083
255	0.188417
256	0.075417
257	0.071917
258	0.077
259	0.0655
260	0.065084
261	0.064292
262	0.063875
263	0.069084
264	0.069709
265	0.064542
266	0.064084
267	0.071458
268	0.065625
269	0.211042
270	0.283791
271	0.184958
272	0.157791
273	0.157334
274	0.328542
275	0.1605
276	0.176792
277	0.155
278	0.147834
279	0.18675
280	0.151208
281	0.148708
282	0.148709
283	0.146459
284	0.084917
285	0.066125
286	0.065417
287	0.063834
288	0.0685
289	0.063625
290	0.062375
291	0.065667
292	0.066542
293	0.06475
294	0.068084
295	0.077
296	0.06425
297	0.063375
298	0.061666
299	0.062416
300	0.062333
301	0.062
302	0.062333
303	0.062791
304	0.062375
305	0.063292
306	0.06375
307	0.062375
308	0.062708
309	0.063375
310	0.061875
311	0.071417
312	0.066666
313	0.083042
314	0.064625
315	0.062125
316	0.062667
317	0.062208
318	0.062084
319	0.087667
320	0.066291
321	0.066583
322	0.075375
323	0.063333
324	0.068459
325	0.062625
326	0.063125
327	0.06825
328	0.063959
329	0.065541
330	0.067375
331	0.070125
332	0.072375
333	0.059334
334	0.058417
335	0.059875
336	0.05825
337	0.059792
338	0.059125
339	0.060583
340	0.064084
341	0.061292
342	0.058083
343	0.06925
344	0.1225
345	0.069792
346	0.061958
347	0.099333
348	0.061542
349	0.061042
350	0.060042
351	0.149541
352	0.05775
353	0.058542
354	0.115125
355	0.059958
356	0.05875
357	0.057459
358	0.060875
359	0.06025
360	0.060625
361	0.069667
362	0.056167
363	0.05625
364	0.067333
365	0.059291
366	0.207167
367	0.066541
368	0.059375
369	0.105584
370	0.071709
371	0.060459
372	0.059333
373	0.060584
374	0.062709
375	0.15775
376	0.173667
377	0.093375
378	0.059791
379	0.057042
380	0.056917
381	0.056542
382	0.05675
383	0.074167
384	0.059
385	0.060084
386	0.069792
387	0.062625
388	0.057458
389	0.060042
390	0.055708
391	0.058958
392	0.057208
393	0.056209
394	0.068583
395	0.074041
396	0.062167
397	0.053208
398	0.052792
399	0.067958
400	0.0545
401	0.053417
402	0.053166
403	0.0545
404	0.059833
405	0.054917
406	0.055708
407	0.057375
408	0.053916
409	0.056625
410	0.055917
411	0.0535
412	0.052375
413	0.05175
414	0.058333
415	0.060375
416	0.053208
417	0.052208
418	0.052167
419	0.054542
420	0.059875
421	0.054417
422	0.053666
423	0.055792
424	0.054166
425	0.052583
426	0.052333
427	0.052291
428	0.052125
429	0.051625
430	0.052875
431	0.052792
432	0.052375
433	0.077
434	0.053167
435	0.052375
436	0.052542
437	0.051875
438	0.051792
439	0.054791
440	0.051459
441	0.053125
442	0.050541
443	0.052708
444	0.053
445	0.051833
446	0.05225
447	0.073209
448	0.052458
449	0.05175
450	0.063834
451	0.052041
452	0.052125
453	0.052792
454	0.05175
455	0.053584
456	0.053583
457	0.067084
458	0.051625
459	0.059458
460	0.053417
461	0.154333
462	0.052917
463	0.050166
464	0.051459
465	0.050834
466	0.05025
467	0.052667
468	0.060083
469	0.06125
470	0.053333
471	0.055
472	0.052958
473	0.058583
474	0.053834
475	0.066583
476	0.099041
477	0.054791
478	0.0615
479	0.061458
480	0.050709
481	0.052916
482	0.0515
483	0.051375
484	0.050334
485	0.053291
486	0.063375
487	0.055
488	0.050708
489	0.056375
490	0.052125
491	0.050167
492	0.058709
493	0.052125
494	0.048917
495	0.050584
496	0.057959
497	0.050625
498	0.05225
499	0.05175
500	0.051625
501	0.049875
502	0.050458
503	0.05425
504	0.050666
505	0.050708
506	0.048125
507	0.048875
508	0.056542
509	0.051166
510	0.049083
511	0.075834
512	0.048917
513	0.075083
514	0.063291
515	0.052
516	0.04875
517	0.050375
518	0.048583
519	0.052667
520	0.04875
521	0.049041
522	0.04925
523	0.189875
524	0.09025
525	0.053625
526	0.049292
527	0.05125
528	0.055833
529	0.048792
530	0.048791
531	0.050042
532	0.056208
533	0.04925
534	0.048958
535	0.051625
536	0.049459
537	0.052833
538	0.050125
539	0.049709
540	0.048375
541	0.047958
542	0.055125
543	0.0495
544	0.049084
545	0.050292
546	0.075792
547	0.051042
548	0.050125
549	0.05025
550	0.042541
551	0.04325
552	0.044167
553	0.043167
554	0.041666
555	0.041917
556	0.045708
557	0.041292
558	0.042625
559	0.045791
560	0.045334
561	0.048625
562	0.04275
563	0.046208
564	0.055
565	0.042167
566	0.045375
567	0.108208
568	0.042208
569	0.0445
570	0.042291
571	0.042875
572	0.042917
573	0.04525
574	0.04275
575	0.042625
576	0.04325
577	0.042375
578	0.055958
579	0.045209
580	0.043208
581	0.041208
582	0.040209
583	0.042667
584	0.041208
585	0.043041
586	0.041417
587	0.050708
588	0.043417
589	0.042541
590	0.043375
591	0.041084
592	0.041209
593	0.043125
594	0.04225
595	0.043167
596	0.048833
597	0.04225
598	0.039792
599	0.042625
600	0.042125
601	0.042
602	0.040291
603	0.046583
604	0.046792
605	0.042667
606	0.049667
607	0.042125
608	0.042459
609	0.042042
610	0.042125
611	0.045959
612	0.04475
613	0.047417
614	0.045875
615	0.050041
616	0.045708
617	0.042375
618	0.043084
619	0.041875
620	0.04275
621	0.042458
622	0.044084
623	0.042416
624	0.041917
625	0.043833
626	0.048583
627	0.0345
628	0.032792
629	0.032834
630	0.034166
631	0.034541
632	0.033834
633	0.036666
634	0.034709
635	0.03425
636	0.032666
637	0.032959
638	0.059166
639	0.049208
640	0.037
641	0.035125
642	0.03525
643	0.033166
644	0.034291
645	0.034292
646	0.034167
647	0.033875
648	0.033375
649	0.033416
650	0.032
651	0.036458
652	0.033292
653	0.035167
654	0.033416
655	0.033833
656	0.03275
657	0.032833
658	0.03275
659	0.032459
660	0.031791
661	0.032209
662	0.033667
663	0.032125
664	0.031333
665	0.034167
666	0.033
667	0.033208
668	0.031917
669	0.03325
670	0.032167
671	0.03325
672	0.032958
673	0.032833
674	0.032583
675	0.032792
676	0.033084
677	0.0335
678	0.031958
679	0.034458
680	0.030292
681	0.03225
682	0.033916
683	0.032334
684	0.032416
685	0.03325
686	0.033167
687	0.033333
688	5.235875
689	0.094167
690	0.043542
691	0.036
692	0.035416
693	0.033417
694	0.032334
695	0.032875
696	0.033167
697	0.030625
698	0.031333
699	0.032333
700	0.041042
701	0.033083
702	0.0325
703	0.034541
704	0.032083
705	0.032334
706	0.031625
707	0.034833
708	0.031917
709	0.03275
710	0.030958
711	0.03225
712	0.031167
713	0.037166
714	0.036708
715	0.031917
716	0.032708
717	0.035292
718	0.033125
719	0.032
720	0.031875
721	0.03225
722	0.032333
723	0.032417
724	0.033833
725	0.032042
726	0.033292
727	0.032959
728	0.057875
729	0.032334
730	0.032
731	0.032292
732	0.032
733	0.032125
734	0.0345
735	0.032
736	0.032708
737	0.032209
738	0.032959
739	0.032208
740	0.033417
741	0.032916
742	0.032875
743	0.032875
744	0.033208
745	0.185125
746	0.136625
747	0.087875
748	0.07575
749	0.075292
750	0.074875
751	0.071458
752	0.070708
753	0.069208
754	0.071958
755	0.070417
756	0.06975
757	0.071959
758	0.06425
759	0.03625
760	0.032667
761	0.03325
762	0.03325
763	0.031167
764	0.034542
765	0.03275
766	0.040125
767	0.0365
768	0.031709
769	0.031416
770	0.032167
771	0.033083
772	0.03225
773	0.032708
774	0.031542
775	0.032416
776	0.033125
777	0.031917
778	0.032958
779	0.03225
780	0.032542
781	0.032083
782	0.031667
783	0.031917
784	0.032708
785	0.032542
786	0.032625
787	0.032083
788	0.030875
789	0.03225
790	0.03075
791	0.032708
792	0.033084
793	0.032541
794	0.033167
795	0.033042
796	0.032875
797	0.032625
798	0.032083
799	0.033333
800	0.032917
801	0.032708
802	0.03075
803	0.033167
804	0.031916
805	0.03375
806	0.031917
807	0.032458
808	0.032
809	0.031875
810	0.032709
811	0.033
812	0.031209
813	0.032375
814	0.031833
815	0.032084
816	0.030916
817	0.032459
818	0.033416
819	0.032292
820	0.03375
821	0.033625
822	0.032667
823	0.033625
824	0.03275
825	0.033625
826	0.031541
827	0.032417
828	0.032583
829	0.032042
830	0.034625
831	0.033334
832	0.033666
833	0.033
834	0.034
835	0.054041
836	0.037583
837	0.034333
838	0.033667
839	0.035375
840	0.032667
841	0.032958
842	0.034042
843	0.032583
844	0.034542
845	0.032
846	0.032458
847	0.033375
848	0.031625
849	0.032083
850	0.030917
851	0.038291
852	0.035833
853	0.033875
854	0.047208
855	0.037667
856	0.033709
857	0.0345
858	0.037583
859	0.033875
860	0.035292
861	0.031958
862	0.034334
863	0.032041
864	0.032125
865	0.032416
866	0.031833
867	0.040959
868	0.0325
869	0.032333
870	0.03425
871	0.034
872	0.031958
873	0.035084
874	0.031917
875	0.035416
876	0.031542
877	0.034291
878	0.032958
879	0.032625
880	0.035084
881	0.033542
882	0.032334
883	0.0315
884	0.03375
885	0.033333
886	0.03275
887	0.034666
888	0.032292
889	0.032709
890	0.032083
891	0.033
892	0.030041
893	0.032625
894	0.032459
895	0.03475
896	0.033917
897	0.030459
898	0.031708
899	0.030041
900	0.031834
901	0.032416
902	0.031709
903	0.033875
904	0.0325
905	0.033916
906	0.032792
907	0.034167
908	0.034167
909	0.038125
910	0.033125
911	0.033333
912	0.03725
913	0.03275
914	0.033208
915	0.034333
916	0.037084
917	0.035125
918	0.034542
919	0.034542
920	0.033041
921	0.033125
922	0.034958
923	0.035042
924	0.033583
925	0.032542
926	0.03425
927	0.033333
928	0.031584
929	0.033209
930	0.031958
931	0.034
932	0.033792
933	0.03275
934	0.032584
935	0.033542
936	0.032625
937	0.032
938	0.096375
939	0.121958
940	0.0395
941	0.032875
942	0.032125
943	0.032625
944	0.032084
945	0.033333
946	0.031959
947	0.034125
948	0.042917
949	0.03425
950	0.032584
951	0.033083
952	0.034708
953	0.031792
954	0.031916
955	0.031916
956	0.03125
957	0.036208
958	0.035667
959	0.033209
960	0.033125
961	0.032542
962	0.03425
963	0.031916
964	0.034
965	0.031583
966	0.034666
967	0.033333
968	0.03175
969	0.03375
970	0.033
971	0.035542
972	0.03225
973	0.033833
974	0.033
975	0.033042
976	0.032125
977	0.033875
978	0.032709
979	0.034125
980	0.033958
981	0.030208
982	0.03225
983	0.032375
984	0.031625
985	0.033125
986	0.033042
987	0.03325
988	0.032625
989	0.124709
990	0.048292
991	0.03225
992	0.032209
993	0.032875
994	0.032792
995	0.034292
996	0.033584
997	0.031208
998	0.032875
999	0.032333
1000	0.032583
1001	0.0485
1002	0.130416
1003	0.092167
1004	0.036292
1005	0.034916
1006	0.033459
1007	0.033208
1008	0.033334
1009	0.033875
1010	0.033292
1011	0.030667
1012	0.0315
1013	0.032791
1014	0.032625
1015	0.032541
1016	0.03525
1017	0.034166
1018	0.03325
1019	0.034791
1020	0.0315
1021	0.032625
1022	0.032541
1023	0.034083
1024	0.032875
1025	0.033375
1026	0.033
1027	0.034542
1028	0.033916
1029	0.033334
1030	0.031875
1031	0.041208
1032	0.033625
1033	0.032084
1034	0.032541
1035	0.032583
1036	0.032458
1037	0.033167
1038	0.034584
1039	0.031083
1040	0.0355
1041	0.034875
1042	0.03175
1043	0.0325
1044	0.033625
1045	0.03375
1046	0.032
1047	0.034583
1048	0.033167
1049	0.032625
1050	0.033375
1051	0.034
1052	0.03325
1053	0.032375
1054	0.033875
1055	0.032625
1056	0.033833
1057	0.045542
1058	0.034416
1059	0.045875
1060	0.035708
1061	0.032833
1062	0.03325
1063	0.032708
1064	0.031459
1065	0.033542
1066	0.031583
1067	0.03325
1068	0.032333
1069	0.031
1070	0.03375
1071	0.033833
1072	0.03375
1073	0.031958
1074	0.032167
1075	0.0355
1076	0.031833
1077	0.033958
1078	0.044708
1079	0.034125
1080	0.03325
1081	0.032584
1082	0.032917
1083	0.033958
1084	0.033542
1085	0.03175
1086	0.032458
1087	0.034875
1088	0.031375
1089	0.033209
1090	0.033542
1091	0.151833
1092	0.139458
1093	0.085958
1094	0.250208
1095	0.0395
1096	0.036916
1097	0.032625
1098	0.032625
1099	0.032667
1100	0.033167
1101	0.032541
1102	0.033083
1103	0.034583
1104	0.033417
1105	0.03325
1106	0.03475
1107	0.035041
1108	0.033625
1109	0.033083
1110	0.033375
1111	0.046209
1112	0.03575
1113	0.037125
1114	0.032709
1115	0.034916
1116	0.033125
1117	0.031959
1118	0.033042
1119	0.034416
1120	0.032041
1121	0.03325
1122	0.033834
1123	0.032292
1124	0.033666
1125	0.03275
1126	0.032709
1127	0.033041
1128	0.03325
1129	0.032833
1130	0.033334
1131	0.032541
1132	0.03175
1133	0.034042
1134	0.033916
1135	0.032459
1136	0.03175
1137	0.033334
1138	0.032208
1139	0.031958
1140	0.031667
1141	0.033458
1142	0.031042
1143	0.04125
1144	0.033917
1145	0.034541
1146	0.0325
1147	0.032708
1148	0.032209
1149	0.032166
1150	0.033167
1151	0.034666
1152	0.105084
1153	0.424417
1154	0.136334
1155	0.288041
1156	0.09725
1157	0.074458
1158	0.07175
1159	0.129917
1160	0.077084
1161	0.070167
1162	0.07625
1163	0.071333
1164	0.068833
1165	0.067917
1166	0.068667
1167	0.070417
1168	0.067583
1169	0.068
1170	0.073416
1171	0.067417
1172	0.066834
1173	0.066208
1174	0.069583
1175	0.069958
1176	0.094583
1177	0.058291
1178	0.035541
1179	0.032667
1180	0.032
1181	0.03275
1182	0.032708
1183	0.035417
1184	0.032916
1185	0.030542
1186	0.032375
1187	0.031792
1188	0.032125
1189	0.03325
1190	0.031542
1191	0.040958
1192	0.033042
1193	0.032625
1194	0.032875
1195	0.031834
1196	0.032291
1197	0.031709
1198	0.032375
1199	0.032375
1200	0.031792
1201	0.03325
1202	0.0335
1203	0.031333
1204	0.032209
1205	0.031
1206	0.031833
1207	0.032
1208	0.031334
1209	0.032375
1210	0.031
1211	0.030584
1212	0.03175
1213	0.030458
1214	0.031208
1215	0.033083
1216	0.033125
1217	0.033
1218	0.032
1219	0.03125
1220	0.031292
1221	0.031666
1222	0.029958
1223	0.031667
1224	0.033167
1225	0.032625
1226	0.033584
1227	0.033875
1228	0.149917
1229	0.14675
1230	0.077
1231	0.070125
1232	0.068083
1233	0.066333
1234	0.067292
1235	0.089584
1236	0.075625
1237	0.06775
1238	0.064333
1239	0.111667
1240	0.158875
1241	0.139459
1242	0.079208
1243	0.07475
1244	0.087709
1245	0.074458
1246	0.073208
1247	0.072375
1248	0.083541
1249	0.179708
1250	0.066541
1251	0.064833
1252	0.105958
1253	0.073542
1254	0.072792
1255	0.066541
1256	0.065583
1257	0.093833
1258	0.082792
1259	0.086459
1260	0.107458
1261	0.047542
1262	0.034833
1263	0.03175
1264	0.031208
1265	0.031458
1266	0.032666
1267	0.031959
1268	0.031375
1269	0.030291
1270	0.034
1271	0.031833
1272	0.033208
1273	0.035667
1274	0.033542
1275	0.029625
1276	0.033375
1277	0.03025
1278	0.033333
1279	0.033167
1280	0.031208
1281	0.0355
1282	0.032125
1283	0.029792
1284	0.038459
1285	0.036917
1286	0.037042
1287	0.033875
1288	0.031458
1289	0.036791
1290	0.035416
1291	0.037584
1292	0.031125
1293	0.032875
1294	0.031083
1295	0.035083
1296	0.030666
1297	0.032334
1298	0.031917
1299	0.033167
1300	0.031542
1301	0.031917
1302	0.033041
1303	0.033458
1304	0.032125
1305	0.031958
1306	0.032666
1307	0.037542
1308	0.033416
1309	0.032375
1310	0.032375
1311	0.032167
1312	0.034583
1313	0.033042
1314	0.032542
1315	0.034041
1316	0.032459
1317	0.032958
1318	0.031209
1319	0.031791
1320	0.034083
1321	0.033583
1322	0.031125
1323	0.034417
1324	0.030834
1325	0.032666
1326	0.033042
1327	0.033292
1328	0.033791
1329	0.030417
1330	0.031959
1331	0.03275
1332	0.032208
1333	0.032541
1334	0.032875
1335	0.05725
1336	0.032875
1337	0.030292
1338	0.032167
1339	0.030458
1340	0.031708
1341	0.030583
1342	0.031375
1343	0.031833
1344	0.033167
1345	0.031916
1346	0.033125
1347	0.029334
1348	0.030583
1349	0.032
1350	0.031
1351	0.031583
1352	0.030625
1353	0.029166
1354	0.031792
1355	0.029083
1356	0.031875
1357	0.030791
1358	0.031291
1359	0.03125
1360	0.030583
1361	0.032125
1362	0.031792
1363	0.031917
1364	0.03275
1365	0.051833
1366	0.031125
1367	0.0305
1368	0.030208
1369	0.029208
1370	0.060375
1371	0.216083
1372	0.115167
1373	0.072208
1374	0.068
1375	0.076041
1376	0.066
1377	0.065167
1378	0.0665
1379	0.066417
1380	0.064208
1381	0.095083
1382	0.055333
1383	0.034959
1384	0.032
1385	0.0305
1386	0.032458
1387	0.028917
1388	0.030333
1389	0.029208
1390	0.030917
1391	0.032666
1392	0.032084
1393	0.030792
1394	0.030875
1395	0.029542
1396	0.0305
1397	0.03225
1398	0.029542
1399	0.040916
1400	0.029
1401	0.028833
1402	0.02925
1403	0.029333
1404	0.03
1405	0.029333
1406	0.029542
1407	0.037459
1408	0.033583
1409	0.030917
1410	0.02975
1411	0.027708
1412	0.032459
1413	0.029125
1414	0.02925
1415	0.042833
1416	0.031125
1417	0.031708
1418	0.030417
1419	0.029042
1420	0.030125
1421	0.030083
1422	0.029584
1423	0.027542
1424	0.040042
1425	0.029292
1426	0.02875
1427	0.027667
1428	0.03125
1429	0.030833
1430	0.036208
1431	0.030875
1432	0.030417
1433	0.027833
1434	0.031042
1435	0.028459
1436	0.028666
1437	0.0285
1438	0.029709
1439	0.029333
1440	0.029208
1441	0.028167
1442	0.029292
1443	0.028791
1444	0.029375
1445	0.030417
1446	0.031208
1447	0.030041
1448	0.030541
1449	0.029167
1450	0.029083
1451	0.029959
1452	0.028417
1453	0.030208
1454	0.031209
1455	0.03
1456	0.030375
1457	0.030792
1458	0.030291
1459	0.0295
1460	0.031083
1461	0.107875
1462	0.108125
1463	0.100416
1464	0.073667
1465	0.06625
1466	0.066375
1467	0.117834
1468	0.092042
1469	0.092542
1470	0.080584
1471	0.08875
1472	0.07275
1473	0.071334
1474	0.069583
1475	0.069
1476	0.096291
1477	0.069
1478	0.06925
1479	0.070708
1480	0.070083
1481	0.068917
1482	0.0685
1483	0.069958
1484	0.068959
1485	0.068459
1486	0.0685
1487	0.070459
1488	0.068
1489	0.068292
1490	0.070958
1491	0.069833
1492	0.067834
1493	0.068
1494	0.070292
1495	0.082417
1496	0.068292
1497	0.066667
1498	0.070334
1499	0.076958
1500	0.068833
1501	0.072166
1502	0.068083
1503	0.081541
1504	0.068458
1505	0.067958
1506	0.0745
1507	0.069708
1508	0.069375
1509	0.068291
1510	0.068209
1511	0.073958
1512	0.071875
1513	0.071458
1514	0.07975
1515	0.068167
1516	0.066625
1517	0.067292
1518	0.067208
1519	0.068916
1520	0.068
1521	0.066833
1522	0.079458
1523	0.068958
1524	0.066666
1525	0.067042
1526	0.069292
1527	0.069792
1528	0.069125
1529	0.066916
1530	0.082959
1531	0.067792
1532	0.069166
1533	0.069708
1534	0.066792
1535	0.07125
1536	0.067333
1537	0.067416
1538	0.069917
1539	0.06825
1540	0.066917
1541	0.065666
1542	0.065083
1543	0.0695
1544	0.066084
1545	0.066292
1546	0.065833
1547	0.067375
1548	0.083917
1549	0.069583
1550	0.066583
1551	0.068125
1552	0.066708
1553	0.069917
1554	0.074667
1555	0.067459
1556	0.070333
1557	0.070666
1558	0.068333
1559	0.072292
1560	0.069958
1561	0.07075
1562	0.067959
1563	0.066208
1564	0.06925
1565	0.067417
1566	0.065958
1567	0.068958
1568	0.124917
1569	0.072125
1570	0.071167
1571	0.069625
1572	0.067667
1573	0.072
1574	0.072584
1575	0.068709
1576	0.0665
1577	0.065292
1578	0.06575
1579	0.067166
1580	0.068042
1581	0.069958
1582	0.066667
1583	0.067291
1584	0.065792
1585	0.068625
1586	0.075166
1587	0.0645
1588	0.062792
1589	0.061959
1590	0.059625
1591	0.0605
1592	0.05925
1593	0.059375
1594	0.060875
1595	0.064
1596	0.064417
1597	0.065125
1598	0.061958
1599	0.060292
1600	0.099208
1601	0.062
1602	0.038083
1603	0.035542
1604	0.03375
1605	0.038334
1606	0.039708
1607	0.035833
1608	0.035833
1609	0.033333
1610	0.027291
1611	0.031
1612	0.032042
1613	0.032125
1614	0.030083
1615	0.029
1616	0.137875
1617	0.033
1618	0.028917
1619	0.040125
1620	0.029708
1621	0.054166
1622	0.02875
1623	0.026375
1624	0.025333
1625	0.030208
1626	0.028792
1627	0.029291
1628	0.029042
1629	0.027792
1630	0.028792
1631	0.031792
1632	0.028708
1633	0.029541
1634	0.029666
1635	0.029792
1636	0.029875
1637	0.029334
1638	0.029375
1639	0.029667
1640	0.028042
1641	0.029833
1642	0.028459
1643	0.02875
1644	0.028875
1645	0.029334
1646	0.030417
1647	0.029792
1648	0.027666
1649	0.028875
1650	0.058625
1651	0.085875
1652	0.029625
1653	0.028
1654	0.027583
1655	0.028292
1656	0.030916
1657	0.034875
1658	0.029667
1659	0.029125
1660	0.027625
1661	0.029791
1662	0.028542
1663	0.032834
1664	0.027916
1665	0.028834
1666	0.028416
1667	0.028125
1668	0.028208
1669	0.026333
1670	0.027042
1671	0.027958
1672	0.029875
1673	0.027333
1674	0.028375
1675	0.029792
1676	0.027166
1677	0.031209
1678	0.027041
1679	0.029042
1680	0.028042
1681	0.028125
1682	0.029041
1683	0.029209
1684	0.028917
1685	0.028708
1686	0.027417
1687	0.028833
1688	0.026666
1689	0.027792
1690	0.0295
1691	0.027791
1692	0.027875
1693	0.028125
1694	0.028875
1695	0.027292
1696	0.026416
1697	0.028958
1698	0.029375
1699	0.028
1700	0.0295
1701	0.02875
1702	0.028625
1703	0.028875
1704	0.029333
1705	0.028333
1706	0.027291
1707	0.0305
1708	0.0295
1709	0.026459
1710	0.078459
1711	0.043584
1712	0.029209
1713	0.030416
1714	0.027583
1715	0.027875
1716	0.030125
1717	0.027792
1718	0.028
1719	0.028416
1720	0.028791
1721	0.027209
1722	0.030833
1723	0.028584
1724	0.03075
1725	0.159583
1726	0.03875
1727	0.0335
1728	0.028084
1729	0.028167
1730	0.030667
1731	0.029083
1732	0.028375
1733	0.027875
1734	0.028875
1735	0.029209
1736	0.029291
1737	0.029375
1738	0.030125
1739	0.0285
1740	0.028875
1741	0.029084
1742	0.031041
1743	0.029209
1744	0.028958
1745	0.031917
1746	0.032875
1747	0.029792
1748	0.028166
1749	0.026542
1750	0.027458
1751	0.042375
1752	0.030583
1753	0.0305
1754	0.028834
1755	0.029833
1756	0.028459
1757	0.028708
1758	0.029
1759	0.029
1760	0.0285
1761	0.029375
1762	0.028583
1763	0.027625
1764	0.028917
1765	0.037083
1766	0.028834
1767	0.0305
1768	0.028959
1769	0.027417
1770	0.050125
1771	0.034042
1772	0.030333
1773	0.029
1774	0.029208
1775	0.029417
1776	0.027083
1777	0.0285
1778	0.029
1779	0.029208
1780	0.029084
1781	0.028
1782	0.035959
1783	0.02775
1784	0.029375
1785	0.027625
1786	0.028625
1787	0.028083
1788	0.027209
1789	0.028291
1790	0.027125
1791	0.035167
1792	0.028458
1793	0.026375
1794	0.028208
1795	0.02775
1796	0.028375
1797	0.028583
1798	0.029042
1799	0.027667
1800	0.027958
1801	0.033959
1802	0.030416
1803	0.029375
1804	0.029
1805	0.030708
1806	0.028125
1807	0.029042
1808	0.027958
1809	0.02975
1810	0.028125
1811	0.027875
1812	0.027542
1813	0.029667
1814	0.026292
1815	0.025167
1816	0.028542
1817	0.0285
1818	0.028584
1819	0.028041
1820	0.02825
1821	0.028333
1822	0.027667
1823	0.029417
1824	0.029125
1825	0.030208
1826	0.028625
1827	0.027208
1828	0.028667
1829	0.029083
1830	0.029209
1831	0.028625
1832	0.0275
1833	0.02725
1834	0.095333
1835	0.79625
1836	0.032333
1837	0.028541
1838	0.027708
1839	0.027625
1840	0.026334
1841	0.028584
1842	0.028375
1843	0.029083
1844	0.047208
1845	0.0355
1846	0.028708
1847	0.028417
1848	0.026041
1849	0.029416
1850	0.027583
1851	0.027125
1852	0.027917
1853	0.028083
1854	0.027458
1855	0.02875
1856	0.027709
1857	0.026958
1858	0.029459
1859	0.028958
1860	0.027083
1861	0.0275
1862	0.028166
1863	0.028084
1864	0.027916
1865	0.027791
1866	0.028916
1867	0.028125
1868	0.029959
1869	0.027083
1870	0.029542
1871	0.028417
1872	0.028417
1873	0.028417
1874	0.029042
1875	0.030541
1876	0.029958
1877	0.027083
1878	0.029375
1879	0.029708
1880	0.030542
1881	0.028083
1882	0.02875
1883	0.026416
1884	0.030333
1885	0.048375
1886	0.029875
1887	0.027875
1888	0.051209
1889	0.031542
1890	0.028291
1891	0.029375
1892	0.027917
1893	0.029208
1894	0.029333
1895	0.038958
1896	0.028917
1897	0.027458
1898	0.026208
1899	0.026875
1900	0.029209
1901	0.02525
1902	0.028792
1903	0.026458
1904	0.03125
1905	0.029334
1906	0.028875
1907	0.027917
1908	0.029917
1909	0.02775
1910	0.030084
1911	0.027458
1912	0.028
1913	0.030083
1914	0.025959
1915	0.028208
1916	0.02725
1917	0.02875
1918	0.028208
1919	0.031583
1920	0.029709
1921	0.168709
1922	0.104833
1923	0.069709
1924	0.062334
1925	0.061083
1926	0.061875
1927	0.058791
1928	0.059
1929	0.0945
1930	0.060666
1931	0.066708
1932	0.058458
1933	0.060042
1934	0.058166
1935	0.057666
1936	0.062459
1937	0.058709
1938	0.058541
1939	0.056792
1940	0.056791
1941	0.0695
1942	0.065
1943	0.059
1944	0.089208
1945	0.056916
1946	0.057291
1947	0.054541
1948	0.056875
1949	0.055875
1950	0.056667
1951	0.065917
1952	0.061041
1953	0.057417
1954	0.072958
1955	0.055917
1956	0.054917
1957	0.055583
1958	0.054958
1959	0.056333
1960	0.055834
1961	0.056291
1962	0.059417
1963	0.058042
1964	0.070833
1965	0.047667
1966	0.032
1967	0.029667
1968	0.030459
1969	0.026875
1970	0.026959
1971	0.02525
1972	0.027167
1973	0.029875
1974	0.0285
1975	0.026875
1976	0.029334
1977	0.035458
1978	0.027084
1979	0.026166
1980	0.024875
1981	0.02725
1982	0.026
1983	0.031
1984	0.030583
1985	0.030708
1986	0.033167
1987	0.031875
1988	0.028792
1989	0.029208
1990	0.026291
1991	0.030166
1992	0.027125
1993	0.028833
1994	0.029667
1995	0.0275
1996	0.0265
1997	0.024791
1998	0.026916
1999	0.028458
2000	0.026708
2001	0.027875
2002	0.02375
2003	0.0255
2004	0.025541
2005	0.026417
2006	0.026709
2007	0.027541
2008	0.027291
2009	0.026959
2010	0.027166
2011	0.028334
2012	0.029708
2013	0.025792
2014	0.027708
2015	0.03875
2016	0.026458
2017	0.026875
2018	0.028625
2019	0.028875
2020	0.029834
2021	0.028875
2022	0.024125
2023	0.026875
2024	0.026083
2025	0.026041
2026	0.028
2027	0.028125
2028	0.036292
2029	0.026959
2030	0.028375
2031	0.027458
2032	0.026625
2033	0.028042
2034	0.028542
2035	0.0345
2036	0.029416
2037	0.027917
2038	0.027417
2039	0.024959
2040	0.026375
2041	0.028208
2042	0.028083
2043	0.03275
2044	0.024125
2045	0.028875
2046	0.032209
2047	0.031875
2048	0.034041
2049	0.030208
2050	0.029167
2051	0.030708
2052	0.0295
2053	0.024667
2054	0.029042
2055	0.02425
2056	0.026125
2057	0.02725
2058	0.02975
2059	0.03125
2060	0.031334
2061	0.031458
2062	0.029167
2063	0.028416
2064	0.034334
2065	0.029083
2066	0.034959
2067	0.034
2068	0.031458
2069	0.0275
2070	0.027334
2071	0.029292
2072	0.029583
2073	0.027625
2074	0.027958
2075	0.028083
2076	0.029125
2077	0.028416
2078	0.030583
2079	0.028083
2080	0.029208
2081	0.054667
2082	0.030042
2083	0.027875
2084	0.027958
2085	0.028125
2086	0.029166
2087	0.02775
2088	0.029458
2089	0.026791
2090	0.026334
2091	0.032625
2092	0.028875
2093	0.025833
2094	0.027917
2095	0.026625
2096	0.025959
2097	0.052792
2098	0.086042
2099	0.112042
2100	0.066875
2101	0.138583
2102	0.119625
2103	0.027667
2104	0.026417
2105	0.026959
2106	0.181875
2107	0.02725
2108	0.026542
2109	0.027167
2110	0.026875
2111	0.026709
2112	0.026209
2113	0.027333
2114	0.0275
2115	0.027834
2116	0.024875
2117	0.031959
2118	0.026709
2119	0.025708
2120	0.030875
2121	0.02775
2122	0.026666
2123	0.026084
2124	0.027542
2125	0.025792
2126	0.026125
2127	0.024625
2128	0.025333
2129	0.02625
2130	0.025542
2131	0.028333
2132	0.0265
2133	0.025667
2134	0.025583
2135	0.028459
2136	0.089459
2137	0.034542
2138	0.028334
2139	0.027333
2140	0.054583
2141	0.063667
2142	0.062541
2143	0.033792
2144	0.036125
2145	0.03025
2146	0.027833
2147	0.027875
2148	0.027292
2149	0.024959
2150	0.029541
2151	0.123167
2152	0.08025
2153	0.03125
2154	0.028625
2155	0.028292
2156	0.028458
2157	0.026583
2158	0.028083
2159	0.034667
2160	0.096791
2161	0.058541
2162	0.034042
2163	0.029667
2164	0.027667
2165	0.026416
2166	0.026292
2167	0.028041
2168	0.028708
2169	0.029041
2170	0.026
2171	0.027042
2172	0.02975
2173	0.02775
2174	0.0255
2175	0.029708
2176	0.027333
2177	0.0275
2178	0.026917
2179	0.026541
2180	0.028292
2181	0.024208
2182	0.029042
2183	0.028416
2184	0.025875
2185	0.025458
2186	0.026375
2187	0.031458
2188	0.035333
2189	0.027041
2190	0.035375
2191	0.028125
2192	0.042333
2193	0.028416
2194	0.027125
2195	0.026083
2196	0.026958
2197	0.026584
2198	0.028542
2199	0.027584
2200	0.026375
2201	0.026917
2202	0.026083
2203	0.027958
2204	0.03525
2205	0.028583
2206	0.028125
2207	0.027375
2208	0.025709
2209	0.0265
2210	0.026917
2211	0.026041
2212	0.025792
2213	0.027708
2214	0.02675
2215	0.026166
2216	0.027084
2217	0.027459
2218	0.026
2219	0.026167
2220	0.027916
2221	0.027167
2222	0.025459
2223	0.025959
2224	0.025875
2225	0.029584
2226	0.0275
2227	0.026292
2228	0.027459
2229	0.024667
2230	0.026333
2231	0.026833
2232	0.024333
2233	0.0275
2234	0.026334
2235	0.025708
2236	0.026375
2237	0.025792
2238	0.025666
2239	0.029917
2240	0.023959
2241	0.025583
2242	0.026917
2243	0.024958
2244	0.026625
2245	0.0265
2246	0.026125
2247	0.02725
2248	0.026375
2249	0.025583
2250	0.027416
2251	0.028083
2252	0.026375
2253	0.027458
2254	0.025083
2255	0.032209
2256	0.026708
2257	0.027667
2258	0.026667
2259	0.026042
2260	0.02675
2261	0.025042
2262	0.026375
2263	0.027542
2264	0.024166
2265	0.027459
2266	0.027
2267	0.02775
2268	0.026792
2269	0.027166
2270	0.028084
2271	0.024334
2272	0.026166
2273	0.027208
2274	0.027
2275	0.0265
2276	0.02675
2277	0.026542
2278	0.027
2279	0.027583
2280	0.026417
2281	0.027167
2282	0.026416
2283	0.025625
2284	0.027042
2285	0.026583
2286	0.0265
2287	0.025875
2288	0.028291
2289	0.027041
2290	0.026625
2291	0.026667
2292	0.026041
2293	0.0265
2294	0.028125
2295	0.025583
2296	0.027458
2297	0.026292
2298	0.026667
2299	0.027334
2300	0.024875
2301	0.026625
2302	0.026
2303	0.027209
2304	0.02525
2305	0.026916
2306	0.025125
2307	0.027583
2308	0.027459
2309	0.026875
2310	0.024166
2311	0.026292
2312	0.025708
2313	0.026292
2314	0.027333
2315	0.024333
2316	0.027792
2317	0.027458
2318	0.025875
2319	0.027834
2320	0.026959
2321	0.027291
2322	0.024708
2323	0.02625
2324	0.032708
2325	0.026125
2326	0.028041
2327	0.02675
2328	0.026375
2329	0.025459
2330	0.1025
2331	0.029333
2332	0.026709
2333	0.026708
2334	0.028042
2335	0.024083
2336	0.024875
2337	0.028167
2338	0.026292
2339	0.0275
2340	0.027
2341	0.026417
2342	0.027125
2343	0.025875
2344	0.026916
2345	0.02775
2346	0.027292
2347	0.028167
2348	0.032625
2349	0.026042
2350	0.028083
2351	0.037083
2352	0.02725
2353	0.02375
2354	0.026125
2355	0.027083
2356	0.025083
2357	0.029042
2358	0.025042
2359	0.025084
2360	0.031791
2361	0.025875
2362	0.026792
2363	0.026625
2364	0.026709
2365	0.023792
2366	0.046833
2367	0.028333
2368	0.025875
2369	0.026375
2370	0.028125
2371	0.038833
2372	0.035667
2373	0.028291
2374	0.026666
2375	0.026542
2376	0.025333
2377	0.025292
2378	0.025833
2379	0.025333
2380	0.025667
2381	0.025958
2382	0.035042
2383	0.026875
2384	0.025125
2385	0.023959
2386	0.104542
2387	0.115583
2388	0.064834
2389	0.058375
2390	0.0585
2391	0.05675
2392	0.073
2393	0.059125
2394	0.056125
2395	0.065833
2396	0.05675
2397	0.056917
2398	0.056708
2399	0.055792
2400	0.054792
2401	0.054916
2402	0.054292
2403	0.056875
2404	0.0545
2405	0.05575
2406	0.072625
2407	0.054084
2408	0.053916
2409	0.054417
2410	0.053541
2411	0.05625
2412	0.054792
2413	0.0585
2414	0.053625
2415	0.054834
2416	0.053041
2417	0.078625
2418	0.054291
2419	0.053542
2420	0.054583
2421	0.054208
2422	0.054125
2423	0.053708
2424	0.054417
2425	0.054
2426	0.052834
2427	0.054625
2428	0.053875
2429	0.054375
2430	0.053458
2431	0.056667
2432	0.053667
2433	0.11575
2434	0.064125
2435	0.055584
2436	0.054292
2437	0.080208
2438	0.060709
2439	0.055792
2440	0.054584
2441	0.057167
2442	0.055417
2443	0.053792
2444	0.054375
2445	0.068708
2446	0.069333
2447	0.069334
2448	0.033458
2449	0.028125
2450	0.028334
2451	0.024666
2452	0.038375
2453	0.029459
2454	0.026834
2455	0.027667
2456	0.027625
2457	0.033667
2458	0.038
2459	0.030667
2460	0.029959
2461	0.029209
2462	0.02675
2463	0.030542
2464	0.028333
2465	0.026791
2466	0.029875
2467	0.036709
2468	0.031083
2469	0.026542
2470	0.027458
2471	0.032375
2472	0.026583
2473	0.032708
2474	0.025667
2475	0.025
2476	0.027167
2477	0.027292
2478	0.0245
2479	0.02575
2480	0.030125
2481	0.025167
2482	0.025125
2483	0.031791
2484	0.026208
2485	0.02725
2486	0.026541
2487	0.026375
2488	0.027625
2489	0.024916
2490	0.024459
2491	0.025583
2492	0.024792
2493	0.026666
2494	0.025833
2495	0.025959
2496	0.026958
2497	0.027583
2498	0.026542
2499	0.025666
2500	0.025834
2501	0.024833
2502	0.024458
2503	0.024541
2504	0.024875
2505	0.024125
2506	0.024458
2507	0.023292
2508	0.022667
2509	0.025
2510	0.024666
2511	0.025084
2512	0.025416
2513	0.026542
2514	0.025417
2515	0.025292
2516	0.023666
2517	0.024875
2518	0.0265
2519	0.026958
2520	0.025
2521	0.026458
2522	0.025542
2523	0.026333
2524	0.0265
2525	0.025125
2526	0.02625
2527	0.025209
2528	0.023833
2529	0.02575
2530	0.028292
2531	0.024833
2532	0.0235
2533	0.024042
2534	0.02425
2535	0.025708
2536	0.026875
2537	0.027459
2538	0.026209
2539	0.032084
2540	0.035375
2541	0.026
2542	0.02925
2543	0.029875
2544	0.033209
2545	0.031166
2546	0.026083
2547	0.025167
2548	0.03025
2549	0.025083
2550	0.02725
2551	0.023333
2552	0.027209
2553	0.024959
2554	0.024958
2555	0.029083
2556	0.024917
2557	0.033166
2558	0.027458
2559	0.032209
2560	0.0295
2561	0.025791
2562	0.029959
2563	0.024958
2564	0.029625
2565	0.026959
2566	0.026625
2567	0.024792
2568	0.026916
2569	0.0285
2570	0.022875
2571	0.02775
2572	0.026083
2573	0.029917
2574	0.0255
2575	0.026916
2576	0.02675
2577	0.025375
2578	0.026875
2579	0.027833
2580	0.031125
2581	0.023959
2582	0.023792
2583	0.029167
2584	0.025291
2585	0.02625
2586	0.025416
2587	0.024667
2588	0.073584
2589	0.1415
2590	0.078791
2591	0.066208
2592	0.063
2593	0.076333
2594	0.092125
2595	0.082709
2596	0.056
2597	0.055375
2598	0.053792
2599	0.08475
2600	0.092875
2601	0.09325
2602	0.057875
2603	0.063459
2604	0.075125
2605	0.0615
2606	0.0565
2607	0.054541
2608	0.067666
2609	0.062375
2610	0.035959
2611	0.030083
2612	0.026458
2613	0.025125
2614	0.026542
2615	0.025708
2616	0.024916
2617	0.02575
2618	0.025625
2619	0.025292
2620	0.026125
2621	0.024625
2622	0.027416
2623	0.027792
2624	0.026417
2625	0.082334
2626	0.109083
2627	0.063292
2628	0.057459
2629	0.054292
2630	0.053667
2631	0.052292
2632	0.05425
2633	0.057125
2634	0.057916
2635	0.053667
2636	0.053417
2637	0.056875
2638	0.05275
2639	0.065167
2640	0.054291
2641	0.054625
2642	0.062167
2643	0.055042
2644	0.062792
2645	0.073542
2646	0.029
2647	0.025834
2648	0.0265
2649	0.024791
2650	0.025833
2651	0.026542
2652	0.026125
2653	0.026084
2654	0.027375
2655	0.024875
2656	0.025708
2657	0.026791
2658	0.023875
2659	0.025625
2660	0.03275
2661	0.025208
2662	0.024375
2663	0.024625
2664	0.023292
2665	0.02725
2666	0.024916
2667	0.022875
2668	0.022833
2669	0.023958
2670	0.027083
2671	0.023958
2672	0.02525
2673	0.025584
2674	0.024666
2675	0.024917
2676	0.02625
2677	0.024958
2678	0.025125
2679	0.02525
2680	0.026709
2681	0.025958
2682	0.024083
2683	0.024625
2684	0.024958
2685	0.02375
2686	0.026208
2687	0.028375
2688	0.024834
2689	0.025542
2690	0.024959
2691	0.0265
2692	0.025583
2693	0.024625
2694	0.026125
2695	0.024583
2696	0.024791
2697	0.024875
2698	0.025542
2699	0.026
2700	0.024792
2701	0.026041
2702	0.02525
2703	0.025625
2704	0.025208
2705	0.024958
2706	0.025875
2707	0.025875
2708	0.024583
2709	0.026041
2710	0.026584
2711	0.024667
2712	0.023875
2713	0.023542
2714	0.026708
2715	0.025709
2716	0.024584
2717	0.026291
2718	0.025416
2719	0.024791
2720	0.027125
2721	0.025834
2722	0.02525
2723	0.023666
2724	0.025542
2725	0.025583
2726	0.024125
2727	0.02475
2728	0.02675
2729	0.025167
2730	0.025333
2731	0.023917
2732	0.0245
2733	0.023041
2734	0.023959
2735	0.026416
2736	0.026333
2737	0.026
2738	0.027542
2739	0.025167
2740	0.023958
2741	0.024166
2742	0.027042
2743	0.027
2744	0.025459
2745	0.025458
2746	0.025833
2747	0.025042
2748	0.026625
2749	0.026625
2750	0.026875
2751	0.026291
2752	0.06975
2753	0.072167
2754	0.057625
2755	0.0535
2756	0.053833
2757	0.054833
2758	0.055958
2759	0.054792
2760	0.054375
2761	0.057
2762	0.051917
2763	0.053709
2764	0.052833
2765	0.079333
2766	0.066833
2767	0.054125
2768	0.052084
2769	0.051458
2770	0.054917
2771	0.053708
2772	0.053125
2773	0.053375
2774	0.052042
2775	0.051
2776	0.052125
2777	0.051792
2778	0.049917
2779	0.051084
2780	0.051208
2781	0.053208
2782	0.053875
2783	0.052209
2784	0.056792
2785	0.051334
2786	0.051292
2787	0.0515
2788	0.051792
2789	0.062375
2790	0.0385
2791	0.028625
2792	0.027833
2793	0.026583
2794	0.027709
2795	0.02625
2796	0.026458
2797	0.026625
2798	0.025041
2799	0.025208
2800	0.023083
2801	0.026125
2802	0.026083
2803	0.023916
2804	0.025708
2805	0.024666
2806	0.023667
2807	0.02325
2808	0.02525
2809	0.04325
2810	0.084084
2811	0.059292
2812	0.059625
2813	0.05325
2814	0.054583
2815	0.055917
2816	0.05375
2817	0.054333
2818	0.052709
2819	0.052666
2820	0.094042
2821	0.057542
2822	0.052792
2823	0.053125
2824	0.052042
2825	0.051958
2826	0.052958
2827	0.052959
2828	0.053125
2829	0.051708
2830	0.0505
2831	0.0525
2832	0.051875
2833	0.064708
2834	0.061541
2835	0.058417
2836	0.053167
2837	0.053459
2838	0.051042
2839	0.050625
2840	0.052041
2841	0.050708
2842	0.052291
2843	0.05375
2844	0.051833
2845	0.050291
2846	0.051667
2847	0.051166
2848	0.052167
2849	0.053125
2850	0.05225
2851	0.086833
2852	0.052834
2853	0.061292
2854	0.053666
2855	0.050375
2856	0.051458
2857	0.051583
2858	0.051209
2859	0.052625
2860	0.050959
2861	0.050917
2862	0.053041
2863	0.052958
2864	0.052542
2865	0.051708
2866	0.051458
2867	0.047709
2868	0.049167
2869	0.052208
2870	0.052417
2871	0.052333
2872	0.05425
2873	0.051583
2874	0.051541
2875	0.055917
2876	0.051292
2877	0.050416
2878	0.051583
2879	0.052458
2880	0.050542
2881	0.052292
2882	0.050208
2883	0.051875
2884	0.051125
2885	0.052167
2886	0.052916
2887	0.056167
2888	0.060708
2889	0.053375
2890	0.055083
2891	0.053917
2892	0.054583
2893	0.053
2894	0.063125
2895	0.034375
2896	0.033708
2897	0.025875
2898	0.026709
2899	0.027917
2900	0.023584
2901	0.026625
2902	0.025917
2903	0.025583
2904	0.025542
2905	0.024375
2906	0.028125
2907	0.027125
2908	0.02725
2909	0.023292
2910	0.042
2911	0.024667
2912	0.023625
2913	0.025042
2914	0.024542
2915	0.032833
2916	0.026208
2917	0.027625
2918	0.027708
2919	0.024459
2920	0.025459
2921	0.02275
2922	0.024875
2923	0.02525
2924	0.025291
2925	0.024709
2926	0.025584
2927	0.025791
2928	0.025291
2929	0.025584
2930	0.025375
2931	0.02725
2932	0.025708
2933	0.025416
2934	0.025958
2935	0.023166
2936	0.025375
2937	0.026875
2938	0.026167
2939	0.026958
2940	0.025
2941	0.025166
2942	0.025709
2943	0.040333
2944	0.026667
2945	0.027584
2946	0.027333
2947	0.027875
2948	0.025
2949	0.025291
2950	0.0255
2951	0.024917
2952	0.024208
2953	0.025042
2954	0.026167
2955	0.0265
2956	0.025833
2957	0.025542
2958	0.027666
2959	0.032625
2960	0.027333
2961	0.027208
2962	0.026709
2963	0.029916
2964	0.030333
2965	0.028292
2966	0.033792
2967	0.030042
2968	0.026959
2969	0.026041
2970	0.025458
2971	0.026125
2972	0.027083
2973	0.027542
2974	0.027833
2975	0.026709
2976	0.025834
2977	0.028833
2978	0.027792
2979	0.029875
2980	0.026167
2981	0.098833
2982	0.100334
2983	0.069083
2984	0.063459
2985	0.064916
2986	0.032084
2987	0.0245
2988	0.026333
2989	0.028
2990	0.024459
2991	0.025375
2992	0.023709
2993	0.025708
2994	0.024333
2995	0.0275
2996	0.051042
2997	0.10375
2998	0.067416
2999	0.058
3000	0.058292
3001	0.060709
3002	0.054125
3003	0.052
3004	0.05275
3005	0.051875
3006	0.053708
3007	0.0515
3008	0.054917
3009	0.05275
3010	0.051166
3011	0.052333
3012	0.051125
3013	0.052583
3014	0.051333
3015	0.050458
3016	0.050875
3017	0.050584
3018	0.050625
3019	0.051667
3020	0.054083
3021	0.052167
3022	0.055792
3023	0.055
3024	0.050375
3025	0.059292
3026	0.05525
3027	0.054708
3028	0.053417
3029	0.054583
3030	0.05325
3031	0.054708
3032	0.054875
3033	0.054667
3034	0.128
3035	0.057375
3036	0.053
3037	0.057542
3038	0.052334
3039	0.060125
3040	0.055083
3041	0.052917
3042	0.052541
3043	0.056833
3044	0.054041
3045	0.054875
3046	0.05675
3047	0.057375
3048	0.053792
3049	0.053917
3050	0.061667
3051	0.056791
3052	0.052291
3053	0.053875
3054	0.05125
3055	0.063875
3056	0.052875
3057	0.057125
3058	0.080291
3059	0.064584
3060	0.05475
3061	0.053583
3062	0.052375
3063	0.053625
3064	0.057791
3065	0.053084
3066	0.049958
3067	0.05125
3068	0.051084
3069	0.12375
3070	0.061541
3071	0.056042
3072	0.058375
3073	0.053792
3074	0.055625
3075	0.053875
3076	0.051916
3077	0.051333
3078	0.050666
3079	0.0505
3080	0.051417
3081	0.051166
3082	0.051583
3083	0.051167
3084	0.049709
3085	0.059542
3086	0.04975
3087	0.049833
3088	0.050292
3089	0.05075
3090	0.052166
3091	0.050875
3092	0.051625
3093	0.050666
3094	0.050958
3095	0.052875
3096	0.050583
3097	0.051875
3098	0.051875
3099	0.049958
3100	0.050959
3101	0.050792
3102	0.050584
3103	0.052292
3104	0.050334
3105	0.050916
3106	0.053709
3107	0.051542
3108	0.050042
3109	0.06075
3110	0.052833
3111	0.051542
3112	0.051833
3113	0.049375
3114	0.050292
3115	0.051
3116	0.052125
3117	0.051875
3118	0.052459
3119	0.051459
3120	0.05075
3121	0.052375
3122	0.051166
3123	0.053375
3124	0.051291
3125	0.051583
3126	0.051167
3127	0.053084
3128	0.052042
3129	0.0505
3130	0.050708
3131	0.051583
3132	0.051375
3133	0.050083
3134	0.050208
3135	0.051375
3136	0.050291
3137	0.052292
3138	0.053208
3139	0.051583
3140	0.050375
3141	0.052875
3142	0.051042
3143	0.050708
3144	0.052459
3145	0.052375
3146	0.096083
3147	0.054375
3148	0.056875
3149	0.066334
3150	0.052833
3151	0.053833
3152	0.053166
3153	0.052291
3154	0.053375
3155	0.053667
3156	0.050584
3157	0.051708
3158	0.051834
3159	0.051625
3160	0.052
3161	0.052667
3162	0.050791
3163	0.051958
3164	0.052166
3165	0.051833
3166	0.054834
3167	0.054167
3168	0.049333
3169	0.054625
3170	0.073458
3171	0.044959
3172	0.030625
3173	0.0275
3174	0.025875
3175	0.025833
3176	0.025375
3177	0.024458
3178	0.027333
3179	0.028
3180	0.024625
3181	0.0225
3182	0.0235
3183	0.025625
3184	0.025833
3185	0.025125
3186	0.027167
3187	0.023708
3188	0.02675
3189	0.026583
3190	0.028917
3191	0.02475
3192	0.026625
3193	0.025834
3194	0.02275
3195	0.024125
3196	0.025167
3197	0.034416
3198	0.025292
3199	0.038416
3200	0.026125
3201	0.024542
3202	0.0245
3203	0.025458
3204	0.022833
3205	0.024708
3206	0.02375
3207	0.024
3208	0.024917
3209	0.023041
3210	0.02475
3211	0.026167
3212	0.024375
3213	0.026667
3214	0.024625
3215	0.023334
3216	0.024917
3217	0.022417
3218	0.024375
3219	0.0255
3220	0.025583
3221	0.027
3222	0.023917
3223	0.023166
3224	0.023375
3225	0.023959
3226	0.024959
3227	0.024375
3228	0.023792
3229	0.025959
3230	0.024917
3231	0.025458
3232	0.02675
3233	0.024333
3234	0.025958
3235	0.023542
3236	0.023708
3237	0.024542
3238	0.024833
3239	0.025459
3240	0.02525
3241	0.025125
3242	0.023083
3243	0.024334
3244	0.024709
3245	0.025792
3246	0.024375
3247	0.025375
3248	0.024916
3249	0.024333
3250	0.026125
3251	0.025375
3252	0.024042
3253	0.026208
3254	0.023459
3255	0.025042
3256	0.025417
3257	0.023
3258	0.025083
3259	0.024958
3260	0.024292
3261	0.026458
3262	0.024417
3263	0.027166
3264	0.025459
3265	0.023875
3266	0.023958
3267	0.024833
3268	0.025708
3269	0.024417
3270	0.022834
3271	0.025041
3272	0.025084
3273	0.02425
3274	0.026542
3275	0.025917
3276	0.024875
3277	0.024667
3278	0.026208
3279	0.025541
3280	0.026
3281	0.025333
3282	0.02475
3283	0.025041
3284	0.02575
3285	0.023167
3286	0.084834
3287	0.059709
3288	0.052042
3289	0.053875
3290	0.051875
3291	0.051
3292	0.051959
3293	0.050125
3294	0.050291
3295	0.066958
3296	0.057875
3297	0.054208
3298	0.052375
3299	0.054708
3300	0.057
3301	0.053833
3302	0.055917
3303	0.063875
3304	0.040041
3305	0.026542
3306	0.027541
3307	0.02575
3308	0.023334
3309	0.024625
3310	0.024125
3311	0.023041
3312	0.024625
3313	0.0245
3314	0.024958
3315	0.027625
3316	0.023625
3317	0.025625
3318	0.024458
3319	0.048959
3320	0.027
3321	0.027583
3322	0.029125
3323	0.024125
3324	0.026667
3325	0.025834
3326	0.023666
3327	0.026458
3328	0.024583
3329	0.023917
3330	0.02525
3331	0.024417
3332	0.024708
3333	0.025458
3334	0.023583
3335	0.023292
3336	0.025458
3337	0.024917
3338	0.024417
3339	0.025041
3340	0.023792
3341	0.073917
3342	0.028375
3343	0.024417
3344	0.024083
3345	0.023333
3346	0.026333
3347	0.0265
3348	0.026292
3349	0.037459
3350	0.0235
3351	0.024083
3352	0.025792
3353	0.023875
3354	0.024417
3355	0.023958
3356	0.023625
3357	0.025667
3358	0.131083
3359	0.03175
3360	0.025959
3361	0.028083
3362	0.024459
3363	0.028541
3364	0.0255
3365	0.026167
3366	0.026166
3367	0.026
3368	0.026459
3369	0.026291
3370	0.03525
3371	0.031959
3372	0.029375
3373	0.029166
3374	0.027458
3375	0.024875
3376	0.030417
3377	0.031167
3378	0.029416
3379	0.027042
3380	0.026833
3381	0.027416
3382	0.028666
3383	0.02475
3384	0.028333
3385	0.026708
3386	0.027708
3387	0.026542
3388	0.057375
3389	0.093125
3390	0.032834
3391	0.02725
3392	0.027084
3393	0.02775
3394	0.027125
3395	0.027167
3396	0.041833
3397	0.024125
3398	0.024292
3399	0.026583
3400	0.024583
3401	0.023208
3402	0.037917
3403	0.031417
3404	0.025541
3405	0.024375
3406	0.026291
3407	0.025084
3408	0.023125
3409	0.023833
3410	0.024458
3411	0.025375
3412	0.023125
3413	0.02375
3414	0.023833
3415	0.0255
3416	0.024584
3417	0.02175
3418	0.025125
3419	0.020375
3420	0.061208
3421	0.069833
3422	0.0255
3423	0.023916
3424	0.025875
3425	0.024166
3426	0.02275
3427	0.0235
3428	0.021625
3429	0.023416
3430	0.025959
3431	0.022917
3432	0.024208
3433	0.022792
3434	0.0225
3435	0.023541
3436	0.024042
3437	0.025
3438	0.035459
3439	0.022958
3440	0.025791
3441	0.024958
3442	0.023667
3443	0.025625
3444	0.023792
3445	0.021416
3446	0.022584
3447	0.022083
3448	0.02275
3449	0.022417
3450	0.022125
3451	0.024583
3452	0.023875
3453	0.02375
3454	0.024375
3455	0.037833
3456	0.026166
3457	0.02375
3458	0.022041
3459	0.022583
3460	0.022916
3461	0.022125
3462	0.02575
3463	0.024834
3464	0.024416
3465	0.023709
3466	0.024542
3467	0.022916
3468	0.022292
3469	0.044292
3470	0.025083
3471	0.022958
3472	0.024833
3473	0.024833
3474	0.024959
3475	0.022875
3476	0.0255
3477	0.021458
3478	0.022708
3479	0.05275
3480	0.024875
3481	0.024
3482	0.024125
3483	0.024625
3484	0.024125
3485	0.022875
3486	0.02525
3487	0.024375
3488	0.023583
3489	0.022625
3490	0.024333
3491	0.022625
3492	0.038792
3493	0.031166
3494	0.022583
3495	0.0245
3496	0.023
3497	0.021875
3498	0.025459
3499	0.02425
3500	0.023625
3501	0.023167
3502	0.020542
3503	0.024083
3504	0.024333
3505	0.023083
3506	0.017625
3507	0.025583
3508	0.0255
3509	0.073083
3510	0.075916
3511	0.051625
3512	0.051875
3513	0.049208
3514	0.049459
3515	0.072625
3516	0.03025
3517	0.025666
3518	0.024042
3519	0.022
3520	0.024292
3521	0.02375
3522	0.023625
3523	0.022625
3524	0.023125
3525	0.024417
3526	0.023167
3527	0.023
3528	0.023875
3529	0.02275
3530	0.024042
3531	0.023291
3532	0.019959
3533	0.026167
3534	0.022708
3535	0.020083
3536	0.025375
3537	0.023084
3538	0.021583
3539	0.022542
3540	0.034209
3541	0.037417
3542	0.026458
3543	0.024584
3544	0.025292
3545	0.024541
3546	0.024834
3547	0.023167
3548	0.023625
3549	0.023334
3550	0.022666
3551	0.023
3552	0.023334
3553	0.022542
3554	0.021666
3555	0.022584
3556	0.021875
3557	0.022666
3558	0.02325
3559	0.022375
3560	0.02375
3561	0.022334
3562	0.023334
3563	0.021458
3564	0.023417
3565	0.021916
3566	0.0205
3567	0.024083
3568	0.023416
3569	0.02375
3570	0.022792
3571	0.023625
3572	0.023041
3573	0.020791
3574	0.030459
3575	0.02425
3576	0.021792
3577	0.022583
3578	0.022709
3579	0.02275
3580	0.022834
3581	0.023333
3582	0.022834
3583	0.023375
3584	0.023583
3585	0.023333
3586	0.024
3587	0.022958
3588	0.024625
3589	0.023208
3590	0.022875
3591	0.022375
3592	0.025416
3593	0.022833
3594	0.022708
3595	0.030084
3596	0.023667
3597	0.025291
3598	0.022625
3599	0.024667
3600	0.021958
3601	0.022083
3602	0.023917
3603	0.020958
3604	0.023875
3605	0.021125
3606	0.022541
3607	0.024042
3608	0.021458
3609	0.024708
3610	0.024125
3611	0.022708
3612	0.023833
3613	0.021667
3614	0.023667
3615	0.023542
3616	0.027625
3617	0.023917
3618	0.023791
3619	0.023958
3620	0.024208
3621	0.021375
3622	0.023333
3623	0.024667
3624	0.024833
3625	0.024333
3626	0.02475
3627	0.022958
3628	0.024917
3629	0.022083
3630	0.02375
3631	0.023542
3632	0.02375
3633	0.022708
3634	0.025125
3635	0.024125
3636	0.022709
3637	0.023166
3638	0.021709
3639	0.025458
3640	0.023708
3641	0.02375
3642	0.023542
3643	0.023792
3644	0.021334
3645	0.022458
3646	0.021667
3647	0.024208
3648	0.021583
3649	0.032834
3650	0.027833
3651	0.0235
3652	0.023209
3653	0.02175
3654	0.022708
3655	0.024459
3656	0.023917
3657	0.021833
3658	0.021375
3659	0.022958
3660	0.023083
3661	0.020125
3662	0.023167
3663	0.020958
3664	0.023959
3665	0.023708
3666	0.0285
3667	0.022667
3668	0.0225
3669	0.022459
3670	0.022292
3671	0.021125
3672	0.023
3673	0.021792
3674	0.021958
3675	0.021791
3676	0.022334
3677	0.020375
3678	0.018625
3679	0.022417
3680	0.021541
3681	0.019833
3682	0.02175
3683	0.021708
3684	0.028042
3685	0.021833
3686	0.021708
3687	0.019334
3688	0.021666
3689	0.021334
3690	0.018625
3691	0.021125
3692	0.021583
3693	0.022584
3694	0.0215
3695	0.021709
3696	0.0195
3697	0.021875
3698	0.02275
3699	0.023458
3700	0.020167
3701	0.020459
3702	0.020583
3703	0.021833
3704	0.030459
3705	0.023166
3706	0.023083
3707	0.020458
3708	0.0225
3709	0.021458
3710	0.020042
3711	0.022375
3712	0.265917
3713	0.022458
3714	0.021542
3715	0.023417
3716	0.02225
3717	0.018667
3718	0.020625
3719	0.021833
3720	0.021541
3721	0.02
3722	0.022333
3723	0.022
3724	0.020791
3725	0.022375
3726	0.024208
3727	0.0205
3728	0.0215
3729	0.022542
3730	0.022875
3731	0.019667
3732	0.029125
3733	0.020541
3734	0.019458
3735	0.053583
3736	0.114917
3737	0.0595
3738	0.0505
3739	0.053417
3740	0.048667
3741	0.048125
3742	0.0465
3743	0.047
3744	0.046125
3745	0.046292
3746	0.049084
3747	0.047917
3748	0.046792
3749	0.047208
3750	0.047334
3751	0.046666
3752	0.047209
3753	0.045917
3754	0.065459
3755	0.046417
3756	0.045
3757	0.048542
3758	0.045
3759	0.045292
3760	0.0455
3761	0.051292
3762	0.046334
3763	0.045416
3764	0.044875
3765	0.055375
3766	0.046625
3767	0.046208
3768	0.047208
3769	0.0505
3770	0.045208
3771	0.045792
3772	0.0455
3773	0.060125
3774	0.046667
3775	0.064917
3776	0.051292
3777	0.046042
3778	0.047084
3779	0.046
3780	0.045416
3781	0.045
3782	0.068792
3783	0.044541
3784	0.044375
3785	0.044083
3786	0.044792
3787	0.045333
3788	0.045959
3789	0.069416
3790	0.036625
3791	0.024209
3792	0.022209
3793	0.021375
3794	0.020875
3795	0.032458
3796	0.021083
3797	0.019375
3798	0.022166
3799	4.9305
3800	0.048958
3801	0.025791
3802	0.021166
3803	0.0225
3804	0.03025
3805	0.024334
3806	0.023667
3807	0.021625
3808	0.019916
3809	0.023167
3810	0.021333
3811	0.024042
3812	0.021458
3813	0.02
3814	0.021917
3815	0.021916
3816	0.022333
3817	0.022459
3818	0.031125
3819	0.022041
3820	0.022584
3821	0.022541
3822	0.022458
3823	0.11975
3824	0.029708
3825	0.021083
3826	0.022125
3827	0.02125
3828	0.022208
3829	0.021084
3830	0.022583
3831	0.022792
3832	0.021333
3833	0.021125
3834	0.019125
3835	0.021917
3836	0.020958
3837	0.02125
3838	0.021333
3839	0.02175
3840	0.020791
3841	0.02025
3842	0.021291
3843	0.0215
3844	0.020417
3845	0.019917
3846	0.021834
3847	0.020917
3848	0.020958
3849	0.018708
3850	0.019917
3851	0.021542
3852	0.021292
3853	0.021916
3854	0.020666
3855	0.019541
3856	0.020416
3857	0.021458
3858	0.034375
3859	0.021417
3860	0.021833
3861	0.023792
3862	0.0195
3863	0.022333
3864	0.046708
3865	0.02925
3866	0.029541
3867	0.021
3868	0.022917
3869	0.020292
3870	0.022
3871	0.02675
3872	0.018417
3873	0.022208
3874	0.021541
3875	0.019667
3876	0.021042
3877	0.022125
3878	0.022125
3879	0.021167
3880	0.019917
3881	0.02725
3882	0.021125
3883	0.021666
3884	0.02325
3885	0.023167
3886	0.020167
3887	0.021209
3888	0.019166
3889	0.023334
3890	0.020208
3891	0.023625
3892	0.111042
3893	0.025792
3894	0.0195
3895	0.022166
3896	0.021583
3897	0.020875
3898	0.023292
3899	0.020375
3900	0.021666
3901	0.02075
3902	0.020833
3903	0.021625
3904	0.023083
3905	0.027667
3906	0.142416
3907	0.03225
3908	0.023916
3909	0.024042
3910	0.021959
3911	0.022125
3912	0.023375
3913	0.0225
3914	0.022834
3915	0.024541
3916	0.022459
3917	0.023041
3918	0.021041
3919	0.021
3920	0.030041
3921	0.022959
3922	0.029459
3923	0.02325
3924	0.019625
3925	0.02125
3926	0.023
3927	0.02225
3928	0.023333
3929	0.02175
3930	0.018125
3931	0.019666
3932	0.021417
3933	0.024208
3934	0.022958
3935	0.017791
3936	0.021834
3937	0.027083
3938	0.024917
3939	0.028709
3940	0.019417
3941	0.018708
3942	0.025583
3943	0.038041
3944	0.01925
3945	0.020792
3946	0.022166
3947	0.024584
3948	0.023333
3949	0.021708
3950	0.020209
3951	0.02175
3952	0.020125
3953	0.020291
3954	0.019833
3955	0.020917
3956	0.022167
3957	0.021708
3958	0.021291
3959	0.018375
3960	0.020833
3961	0.022417
3962	0.023125
3963	0.020417
3964	0.020458
3965	0.018209
3966	0.020167
3967	0.017875
3968	0.019
3969	0.021292
3970	0.018959
3971	0.020166
3972	0.018583
3973	0.021375
3974	0.020833
3975	0.02175
3976	0.018834
3977	0.01625
3978	0.020792
3979	0.018041
3980	0.020875
3981	0.021791
3982	0.0215
3983	0.021625
3984	0.020792
3985	0.020833
3986	0.020834
3987	0.021583
3988	0.021041
3989	0.02275
3990	0.02275
3991	0.022291
3992	0.022375
3993	0.021333
3994	0.020167
3995	0.019875
3996	0.022417
3997	0.021667
3998	0.025084
3999	0.021083
4000	0.020667
4001	0.02175
4002	0.022167
4003	0.020583
4004	0.020917
4005	0.019916
4006	0.02175
4007	0.021958
4008	0.021333
4009	0.020792
4010	0.018542
4011	0.019917
4012	0.023084
4013	0.022666
4014	0.023166
4015	0.021209
4016	0.021333
4017	0.02175
4018	0.018333
4019	0.022958
4020	0.0225
4021	0.022
4022	0.021833
4023	0.020375
4024	0.025292
4025	0.022583
4026	0.02225
4027	0.021917
4028	0.022541
4029	0.021166
4030	0.0215
4031	0.019583
4032	0.018625
4033	0.021417
4034	0.020458
4035	0.020042
4036	0.022208
4037	0.020708
4038	0.020667
4039	0.022708
4040	0.019209
4041	0.018375
4042	0.020917
4043	0.021208
4044	0.021333
4045	0.020042
4046	0.020667
4047	0.02075
4048	0.021209
4049	0.020583
4050	0.019458
4051	0.021167
4052	0.018458
4053	0.02125
4054	0.02275
4055	0.021375
4056	0.021542
4057	0.021208
4058	0.020166
4059	0.020166
4060	0.019958
4061	0.019667
4062	0.019875
4063	0.020208
4064	0.020041
4065	0.022
4066	0.020625
4067	0.020625
4068	0.020792
4069	0.019708
4070	0.02125
4071	0.021833
4072	0.020458
4073	0.020292
4074	0.020334
4075	0.021125
4076	0.029792
4077	0.022875
4078	0.022334
4079	0.020667
4080	0.0195
4081	0.019125
4082	0.020542
4083	0.021916
4084	0.019625
4085	0.0195
4086	0.021
4087	0.020417
4088	0.021875
4089	0.01875
4090	0.020458
4091	0.020584
4092	0.021375
4093	0.021042
4094	0.021417
4095	0.028667
4096	0.023125
4097	0.023333
4098	0.022667
4099	0.019916
4100	0.022541
4101	0.021416
4102	0.019625
4103	0.021292
4104	0.02075
4105	0.022875
4106	0.021459
4107	0.021791
4108	0.02125
4109	0.022666
4110	0.020916
4111	0.020541
4112	0.017375
4113	0.019791
4114	0.0185
4115	0.0225
4116	0.021792
4117	0.021208
4118	0.0215
4119	0.022458
4120	0.02075
4121	0.020958
4122	0.022375
4123	0.021791
4124	0.021375
4125	0.022083
4126	0.019917
4127	0.021584
4128	0.019792
4129	0.023375
4130	0.02725
4131	0.021708
4132	0.020083
4133	0.02225
4134	0.020917
4135	0.019375
4136	0.020167
4137	0.018166
4138	0.020167
4139	0.020875
4140	0.024125
4141	0.022167
4142	0.021458
4143	0.0215
4144	0.022208
4145	0.019917
4146	0.02
4147	0.024166
4148	0.021042
4149	0.01975
4150	0.021333
4151	0.01975
4152	0.022209
4153	0.020458
4154	0.021709
4155	0.018916
4156	0.021167
4157	0.021084
4158	0.02175
4159	0.021417
4160	0.021083
4161	0.020375
4162	0.0185
4163	0.021041
4164	0.02
4165	0.022
4166	0.02075
4167	0.023292
4168	0.020334
4169	0.019583
4170	0.018625
4171	0.020083
4172	0.022333
4173	0.022209
4174	0.022125
4175	0.022875
4176	0.019584
4177	0.017875
4178	0.018459
4179	0.048458
4180	0.0335
4181	0.023917
4182	0.024625
4183	0.019292
4184	0.019458
4185	0.020625
4186	0.020667
4187	0.021333
4188	0.019458
4189	0.021875
4190	0.021208
4191	0.021459
4192	0.019583
4193	0.020917
4194	0.034875
4195	0.021
4196	0.023875
4197	0.022583
4198	0.02175
4199	0.0215
4200	0.020166
4201	0.020166
4202	0.020083
4203	0.022709
4204	0.01975
4205	0.023084
4206	0.02225
4207	0.02
4208	0.021208
4209	0.021542
4210	0.020458
4211	0.023041
4212	0.022708
4213	0.021834
4214	0.022458
4215	0.022875
4216	0.021709
4217	0.0195
4218	0.0195
4219	0.021333
4220	0.018125
4221	0.019334
4222	0.023042
4223	0.022333
4224	0.022041
4225	0.021791
4226	0.021208
4227	0.021042
4228	0.019042
4229	0.018417
4230	0.020958
4231	0.022916
4232	0.022084
4233	0.020708
4234	0.020667
4235	0.025291
4236	0.020792
4237	0.020458
4238	0.0175
4239	0.063208
4240	0.022542
4241	0.020583
4242	0.024959
4243	0.02125
4244	0.02
4245	0.022125
4246	0.021833
4247	0.017959
4248	0.0185
4249	0.02225
4250	0.021416
4251	0.016917
4252	0.02125
4253	0.022833
4254	0.021667
4255	0.023167
4256	0.02
4257	0.027042
4258	0.022583
4259	0.020916
4260	0.020708
4261	0.023083
4262	0.021708
4263	0.020458
4264	0.019375
4265	0.023458
4266	0.023208
4267	0.022792
4268	0.022042
4269	0.020459
4270	0.019958
4271	0.0195
4272	0.022375
4273	0.02
4274	0.019083
4275	0.021166
4276	0.021584
4277	0.020792
4278	0.022375
4279	0.021542
4280	0.020375
4281	0.022708
4282	0.024459
4283	0.017416
4284	0.020166
4285	0.02275
4286	0.022417
4287	0.038917
4288	0.022417
4289	0.019625
4290	0.021
4291	0.02225
4292	0.02225
4293	0.020166
4294	0.0205
4295	0.02175
4296	0.020958
4297	0.020916
4298	0.018333
4299	0.021375
4300	0.020625
4301	0.01975
4302	0.019292
4303	0.020375
4304	0.022208
4305	0.021708
4306	0.018875
4307	0.022334
4308	0.019917
4309	0.02075
4310	0.021875
4311	0.021333
4312	0.021541
4313	0.016833
4314	0.022125
4315	0.020792
4316	0.020542
4317	0.0205
4318	0.050375
4319	0.041709
4320	0.021583
4321	0.020209
4322	0.021333
4323	0.020958
4324	0.017875
4325	0.021
4326	0.020458
4327	0.02275
4328	0.020042
4329	0.019708
4330	0.027333
4331	0.020375
4332	0.020792
4333	0.020667
4334	0.019625
4335	0.018584
4336	0.02
4337	0.020459
4338	0.020042
4339	0.020458
4340	0.021
4341	0.026292
4342	0.022083
4343	0.021042
4344	0.020416
4345	0.021292
4346	0.019958
4347	0.019417
4348	0.02225
4349	0.021791
4350	0.022
4351	0.02225
4352	0.02025
4353	0.021292
4354	0.015834
4355	0.019958
4356	0.021584
4357	0.094625
4358	0.083583
4359	0.05175
4360	0.047792
4361	0.047
4362	0.047791
4363	0.045666
4364	0.044708
4365	0.045917
4366	0.045208
4367	0.045875
4368	0.047708
4369	0.052166
4370	0.057708
4371	0.051125
4372	0.047708
4373	0.053291
4374	0.048583
4375	0.048291
4376	0.044333
4377	0.044708
4378	0.043875
4379	0.044792
4380	0.045125
4381	0.043541
4382	0.045083
4383	0.046041
4384	0.04375
4385	0.048708
4386	0.0435
4387	0.043458
4388	0.045916
4389	0.07525
4390	0.060334
4391	0.049583
4392	0.050791
4393	0.0475
4394	0.050125
4395	0.04725
4396	0.045583
4397	0.047167
4398	0.045458
4399	0.044916
4400	0.043166
4401	0.057291
4402	0.038042
4403	0.041166
4404	0.02475
4405	0.025
4406	0.024708
4407	0.029666
4408	0.02225
4409	0.0225
4410	0.022584
4411	0.022917
4412	0.022833
4413	0.023875
4414	0.023417
4415	0.023
4416	0.022167
4417	0.020791
4418	0.021292
4419	0.020375
4420	0.019375
4421	0.018125
4422	0.0215
4423	0.021208
4424	0.02325
4425	0.020208
4426	0.023084
4427	0.0225
4428	0.027917
4429	0.023458
4430	0.020292
4431	0.024792
4432	0.023542
4433	0.025208
4434	0.02175
4435	0.019833
4436	0.022959
4437	0.023625
4438	0.022209
4439	0.021583
4440	0.02325
4441	0.022166
4442	0.021666
4443	0.024083
4444	0.023084
4445	0.026792
4446	0.022541
4447	0.022959
4448	0.021
4449	0.020333
4450	0.01975
4451	0.0825
4452	0.020583
4453	0.021708
4454	0.023125
4455	0.022542
4456	0.020416
4457	0.021666
4458	0.025666
4459	0.021666
4460	0.021459
4461	0.020125
4462	0.0195
4463	0.019584
4464	0.019167
4465	0.022458
4466	0.023083
4467	0.019834
4468	0.020292
4469	0.020833
4470	0.021125
4471	0.019792
4472	0.021459
4473	0.021083
4474	0.02025
4475	0.020834
4476	0.020959
4477	0.021584
4478	0.023833
4479	0.02275
4480	0.020333
4481	0.01625
4482	0.02325
4483	0.020833
4484	0.019459
4485	0.02625
4486	0.021334
4487	0.020125
4488	0.021875
4489	0.021458
4490	0.030417
4491	0.023209
4492	0.022333
4493	0.018166
4494	0.020291
4495	0.0185
4496	0.017833
4497	0.022208
4498	0.0205
4499	0.022291
4500	0.0225
4501	0.03275
4502	0.026917
4503	0.0185
4504	0.021333
4505	0.022458
4506	0.023333
4507	0.019291
4508	0.022
4509	0.020333
4510	0.018208
4511	0.018708
4512	0.02025
4513	0.020417
4514	0.019459
4515	0.022375
4516	0.021334
4517	0.019375
4518	0.020541
4519	0.019708
4520	0.019083
4521	0.022709
4522	0.018666
4523	0.021375
4524	0.023167
4525	0.021167
4526	0.020917
4527	0.020375
4528	0.017708
4529	0.02175
4530	0.01875
4531	0.018417
4532	0.021
4533	0.020625
4534	0.018959
4535	0.021709
4536	0.02025
4537	0.02125
4538	0.021875
4539	0.020792
4540	0.021333
4541	0.0225
4542	0.019583
4543	0.021709
4544	0.019583
4545	0.020125
4546	0.018792
4547	0.015541
4548	0.021542
4549	0.017042
4550	0.023292
4551	0.019334
4552	0.019917
4553	0.021458
4554	0.018583
4555	0.018
4556	0.018125
4557	0.099917
4558	0.028083
4559	0.022125
4560	0.02075
4561	0.020958
4562	0.028583
4563	0.017167
4564	0.02275
4565	0.019875
4566	0.0215
4567	0.021042
4568	0.021375
4569	0.020292
4570	0.020875
4571	0.021041
4572	0.01975
4573	0.019625
4574	0.018166
4575	0.021208
4576	0.020667
4577	0.021125
4578	0.019917
4579	0.021125
4580	0.021458
4581	0.021167
4582	0.021167
4583	0.02125
4584	0.019459
4585	0.021083
4586	0.02175
4587	0.021125
4588	0.020959
4589	0.0215
4590	0.020583
4591	0.020208
4592	0.021917
4593	0.023042
4594	0.029125
4595	0.021208
4596	0.025291
4597	0.022166
4598	0.024
4599	0.022042
4600	0.02
4601	0.023
4602	0.021666
4603	0.02075
4604	0.02025
4605	0.017458
4606	0.021291
4607	0.024625
4608	0.058416
4609	0.032625
4610	0.042083
4611	0.024792
4612	0.025916
4613	0.02175
4614	0.021583
4615	0.019666
4616	0.020666
4617	0.021416
4618	0.019959
4619	0.023375
4620	0.019875
4621	0.023166
4622	0.021209
4623	0.020708
4624	0.019541
4625	0.020708
4626	0.021959
4627	0.036542
4628	0.02225
4629	0.019667
4630	0.024417
4631	0.022208
4632	0.025041
4633	0.022041
4634	0.02225
4635	0.021584
4636	0.020917
4637	0.01675
4638	0.022083
4639	0.020292
4640	0.02175
4641	0.022708
4642	0.022166
4643	0.02275
4644	0.020959
4645	0.019375
4646	0.024583
4647	0.020833
4648	0.0195
4649	0.020167
4650	0.021458
4651	0.02075
4652	0.019583
4653	0.019958
4654	0.017041
4655	0.020792
4656	0.019458
4657	0.0265
4658	0.020625
4659	0.029
4660	0.02275
4661	0.019958
4662	0.019666
4663	0.018916
4664	0.028375
4665	0.022167
4666	0.020459
4667	0.022
4668	0.020291
4669	0.021167
4670	0.021292
4671	0.019917
4672	0.025875
4673	0.020917
4674	0.020292
4675	0.020041
4676	0.020708
4677	0.02025
4678	0.0195
4679	0.019041
4680	0.020541
4681	0.019666
4682	0.021458
4683	0.022209
4684	0.021541
4685	0.017583
4686	0.019125
4687	0.02025
4688	0.019708
4689	0.021042
4690	0.01825
4691	0.021916
4692	0.021625
4693	0.0215
4694	0.018
4695	0.020334
4696	0.018917
4697	0.0175
4698	0.021167
4699	0.021833
4700	0.019666
4701	0.0205
4702	0.017375
4703	0.019
4704	0.02125
4705	0.022333
4706	0.021166
4707	0.02
4708	0.018833
4709	0.015542
4710	0.019875
4711	0.020458
4712	0.016459
4713	0.018167
4714	0.018291
4715	0.020458
4716	0.019834
4717	0.019667
4718	0.018125
4719	0.01925
4720	0.021708
4721	0.018459
4722	0.021458
4723	0.020583
4724	0.028667
4725	0.023042
4726	0.02075
4727	0.016334
4728	0.019125
4729	0.021958
4730	0.021042
4731	0.018666
4732	0.020458
4733	0.01975
4734	0.019917
4735	0.02
4736	0.020458
4737	0.020833
4738	0.021583
4739	0.018375
4740	0.02125
4741	0.018708
4742	0.019125
4743	0.018541
4744	0.02075
4745	0.018083
4746	0.022166
4747	0.019333
4748	0.019459
4749	0.018292
4750	0.021625
4751	0.020959
4752	0.019875
4753	0.021167
4754	0.018916
4755	0.01975
4756	0.019708
4757	0.018416
4758	0.021292
4759	0.016417
4760	0.0215
4761	0.021209
4762	0.021042
4763	0.020459
4764	0.022417
4765	0.020333
4766	0.020375
4767	0.021916
4768	0.02125
4769	0.02125
4770	0.01875
4771	0.022709
4772	0.020042
4773	0.022
4774	0.021625
4775	0.021292
4776	0.017625
4777	0.019792
4778	0.0215
4779	0.017375
4780	0.0175
4781	0.02075
4782	0.019709
4783	0.021583
4784	0.021375
4785	0.020167
4786	0.020459
4787	0.018709
4788	0.017875
4789	0.020459
4790	0.020208
4791	0.019417
4792	0.020625
4793	0.018083
4794	0.021416
4795	0.020917
4796	0.020459
4797	0.019792
4798	0.020667
4799	0.019541
4800	0.020458
4801	0.020333
4802	0.017542
4803	0.019542
4804	0.018625
4805	0.018667
4806	0.020208
4807	0.019958
4808	0.02125
4809	0.020875
4810	0.019708
4811	0.02075
4812	0.017542
4813	0.018667
4814	0.019542
4815	0.018541
4816	0.020083
4817	0.020042
4818	0.018959
4819	0.021958
4820	0.018666
4821	0.020708
4822	0.02025
4823	0.020458
4824	0.01775
4825	0.019125
4826	0.020292
4827	0.021416
4828	0.016458
4829	0.018541
4830	0.018583
4831	0.019041
4832	0.019
4833	0.020958
4834	0.020041
4835	0.019959
4836	0.019375
4837	0.020167
4838	0.019833
4839	0.021167
4840	0.019333
4841	0.020541
4842	0.022375
4843	0.018375
4844	0.018584
4845	0.0215
4846	0.01975
4847	0.019542
4848	0.0205
4849	0.021334
4850	0.019334
4851	0.0205
4852	0.020791
4853	0.020708
4854	0.017542
4855	0.020417
4856	0.017167
4857	0.018792
4858	0.016541
4859	0.022167
4860	0.021958
4861	0.02125
4862	0.021459
4863	0.02
4864	0.019209
4865	0.021084
4866	0.021625
4867	0.021125
4868	0.021
4869	0.019459
4870	0.042292
4871	0.021166
4872	0.021291
4873	0.019583
4874	0.022375
4875	0.020083
4876	0.020833
4877	0.022167
4878	0.021709
4879	0.020542
4880	0.020459
4881	0.021292
4882	0.021625
4883	0.036417
4884	0.033375
4885	0.027209
4886	0.023042
4887	0.020042
4888	0.021625
4889	0.021542
4890	0.020833
4891	0.019791
4892	0.015916
4893	0.019
4894	0.0225
4895	0.057292
4896	0.099708
4897	0.053375
4898	0.047208
4899	0.045916
4900	0.952917
4901	0.023875
4902	0.019459
4903	0.019083
4904	0.022416
4905	0.017708
4906	0.021875
4907	0.022166
4908	0.020208
4909	0.021791
4910	0.02125
4911	0.01975
4912	0.0855
4913	0.059041
4914	0.045958
4915	0.048958
4916	0.044041
4917	0.044083
4918	0.043708
4919	0.043458
4920	0.044417
4921	0.042083
4922	0.042916
4923	0.04725
4924	0.044041
4925	0.047916
4926	0.04375
4927	0.042959
4928	0.042334
4929	0.042958
4930	0.042709
4931	0.042625
4932	0.043208
4933	0.042042
4934	0.042417
4935	0.043
4936	0.046209
4937	0.042583
4938	0.029042
4939	0.018958
4940	0.021292
4941	0.022459
4942	0.022833
4943	0.018875
4944	0.01925
4945	0.020792
4946	0.022208
4947	0.021792
4948	0.019042
4949	0.068708
4950	0.069083
4951	0.047834
4952	0.04625
4953	0.044958
4954	0.045041
4955	0.045041
4956	0.043667
4957	0.047084
4958	0.045042
4959	0.04425
4960	0.1785
4961	0.038292
4962	0.021542
4963	0.023291
4964	0.024167
4965	0.02525
4966	0.023834
4967	0.022583
4968	0.024166
4969	0.019084
4970	0.022083
4971	0.040541
4972	0.017792
4973	0.024417
4974	0.019375
4975	0.022041
4976	0.021083
4977	0.023541
4978	0.019083
4979	0.016417
4980	0.018875
4981	0.021125
4982	0.02225
4983	0.021834
4984	0.021417
4985	0.0195
4986	0.019334
4987	0.021708
4988	0.018334
4989	0.021167
4990	0.021875
4991	0.019958
4992	0.020125
4993	0.022459
4994	0.020083
4995	0.021208
4996	0.019292
4997	0.020833
4998	0.022334
4999	0.021541
5000	1.200042
5001	0.089625
5002	0.061959
5003	0.0635
5004	0.044125
5005	0.044708
5006	0.043334
5007	0.036666
5008	0.035208
5009	0.040583
5010	0.033208
5011	0.029958
5012	0.029375
5013	0.032666
5014	0.0305
5015	0.030792
5016	0.031542
5017	0.030541
5018	0.032667
5019	0.02925
5020	0.029
5021	0.058334
5022	0.032083
5023	0.029209
5024	0.029875
5025	0.028625
5026	0.02775
5027	0.029333
5028	0.028208
5029	0.029042
5030	0.029291
5031	0.02975
5032	0.029333
5033	0.030458
5034	0.034417
5035	0.030458
5036	0.030375
5037	0.027916
5038	0.029625
5039	0.029875
5040	0.03175
5041	0.029708
5042	0.029166
5043	0.02775
5044	0.025917
5045	0.028834
5046	0.029875
5047	0.029792
5048	0.030917
5049	0.028667
5050	0.028
5051	0.030375
5052	0.028417
5053	0.028458
5054	0.027833
5055	0.028708
5056	0.031334
5057	0.028667
5058	0.02875
5059	0.028833
5060	0.027166
5061	0.02925
5062	0.029166
5063	0.0315
5064	0.027792
5065	0.026917
5066	0.027417
5067	0.028834
5068	0.02775
5069	0.029916
5070	0.026875
5071	0.029291
5072	0.028209
5073	0.031625
5074	0.030708
5075	0.027334
5076	0.028334
5077	0.032041
5078	0.027958
5079	0.027834
5080	0.027958
5081	0.026291
5082	0.027459
5083	0.028041
5084	0.028792
5085	0.027583
5086	0.026417
5087	0.027
5088	0.0285
5089	0.027625
5090	0.026666
5091	0.027667
5092	0.02675
5093	0.027708
5094	0.027084
5095	0.03175
5096	0.027125
5097	0.029
5098	0.025625
5099	0.027458
5100	0.027125
5101	0.028167
5102	0.210458
5103	0.153375
5104	0.090583
5105	0.0815
5106	0.079208
5107	0.146625
5108	0.22075
5109	0.0395
5110	0.030458
5111	0.027917
5112	0.030291
5113	0.025959
5114	0.02625
5115	0.028417
5116	0.026208
5117	0.026916
5118	0.027625
5119	0.0245
5120	0.026959
5121	0.02725
5122	0.02725
5123	0.028584
5124	0.033125
5125	0.028833
5126	0.027625
5127	0.034542
5128	0.03025
5129	0.029583
5130	0.027625
5131	0.028584
5132	0.025958
5133	0.093625
5134	0.03725
5135	0.046416
5136	0.031709
5137	0.028958
5138	0.027708
5139	0.027333
5140	0.027375
5141	0.026458
5142	0.026875
5143	0.028916
5144	0.037917
5145	0.027042
5146	0.027125
5147	0.027916
5148	0.026459
5149	0.025792
5150	0.02625
5151	0.026666
5152	0.0265
5153	0.025208
5154	0.026125
5155	0.02675
5156	0.026291
5157	0.026166
5158	0.026
5159	0.026458
5160	0.027416
5161	0.026041
5162	0.025666
5163	0.026584
5164	0.028083
5165	0.0255
5166	0.027334
5167	0.027333
5168	0.025375
5169	0.028125
5170	0.030083
5171	0.026459
5172	0.02825
5173	0.025709
5174	0.026958
5175	0.0255
5176	0.027666
5177	0.026917
5178	0.02875
5179	0.025708
5180	0.025417
5181	0.026417
5182	0.028125
5183	0.026542
5184	0.025916
5185	0.026875
5186	0.02675
5187	0.025375
5188	0.025375
5189	0.026709
5190	0.036667
5191	0.027125
5192	0.027167
5193	0.027958
5194	0.026667
5195	0.02525
5196	0.02575
5197	0.026375
5198	0.026208
5199	0.026167
5200	0.027375
5201	0.026
5202	0.026041
5203	0.023209
5204	0.027292
5205	0.026
5206	0.027167
5207	0.026541
5208	0.027458
5209	0.026125
5210	0.026667
5211	0.024666
5212	0.026416
5213	0.024958
5214	0.026708
5215	0.025625
5216	0.024666
5217	0.026625
5218	0.026667
5219	0.026583
5220	0.026792
5221	0.026042
5222	0.025333
5223	0.026375
5224	0.033833
5225	0.029333
5226	0.026334
5227	0.026042
5228	0.027084
5229	0.025083
5230	0.025375
5231	0.026334
5232	0.026375
5233	0.02775
5234	0.026541
5235	0.025292
5236	0.026417
5237	0.025708
5238	0.026292
5239	0.024416
5240	0.027292
5241	0.025875
5242	0.027458
5243	0.025959
5244	0.027625
5245	0.025667
5246	0.027708
5247	0.031083
5248	0.026542
5249	0.028083
5250	0.025916
5251	0.023834
5252	0.028041
5253	0.030375
5254	0.032542
5255	0.033792
5256	0.026
5257	0.025375
5258	0.025209
5259	0.023333
5260	0.028625
5261	0.026458
5262	0.042084
5263	0.024708
5264	0.025125
5265	0.025625
5266	0.025834
5267	0.026208
5268	0.026917
5269	0.025708
5270	0.023875
5271	0.024708
5272	0.024667
5273	0.02825
5274	0.025875
5275	0.024709
5276	0.024833
5277	0.023375
5278	0.025209
5279	0.025083
5280	0.024833
5281	0.025042
5282	0.022292
5283	0.024959
5284	0.027667
5285	0.024125
5286	0.023583
5287	0.024208
5288	0.025459
5289	0.024416
5290	0.024416
5291	0.02325
5292	0.023041
5293	0.026959
5294	0.024458
5295	0.023417
5296	0.026792
5297	0.030708
5298	0.026542
5299	0.09775
5300	0.156417
5301	0.10425
5302	0.109667
5303	0.063541
5304	0.063584
5305	0.062708
5306	0.06225
5307	0.065541
5308	0.062166
5309	0.061709
5310	0.064209
5311	0.059
5312	0.059333
5313	0.059833
5314	0.083291
5315	0.064959
5316	0.059625
5317	0.0615
5318	0.062708
5319	0.058417
5320	0.058125
5321	0.058792
5322	0.05775
5323	0.079208
5324	0.063167
5325	0.059209
5326	0.060291
5327	0.058917
5328	0.058625
5329	0.074541
5330	0.060625
5331	0.05875
5332	0.057167
5333	0.060458
5334	0.060083
5335	0.061042
5336	0.061084
5337	0.061333
5338	0.061541
5339	0.058583
5340	0.058334
5341	0.058458
5342	0.062292
5343	0.092292
5344	0.061208
5345	0.060041
5346	0.059417
5347	0.058459
5348	0.057833
5349	0.056792
5350	0.05875
5351	0.058125
5352	0.061792
5353	0.058667
5354	0.056791
5355	0.056125
5356	0.058208
5357	0.056958
5358	0.059
5359	0.05825
5360	0.056458
5361	0.056458
5362	0.059417
5363	0.058917
5364	0.057709
5365	0.059416
5366	0.057958
5367	0.058541
5368	0.057416
5369	0.056792
5370	0.059083
5371	0.068416
5372	0.057583
5373	0.05775
5374	0.058125
5375	0.05725
5376	0.05925
5377	0.057625
5378	0.060167
5379	0.059875
5380	0.058333
5381	0.06075
5382	0.058417
5383	0.08175
5384	0.068084
5385	0.080708
5386	0.050708
5387	0.030625
5388	0.028083
5389	0.025958
5390	0.026208
5391	0.0255
5392	0.025125
5393	0.024459
5394	0.02575
5395	0.024709
5396	0.025208
5397	0.02725
5398	0.025792
5399	0.026625
5400	0.024916
5401	0.023958
5402	0.02425
5403	0.023208
5404	0.024542
5405	0.024
5406	0.024334
5407	0.023583
5408	0.023625
5409	0.032167
5410	0.025333
5411	0.026167
5412	0.02325
5413	0.024084
5414	0.024208
5415	0.023083
5416	0.024542
5417	0.025417
5418	0.025334
5419	0.025042
5420	0.024916
5421	0.029916
5422	0.02725
5423	0.026375
5424	0.023916
5425	0.023875
5426	0.025833
5427	0.022791
5428	0.024208
5429	0.023709
5430	0.023833
5431	0.023708
5432	0.024375
5433	0.023708
5434	0.042833
5435	0.025042
5436	0.025458
5437	0.024875
5438	0.025416
5439	0.025125
5440	0.023917
5441	0.025083
5442	0.024791
5443	0.024416
5444	0.0255
5445	0.024708
5446	0.023667
5447	0.024208
5448	0.024334
5449	0.025541
5450	0.022916
5451	0.02375
5452	0.025167
5453	0.024833
5454	0.026625
5455	0.026875
5456	0.024583
5457	0.024625
5458	0.025417
5459	0.028958
5460	0.039209
5461	0.033583
5462	0.024709
5463	0.025167
5464	0.02325
5465	0.024792
5466	0.025667
5467	0.025625
5468	0.022166
5469	0.02425
5470	0.0245
5471	0.024416
5472	0.073958
5473	0.09575
5474	0.068625
5475	0.062042
5476	0.059834
5477	0.058875
5478	0.106333
5479	0.0625
5480	0.053625
5481	0.056875
5482	0.052417
5483	0.052208
5484	0.049416
5485	0.051042
5486	0.050667
5487	0.051083
5488	0.050959
5489	0.051542
5490	0.786416
5491	0.04575
5492	0.030083
5493	0.027666
5494	0.022916
5495	0.023708
5496	0.021292
5497	0.021375
5498	0.023833
5499	0.275083
5500	0.070125
5501	0.058458
5502	0.049667
5503	0.051083
5504	0.14825
5505	0.04075
5506	0.027125
5507	0.026542
5508	0.08475
5509	0.02775
5510	0.021
5511	0.05375
5512	0.02425
5513	0.02225
5514	0.019833
5515	0.01925
5516	0.020917
5517	0.020667
5518	0.019916
5519	0.021125
5520	0.020042
5521	0.020667
5522	0.0215
5523	0.020292
5524	0.021209
5525	0.020417
5526	0.071083
5527	0.088916
5528	0.055084
5529	0.0775
5530	0.063125
5531	0.084833
5532	0.065334
5533	0.046333
5534	0.058167
5535	0.052917
5536	0.045041
5537	0.045792
5538	0.046042
5539	0.173334
5540	0.087542
5541	0.068958
5542	0.055416
5543	0.048375
5544	0.067625
5545	0.070042
5546	0.02625
5547	0.021125
5548	0.020584
5549	0.019125
5550	0.020666
5551	0.019833
5552	0.020333
5553	0.017834
5554	0.019084
5555	0.018417
5556	0.0185
5557	0.018959
5558	0.018875
5559	0.019542
5560	0.017792
5561	0.018666
5562	0.021167
5563	0.01825
5564	0.017333
5565	0.019333
5566	0.017666
5567	0.01875
5568	0.019
5569	0.019583
5570	0.019416
5571	0.018209
5572	0.025417
5573	0.0195
5574	0.019834
5575	0.0175
5576	0.019584
5577	0.017792
5578	0.019791
5579	0.019292
5580	0.018583
5581	0.0195
5582	0.018667
5583	0.017833
5584	0.019709
5585	0.0175
5586	0.020209
5587	0.019458
5588	0.01875
5589	0.020083
5590	0.018458
5591	0.019959
5592	0.01675
5593	0.018208
5594	0.018834
5595	0.019
5596	0.017583
5597	0.017125
5598	0.017708
5599	0.019667
5600	0.017583
5601	0.017125
5602	0.018125
5603	0.018834
5604	0.018333
5605	0.018833
5606	0.019
5607	0.019791
5608	0.017917
5609	0.016083
5610	0.019875
5611	0.01875
5612	0.018708
5613	0.018917
5614	0.017541
5615	0.019834
5616	0.019542
5617	0.019917
5618	0.018583
5619	0.01775
5620	0.017584
5621	0.019041
5622	0.019084
5623	0.018417
5624	0.019333
5625	0.018458
5626	0.017709
5627	0.018
5628	0.019083
5629	0.019167
5630	0.019708
5631	0.020125
5632	0.018833
5633	0.017792
5634	0.016667
5635	0.018541
5636	0.018584
5637	0.017834
5638	0.019625
5639	0.018666
5640	0.019625
5641	0.018666
5642	0.019167
5643	0.018125
5644	0.018417
5645	0.018541
5646	0.01975
5647	0.019209
5648	0.0185
5649	0.019625
5650	0.017583
5651	0.018792
5652	0.018041
5653	0.017417
5654	0.019917
5655	0.019041
5656	0.016791
5657	0.018959
5658	0.018125
5659	0.017708
5660	0.019833
5661	0.019833
5662	0.018375
5663	0.016459
5664	0.019041
5665	0.017875
5666	0.021208
5667	0.018333
5668	0.019375
5669	0.018625
5670	0.019042
5671	0.0195
5672	0.019291
5673	0.017875
5674	0.0185
5675	0.018959
5676	0.018458
5677	0.01875
5678	0.018292
5679	0.019541
5680	0.0185
5681	0.019084
5682	0.017208
5683	0.020583
5684	0.019792
5685	0.017875
5686	0.019583
5687	0.018667
5688	0.019166
5689	0.019125
5690	0.0185
5691	0.019917
5692	0.018
5693	0.01825
5694	0.017958
5695	0.018875
5696	0.018875
5697	0.020667
5698	0.018375
5699	0.031583
5700	0.01975
5701	0.018083
5702	0.019041
5703	0.016959
5704	0.017875
5705	0.01825
5706	0.018667
5707	0.018208
5708	0.018542
5709	0.019917
5710	0.018541
5711	0.017333
5712	0.01625
5713	0.017875
5714	0.019083
5715	0.018459
5716	0.019208
5717	0.019875
5718	0.01775
5719	0.019167
5720	0.019
5721	0.01725
5722	0.019208
5723	0.019667
5724	0.019
5725	0.01825
5726	0.018875
5727	0.017625
5728	0.016834
5729	0.017792
5730	0.01775
5731	0.018542
5732	0.01825
5733	0.018666
5734	0.017959
5735	0.018958
5736	0.017791
5737	0.019125
5738	0.017959
5739	0.018625
5740	0.018917
5741	0.01925
5742	0.018584
5743	0.019291
5744	0.018917
5745	0.018167
5746	0.017708
5747	0.019375
5748	0.018334
5749	0.019042
5750	0.018375
5751	0.0185
5752	0.018958
5753	0.018167
5754	0.019042
5755	0.017166
5756	0.02
5757	0.061708
5758	0.08925
5759	0.070917
5760	0.087
5761	0.03075
5762	0.022042
5763	0.020834
5764	0.020458
5765	0.020083
5766	0.0195
5767	0.020541
5768	0.018208
5769	0.018333
5770	0.017667
5771	0.017583
5772	0.018542
5773	0.020166
5774	0.01975
5775	0.019333
5776	0.01975
5777	0.019541
5778	0.018708
5779	0.020292
5780	0.0195
5781	0.022125
5782	0.023917
5783	0.019916
5784	0.019584
5785	0.017208
5786	0.019709
5787	0.018458
5788	0.019042
5789	0.02075
5790	0.019542
5791	0.018125
5792	0.019417
5793	0.019167
5794	0.018167
5795	0.020625
5796	0.019084
5797	0.019958
5798	0.018167
5799	0.020834
5800	0.018625
5801	0.019959
5802	0.018958
5803	0.019917
5804	0.016875
5805	0.020875
5806	0.018167
5807	0.017792
5808	0.02025
5809	0.018833
5810	0.02
5811	0.018917
5812	0.018084
5813	0.018416
5814	0.019667
5815	0.017583
5816	0.018375
5817	0.017375
5818	0.018625
5819	0.019875
5820	0.018875
5821	0.020209
5822	0.018958
5823	0.019792
5824	0.01775
5825	0.02525
5826	0.019583
5827	0.017
5828	0.0175
5829	0.020333
5830	0.018667
5831	0.019041
5832	0.018709
5833	0.018791
5834	0.017833
5835	0.018542
5836	0.018833
5837	0.018917
5838	0.020083
5839	0.020917
5840	0.019875
5841	0.018333
5842	0.019292
5843	0.017625
5844	0.018625
5845	0.019333
5846	0.018375
5847	0.019291
5848	0.019625
5849	0.017958
5850	0.019167
5851	0.018916
5852	0.020084
5853	0.019375
5854	0.018792
5855	0.018583
5856	0.017375
5857	0.018125
5858	0.01875
5859	0.019791
5860	0.019375
5861	0.019167
5862	0.018625
5863	0.0185
5864	0.018125
5865	0.017709
5866	0.019333
5867	0.018042
5868	0.017125
5869	0.01875
5870	0.018166
5871	0.020416
5872	0.017375
5873	0.018167
5874	0.019292
5875	0.018417
5876	0.019
5877	0.019375
5878	0.018167
5879	0.017541
5880	0.019791
5881	0.017542
5882	0.018292
5883	0.01825
5884	0.019625
5885	0.016541
5886	0.017125
5887	0.018458
5888	0.018666
5889	0.018583
5890	0.017417
5891	0.019
5892	0.016625
5893	0.019584
5894	0.018667
5895	0.018291
5896	0.019125
5897	0.017208
5898	0.017208
5899	0.018916
5900	0.019125
5901	0.019541
5902	0.018333
5903	0.018292
5904	0.019375
5905	0.01875
5906	0.017709
5907	0.018666
5908	0.017833
5909	0.018542
5910	0.018625
5911	0.01975
5912	0.018125
5913	0.018125
5914	0.019083
5915	0.017459
5916	0.018042
5917	0.018417
5918	0.018542
5919	0.01825
5920	0.019292
5921	0.017584
5922	0.018125
5923	0.017958
5924	0.01825
5925	0.017375
5926	0.0185
5927	0.01875
5928	0.018334
5929	0.01725
5930	0.019584
5931	0.017791
5932	0.020541
5933	0.018375
5934	0.017875
5935	0.018125
5936	0.018166
5937	0.018458
5938	0.018458
5939	0.019291
5940	0.018334
5941	0.018917
5942	0.01875
5943	0.018542
5944	0.019042
5945	0.018083
5946	0.018542
5947	0.018125
5948	0.017
5949	0.018
5950	0.017458
5951	0.020083
5952	0.019916
5953	0.018125
5954	0.017417
5955	0.019458
5956	0.020916
5957	0.019125
5958	0.019
5959	0.017042
5960	0.02025
5961	0.032709
5962	0.017708
5963	0.016083
5964	0.017459
5965	0.018167
5966	0.017333
5967	0.018625
5968	0.018333
5969	0.019125
5970	0.019083
5971	0.019042
5972	0.019292
5973	0.01875
5974	0.019084
5975	0.020167
5976	0.018291
5977	0.017625
5978	0.019292
5979	0.017917
5980	0.018334
5981	0.018083
5982	0.017625
5983	0.018292
5984	0.018416
5985	0.018333
5986	0.019833
5987	0.018458
5988	0.020209
5989	0.018417
5990	0.019375
5991	0.017208
5992	0.017083
5993	0.019958
5994	0.018042
5995	0.018209
5996	0.019417
5997	0.019417
5998	0.023167
5999	0.020833
6000	0.020875
6001	0.018583
6002	0.019542
6003	0.01975
6004	0.023167
6005	0.019833
6006	0.019
6007	0.022292
6008	0.017
6009	0.019
6010	0.022416
6011	0.018583
6012	0.018584
6013	0.019375
6014	0.019
6015	0.016542
6016	0.019333
6017	0.018709
6018	0.018334
6019	0.018166
6020	0.019167
6021	0.0185
6022	0.019
6023	0.021083
6024	0.019375
6025	0.019166
6026	0.018625
6027	0.018208
6028	0.018667
6029	0.020791
6030	0.018709
6031	0.019125
6032	0.019458
6033	0.0225
6034	0.01925
6035	0.037958
6036	0.029417
6037	0.022083
6038	0.018709
6039	0.018166
6040	0.019666
6041	0.018708
6042	0.018458
6043	0.018292
6044	0.079875
6045	0.062084
6046	0.019125
6047	0.018291
6048	0.0185
6049	0.018875
6050	0.019291
6051	0.018167
6052	0.015625
6053	0.017584
6054	0.01825
6055	0.059583
6056	0.021958
6057	0.025333
6058	0.017542
6059	0.018666
6060	0.016916
6061	0.017875
6062	0.018792
6063	0.015791
6064	0.015625
6065	0.016875
6066	0.016708
6067	0.017542
6068	0.014792
6069	0.015833
6070	0.01675
6071	0.017875
6072	0.01725
6073	0.018458
6074	0.018875
6075	0.018667
6076	0.019375
6077	0.020209
6078	0.020458
6079	0.020041
6080	0.021
6081	0.018584
6082	0.018791
6083	0.043917
6084	0.035542
6085	0.018458
6086	0.016167
6087	0.016959
6088	0.017708
6089	0.018791
6090	0.017083
6091	0.016792
6092	0.017042
6093	0.015583
6094	0.017209
6095	0.016417
6096	0.018417
6097	0.017833
6098	0.018209
6099	0.016125
6100	0.01725
6101	0.016958
6102	0.016667
6103	0.017625
6104	0.016167
6105	0.018625
6106	0.020458
6107	0.020167
6108	0.019208
6109	0.022541
6110	0.019334
6111	0.015
6112	0.018
6113	0.018292
6114	0.017959
6115	0.016458
6116	0.014625
6117	0.01725
6118	0.016416
6119	0.014709
6120	0.019084
6121	0.01575
6122	0.014667
6123	0.016958
6124	0.015209
6125	0.017334
6126	0.021416
6127	0.017708
6128	0.019542
6129	0.017542
6130	0.017417
6131	0.016875
6132	0.017916
6133	0.017625
6134	0.067167
6135	0.017792
6136	0.023792
6137	0.0185
6138	0.016958
6139	0.016916
6140	0.016708
6141	0.018709
6142	0.02
6143	0.014667
6144	0.014958
6145	0.016959
6146	0.017791
6147	0.016792
6148	0.017459
6149	0.014625
6150	0.018083
6151	0.017375
6152	0.021584
6153	0.016375
6154	0.017084
6155	0.028916
6156	0.01925
6157	0.016375
6158	0.014667
6159	0.016542
6160	0.016583
6161	0.022291
6162	0.022792
6163	0.017792
6164	0.021875
6165	0.01775
6166	0.017083
6167	0.0165
6168	0.017792
6169	0.018334
6170	0.018167
6171	0.123625
6172	0.058292
6173	0.047625
6174	0.040458
6175	0.018541
6176	0.018584
6177	0.018458
6178	0.018584
6179	0.018083
6180	0.016708
6181	0.016459
6182	0.01725
6183	0.068292
6184	0.036834
6185	0.017875
6186	0.017667
6187	0.018375
6188	0.017209
6189	0.018292
6190	0.016916
6191	0.016958
6192	0.018209
6193	0.017708
6194	0.017875
6195	0.018709
6196	0.017625
6197	0.015875
6198	0.017459
6199	0.018041
6200	0.016541
6201	0.0165
6202	0.016917
6203	0.017208
6204	0.016916
6205	0.017666
6206	0.015833
6207	0.017709
6208	0.017791
6209	0.015834
6210	0.017583
6211	0.01725
6212	0.016542
6213	0.016208
6214	0.017292
6215	0.016333
6216	0.018459
6217	0.018167
6218	0.017
6219	0.018166
6220	0.018916
6221	0.014708
6222	0.017167
6223	0.0185
6224	0.017542
6225	0.017458
6226	0.0165
6227	0.017959
6228	0.017833
6229	0.016375
6230	0.017291
6231	0.018041
6232	0.040791
6233	0.055833
6234	0.018334
6235	0.016625
6236	0.021375
6237	0.01825
6238	0.017209
6239	0.017875
6240	0.016833
6241	0.016708
6242	0.01825
6243	0.015791
6244	0.018
6245	0.017792
6246	0.017125
6247	0.018292
6248	0.017542
6249	0.01725
6250	0.017292
6251	0.017459
6252	0.017708
6253	0.017542
6254	0.016208
6255	0.017458
6256	0.018125
6257	0.016542
6258	0.017792
6259	0.017417
6260	0.017542
6261	0.018917
6262	0.017875
6263	0.018583
6264	0.019042
6265	0.019292
6266	0.067917
6267	0.056625
6268	0.058292
6269	0.026208
6270	0.018834
6271	0.018542
6272	0.019125
6273	0.020333
6274	0.020792
6275	0.0185
6276	0.018125
6277	0.020583
6278	0.01775
6279	0.01875
6280	0.01725
6281	0.018125
6282	0.018583
6283	0.019
6284	0.017375
6285	0.0185
6286	0.017459
6287	0.018166
6288	0.018791
6289	0.018375
6290	0.017625
6291	0.038125
6292	0.018417
6293	0.019041
6294	0.015959
6295	0.017459
6296	0.017375
6297	0.018625
6298	0.018542
6299	0.017125
6300	0.018208
6301	0.018042
6302	0.019042
6303	0.016916
6304	0.015375
6305	0.017417
6306	0.01775
6307	0.017791
6308	0.015917
6309	0.016792
6310	0.018084
6311	0.01825
6312	0.017542
6313	0.016833
6314	0.016042
6315	0.016834
6316	0.018458
6317	0.023666
6318	0.016875
6319	0.017542
6320	0.017834
6321	0.017
6322	0.017834
6323	0.018042
6324	0.018375
6325	0.0215
6326	0.02025
6327	0.028916
6328	0.01825
6329	0.016709
6330	0.017375
6331	0.018458
6332	0.017542
6333	0.018042
6334	0.018666
6335	0.018791
6336	0.016084
6337	0.018333
6338	0.0165
6339	0.01675
6340	0.016459
6341	0.018542
6342	0.030709
6343	0.018125
6344	0.0175
6345	0.022166
6346	0.016875
6347	0.016584
6348	0.01825
6349	0.018458
6350	0.016833
6351	0.018375
6352	0.017916
6353	0.019166
6354	0.018042
6355	0.017917
6356	0.016125
6357	0.018083
6358	0.016041
6359	0.01575
6360	0.016833
6361	0.018625
6362	0.016958
6363	0.017959
6364	0.016625
6365	0.017458
6366	0.018625
6367	0.018208
6368	0.017833
6369	0.016833
6370	0.017542
6371	0.016167
6372	0.018083
6373	0.017875
6374	0.018791
6375	0.016625
6376	0.018
6377	0.01725
6378	0.016458
6379	0.017583
6380	0.017042
6381	0.017375
6382	0.018334
6383	0.018
6384	0.018583
6385	0.017
6386	0.016583
6387	0.017125
6388	0.017959
6389	0.018
6390	0.016667
6391	0.018708
6392	0.01825
6393	0.016208
6394	0.017042
6395	0.017084
6396	0.015541
6397	0.0185
6398	0.017709
6399	0.016792
6400	0.018125
6401	0.017084
6402	0.019083
6403	0.017417
6404	0.016542
6405	0.01625
6406	0.017292
6407	0.018167
6408	0.018666
6409	0.01725
6410	0.01775
6411	0.018875
6412	0.018125
6413	0.01625
6414	0.017291
6415	0.016459
6416	0.017458
6417	0.017208
6418	0.018042
6419	0.016875
6420	0.018459
6421	0.016417
6422	0.016458
6423	0.017542
6424	0.017583
6425	0.018
6426	0.017709
6427	0.016625
6428	0.016375
6429	0.016958
6430	0.015042
6431	0.018291
6432	0.017417
6433	0.017708
6434	0.017042
6435	0.016125
6436	0.017958
6437	0.014708
6438	0.018292
6439	0.016959
6440	0.015583
6441	0.01825
6442	0.01825
6443	0.018292
6444	0.015625
6445	0.017833
6446	0.017584
6447	0.016667
6448	0.017291
6449	0.016833
6450	0.018375
6451	0.016833
6452	0.018083
6453	0.018542
6454	0.0175
6455	0.016917
6456	0.0175
6457	0.015916
6458	0.016833
6459	0.017958
6460	0.016167
6461	0.017083
6462	0.017625
6463	0.017833
6464	0.017958
6465	0.017375
6466	0.018041
6467	0.018709
6468	0.018416
6469	0.01725
6470	0.017583
6471	0.016209
6472	0.015125
6473	0.017208
6474	0.017042
6475	0.01675
6476	0.016834
6477	0.017458
6478	0.018166
6479	0.017917
6480	0.018
6481	0.015875
6482	0.014833
6483	0.017125
6484	0.016542
6485	0.018125
6486	0.016167
6487	0.016834
6488	0.017333
6489	0.016708
6490	0.017666
6491	0.016708
6492	0.017375
6493	0.016166
6494	0.017792
6495	0.016542
6496	0.018084
6497	0.016542
6498	0.018458
6499	0.017375
6500	0.017291
6501	0.017042
6502	0.017584
6503	0.017208
6504	0.017541
6505	0.017167
6506	0.019583
6507	0.018125
6508	0.017834
6509	0.015541
6510	0.016959
6511	0.016667
6512	0.016833
6513	0.016708
6514	0.017584
6515	0.0165
6516	0.017125
6517	0.01725
6518	0.0175
6519	0.0185
6520	0.018375
6521	0.018459
6522	0.017917
6523	0.017958
6524	0.017709
6525	0.017125
6526	0.016833
6527	0.019209
6528	0.015625
6529	0.0165
6530	0.016166
6531	0.016917
6532	0.01625
6533	0.016209
6534	0.01625
6535	0.022917
6536	0.01775
6537	0.017625
6538	0.01775
6539	0.01725
6540	0.017125
6541	0.016583
6542	0.016292
6543	0.017625
6544	0.016959
6545	0.018042
6546	0.018083
6547	0.01825
6548	0.017333
6549	0.020042
6550	0.032
6551	0.018791
6552	0.018625
6553	0.017041
6554	0.018292
6555	0.017
6556	0.017875
6557	0.018
6558	0.017458
6559	0.016583
6560	0.017959
6561	0.017042
6562	0.018417
6563	0.017583
6564	0.016791
6565	0.020209
6566	0.017625
6567	0.017625
6568	0.016875
6569	0.017666
6570	0.017459
6571	0.016958
6572	0.017667
6573	0.016583
6574	0.017583
6575	0.018
6576	0.018042
6577	0.01775
6578	0.016542
6579	0.016458
6580	0.016833
6581	0.016667
6582	0.017917
6583	0.016625
6584	0.016833
6585	0.015584
6586	0.017625
6587	0.018583
6588	0.0175
6589	0.017958
6590	0.018208
6591	0.017667
6592	0.017583
6593	0.016833
6594	0.018375
6595	0.016458
6596	0.017917
6597	0.015416
6598	0.016708
6599	0.016625
6600	0.0175
6601	0.017083
6602	0.017083
6603	0.01675
6604	0.017375
6605	0.017542
6606	0.0175
6607	0.016958
6608	0.029
6609	0.020209
6610	0.01875
6611	0.017667
6612	0.017667
6613	0.01675
6614	0.017917
6615	0.018792
6616	0.018292
6617	0.018042
6618	0.016792
6619	0.018125
6620	0.020292
6621	0.016875
6622	0.041709
6623	0.017292
6624	0.016375
6625	0.017042
6626	0.015083
6627	0.017042
6628	0.0175
6629	0.017041
6630	0.0175
6631	0.019167
6632	0.017875
6633	0.017041
6634	0.018125
6635	0.017875
6636	0.017875
6637	0.017334
6638	0.017917
6639	0.016583
6640	0.018708
6641	0.017666
6642	0.018
6643	0.018417
6644	0.018583
6645	0.016
6646	0.0185
6647	0.017166
6648	0.017291
6649	0.01775
6650	0.016334
6651	0.018334
6652	0.017291
6653	0.017791
6654	0.0195
6655	0.0175
6656	0.018959
6657	0.016417
6658	0.017041
6659	0.01775
6660	0.01975
6661	0.017792
6662	0.019334
6663	0.019459
6664	0.018083
6665	0.017084
6666	0.019458
6667	0.015792
6668	0.016833
6669	0.018417
6670	0.016667
6671	0.018541
6672	0.017167
6673	0.019792
6674	0.017708
6675	0.018042
6676	0.017584
6677	0.016416
6678	0.017667
6679	0.018041
6680	0.015083
6681	0.0195
6682	0.017167
6683	0.016875
6684	0.018167
6685	0.01725
6686	0.019208
6687	0.017417
6688	0.018167
6689	0.016
6690	0.018667
6691	0.017167
6692	0.022625
6693	0.019583
6694	0.018208
6695	0.02175
6696	0.019083
6697	0.018625
6698	0.017291
6699	0.01675
6700	0.0175
6701	0.017833
6702	0.022917
6703	0.018584
6704	0.018542
6705	0.017208
6706	0.018041
6707	0.018709
6708	0.018125
6709	0.0175
6710	0.016083
6711	0.018417
6712	0.017125
6713	0.017916
6714	0.017708
6715	0.016958
6716	0.018209
6717	0.01625
6718	0.017791
6719	0.017875
6720	0.017125
6721	0.017333
6722	0.016875
6723	0.017625
6724	0.017541
6725	0.017083
6726	0.017417
6727	0.017084
6728	0.017667
6729	0.017583
6730	0.018375
6731	0.018
6732	0.01775
6733	0.017708
6734	0.027542
6735	0.019333
6736	0.019959
6737	0.018791
6738	0.017208
6739	0.016459
6740	0.019791
6741	0.024958
6742	0.018
6743	0.022709
6744	0.018458
6745	0.018834
6746	0.018167
6747	0.017166
6748	0.017875
6749	0.017291
6750	0.019083
6751	0.017709
6752	0.018541
6753	0.016792
6754	0.016334
6755	0.015959
6756	0.018
6757	0.017208
6758	0.018542
6759	0.017958
6760	0.017
6761	0.0175
6762	0.015958
6763	0.017541
6764	0.017291
6765	0.017042
6766	0.017625
6767	0.01725
6768	0.018833
6769	0.016459
6770	0.016667
6771	0.018333
6772	0.017333
6773	0.018916
6774	0.017375
6775	0.018125
6776	0.017375
6777	0.017041
6778	0.018458
6779	0.018542
6780	0.016292
6781	0.018083
6782	0.017125
6783	0.018584
6784	0.017459
6785	0.017917
6786	0.017125
6787	0.017917
6788	0.016667
6789	0.014833
6790	0.018708
6791	0.017083
6792	0.018
6793	0.017042
6794	0.015292
6795	0.018209
6796	0.017708
6797	0.019125
6798	0.017709
6799	0.015916
6800	0.018166
6801	0.015459
6802	0.016333
6803	0.017042
6804	0.016833
6805	0.018875
6806	0.016833
6807	0.017458
6808	0.01825
6809	0.017
6810	0.017666
6811	0.016833
6812	0.017708
6813	0.018833
6814	0.017917
6815	0.016333
6816	0.018584
6817	0.017917
6818	0.015458
6819	0.018292
6820	0.018542
6821	0.017625
6822	0.016625
6823	0.019209
6824	0.018208
6825	0.019834
6826	0.016417
6827	0.018042
6828	0.017083
6829	0.04325
6830	0.019792
6831	0.018
6832	0.018292
6833	0.01825
6834	0.019792
6835	0.02075
6836	0.0185
6837	0.019
6838	0.017542
6839	0.017458
6840	0.064375
6841	0.05475
6842	0.01825
6843	0.017833
6844	0.016917
6845	0.017875
6846	0.01775
6847	0.016083
6848	0.016167
6849	0.018209
6850	0.019375
6851	0.019375
6852	0.017375
6853	0.019458
6854	0.015709
6855	0.016708
6856	0.016625
6857	0.021417
6858	0.020125
6859	0.019667
6860	0.019542
6861	0.017417
6862	0.0255
6863	0.021625
6864	0.021417
6865	0.018667
6866	0.01825
6867	0.018833
6868	0.018166
6869	0.019708
6870	0.01475
6871	0.016917
6872	0.019208
6873	0.021708
6874	0.01875
6875	0.019417
6876	0.019125
6877	0.018792
6878	0.016792
6879	0.017041
6880	0.017459
6881	0.018083
6882	0.017834
6883	0.016584
6884	0.0185
6885	0.018209
6886	0.018
6887	0.017625
6888	0.016208
6889	0.018083
6890	0.01725
6891	0.018375
6892	0.018333
6893	0.016542
6894	0.0165
6895	0.018125
6896	0.0185
6897	0.017208
6898	0.017917
6899	0.017834
6900	0.0195
6901	0.018125
6902	0.019083
6903	0.0185
6904	0.017167
6905	0.017583
6906	0.018458
6907	0.017959
6908	0.017667
6909	0.016417
6910	0.017083
6911	0.018791
6912	0.01775
6913	0.016541
6914	0.01725
6915	0.128834
6916	0.070792
6917	0.047833
6918	0.044417
6919	0.053584
6920	0.244541
6921	0.023375
6922	0.019541
6923	0.018584
6924	0.017333
6925	0.016916
6926	0.018
6927	0.01775
6928	0.019708
6929	0.01675
6930	0.016875
6931	0.020334
6932	0.021208
6933	0.018917
6934	0.016833
6935	0.019375
6936	0.017625
6937	0.017375
6938	0.016792
6939	0.017542
6940	0.017292
6941	0.019208
6942	0.016958
6943	0.017041
6944	0.018709
6945	0.018084
6946	0.018542
6947	0.018708
6948	0.017959
6949	0.017834
6950	0.017334
6951	0.023208
6952	0.021292
6953	0.023459
6954	0.017666
6955	0.021042
6956	0.019
6957	0.021
6958	0.018667
6959	0.020959
6960	0.022583
6961	0.026834
6962	0.017
6963	0.020667
6964	0.018209
6965	0.017875
6966	0.017542
6967	0.019584
6968	0.017875
6969	0.017167
6970	0.0165
6971	0.017958
6972	0.016042
6973	0.017042
6974	0.021708
6975	0.017917
6976	0.018375
6977	0.016917
6978	0.017917
6979	0.018083
6980	0.0175
6981	0.018833
6982	0.017417
6983	0.017834
6984	0.020041
6985	0.018583
6986	0.018125
6987	0.017541
6988	0.018625
6989	0.017584
6990	0.017291
6991	0.016333
6992	0.016166
6993	0.014667
6994	0.017208
6995	0.01875
6996	0.016375
6997	0.016542
6998	0.01775
6999	0.0165
7000	0.017083
7001	0.018459
7002	0.017875
7003	0.01675
7004	0.016542
7005	0.017875
7006	0.017834
7007	0.016792
7008	0.016375
7009	0.017125
7010	0.017625
7011	0.015791
7012	0.017459
7013	0.017125
7014	0.017917
7015	0.01825
7016	0.018625
7017	0.01675
7018	0.01725
7019	0.015333
7020	0.019375
7021	0.0145
7022	0.019208
7023	0.019167
7024	0.017625
7025	0.017625
7026	0.016
7027	0.017875
7028	0.019
7029	0.017417
7030	0.038208
7031	0.017708
7032	0.019375
7033	0.014875
7034	0.017583
7035	0.017083
7036	0.017084
7037	0.017292
7038	0.017792
7039	0.017875
7040	0.01775
7041	0.015792
7042	0.020083
7043	0.01975
7044	0.016709
7045	0.018375
7046	0.017083
7047	0.017875
7048	0.016
7049	0.018292
7050	0.01675
7051	0.018083
7052	0.016291
7053	0.025583
7054	0.018542
7055	0.017417
7056	0.024625
7057	0.0175
7058	0.017375
7059	0.0185
7060	0.018792
7061	0.018083
7062	0.017291
7063	0.01925
7064	0.019625
7065	0.019
7066	0.016791
7067	0.0185
7068	0.016417
7069	0.019584
7070	0.0165
7071	0.017416
7072	0.01825
7073	0.018208
7074	0.017792
7075	0.018
7076	0.017417
7077	0.017084
7078	0.018667
7079	0.018125
7080	0.016208
7081	0.019208
7082	0.018375
7083	0.018375
7084	0.017625
7085	0.016417
7086	0.018333
7087	0.017667
7088	0.0175
7089	0.017125
7090	0.018542
7091	0.017542
7092	0.040625
7093	0.017875
7094	0.017334
7095	0.017792
7096	0.017334
7097	0.018625
7098	0.019
7099	0.0155
7100	0.018166
7101	0.016334
7102	0.035917
7103	0.03025
7104	0.018792
7105	0.020459
7106	0.017125
7107	0.017209
7108	0.016125
7109	0.017875
7110	0.017375
7111	0.019375
7112	0.017792
7113	0.016333
7114	0.016792
7115	0.016959
7116	0.018208
7117	0.016834
7118	0.01825
7119	0.016833
7120	0.017375
7121	0.017458
7122	0.018666
7123	0.017916
7124	0.019042
7125	0.01675
7126	0.017875
7127	0.016709
7128	0.01675
7129	0.018458
7130	0.016
7131	0.017875
7132	0.018958
7133	0.017958
7134	0.015959
7135	0.017459
7136	0.016542
7137	0.017667
7138	0.018333
7139	0.017
7140	0.021333
7141	0.018458
7142	0.01775
7143	0.016959
7144	0.025083
7145	0.017916
7146	0.02075
7147	0.017667
7148	0.017208
7149	0.016875
7150	0.021041
7151	0.018333
7152	0.018667
7153	0.018875
7154	0.015792
7155	0.01625
7156	0.01675
7157	0.130916
7158	0.027208
7159	0.019583
7160	0.018
7161	0.01775
7162	0.01675
7163	0.018958
7164	0.020167
7165	0.018542
7166	0.016666
7167	0.01625
7168	0.017625
7169	0.017833
7170	0.019458
7171	0.0175
7172	0.017
7173	0.016375
7174	0.017375
7175	0.016583
7176	0.019834
7177	0.01775
7178	0.01675
7179	0.017958
7180	0.016208
7181	0.018625
7182	0.01675
7183	0.016875
7184	0.016875
7185	0.016625
7186	0.018
7187	0.0175
7188	0.016917
7189	0.017792
7190	0.01625
7191	0.017542
7192	0.016709
7193	0.017709
7194	0.018459
7195	0.016167
7196	0.017458
7197	0.015708
7198	0.017083
7199	0.015666
7200	0.016291
7201	0.021708
7202	0.0185
7203	0.018625
7204	0.018625
7205	0.017209
7206	0.019333
7207	0.017459
7208	0.017375
7209	0.017917
7210	0.018208
7211	0.017167
7212	0.016084
7213	0.017625
7214	0.017166
7215	0.01825
7216	0.017791
7217	0.015625
7218	0.018167
7219	0.017542
7220	0.017416
7221	0.016333
7222	0.014875
7223	0.017292
7224	0.0175
7225	0.017708
7226	0.015791
7227	0.017083
7228	0.016084
7229	0.016458
7230	0.018333
7231	0.016625
7232	0.017667
7233	0.017292
7234	0.01775
7235	0.016667
7236	0.016917
7237	0.017917
7238	0.031125
7239	0.020583
7240	0.015375
7241	0.015
7242	0.018333
7243	0.016125
7244	0.017292
7245	0.016583
7246	0.017292
7247	0.018042
7248	0.018
7249	0.01875
7250	0.0155
7251	0.017083
7252	0.017709
7253	0.016042
7254	0.015541
7255	0.016458
7256	0.017084
7257	0.016292
7258	0.015708
7259	0.017417
7260	0.017042
7261	0.017583
7262	0.016583
7263	0.016291
7264	0.015041
7265	0.017375
7266	0.017166
7267	0.016416
7268	0.017083
7269	0.015584
7270	0.01625
7271	0.014792
7272	0.01525
7273	0.016959
7274	0.017458
7275	0.016583
7276	0.015375
7277	0.017833
7278	0.025584
7279	0.018792
7280	0.016875
7281	0.017333
7282	0.017792
7283	0.017708
7284	0.016584
7285	0.015666
7286	0.017625
7287	0.016625
7288	0.016833
7289	0.018041
7290	0.01575
7291	0.0155
7292	0.01825
7293	0.015625
7294	0.017375
7295	0.016708
7296	0.017958
7297	0.01725
7298	0.016458
7299	0.01625
7300	0.016084
7301	0.015583
7302	0.01825
7303	0.017125
7304	0.015417
7305	0.016209
7306	0.017208
7307	0.015375
7308	0.017292
7309	0.017042
7310	0.017042
7311	0.016333
7312	0.018083
7313	0.017459
7314	0.017
7315	0.017458
7316	0.018375
7317	0.017667
7318	0.01675
7319	0.0165
7320	0.016958
7321	0.016958
7322	0.0155
7323	0.017875
7324	0.017875
7325	0.016583
7326	0.017542
7327	0.016959
7328	0.01575
7329	0.016041
7330	0.017458
7331	0.018667
7332	0.015833
7333	0.016792
7334	0.015167
7335	0.017459
7336	0.017708
7337	0.014541
7338	0.017291
7339	0.014833
7340	0.016625
7341	0.016416
7342	0.016167
7343	0.016208
7344	0.018291
7345	0.017875
7346	0.015209
7347	0.017292
7348	0.017083
7349	0.016583
7350	0.016875
7351	0.016917
7352	0.017167
7353	0.017125
7354	0.016875
7355	0.017083
7356	0.016625
7357	0.017084
7358	0.018083
7359	0.016416
7360	0.015208
7361	0.017375
7362	0.01575
7363	0.01675
7364	0.015792
7365	0.017542
7366	0.017042
7367	0.016667
7368	0.016334
7369	0.01675
7370	0.017625
7371	0.016667
7372	0.017292
7373	0.015958
7374	0.017833
7375	0.017459
7376	0.016167
7377	0.016708
7378	0.016916
7379	0.01775
7380	0.017542
7381	0.017292
7382	0.015958
7383	0.014959
7384	0.0155
7385	0.017375
7386	0.017042
7387	0.01725
7388	0.016041
7389	0.015
7390	0.022875
7391	0.02825
7392	0.01625
7393	0.017458
7394	0.01575
7395	0.014834
7396	0.016125
7397	0.015292
7398	0.018167
7399	0.016375
7400	0.016209
7401	0.015916
7402	0.017625
7403	0.015417
7404	0.017125
7405	0.016459
7406	0.017792
7407	0.017625
7408	0.016875
7409	0.017583
7410	0.017125
7411	0.016833
7412	0.017916
7413	0.016125
7414	0.017125
7415	0.016916
7416	0.016625
7417	0.016
7418	0.016125
7419	0.016458
7420	0.015959
7421	0.017167
7422	0.017125
7423	0.016333
7424	0.016416
7425	0.016667
7426	0.0185
7427	0.021666
7428	0.015125
7429	0.015958
7430	0.017667
7431	0.016583
7432	0.016667
7433	0.01625
7434	0.016708
7435	0.017792
7436	0.015916
7437	0.015541
7438	0.017208
7439	0.016708
7440	0.016625
7441	0.016083
7442	0.016417
7443	0.016042
7444	0.015084
7445	0.017042
7446	0.017583
7447	0.016958
7448	0.017209
7449	0.018167
7450	0.016792
7451	0.0175
7452	0.016292
7453	0.017333
7454	0.015916
7455	0.016625
7456	0.016916
7457	0.016792
7458	0.015709
7459	0.016041
7460	0.01625
7461	0.018125
7462	0.016875
7463	0.017625
7464	0.016542
7465	0.017458
7466	0.016416
7467	0.01725
7468	0.017125
7469	0.015792
7470	0.01725
7471	0.01625
7472	0.015917
7473	0.014542
7474	0.018333
7475	0.017667
7476	0.016
7477	0.015917
7478	0.016708
7479	0.017
7480	0.017083
7481	0.019209
7482	0.015541
7483	0.029083
7484	0.019125
7485	0.016875
7486	0.017208
7487	0.015541
7488	0.017667
7489	0.015792
7490	0.0165
7491	0.016459
7492	0.017042
7493	0.017417
7494	0.015917
7495	0.017042
7496	0.017125
7497	0.016792
7498	0.016333
7499	0.017166
7500	0.016459
7501	0.017208
7502	0.016916
7503	0.016
7504	0.017167
7505	0.016
7506	0.017125
7507	0.016709
7508	0.018125
7509	0.055292
7510	0.02025
7511	0.019083
7512	0.017125
7513	0.015917
7514	0.016375
7515	0.017542
7516	0.016375
7517	0.01725
7518	0.016333
7519	0.016417
7520	0.016792
7521	0.016417
7522	0.016583
7523	0.017709
7524	0.016875
7525	0.017708
7526	0.018041
7527	0.01675
7528	0.017458
7529	0.01775
7530	0.017
7531	0.018708
7532	0.019
7533	0.018416
7534	0.016541
7535	0.014875
7536	0.018375
7537	0.024875
7538	0.018458
7539	0.015792
7540	0.015875
7541	0.0165
7542	0.016791
7543	0.018667
7544	0.017625
7545	0.017084
7546	0.017875
7547	0.0175
7548	0.017459
7549	0.0165
7550	0.017125
7551	0.016209
7552	0.017042
7553	0.01575
7554	0.0175
7555	0.017291
7556	0.017167
7557	0.015833
7558	0.016125
7559	0.022709
7560	0.018042
7561	0.016792
7562	0.014542
7563	0.018375
7564	0.016334
7565	0.016542
7566	0.016667
7567	0.016542
7568	0.016416
7569	0.016791
7570	0.01375
7571	0.017167
7572	0.01825
7573	0.016583
7574	0.018208
7575	0.01775
7576	0.022333
7577	0.017833
7578	0.016667
7579	0.016458
7580	0.017416
7581	0.016458
7582	0.015833
7583	0.016958
7584	0.017417
7585	0.0175
7586	0.017625
7587	0.017875
7588	0.030375
7589	0.01725
7590	0.017834
7591	0.018
7592	0.016084
7593	0.017417
7594	0.016417
7595	0.017833
7596	0.015167
7597	0.018042
7598	0.015625
7599	0.015375
7600	0.016167
7601	0.017958
7602	0.01825
7603	0.018375
7604	0.018042
7605	0.017209
7606	0.01675
7607	0.014959
7608	0.017
7609	0.016209
7610	0.017125
7611	0.016542
7612	0.015958
7613	0.017542
7614	0.016667
7615	0.018375
7616	0.017292
7617	0.016083
7618	0.018
7619	0.015833
7620	0.01525
7621	0.016041
7622	0.017084
7623	0.015916
7624	0.015875
7625	0.015792
7626	0.017292
7627	0.016667
7628	0.017208
7629	0.017083
7630	0.016959
7631	0.016583
7632	0.016666
7633	0.01675
7634	0.017791
7635	0.015334
7636	0.01625
7637	0.016
7638	0.016041
7639	0.0165
7640	0.016375
7641	0.01725
7642	0.016584
7643	0.041333
7644	0.026667
7645	0.017833
7646	0.018709
7647	0.016375
7648	0.01525
7649	0.01775
7650	0.017791
7651	0.017542
7652	0.017125
7653	0.016875
7654	0.014792
7655	0.015375
7656	0.019292
7657	0.017917
7658	0.016417
7659	0.016875
7660	0.016125
7661	0.016834
7662	0.01725
7663	0.016542
7664	0.017667
7665	0.015833
7666	0.016875
7667	0.014917
7668	0.016083
7669	0.017416
7670	0.016875
7671	0.016208
7672	0.01575
7673	3.646667
7674	0.032875
7675	0.019709
7676	0.0155
7677	0.022458
7678	0.017666
7679	0.020375
7680	0.021542
7681	0.020625
7682	0.019084
7683	0.017167
7684	0.019042
7685	0.018959
7686	0.018042
7687	0.016542
7688	0.01875
7689	0.017625
7690	0.018083
7691	0.017125
7692	0.017291
7693	0.017833
7694	0.015
7695	0.015416
7696	0.016708
7697	0.017167
7698	0.014209
7699	0.016791
7700	0.016708
7701	0.018
7702	0.021542
7703	0.017292
7704	0.018167
7705	0.021
7706	0.020625
7707	0.022959
7708	0.023417
7709	0.023292
7710	0.018833
7711	0.028166
7712	0.066708
7713	0.024291
7714	0.019625
7715	0.014958
7716	0.016
7717	0.015875
7718	0.016875
7719	0.018583
7720	0.069042
7721	0.021459
7722	0.015333
7723	0.018041
7724	0.016833
7725	0.018334
7726	0.016625
7727	0.017125
7728	0.019542
7729	0.018625
7730	0.017417
7731	0.016875
7732	0.014458
7733	0.0175
7734	0.017
7735	0.016584
7736	0.017125
7737	0.016292
7738	0.018125
7739	0.017875
7740	0.016417
7741	0.017542
7742	0.019708
7743	0.016709
7744	0.017625
7745	0.016833
7746	0.014292
7747	0.018292
7748	0.017375
7749	0.016917
7750	0.017917
7751	0.017084
7752	0.0145
7753	0.015458
7754	0.018583
7755	0.01775
7756	0.019291
7757	0.016042
7758	0.014792
7759	0.016583
7760	0.016708
7761	0.016542
7762	0.018625
7763	0.018166
7764	0.019375
7765	0.01525
7766	0.015958
7767	0.017458
7768	0.016792
7769	0.017959
7770	0.015542
7771	0.016417
7772	0.014709
7773	0.017458
7774	0.016167
7775	0.01675
7776	0.016292
7777	0.015042
7778	0.014583
7779	0.016209
7780	0.015625
7781	0.016542
7782	0.015584
7783	0.017333
7784	0.014917
7785	0.017584
7786	0.01575
7787	0.016375
7788	0.015583
7789	0.016458
7790	0.016541
7791	0.015709
7792	0.017209
7793	0.014667
7794	0.015333
7795	0.017667
7796	0.014708
7797	0.017583
7798	0.017
7799	0.015625
7800	0.015667
7801	0.014292
7802	0.015167
7803	0.015542
7804	0.017458
7805	0.016
7806	0.015875
7807	0.015708
7808	0.017166
7809	0.016542
7810	0.016708
7811	0.018333
7812	0.017375
7813	0.016958
7814	0.015292
7815	0.015625
7816	0.016584
7817	0.015708
7818	0.015334
7819	0.016416
7820	0.014625
7821	0.016458
7822	0.016166
7823	0.015583
7824	0.016334
7825	0.01575
7826	0.016833
7827	0.02775
7828	0.016542
7829	0.016375
7830	0.013583
7831	0.016042
7832	0.015917
7833	0.015875
7834	0.015541
7835	0.016584
7836	0.016667
7837	0.015167
7838	0.018708
7839	0.0165
7840	0.014041
7841	0.016125
7842	0.01625
7843	0.015375
7844	0.014084
7845	0.02575
7846	0.017125
7847	0.016959
7848	0.015792
7849	0.015042
7850	0.015917
7851	0.015917
7852	0.014709
7853	0.014834
7854	0.015833
7855	0.015417
7856	0.016667
7857	0.016792
7858	0.01425
7859	0.01575
7860	0.016709
7861	0.015417
7862	0.016209
7863	0.017583
7864	0.016708
7865	0.016291
7866	0.018458
7867	0.015459
7868	0.016208
7869	0.018208
7870	0.016792
7871	0.016625
7872	0.07525
7873	0.0185
7874	0.016041
7875	0.017666
7876	0.016
7877	0.0165
7878	0.017417
7879	0.015375
7880	0.017209
7881	0.014958
7882	0.017209
7883	0.015875
7884	0.014667
7885	0.016833
7886	0.0165
7887	0.015416
7888	0.014208
7889	0.015917
7890	0.01625
7891	0.013291
7892	0.016291
7893	0.017583
7894	0.017333
7895	0.017
7896	0.01975
7897	0.01525
7898	0.016583
7899	0.014125
7900	0.017625
7901	0.019833
7902	0.017208
7903	0.016792
7904	0.015042
7905	0.015417
7906	0.017875
7907	0.016333
7908	0.01625
7909	0.017167
7910	0.016417
7911	0.018084
7912	0.018375
7913	0.018375
7914	0.018333
7915	0.017208
7916	0.015084
7917	0.016
7918	0.017584
7919	0.01625
7920	0.017292
7921	0.016375
7922	0.016209
7923	0.014875
7924	0.013833
7925	0.015792
7926	0.017334
7927	0.016792
7928	0.016584
7929	0.015208
7930	0.017666
7931	0.016
7932	0.015125
7933	0.015417
7934	0.015792
7935	0.016417
7936	0.016666
7937	0.017291
7938	0.016583
7939	0.016084
7940	0.015917
7941	0.01525
7942	0.017416
7943	0.01775
7944	0.016208
7945	0.015625
7946	0.015125
7947	0.015542
7948	0.016875
7949	0.0165
7950	0.016667
7951	0.016
7952	0.016166
7953	0.016625
7954	0.017
7955	0.016292
7956	0.015167
7957	0.016458
7958	0.014541
7959	0.01575
7960	0.01475
7961	0.015666
7962	0.016291
7963	0.0175
7964	0.017416
7965	0.017333
7966	0.016958
7967	0.018791
7968	0.018375
7969	0.017584
7970	0.019459
7971	0.017375
7972	0.016916
7973	0.015166
7974	0.014666
7975	0.016333
7976	0.016375
7977	0.016916
7978	0.090666
7979	0.085166
7980	0.055083
7981	0.026083
7982	0.020084
7983	0.016709
7984	0.017584
7985	0.016833
7986	0.017542
7987	0.014166
7988	0.015459
7989	0.014916
7990	0.017375
7991	0.016667
7992	0.017084
7993	0.016375
7994	0.016583
7995	0.016
7996	0.01575
7997	0.016792
7998	0.0165
7999	0.015917
8000	0.02725
8001	0.016
8002	0.014916
8003	0.017542
8004	0.017083
8005	0.015416
8006	0.0155
8007	0.016875
8008	0.015375
8009	0.014791
8010	0.016083
8011	0.016417
8012	0.01625
8013	0.015667
8014	0.016333
8015	0.015708
8016	0.015333
8017	0.017166
8018	0.016416
8019	0.015333
8020	0.015667
8021	0.0165
8022	0.017125
8023	0.015958
8024	0.01725
8025	0.014458
8026	0.016
8027	0.015459
8028	0.016583
8029	0.016541
8030	0.0165
8031	0.016166
8032	0.017416
8033	0.016083
8034	0.016917
8035	0.01675
8036	0.015209
8037	0.015417
8038	0.017958
8039	0.016709
8040	0.017
8041	0.016917
8042	0.017167
8043	0.016125
8044	0.015125
8045	0.015667
8046	0.016458
8047	0.022333
8048	0.018
8049	0.016458
8050	0.017042
8051	0.0165
8052	0.016541
8053	0.01575
8054	0.015541
8055	0.017834
8056	0.016208
8057	0.015917
8058	0.018458
8059	0.017333
8060	0.0145
8061	0.015375
8062	0.0155
8063	0.017166
8064	0.015625
8065	0.016875
8066	0.014875
8067	0.016833
8068	0.015875
8069	0.017166
8070	0.016291
8071	0.018
8072	0.017625
8073	0.014458
8074	0.01425
8075	0.016583
8076	0.015375
8077	0.015584
8078	0.014625
8079	0.015959
8080	0.016708
8081	0.014458
8082	0.014667
8083	0.016042
8084	0.015834
8085	0.016792
8086	0.016917
8087	0.015833
8088	0.016084
8089	0.014583
8090	0.015917
8091	0.016292
8092	0.015166
8093	0.016583
8094	0.015875
8095	0.014334
8096	0.016041
8097	0.016916
8098	0.014834
8099	0.016583
8100	0.015041
8101	0.013625
8102	0.015583
8103	0.015375
8104	0.015375
8105	0.015791
8106	0.016666
8107	0.015833
8108	0.012542
8109	0.016209
8110	0.015042
8111	0.015708
8112	0.01475
8113	0.01775
8114	0.015708
8115	0.015625
8116	0.016208
8117	0.016667
8118	0.015375
8119	0.015125
8120	0.014833
8121	0.016458
8122	0.015209
8123	0.01525
8124	0.015
8125	0.016459
8126	0.015375
8127	0.016917
8128	0.015125
8129	0.015958
8130	0.016417
8131	0.015167
8132	0.014583
8133	0.014125
8134	0.01525
8135	0.016209
8136	0.016
8137	0.016917
8138	0.01625
8139	0.016833
8140	0.016583
8141	0.01675
8142	0.01625
8143	0.01625
8144	0.01675
8145	0.016292
8146	0.015959
8147	0.015542
8148	0.016417
8149	0.014708
8150	0.016917
8151	0.016834
8152	0.015708
8153	0.015292
8154	0.016167
8155	0.017166
8156	0.0155
8157	0.014875
8158	0.015416
8159	0.016541
8160	0.016292
8161	0.017334
8162	0.014291
8163	0.016333
8164	0.0165
8165	0.015458
8166	0.01575
8167	0.015792
8168	0.017583
8169	0.014416
8170	0.016167
8171	0.015875
8172	0.015792
8173	0.015125
8174	0.016042
8175	0.014625
8176	0.015375
8177	0.014833
8178	0.015042
8179	0.0155
8180	0.015875
8181	0.016791
8182	0.015
8183	0.015292
8184	0.015917
8185	0.01325
8186	0.016125
8187	0.016334
8188	0.015
8189	0.015917
8190	0.015625
8191	0.01575
8192	0.015583
8193	0.764292
8194	0.0175
8195	0.016208
8196	0.016292
8197	0.016125
8198	0.014709
8199	0.017083
8200	0.019333
8201	0.016959
8202	0.014291
8203	0.017416
8204	0.016291
8205	0.016958
8206	0.014792
8207	0.017
8208	0.026834
8209	0.025459
8210	0.020875
8211	0.019208
8212	0.017042
8213	0.016375
8214	0.01725
8215	0.016375
8216	0.016042
8217	0.014625
8218	0.018042
8219	0.014292
8220	0.016042
8221	0.014916
8222	0.015833
8223	0.01725
8224	0.016083
8225	0.015917
8226	0.015334
8227	0.015708
8228	0.017458
8229	0.01625
8230	0.015958
8231	0.01925
8232	0.016125
8233	0.016042
8234	0.017917
8235	0.018292
8236	0.017875
8237	0.017333
8238	0.017875
8239	0.016458
8240	0.014708
8241	0.016917
8242	0.017542
8243	0.018166
8244	0.018041
8245	0.020333
8246	0.017334
8247	0.017167
8248	0.0165
8249	0.01775
8250	0.016167
8251	0.017167
8252	0.016834
8253	0.016
8254	0.014333
8255	0.018083
8256	0.016084
8257	0.016833
8258	0.019541
8259	0.018208
8260	0.015083
8261	0.017084
8262	0.016
8263	0.017583
8264	0.016208
8265	0.017375
8266	0.016541
8267	0.015333
8268	0.016958
8269	0.016375
8270	0.016292
8271	0.016125
8272	0.01575
8273	0.015917
8274	0.017042
8275	0.014042
8276	0.0155
8277	0.016292
8278	0.018167
8279	0.016375
8280	0.017
8281	0.015375
8282	0.017208
8283	0.013208
8284	0.016875
8285	0.015625
8286	0.015083
8287	0.015041
8288	0.017041
8289	0.015959
8290	0.016
8291	0.015459
8292	0.017292
8293	0.015708
8294	0.014791
8295	0.0165
8296	0.015833
8297	0.017375
8298	0.015917
8299	0.016542
8300	0.016625
8301	0.017417
8302	0.016084
8303	0.015667
8304	0.014708
8305	0.01375
8306	0.016792
8307	0.017125
8308	0.016834
8309	0.017792
8310	0.016583
8311	0.016458
8312	0.015417
8313	0.016542
8314	0.016375
8315	0.017
8316	0.021833
8317	0.014209
8318	0.014083
8319	0.014666
8320	0.016083
8321	0.016833
8322	0.015584
8323	0.015542
8324	0.015083
8325	0.0165
8326	0.015084
8327	0.015167
8328	0.015625
8329	0.01625
8330	0.014291
8331	0.0155
8332	0.015625
8333	0.017209
8334	0.01625
8335	0.015584
8336	0.017292
8337	0.015917
8338	0.015167
8339	0.015625
8340	0.015583
8341	0.016541
8342	0.017416
8343	0.015875
8344	0.015
8345	0.015667
8346	0.0165
8347	0.016542
8348	0.016375
8349	0.016
8350	0.015458
8351	0.0165
8352	0.015833
8353	0.014833
8354	0.016375
8355	0.016125
8356	0.015959
8357	0.016125
8358	0.016
8359	0.015208
8360	0.014625
8361	0.016
8362	0.014792
8363	0.016
8364	0.015959
8365	0.014667
8366	0.015292
8367	0.015208
8368	0.014041
8369	0.014833
8370	0.016708
8371	0.015917
8372	0.016917
8373	0.01625
8374	0.01775
8375	0.016417
8376	0.015875
8377	0.01675
8378	0.015583
8379	0.015625
8380	0.0155
8381	0.017042
8382	0.015958
8383	0.017042
8384	0.0155
8385	0.0175
8386	0.018125
8387	0.017
8388	0.01475
8389	0.017583
8390	0.014834
8391	0.016667
8392	0.015917
8393	0.015916
8394	0.015958
8395	0.015209
8396	0.01525
8397	0.015959
8398	0.014708
8399	0.016458
8400	0.016125
8401	0.017875
8402	0.017
8403	0.015875
8404	0.015584
8405	0.016042
8406	0.01625
8407	0.015083
8408	0.016625
8409	0.015375
8410	0.016291
8411	0.016333
8412	0.0155
8413	0.013708
8414	0.016125
8415	0.013709
8416	0.015458
8417	0.016208
8418	0.014333
8419	0.016958
8420	0.015292
8421	0.062708
8422	0.029417
8423	0.016875
8424	0.016834
8425	0.014917
8426	0.015959
8427	0.016458
8428	0.016292
8429	0.0155
8430	0.017125
8431	0.017209
8432	0.016667
8433	0.017208
8434	0.016125
8435	0.016125
8436	0.015834
8437	0.016833
8438	0.017625
8439	0.014708
8440	0.016
8441	0.017459
8442	0.017584
8443	0.017125
8444	0.016291
8445	0.062875
8446	0.021834
8447	0.0175
8448	0.016875
8449	0.016791
8450	0.017625
8451	0.015209
8452	0.016375
8453	0.01575
8454	0.014417
8455	0.017792
8456	0.016208
8457	0.016458
8458	0.01475
8459	0.016
8460	0.015792
8461	0.015292
8462	0.016667
8463	0.016583
8464	0.016583
8465	0.017583
8466	0.016083
8467	0.015833
8468	0.015916
8469	0.016333
8470	0.015041
8471	0.016416
8472	0.016375
8473	0.014041
8474	0.015583
8475	0.018042
8476	0.015833
8477	0.015167
8478	0.016
8479	0.016375
8480	0.015
8481	0.01525
8482	0.018125
8483	0.016792
8484	0.015625
8485	0.121625
8486	0.056084
8487	0.042583
8488	0.042166
8489	0.040167
8490	0.037958
8491	0.052542
8492	0.025791
8493	0.019291
8494	0.018
8495	0.0185
8496	0.015875
8497	0.017125
8498	0.015084
8499	0.019041
8500	0.015833
8501	0.017125
8502	0.014542
8503	0.0165
8504	0.017125
8505	0.015792
8506	0.015042
8507	0.017667
8508	0.016583
8509	0.017166
8510	0.017708
8511	0.016583
8512	0.017
8513	0.01625
8514	0.01625
8515	0.015709
8516	0.016833
8517	0.016584
8518	0.015458
8519	0.014958
8520	0.015625
8521	0.015958
8522	0.016291
8523	0.067917
8524	0.062458
8525	0.02025
8526	0.018125
8527	0.016333
8528	0.015042
8529	0.014875
8530	0.015916
8531	0.014458
8532	0.016584
8533	0.015625
8534	0.014834
8535	0.014667
8536	0.015625
8537	0.016792
8538	0.037917
8539	0.023459
8540	0.016792
8541	0.015542
8542	0.016417
8543	0.01525
8544	0.015125
8545	0.014584
8546	0.0145
8547	0.015708
8548	0.015667
8549	0.01625
8550	0.015209
8551	0.016
8552	0.015709
8553	0.0165
8554	0.018167
8555	0.015917
8556	0.015333
8557	0.016333
8558	0.016417
8559	0.016625
8560	0.014666
8561	0.015708
8562	0.01775
8563	0.018042
8564	0.017042
8565	0.017084
8566	0.017
8567	0.026584
8568	0.016459
8569	0.015667
8570	0.01825
8571	0.015959
8572	0.016833
8573	0.017084
8574	0.015833
8575	0.01775
8576	0.014833
8577	0.0145
8578	0.016125
8579	0.017542
8580	0.015917
8581	0.064458
8582	0.049583
8583	0.028584
8584	0.01775
8585	0.019209
8586	0.018875
8587	0.017792
8588	0.01525
8589	0.014625
8590	0.017584
8591	0.0185
8592	0.015917
8593	0.024125
8594	0.0175
8595	0.017916
8596	0.015834
8597	0.01675
8598	0.014542
8599	0.015708
8600	0.015167
8601	0.015416
8602	0.015541
8603	0.014791
8604	0.015416
8605	0.016666
8606	0.015958
8607	0.017625
8608	0.016542
8609	0.01725
8610	0.016666
8611	0.0165
8612	0.015583
8613	0.016166
8614	0.017791
8615	0.017083
8616	0.017208
8617	0.016125
8618	0.015958
8619	0.015833
8620	0.016417
8621	0.013209
8622	0.016542
8623	0.015833
8624	0.014625
8625	0.016333
8626	0.057209
8627	0.055083
8628	0.039167
8629	0.018084
8630	0.013833
8631	0.01675
8632	0.013875
8633	0.0135
8634	0.015875
8635	0.015208
8636	0.016083
8637	0.015709
8638	0.016208
8639	0.015167
8640	0.016708
8641	0.042583
8642	0.016667
8643	0.015833
8644	0.0165
8645	0.014916
8646	0.015375
8647	0.014209
8648	0.017084
8649	0.015542
8650	0.0165
8651	0.024041
8652	0.01525
8653	0.016208
8654	0.016042
8655	0.013375
8656	0.015291
8657	0.015167
8658	0.02075
8659	0.014916
8660	0.016625
8661	0.015458
8662	0.014833
8663	0.014042
8664	0.017083
8665	0.015625
8666	0.015542
8667	0.016083
8668	0.015708
8669	0.015834
8670	0.015833
8671	0.014125
8672	0.016625
8673	0.014708
8674	0.016125
8675	0.015083
8676	0.015667
8677	0.016417
8678	0.014292
8679	0.016042
8680	0.013041
8681	0.01525
8682	0.013917
8683	0.016208
8684	0.014167
8685	0.015042
8686	0.014834
8687	0.015792
8688	0.015333
8689	0.015541
8690	0.01425
8691	0.015042
8692	0.014333
8693	0.014791
8694	0.014708
8695	0.015041
8696	0.014542
8697	0.014083
8698	0.015042
8699	0.015458
8700	0.015875
8701	0.013541
8702	0.016042
8703	0.01575
8704	0.015959
8705	0.014042
8706	0.015959
8707	0.025209
8708	0.019416
8709	0.015375
8710	0.015667
8711	0.016208
8712	0.020166
8713	0.015917
8714	0.014917
8715	0.015375
8716	0.015416
8717	0.015542
8718	0.015375
8719	0.016958
8720	0.016375
8721	0.013583
8722	0.015458
8723	0.012042
8724	0.014334
8725	0.015375
8726	0.015459
8727	0.015583
8728	0.013458
8729	0.014667
8730	0.014708
8731	0.014083
8732	0.013916
8733	0.015875
8734	0.015125
8735	0.0155
8736	0.016709
8737	0.013875
8738	0.0145
8739	0.014833
8740	0.016
8741	0.015166
8742	0.014416
8743	0.015791
8744	0.01475
8745	0.014208
8746	0.063
8747	0.021792
8748	0.017208
8749	0.016542
8750	0.014542
8751	0.014875
8752	0.01525
8753	0.014625
8754	0.014875
8755	0.01625
8756	0.028709
8757	0.016666
8758	0.039333
8759	0.015458
8760	0.016083
8761	0.014834
8762	0.014333
8763	0.015625
8764	0.015375
8765	0.014417
8766	0.014542
8767	0.0155
8768	0.016125
8769	0.017458
8770	0.015791
8771	0.01475
8772	0.014834
8773	0.016167
8774	0.015584
8775	0.013625
8776	0.017
8777	0.014417
8778	0.015959
8779	0.016792
8780	0.017084
8781	0.013625
8782	0.016
8783	0.016083
8784	0.012541
8785	0.015917
8786	0.016167
8787	0.01675
8788	0.016333
8789	0.015875
8790	0.015625
8791	0.013
8792	0.015625
8793	0.016042
8794	0.0145
8795	0.0155
8796	0.014167
8797	0.015875
8798	0.015416
8799	0.014792
8800	0.01475
8801	0.015375
8802	0.015125
8803	0.015375
8804	0.014667
8805	0.016166
8806	0.0155
8807	0.092708
8808	0.051542
8809	0.037916
8810	0.0365
8811	0.036958
8812	0.036042
8813	0.050208
8814	0.025459
8815	0.019084
8816	0.018208
8817	0.016875
8818	0.016375
8819	0.015708
8820	0.015916
8821	0.021542
8822	0.016
8823	0.014
8824	0.017083
8825	0.015583
8826	0.015917
8827	0.015042
8828	0.016709
8829	0.017125
8830	0.014958
8831	0.016292
8832	0.01475
8833	0.015125
8834	0.016375
8835	0.015334
8836	0.015125
8837	0.012417
8838	0.014917
8839	0.016708
8840	0.015084
8841	0.0155
8842	0.015458
8843	0.026167
8844	0.021
8845	0.014875
8846	0.015958
8847	0.016375
8848	0.015583
8849	0.013666
8850	0.016167
8851	0.015625
8852	0.015291
8853	0.014333
8854	0.015416
8855	0.014584
8856	0.016209
8857	0.015833
8858	0.013
8859	0.016375
8860	0.015584
8861	0.017542
8862	0.014125
8863	0.015
8864	0.01525
8865	0.014708
8866	0.014042
8867	0.015792
8868	0.015208
8869	0.01375
8870	0.013959
8871	0.015625
8872	0.014791
8873	0.015
8874	0.013792
8875	0.015
8876	0.016125
8877	0.015459
8878	0.013667
8879	0.015459
8880	0.016
8881	0.014875
8882	0.013208
8883	0.015583
8884	0.01625
8885	0.016041
8886	0.014625
8887	0.013166
8888	0.016
8889	0.0155
8890	0.013625
8891	0.0145
8892	0.014625
8893	0.017084
8894	0.015167
8895	0.015333
8896	0.0155
8897	0.014042
8898	0.014792
8899	0.015416
8900	0.015083
8901	0.014625
8902	0.016208
8903	0.014584
8904	0.014917
8905	0.029333
8906	0.026208
8907	0.015375
8908	0.014209
8909	0.013667
8910	0.013958
8911	0.01525
8912	0.016958
8913	0.015166
8914	0.014125
8915	0.014833
8916	0.015334
8917	0.014458
8918	0.015333
8919	0.013875
8920	0.01525
8921	0.015209
8922	0.016334
8923	0.015
8924	0.015042
8925	0.014292
8926	0.0155
8927	0.013917
8928	0.014542
8929	0.015
8930	0.016209
8931	0.016292
8932	0.0135
8933	0.013083
8934	0.015791
8935	0.015375
8936	0.014708
8937	0.01575
8938	0.015167
8939	0.015917
8940	0.014625
8941	0.015584
8942	0.0145
8943	0.014542
8944	0.01525
8945	0.014125
8946	0.014334
8947	0.015167
8948	0.015208
8949	0.0155
8950	0.015917
8951	0.014417
8952	0.015333
8953	0.015625
8954	0.015292
8955	0.012959
8956	0.015292
8957	0.014959
8958	0.0155
8959	0.014
8960	0.015292
8961	0.014375
8962	0.01325
8963	0.013958
8964	0.015875
8965	0.016333
8966	0.014083
8967	0.016666
8968	0.014458
8969	0.01325
8970	0.014458
8971	0.014708
8972	0.014041
8973	0.014375
8974	0.015625
8975	0.015208
8976	0.014875
8977	0.015542
8978	0.015958
8979	0.016208
8980	0.016
8981	0.015125
8982	0.015916
8983	0.014791
8984	0.015167
8985	0.014542
8986	0.016459
8987	0.014167
8988	0.014417
8989	0.015041
8990	0.015583
8991	0.015667
8992	0.015
8993	0.015542
8994	0.03025
8995	0.027666
8996	0.013667
8997	0.015958
8998	0.014792
8999	0.015417
9000	0.014708
9001	0.014917
9002	0.014167
9003	0.016
9004	0.014583
9005	0.015584
9006	0.01475
9007	0.014875
9008	0.015667
9009	0.015
9010	0.019042
9011	0.016125
9012	0.015458
9013	0.015084
9014	0.015292
9015	0.013833
9016	0.01575
9017	0.015209
9018	0.014833
9019	0.014458
9020	0.015709
9021	0.015
9022	0.016417
9023	0.014084
9024	0.015125
9025	0.013916
9026	0.015333
9027	0.015709
9028	0.0145
9029	0.015792
9030	0.014459
9031	0.015375
9032	0.015209
9033	0.014375
9034	0.014542
9035	0.014209
9036	0.016292
9037	0.014084
9038	0.015417
9039	0.016667
9040	0.0145
9041	0.015333
9042	0.012916
9043	0.015333
9044	0.015916
9045	0.014041
9046	0.0155
9047	0.015709
9048	0.014333
9049	0.01625
9050	0.015208
9051	0.015375
9052	0.015708
9053	0.014709
9054	0.014917
9055	0.016375
9056	0.01675
9057	0.015709
9058	0.015333
9059	0.015208
9060	0.015416
9061	0.016667
9062	0.015292
9063	0.015417
9064	0.014458
9065	0.014208
9066	0.015791
9067	0.014291
9068	0.013333
9069	0.015292
9070	0.014875
9071	0.015375
9072	0.014458
9073	0.01225
9074	0.015125
9075	0.014375
9076	0.013542
9077	0.014708
9078	0.015333
9079	0.014083
9080	0.015041
9081	0.013417
9082	0.014459
9083	0.013458
9084	0.015042
9085	0.015625
9086	0.015792
9087	0.014084
9088	0.014375
9089	0.014625
9090	0.013375
9091	0.014625
9092	0.013417
9093	0.014375
9094	0.014208
9095	0.022833
9096	0.017958
9097	0.015042
9098	0.014333
9099	0.016125
9100	0.014083
9101	0.014791
9102	0.014041
9103	0.015666
9104	0.015417
9105	0.015375
9106	0.015541
9107	0.014416
9108	0.013666
9109	0.015
9110	0.014417
9111	0.014667
9112	0.014416
9113	0.015041
9114	0.015166
9115	0.01325
9116	0.01475
9117	0.014834
9118	0.014959
9119	0.012667
9120	0.015875
9121	0.013208
9122	0.015416
9123	0.014417
9124	0.014917
9125	0.015
9126	0.014458
9127	0.01425
9128	0.012833
9129	0.015166
9130	0.016791
9131	0.015416
9132	0.016958
9133	0.017042
9134	0.016542
9135	0.015959
9136	0.01475
9137	0.015083
9138	0.016625
9139	0.015583
9140	0.028084
9141	0.015583
9142	0.015459
9143	0.015542
9144	0.014667
9145	0.015041
9146	0.015958
9147	0.015459
9148	0.016875
9149	0.015083
9150	0.015541
9151	0.015375
9152	0.016917
9153	0.016333
9154	0.014167
9155	0.016375
9156	0.015291
9157	0.015792
9158	0.015167
9159	0.016292
9160	0.016959
9161	0.015125
9162	0.015709
9163	0.014708
9164	0.014917
9165	0.013542
9166	0.015583
9167	0.015208
9168	0.015
9169	0.013583
9170	0.015417
9171	0.016083
9172	0.015709
9173	0.015083
9174	0.015125
9175	0.01475
9176	0.015084
9177	0.014292
9178	0.015791
9179	0.015875
9180	0.015042
9181	0.014708
9182	0.014
9183	0.01425
9184	0.015167
9185	0.015708
9186	0.015625
9187	0.015208
9188	0.015208
9189	0.014333
9190	0.014416
9191	0.014875
9192	0.015583
9193	0.014833
9194	0.013791
9195	0.015541
9196	0.01425
9197	0.015333
9198	0.012917
9199	0.014125
9200	0.014875
9201	0.017125
9202	0.014375
9203	0.016167
9204	0.0165
9205	0.015959
9206	0.013917
9207	0.0145
9208	0.015708
9209	0.015709
9210	0.01575
9211	0.015459
9212	0.015
9213	0.015292
9214	0.013709
9215	0.01825
9216	0.014833
9217	0.016792
9218	0.015208
9219	0.014125
9220	0.016375
9221	0.015042
9222	0.016334
9223	0.015708
9224	0.024292
9225	0.015334
9226	0.014167
9227	0.014375
9228	0.01575
9229	0.017
9230	0.01675
9231	0.017709
9232	0.015125
9233	0.01575
9234	0.015458
9235	0.014791
9236	0.014208
9237	0.014291
9238	0.016958
9239	0.0155
9240	0.016
9241	0.0145
9242	0.017792
9243	0.016208
9244	0.0155
9245	0.015125
9246	0.014125
9247	0.015458
9248	0.015
9249	0.01525
9250	0.012625
9251	0.014542
9252	0.016333
9253	0.015583
9254	0.013458
9255	0.014875
9256	0.015708
9257	0.015833
9258	0.015
9259	0.014666
9260	0.014125
9261	0.014917
9262	0.015167
9263	0.015375
9264	0.015125
9265	0.01575
9266	0.014
9267	0.015333
9268	0.017666
9269	0.016125
9270	0.016041
9271	0.014541
9272	0.015583
9273	0.014458
9274	0.015292
9275	0.013
9276	0.01525
9277	0.014459
9278	0.013958
9279	0.014375
9280	0.015583
9281	0.015
9282	0.014542
9283	0.013834
9284	0.016417
9285	0.014917
9286	0.014791
9287	0.015542
9288	0.015833
9289	0.015958
9290	0.015959
9291	0.014958
9292	0.023833
9293	0.016666
9294	0.016625
9295	0.019834
9296	0.014666
9297	0.017375
9298	0.017041
9299	0.016
9300	0.015833
9301	0.015041
9302	0.014291
9303	0.012625
9304	0.015875
9305	0.014292
9306	0.014917
9307	0.0155
9308	0.016708
9309	0.016542
9310	0.016083
9311	0.01675
9312	0.014708
9313	0.015459
9314	0.01275
9315	0.014167
9316	0.013917
9317	0.014958
9318	0.016792
9319	0.014167
9320	0.015375
9321	0.016375
9322	0.016291
9323	0.015792
9324	0.015792
9325	0.017
9326	0.0135
9327	0.015459
9328	0.013125
9329	0.013625
9330	0.018834
9331	0.015875
9332	0.014792
9333	0.0165
9334	0.015667
9335	0.015792
9336	0.014959
9337	0.016042
9338	0.014417
9339	0.015375
9340	0.015875
9341	0.014459
9342	0.013709
9343	0.015333
9344	0.014958
9345	0.015416
9346	0.014792
9347	0.014083
9348	0.014916
9349	0.014917
9350	0.017166
9351	0.014833
9352	0.015375
9353	0.016792
9354	0.015625
9355	0.016166
9356	0.015459
9357	0.015458
9358	0.015708
9359	0.015791
9360	0.015458
9361	0.014709
9362	0.015292
9363	0.0145
9364	0.01575
9365	0.012542
9366	0.017375
9367	0.01525
9368	0.01525
9369	0.014875
9370	0.015125
9371	0.015125
9372	0.014
9373	0.013834
9374	0.0155
9375	0.015167
9376	0.023625
9377	0.01725
9378	0.015125
9379	0.015083
9380	0.015041
9381	0.014084
9382	0.01575
9383	0.014083
9384	0.013167
9385	0.014833
9386	0.016291
9387	0.017291
9388	0.015333
9389	0.015333
9390	0.015667
9391	0.014792
9392	0.01525
9393	0.015416
9394	0.014417
9395	0.01425
9396	0.016042
9397	0.014584
9398	0.013083
9399	0.016333
9400	0.015291
9401	0.015375
9402	0.015291
9403	0.013
9404	0.0155
9405	0.014542
9406	0.014291
9407	0.014042
9408	0.015875
9409	0.015708
9410	0.013917
9411	0.013875
9412	0.014709
9413	0.0145
9414	0.013167
9415	0.01475
9416	0.013125
9417	0.015375
9418	0.014209
9419	0.014875
9420	0.013875
9421	0.014458
9422	0.015417
9423	0.014625
9424	0.015583
9425	0.015292
9426	0.015625
9427	0.014292
9428	0.015916
9429	0.014292
9430	0.015958
9431	0.015875
9432	0.016083
9433	0.015833
9434	0.016083
9435	0.018208
9436	0.017083
9437	0.01425
9438	0.059417
9439	0.018917
9440	0.017583
9441	0.017167
9442	0.016083
9443	0.015167
9444	0.012083
9445	0.015583
9446	0.015208
9447	0.016041
9448	0.015875
9449	0.014917
9450	0.015833
9451	0.014292
9452	0.015667
9453	0.017292
9454	0.013125
9455	0.025917
9456	0.01775
9457	0.015125
9458	0.01475
9459	0.012875
9460	0.015792
9461	0.015416
9462	0.014958
9463	0.016833
9464	0.012417
9465	0.015416
9466	0.01525
9467	0.016583
9468	0.014709
9469	0.017375
9470	0.01575
9471	0.014875
9472	0.015333
9473	0.01775
9474	0.014791
9475	0.017625
9476	0.0165
9477	0.017542
9478	0.018833
9479	0.020125
9480	0.01575
9481	0.01525
9482	0.017333
9483	0.01325
9484	0.016083
9485	0.017125
9486	0.014292
9487	0.0165
9488	0.014875
9489	0.016709
9490	0.017416
9491	0.019667
9492	0.016292
9493	0.017583
9494	0.017292
9495	0.013042
9496	0.015042
9497	0.0165
9498	0.014541
9499	0.014375
9500	0.015833
9501	0.014667
9502	0.014958
9503	0.01575
9504	0.013791
9505	0.014917
9506	0.014958
9507	0.014708
9508	0.013666
9509	0.014
9510	0.015958
9511	0.014833
9512	0.015
9513	0.015916
9514	0.014917
9515	0.014042
9516	0.016416
9517	0.015167
9518	0.016625
9519	0.015625
9520	0.013125
9521	0.013708
9522	0.015708
9523	0.015208
9524	0.015416
9525	0.016125
9526	0.017125
9527	0.013792
9528	0.013583
9529	0.014958
9530	0.013916
9531	0.015292
9532	0.016334
9533	0.015959
9534	0.014417
9535	0.015
9536	0.013125
9537	0.013125
9538	0.014792
9539	0.015208
9540	0.01275
9541	0.015125
9542	0.014583
9543	0.014625
9544	0.012875
9545	0.015584
9546	0.016041
9547	0.0125
9548	0.014875
9549	0.014833
9550	0.015208
9551	0.013958
9552	0.013958
9553	0.015542
9554	0.014208
9555	0.015375
9556	0.014958
9557	0.014125
9558	0.012958
9559	0.013042
9560	0.014875
9561	0.014375
9562	0.024458
9563	0.014709
9564	0.015709
9565	0.014417
9566	0.01425
9567	0.012958
9568	0.013333
9569	0.01475
9570	0.014375
9571	0.014875
9572	0.014584
9573	0.015709
9574	0.013792
9575	0.014333
9576	0.013583
9577	0.015917
9578	0.022666
9579	0.015417
9580	0.013416
9581	0.014708
9582	0.014583
9583	0.013666
9584	0.014958
9585	0.015292
9586	0.014667
9587	0.018
9588	0.016917
9589	0.016917
9590	0.017
9591	0.01675
9592	0.015583
9593	0.015708
9594	0.016208
9595	0.015958
9596	0.017375
9597	0.014292
9598	0.014625
9599	0.015916
9600	0.013917
9601	0.016
9602	0.015584
9603	0.015541
9604	0.013208
9605	0.0165
9606	0.015417
9607	0.018667
9608	0.0155
9609	0.014416
9610	0.014125
9611	0.013916
9612	0.014458
9613	0.0145
9614	0.013958
9615	0.016583
9616	0.017916
9617	0.015292
9618	0.020375
9619	0.018458
9620	0.01425
9621	0.014166
9622	0.01875
9623	0.014209
9624	0.017334
9625	0.015667
9626	0.01725
9627	0.018666
9628	0.019083
9629	0.092583
9630	0.017084
9631	0.014375
9632	0.015583
9633	0.014208
9634	0.0145
9635	0.016166
9636	0.015542
9637	0.016042
9638	0.016292
9639	0.016208
9640	0.015166
9641	0.014875
9642	0.015083
9643	0.014917
9644	0.015625
9645	0.013666
9646	0.0155
9647	0.013625
9648	0.0155
9649	0.0155
9650	0.014958
9651	0.014667
9652	0.016791
9653	0.015292
9654	0.014875
9655	0.016167
9656	0.014584
9657	0.015375
9658	0.013875
9659	0.015333
9660	0.01675
9661	0.014625
9662	0.013583
9663	0.016417
9664	0.016
9665	0.014917
9666	0.016
9667	0.014917
9668	0.016458
9669	0.015291
9670	0.015209
9671	0.015875
9672	0.016459
9673	0.015458
9674	0.023333
9675	0.017375
9676	0.016375
9677	0.0145
9678	0.015708
9679	0.016708
9680	0.015292
9681	0.015583
9682	0.016208
9683	0.015
9684	0.014666
9685	0.016708
9686	0.013167
9687	0.013417
9688	0.014833
9689	0.01525
9690	0.014041
9691	0.016458
9692	0.014042
9693	0.015084
9694	0.012583
9695	0.013125
9696	0.014208
9697	0.014625
9698	0.015625
9699	0.017542
9700	0.013833
9701	0.018
9702	0.018834
9703	0.0135
9704	0.015041
9705	0.015292
9706	0.012375
9707	0.013959
9708	0.013708
9709	0.013542
9710	0.014416
9711	0.01475
9712	0.013
9713	0.014833
9714	0.013583
9715	0.014417
9716	0.013416
9717	0.014042
9718	0.015417
9719	0.016291
9720	0.017959
9721	0.016292
9722	0.014583
9723	0.013959
9724	0.017375
9725	0.018291
9726	0.0155
9727	0.014917
9728	0.01475
9729	0.014041
9730	0.013292
9731	0.013792
9732	0.013166
9733	0.01425
9734	0.014375
9735	0.015167
9736	0.014041
9737	0.013334
9738	0.013167
9739	0.014083
9740	0.014916
9741	0.01375
9742	0.014917
9743	0.013875
9744	0.014333
9745	0.013375
9746	0.014833
9747	0.014584
9748	0.0145
9749	0.012583
9750	0.01275
9751	0.014292
9752	0.014083
9753	0.014292
9754	0.014083
9755	0.012958
9756	0.013209
9757	0.013416
9758	0.013209
9759	0.014375
9760	0.013333
9761	0.014458
9762	0.014833
9763	0.014209
9764	0.012125
9765	0.012792
9766	0.014458
9767	0.013667
9768	0.013542
9769	0.014541
9770	0.014334
9771	0.013708
9772	0.013708
9773	0.014541
9774	0.013791
9775	0.013334
9776	0.013375
9777	0.012958
9778	0.013834
9779	0.013041
9780	0.012542
9781	0.014209
9782	0.013041
9783	0.014
9784	0.012542
9785	0.014375
9786	0.014542
9787	0.014125
9788	0.014458
9789	0.014209
9790	0.014167
9791	0.011708
9792	0.010542
9793	0.014792
9794	0.01575
9795	0.015333
9796	0.0135
9797	0.012875
9798	0.01425
9799	0.013333
9800	0.018125
9801	0.016125
9802	0.014541
9803	0.0145
9804	0.06375
9805	0.026416
9806	0.017167
9807	0.015584
9808	0.015041
9809	0.013084
9810	0.015125
9811	0.014625
9812	0.015167
9813	0.016959
9814	0.017625
9815	0.015209
9816	0.013125
9817	0.013
9818	0.014333
9819	0.016625
9820	0.015541
9821	0.013
9822	0.015667
9823	0.024666
9824	0.031875
9825	0.0195
9826	0.017583
9827	0.016459
9828	0.014291
9829	0.017375
9830	0.016625
9831	0.01575
9832	0.015875
9833	0.014625
9834	0.013417
9835	0.015792
9836	0.016375
9837	0.014708
9838	0.016417
9839	0.017041
9840	0.014625
9841	0.012084
9842	0.012125
9843	0.014
9844	0.016417
9845	0.014333
9846	0.014833
9847	0.015625
9848	0.013875
9849	0.015667
9850	0.013791
9851	0.015
9852	0.011958
9853	0.014541
9854	0.012959
9855	0.015041
9856	0.014375
9857	0.019209
9858	0.015584
9859	0.0155
9860	0.014084
9861	0.014375
9862	0.014292
9863	0.015583
9864	0.013958
9865	0.015417
9866	0.014333
9867	0.014709
9868	0.012833
9869	0.013708
9870	0.016167
9871	0.013875
9872	0.015292
9873	0.015
9874	0.014834
9875	0.013625
9876	0.013458
9877	0.016042
9878	0.016041
9879	0.01625
9880	0.017333
9881	0.016125
9882	0.016333
9883	0.013792
9884	0.013167
9885	0.01375
9886	0.015792
9887	0.016542
9888	0.015875
9889	0.01525
9890	0.014
9891	0.014292
9892	0.015333
9893	0.01425
9894	0.015292
9895	0.013583
9896	0.016042
9897	0.016042
9898	0.015583
9899	0.012542
9900	0.01625
9901	0.016375
9902	0.0145
9903	0.013416
9904	0.014208
9905	0.015667
9906	0.012875
9907	0.014541
9908	0.0145
9909	0.013041
9910	0.013875
9911	0.013791
9912	0.013875
9913	0.015542
9914	0.016917
9915	0.014208
9916	0.014625
9917	0.031666
9918	0.017542
9919	0.014708
9920	0.015125
9921	0.015292
9922	0.01475
9923	0.016375
9924	0.015666
9925	0.015
9926	0.014333
9927	0.012625
9928	0.04575
9929	0.016292
9930	0.014542
9931	0.015791
9932	0.015709
9933	0.014417
9934	0.013625
9935	0.0145
9936	0.012208
9937	0.015375
9938	0.013917
9939	0.014666
9940	0.015125
9941	0.015541
9942	0.014959
9943	0.013833
9944	0.01575
9945	0.016583
9946	0.014084
9947	0.01525
9948	0.01475
9949	0.014667
9950	0.015042
9951	0.0155
9952	0.013
9953	0.014791
9954	0.014875
9955	0.015458
9956	0.014917
9957	0.014292
9958	0.013583
9959	0.015625
9960	0.015958
9961	0.013959
9962	0.015458
9963	0.01425
9964	0.0135
9965	0.014042
9966	0.014459
9967	0.016125
9968	0.017875
9969	0.016542
9970	0.015375
9971	0.017208
9972	0.014125
9973	0.01375
9974	0.0205
9975	0.01775
9976	0.014542
9977	0.015209
9978	0.014666
9979	0.015
9980	0.01325
9981	0.014583
9982	0.014042
9983	0.013375
9984	0.013375
9985	0.014041
9986	0.015084
9987	0.014583
9988	0.014625
9989	0.014917
9990	0.014833
9991	0.013917
9992	0.01425
9993	0.014375
9994	0.012959
9995	0.013958
9996	0.013084
9997	0.014917
9998	0.013166
9999	0.013875
