../var/tmp/forge/cohort-fx/codex/report.py:57: ResourceWarning: unclosed file <_io.TextIOWrapper name='/var/tmp/forge/cohort-fx/codex/runs/I-01-mission-cli-stale__L__gpt-5.6-sol/result.edn' mode='r' encoding='utf-8'>
  txt = open(r, encoding="utf-8").read()
ResourceWarning: Enable tracemalloc to get the object allocation traceback
/var/tmp/forge/cohort-fx/codex/report.py:62: ResourceWarning: unclosed file <_io.TextIOWrapper name='/var/tmp/forge/cohort-fx/codex/runs/I-01-mission-cli-stale__L__gpt-5.6-sol/mechanism.json' mode='r' encoding='utf-8'>
  mech = json.load(open(mp, encoding="utf-8"))
ResourceWarning: Enable tracemalloc to get the object allocation traceback
/var/tmp/forge/cohort-fx/codex/report.py:57: ResourceWarning: unclosed file <_io.TextIOWrapper name='/var/tmp/forge/cohort-fx/codex/runs/I-01-mission-cli-stale__L__gpt-6-astra/result.edn' mode='r' encoding='utf-8'>
  txt = open(r, encoding="utf-8").read()
ResourceWarning: Enable tracemalloc to get the object allocation traceback
/var/tmp/forge/cohort-fx/codex/report.py:62: ResourceWarning: unclosed file <_io.TextIOWrapper name='/var/tmp/forge/cohort-fx/codex/runs/I-01-mission-cli-stale__L__gpt-6-astra/mechanism.json' mode='r' encoding='utf-8'>
  mech = json.load(open(mp, encoding="utf-8"))
ResourceWarning: Enable tracemalloc to get the object allocation traceback
/var/tmp/forge/cohort-fx/codex/report.py:57: ResourceWarning: unclosed file <_io.TextIOWrapper name='/var/tmp/forge/cohort-fx/codex/runs/I-01-mission-cli-stale__M__gpt-5.6-sol/result.edn' mode='r' encoding='utf-8'>
  txt = open(r, encoding="utf-8").read()
ResourceWarning: Enable tracemalloc to get the object allocation traceback
/var/tmp/forge/cohort-fx/codex/report.py:62: ResourceWarning: unclosed file <_io.TextIOWrapper name='/var/tmp/forge/cohort-fx/codex/runs/I-01-mission-cli-stale__M__gpt-5.6-sol/mechanism.json' mode='r' encoding='utf-8'>
  mech = json.load(open(mp, encoding="utf-8"))
ResourceWarning: Enable tracemalloc to get the object allocation traceback
/var/tmp/forge/cohort-fx/codex/report.py:57: ResourceWarning: unclosed file <_io.TextIOWrapper name='/var/tmp/forge/cohort-fx/codex/runs/I-01-mission-cli-stale__M__gpt-6-astra/result.edn' mode='r' encoding='utf-8'>
  txt = open(r, encoding="utf-8").read()
ResourceWarning: Enable tracemalloc to get the object allocation traceback
/var/tmp/forge/cohort-fx/codex/report.py:62: ResourceWarning: unclosed file <_io.TextIOWrapper name='/var/tmp/forge/cohort-fx/codex/runs/I-01-mission-cli-stale__M__gpt-6-astra/mechanism.json' mode='r' encoding='utf-8'>
  mech = json.load(open(mp, encoding="utf-8"))
ResourceWarning: Enable tracemalloc to get the object allocation traceback
/var/tmp/forge/cohort-fx/codex/report.py:57: ResourceWarning: unclosed file <_io.TextIOWrapper name='/var/tmp/forge/cohort-fx/codex/runs/I-01-mission-cli-stale__P__gpt-5.6-sol/result.edn' mode='r' encoding='utf-8'>
  txt = open(r, encoding="utf-8").read()
ResourceWarning: Enable tracemalloc to get the object allocation traceback
/var/tmp/forge/cohort-fx/codex/report.py:62: ResourceWarning: unclosed file <_io.TextIOWrapper name='/var/tmp/forge/cohort-fx/codex/runs/I-01-mission-cli-stale__P__gpt-5.6-sol/mechanism.json' mode='r' encoding='utf-8'>
  mech = json.load(open(mp, encoding="utf-8"))
ResourceWarning: Enable tracemalloc to get the object allocation traceback
/var/tmp/forge/cohort-fx/codex/report.py:57: ResourceWarning: unclosed file <_io.TextIOWrapper name='/var/tmp/forge/cohort-fx/codex/runs/I-01-mission-cli-stale__P__gpt-6-astra/result.edn' mode='r' encoding='utf-8'>
  txt = open(r, encoding="utf-8").read()
ResourceWarning: Enable tracemalloc to get the object allocation traceback
/var/tmp/forge/cohort-fx/codex/report.py:62: ResourceWarning: unclosed file <_io.TextIOWrapper name='/var/tmp/forge/cohort-fx/codex/runs/I-01-mission-cli-stale__P__gpt-6-astra/mechanism.json' mode='r' encoding='utf-8'>
  mech = json.load(open(mp, encoding="utf-8"))
ResourceWarning: Enable tracemalloc to get the object allocation traceback
/var/tmp/forge/cohort-fx/codex/report.py:57: ResourceWarning: unclosed file <_io.TextIOWrapper name='/var/tmp/forge/cohort-fx/codex/runs/I-01-mission-cli-stale__X0__gpt-5.6-sol/result.edn' mode='r' encoding='utf-8'>
  txt = open(r, encoding="utf-8").read()
ResourceWarning: Enable tracemalloc to get the object allocation traceback
/var/tmp/forge/cohort-fx/codex/report.py:62: ResourceWarning: unclosed file <_io.TextIOWrapper name='/var/tmp/forge/cohort-fx/codex/runs/I-01-mission-cli-stale__X0__gpt-5.6-sol/mechanism.json' mode='r' encoding='utf-8'>
  mech = json.load(open(mp, encoding="utf-8"))
ResourceWarning: Enable tracemalloc to get the object allocation traceback
/var/tmp/forge/cohort-fx/codex/report.py:57: ResourceWarning: unclosed file <_io.TextIOWrapper name='/var/tmp/forge/cohort-fx/codex/runs/I-01-mission-cli-stale__X0__gpt-6-astra/result.edn' mode='r' encoding='utf-8'>
  txt = open(r, encoding="utf-8").read()
ResourceWarning: Enable tracemalloc to get the object allocation traceback
/var/tmp/forge/cohort-fx/codex/report.py:62: ResourceWarning: unclosed file <_io.TextIOWrapper name='/var/tmp/forge/cohort-fx/codex/runs/I-01-mission-cli-stale__X0__gpt-6-astra/mechanism.json' mode='r' encoding='utf-8'>
  mech = json.load(open(mp, encoding="utf-8"))
ResourceWarning: Enable tracemalloc to get the object allocation traceback
/var/tmp/forge/cohort-fx/codex/report.py:57: ResourceWarning: unclosed file <_io.TextIOWrapper name='/var/tmp/forge/cohort-fx/codex/runs/I-01-mission-cli-stale__X1__gpt-5.6-sol/result.edn' mode='r' encoding='utf-8'>
  txt = open(r, encoding="utf-8").read()
ResourceWarning: Enable tracemalloc to get the object allocation traceback
/var/tmp/forge/cohort-fx/codex/report.py:62: ResourceWarning: unclosed file <_io.TextIOWrapper name='/var/tmp/forge/cohort-fx/codex/runs/I-01-mission-cli-stale__X1__gpt-5.6-sol/mechanism.json' mode='r' encoding='utf-8'>
  mech = json.load(open(mp, encoding="utf-8"))
ResourceWarning: Enable tracemalloc to get the object allocation traceback
/var/tmp/forge/cohort-fx/codex/report.py:57: ResourceWarning: unclosed file <_io.TextIOWrapper name='/var/tmp/forge/cohort-fx/codex/runs/I-01-mission-cli-stale__X1__gpt-6-astra/result.edn' mode='r' encoding='utf-8'>
  txt = open(r, encoding="utf-8").read()
ResourceWarning: Enable tracemalloc to get the object allocation traceback
/var/tmp/forge/cohort-fx/codex/report.py:62: ResourceWarning: unclosed file <_io.TextIOWrapper name='/var/tmp/forge/cohort-fx/codex/runs/I-01-mission-cli-stale__X1__gpt-6-astra/mechanism.json' mode='r' encoding='utf-8'>
  mech = json.load(open(mp, encoding="utf-8"))
ResourceWarning: Enable tracemalloc to get the object allocation traceback
/var/tmp/forge/cohort-fx/codex/report.py:57: ResourceWarning: unclosed file <_io.TextIOWrapper name='/var/tmp/forge/cohort-fx/codex/runs/I-02-mission-cli-admitted-profiles__L__gpt-5.6-sol/result.edn' mode='r' encoding='utf-8'>
  txt = open(r, encoding="utf-8").read()
ResourceWarning: Enable tracemalloc to get the object allocation traceback
/var/tmp/forge/cohort-fx/codex/report.py:62: ResourceWarning: unclosed file <_io.TextIOWrapper name='/var/tmp/forge/cohort-fx/codex/runs/I-02-mission-cli-admitted-profiles__L__gpt-5.6-sol/mechanism.json' mode='r' encoding='utf-8'>
  mech = json.load(open(mp, encoding="utf-8"))
ResourceWarning: Enable tracemalloc to get the object allocation traceback
/var/tmp/forge/cohort-fx/codex/report.py:57: ResourceWarning: unclosed file <_io.TextIOWrapper name='/var/tmp/forge/cohort-fx/codex/runs/I-02-mission-cli-admitted-profiles__L__gpt-6-astra/result.edn' mode='r' encoding='utf-8'>
  txt = open(r, encoding="utf-8").read()
ResourceWarning: Enable tracemalloc to get the object allocation traceback
/var/tmp/forge/cohort-fx/codex/report.py:62: ResourceWarning: unclosed file <_io.TextIOWrapper name='/var/tmp/forge/cohort-fx/codex/runs/I-02-mission-cli-admitted-profiles__L__gpt-6-astra/mechanism.json' mode='r' encoding='utf-8'>
  mech = json.load(open(mp, encoding="utf-8"))
ResourceWarning: Enable tracemalloc to get the object allocation traceback
/var/tmp/forge/cohort-fx/codex/report.py:57: ResourceWarning: unclosed file <_io.TextIOWrapper name='/var/tmp/forge/cohort-fx/codex/runs/I-02-mission-cli-admitted-profiles__M__gpt-5.6-sol/result.edn' mode='r' encoding='utf-8'>
  txt = open(r, encoding="utf-8").read()
ResourceWarning: Enable tracemalloc to get the object allocation traceback
/var/tmp/forge/cohort-fx/codex/report.py:62: ResourceWarning: unclosed file <_io.TextIOWrapper name='/var/tmp/forge/cohort-fx/codex/runs/I-02-mission-cli-admitted-profiles__M__gpt-5.6-sol/mechanism.json' mode='r' encoding='utf-8'>
  mech = json.load(open(mp, encoding="utf-8"))
ResourceWarning: Enable tracemalloc to get the object allocation traceback
/var/tmp/forge/cohort-fx/codex/report.py:57: ResourceWarning: unclosed file <_io.TextIOWrapper name='/var/tmp/forge/cohort-fx/codex/runs/I-02-mission-cli-admitted-profiles__M__gpt-6-astra/result.edn' mode='r' encoding='utf-8'>
  txt = open(r, encoding="utf-8").read()
ResourceWarning: Enable tracemalloc to get the object allocation traceback
/var/tmp/forge/cohort-fx/codex/report.py:62: ResourceWarning: unclosed file <_io.TextIOWrapper name='/var/tmp/forge/cohort-fx/codex/runs/I-02-mission-cli-admitted-profiles__M__gpt-6-astra/mechanism.json' mode='r' encoding='utf-8'>
  mech = json.load(open(mp, encoding="utf-8"))
ResourceWarning: Enable tracemalloc to get the object allocation traceback
/var/tmp/forge/cohort-fx/codex/report.py:57: ResourceWarning: unclosed file <_io.TextIOWrapper name='/var/tmp/forge/cohort-fx/codex/runs/I-02-mission-cli-admitted-profiles__P__gpt-5.6-sol/result.edn' mode='r' encoding='utf-8'>
  txt = open(r, encoding="utf-8").read()
ResourceWarning: Enable tracemalloc to get the object allocation traceback
/var/tmp/forge/cohort-fx/codex/report.py:62: ResourceWarning: unclosed file <_io.TextIOWrapper name='/var/tmp/forge/cohort-fx/codex/runs/I-02-mission-cli-admitted-profiles__P__gpt-5.6-sol/mechanism.json' mode='r' encoding='utf-8'>
  mech = json.load(open(mp, encoding="utf-8"))
ResourceWarning: Enable tracemalloc to get the object allocation traceback
/var/tmp/forge/cohort-fx/codex/report.py:57: ResourceWarning: unclosed file <_io.TextIOWrapper name='/var/tmp/forge/cohort-fx/codex/runs/I-02-mission-cli-admitted-profiles__P__gpt-6-astra/result.edn' mode='r' encoding='utf-8'>
  txt = open(r, encoding="utf-8").read()
ResourceWarning: Enable tracemalloc to get the object allocation traceback
/var/tmp/forge/cohort-fx/codex/report.py:62: ResourceWarning: unclosed file <_io.TextIOWrapper name='/var/tmp/forge/cohort-fx/codex/runs/I-02-mission-cli-admitted-profiles__P__gpt-6-astra/mechanism.json' mode='r' encoding='utf-8'>
  mech = json.load(open(mp, encoding="utf-8"))
ResourceWarning: Enable tracemalloc to get the object allocation traceback
/var/tmp/forge/cohort-fx/codex/report.py:57: ResourceWarning: unclosed file <_io.TextIOWrapper name='/var/tmp/forge/cohort-fx/codex/runs/I-02-mission-cli-admitted-profiles__X0__gpt-5.6-sol/result.edn' mode='r' encoding='utf-8'>
  txt = open(r, encoding="utf-8").read()
ResourceWarning: Enable tracemalloc to get the object allocation traceback
/var/tmp/forge/cohort-fx/codex/report.py:62: ResourceWarning: unclosed file <_io.TextIOWrapper name='/var/tmp/forge/cohort-fx/codex/runs/I-02-mission-cli-admitted-profiles__X0__gpt-5.6-sol/mechanism.json' mode='r' encoding='utf-8'>
  mech = json.load(open(mp, encoding="utf-8"))
ResourceWarning: Enable tracemalloc to get the object allocation traceback
/var/tmp/forge/cohort-fx/codex/report.py:57: ResourceWarning: unclosed file <_io.TextIOWrapper name='/var/tmp/forge/cohort-fx/codex/runs/I-02-mission-cli-admitted-profiles__X0__gpt-6-astra/result.edn' mode='r' encoding='utf-8'>
  txt = open(r, encoding="utf-8").read()
ResourceWarning: Enable tracemalloc to get the object allocation traceback
/var/tmp/forge/cohort-fx/codex/report.py:62: ResourceWarning: unclosed file <_io.TextIOWrapper name='/var/tmp/forge/cohort-fx/codex/runs/I-02-mission-cli-admitted-profiles__X0__gpt-6-astra/mechanism.json' mode='r' encoding='utf-8'>
  mech = json.load(open(mp, encoding="utf-8"))
ResourceWarning: Enable tracemalloc to get the object allocation traceback
/var/tmp/forge/cohort-fx/codex/report.py:57: ResourceWarning: unclosed file <_io.TextIOWrapper name='/var/tmp/forge/cohort-fx/codex/runs/I-02-mission-cli-admitted-profiles__X1__gpt-5.6-sol/result.edn' mode='r' encoding='utf-8'>
  txt = open(r, encoding="utf-8").read()
ResourceWarning: Enable tracemalloc to get the object allocation traceback
/var/tmp/forge/cohort-fx/codex/report.py:62: ResourceWarning: unclosed file <_io.TextIOWrapper name='/var/tmp/forge/cohort-fx/codex/runs/I-02-mission-cli-admitted-profiles__X1__gpt-5.6-sol/mechanism.json' mode='r' encoding='utf-8'>
  mech = json.load(open(mp, encoding="utf-8"))
ResourceWarning: Enable tracemalloc to get the object allocation traceback
/var/tmp/forge/cohort-fx/codex/report.py:57: ResourceWarning: unclosed file <_io.TextIOWrapper name='/var/tmp/forge/cohort-fx/codex/runs/I-02-mission-cli-admitted-profiles__X1__gpt-6-astra/result.edn' mode='r' encoding='utf-8'>
  txt = open(r, encoding="utf-8").read()
ResourceWarning: Enable tracemalloc to get the object allocation traceback
/var/tmp/forge/cohort-fx/codex/report.py:62: ResourceWarning: unclosed file <_io.TextIOWrapper name='/var/tmp/forge/cohort-fx/codex/runs/I-02-mission-cli-admitted-profiles__X1__gpt-6-astra/mechanism.json' mode='r' encoding='utf-8'>
  mech = json.load(open(mp, encoding="utf-8"))
ResourceWarning: Enable tracemalloc to get the object allocation traceback
/var/tmp/forge/cohort-fx/codex/report.py:57: ResourceWarning: unclosed file <_io.TextIOWrapper name='/var/tmp/forge/cohort-fx/codex/runs/I-03-heap-sample-retention__L__gpt-5.6-sol/result.edn' mode='r' encoding='utf-8'>
  txt = open(r, encoding="utf-8").read()
ResourceWarning: Enable tracemalloc to get the object allocation traceback
/var/tmp/forge/cohort-fx/codex/report.py:62: ResourceWarning: unclosed file <_io.TextIOWrapper name='/var/tmp/forge/cohort-fx/codex/runs/I-03-heap-sample-retention__L__gpt-5.6-sol/mechanism.json' mode='r' encoding='utf-8'>
  mech = json.load(open(mp, encoding="utf-8"))
ResourceWarning: Enable tracemalloc to get the object allocation traceback
/var/tmp/forge/cohort-fx/codex/report.py:57: ResourceWarning: unclosed file <_io.TextIOWrapper name='/var/tmp/forge/cohort-fx/codex/runs/I-03-heap-sample-retention__L__gpt-6-astra/result.edn' mode='r' encoding='utf-8'>
  txt = open(r, encoding="utf-8").read()
ResourceWarning: Enable tracemalloc to get the object allocation traceback
/var/tmp/forge/cohort-fx/codex/report.py:62: ResourceWarning: unclosed file <_io.TextIOWrapper name='/var/tmp/forge/cohort-fx/codex/runs/I-03-heap-sample-retention__L__gpt-6-astra/mechanism.json' mode='r' encoding='utf-8'>
  mech = json.load(open(mp, encoding="utf-8"))
ResourceWarning: Enable tracemalloc to get the object allocation traceback
/var/tmp/forge/cohort-fx/codex/report.py:57: ResourceWarning: unclosed file <_io.TextIOWrapper name='/var/tmp/forge/cohort-fx/codex/runs/I-03-heap-sample-retention__M__gpt-5.6-sol/result.edn' mode='r' encoding='utf-8'>
  txt = open(r, encoding="utf-8").read()
ResourceWarning: Enable tracemalloc to get the object allocation traceback
/var/tmp/forge/cohort-fx/codex/report.py:62: ResourceWarning: unclosed file <_io.TextIOWrapper name='/var/tmp/forge/cohort-fx/codex/runs/I-03-heap-sample-retention__M__gpt-5.6-sol/mechanism.json' mode='r' encoding='utf-8'>
  mech = json.load(open(mp, encoding="utf-8"))
ResourceWarning: Enable tracemalloc to get the object allocation traceback
/var/tmp/forge/cohort-fx/codex/report.py:57: ResourceWarning: unclosed file <_io.TextIOWrapper name='/var/tmp/forge/cohort-fx/codex/runs/I-03-heap-sample-retention__M__gpt-6-astra/result.edn' mode='r' encoding='utf-8'>
  txt = open(r, encoding="utf-8").read()
ResourceWarning: Enable tracemalloc to get the object allocation traceback
/var/tmp/forge/cohort-fx/codex/report.py:62: ResourceWarning: unclosed file <_io.TextIOWrapper name='/var/tmp/forge/cohort-fx/codex/runs/I-03-heap-sample-retention__M__gpt-6-astra/mechanism.json' mode='r' encoding='utf-8'>
  mech = json.load(open(mp, encoding="utf-8"))
ResourceWarning: Enable tracemalloc to get the object allocation traceback
/var/tmp/forge/cohort-fx/codex/report.py:57: ResourceWarning: unclosed file <_io.TextIOWrapper name='/var/tmp/forge/cohort-fx/codex/runs/I-03-heap-sample-retention__P__gpt-5.6-sol/result.edn' mode='r' encoding='utf-8'>
  txt = open(r, encoding="utf-8").read()
ResourceWarning: Enable tracemalloc to get the object allocation traceback
/var/tmp/forge/cohort-fx/codex/report.py:62: ResourceWarning: unclosed file <_io.TextIOWrapper name='/var/tmp/forge/cohort-fx/codex/runs/I-03-heap-sample-retention__P__gpt-5.6-sol/mechanism.json' mode='r' encoding='utf-8'>
  mech = json.load(open(mp, encoding="utf-8"))
ResourceWarning: Enable tracemalloc to get the object allocation traceback
/var/tmp/forge/cohort-fx/codex/report.py:57: ResourceWarning: unclosed file <_io.TextIOWrapper name='/var/tmp/forge/cohort-fx/codex/runs/I-03-heap-sample-retention__P__gpt-6-astra/result.edn' mode='r' encoding='utf-8'>
  txt = open(r, encoding="utf-8").read()
ResourceWarning: Enable tracemalloc to get the object allocation traceback
/var/tmp/forge/cohort-fx/codex/report.py:62: ResourceWarning: unclosed file <_io.TextIOWrapper name='/var/tmp/forge/cohort-fx/codex/runs/I-03-heap-sample-retention__P__gpt-6-astra/mechanism.json' mode='r' encoding='utf-8'>
  mech = json.load(open(mp, encoding="utf-8"))
ResourceWarning: Enable tracemalloc to get the object allocation traceback
/var/tmp/forge/cohort-fx/codex/report.py:57: ResourceWarning: unclosed file <_io.TextIOWrapper name='/var/tmp/forge/cohort-fx/codex/runs/I-03-heap-sample-retention__X0__gpt-5.6-sol/result.edn' mode='r' encoding='utf-8'>
  txt = open(r, encoding="utf-8").read()
ResourceWarning: Enable tracemalloc to get the object allocation traceback
/var/tmp/forge/cohort-fx/codex/report.py:62: ResourceWarning: unclosed file <_io.TextIOWrapper name='/var/tmp/forge/cohort-fx/codex/runs/I-03-heap-sample-retention__X0__gpt-5.6-sol/mechanism.json' mode='r' encoding='utf-8'>
  mech = json.load(open(mp, encoding="utf-8"))
ResourceWarning: Enable tracemalloc to get the object allocation traceback
/var/tmp/forge/cohort-fx/codex/report.py:57: ResourceWarning: unclosed file <_io.TextIOWrapper name='/var/tmp/forge/cohort-fx/codex/runs/I-03-heap-sample-retention__X0__gpt-6-astra/result.edn' mode='r' encoding='utf-8'>
  txt = open(r, encoding="utf-8").read()
ResourceWarning: Enable tracemalloc to get the object allocation traceback
/var/tmp/forge/cohort-fx/codex/report.py:62: ResourceWarning: unclosed file <_io.TextIOWrapper name='/var/tmp/forge/cohort-fx/codex/runs/I-03-heap-sample-retention__X0__gpt-6-astra/mechanism.json' mode='r' encoding='utf-8'>
  mech = json.load(open(mp, encoding="utf-8"))
ResourceWarning: Enable tracemalloc to get the object allocation traceback
/var/tmp/forge/cohort-fx/codex/report.py:57: ResourceWarning: unclosed file <_io.TextIOWrapper name='/var/tmp/forge/cohort-fx/codex/runs/I-03-heap-sample-retention__X1__gpt-5.6-sol/result.edn' mode='r' encoding='utf-8'>
  txt = open(r, encoding="utf-8").read()
ResourceWarning: Enable tracemalloc to get the object allocation traceback
/var/tmp/forge/cohort-fx/codex/report.py:62: ResourceWarning: unclosed file <_io.TextIOWrapper name='/var/tmp/forge/cohort-fx/codex/runs/I-03-heap-sample-retention__X1__gpt-5.6-sol/mechanism.json' mode='r' encoding='utf-8'>
  mech = json.load(open(mp, encoding="utf-8"))
ResourceWarning: Enable tracemalloc to get the object allocation traceback
/var/tmp/forge/cohort-fx/codex/report.py:57: ResourceWarning: unclosed file <_io.TextIOWrapper name='/var/tmp/forge/cohort-fx/codex/runs/I-03-heap-sample-retention__X1__gpt-6-astra/result.edn' mode='r' encoding='utf-8'>
  txt = open(r, encoding="utf-8").read()
ResourceWarning: Enable tracemalloc to get the object allocation traceback
/var/tmp/forge/cohort-fx/codex/report.py:62: ResourceWarning: unclosed file <_io.TextIOWrapper name='/var/tmp/forge/cohort-fx/codex/runs/I-03-heap-sample-retention__X1__gpt-6-astra/mechanism.json' mode='r' encoding='utf-8'>
  mech = json.load(open(mp, encoding="utf-8"))
ResourceWarning: Enable tracemalloc to get the object allocation traceback
/var/tmp/forge/cohort-fx/codex/report.py:57: ResourceWarning: unclosed file <_io.TextIOWrapper name='/var/tmp/forge/cohort-fx/codex/runs/I-04-mission-display-decision-view__L__gpt-5.6-sol/result.edn' mode='r' encoding='utf-8'>
  txt = open(r, encoding="utf-8").read()
ResourceWarning: Enable tracemalloc to get the object allocation traceback
/var/tmp/forge/cohort-fx/codex/report.py:62: ResourceWarning: unclosed file <_io.TextIOWrapper name='/var/tmp/forge/cohort-fx/codex/runs/I-04-mission-display-decision-view__L__gpt-5.6-sol/mechanism.json' mode='r' encoding='utf-8'>
  mech = json.load(open(mp, encoding="utf-8"))
ResourceWarning: Enable tracemalloc to get the object allocation traceback
/var/tmp/forge/cohort-fx/codex/report.py:57: ResourceWarning: unclosed file <_io.TextIOWrapper name='/var/tmp/forge/cohort-fx/codex/runs/I-04-mission-display-decision-view__L__gpt-6-astra/result.edn' mode='r' encoding='utf-8'>
  txt = open(r, encoding="utf-8").read()
ResourceWarning: Enable tracemalloc to get the object allocation traceback
/var/tmp/forge/cohort-fx/codex/report.py:62: ResourceWarning: unclosed file <_io.TextIOWrapper name='/var/tmp/forge/cohort-fx/codex/runs/I-04-mission-display-decision-view__L__gpt-6-astra/mechanism.json' mode='r' encoding='utf-8'>
  mech = json.load(open(mp, encoding="utf-8"))
ResourceWarning: Enable tracemalloc to get the object allocation traceback
/var/tmp/forge/cohort-fx/codex/report.py:57: ResourceWarning: unclosed file <_io.TextIOWrapper name='/var/tmp/forge/cohort-fx/codex/runs/I-04-mission-display-decision-view__M__gpt-5.6-sol/result.edn' mode='r' encoding='utf-8'>
  txt = open(r, encoding="utf-8").read()
ResourceWarning: Enable tracemalloc to get the object allocation traceback
/var/tmp/forge/cohort-fx/codex/report.py:62: ResourceWarning: unclosed file <_io.TextIOWrapper name='/var/tmp/forge/cohort-fx/codex/runs/I-04-mission-display-decision-view__M__gpt-5.6-sol/mechanism.json' mode='r' encoding='utf-8'>
  mech = json.load(open(mp, encoding="utf-8"))
ResourceWarning: Enable tracemalloc to get the object allocation traceback
/var/tmp/forge/cohort-fx/codex/report.py:57: ResourceWarning: unclosed file <_io.TextIOWrapper name='/var/tmp/forge/cohort-fx/codex/runs/I-04-mission-display-decision-view__M__gpt-6-astra/result.edn' mode='r' encoding='utf-8'>
  txt = open(r, encoding="utf-8").read()
ResourceWarning: Enable tracemalloc to get the object allocation traceback
/var/tmp/forge/cohort-fx/codex/report.py:62: ResourceWarning: unclosed file <_io.TextIOWrapper name='/var/tmp/forge/cohort-fx/codex/runs/I-04-mission-display-decision-view__M__gpt-6-astra/mechanism.json' mode='r' encoding='utf-8'>
  mech = json.load(open(mp, encoding="utf-8"))
ResourceWarning: Enable tracemalloc to get the object allocation traceback
/var/tmp/forge/cohort-fx/codex/report.py:57: ResourceWarning: unclosed file <_io.TextIOWrapper name='/var/tmp/forge/cohort-fx/codex/runs/I-04-mission-display-decision-view__P__gpt-5.6-sol/result.edn' mode='r' encoding='utf-8'>
  txt = open(r, encoding="utf-8").read()
ResourceWarning: Enable tracemalloc to get the object allocation traceback
/var/tmp/forge/cohort-fx/codex/report.py:62: ResourceWarning: unclosed file <_io.TextIOWrapper name='/var/tmp/forge/cohort-fx/codex/runs/I-04-mission-display-decision-view__P__gpt-5.6-sol/mechanism.json' mode='r' encoding='utf-8'>
  mech = json.load(open(mp, encoding="utf-8"))
ResourceWarning: Enable tracemalloc to get the object allocation traceback
/var/tmp/forge/cohort-fx/codex/report.py:57: ResourceWarning: unclosed file <_io.TextIOWrapper name='/var/tmp/forge/cohort-fx/codex/runs/I-04-mission-display-decision-view__P__gpt-6-astra/result.edn' mode='r' encoding='utf-8'>
  txt = open(r, encoding="utf-8").read()
ResourceWarning: Enable tracemalloc to get the object allocation traceback
/var/tmp/forge/cohort-fx/codex/report.py:62: ResourceWarning: unclosed file <_io.TextIOWrapper name='/var/tmp/forge/cohort-fx/codex/runs/I-04-mission-display-decision-view__P__gpt-6-astra/mechanism.json' mode='r' encoding='utf-8'>
  mech = json.load(open(mp, encoding="utf-8"))
ResourceWarning: Enable tracemalloc to get the object allocation traceback
/var/tmp/forge/cohort-fx/codex/report.py:57: ResourceWarning: unclosed file <_io.TextIOWrapper name='/var/tmp/forge/cohort-fx/codex/runs/I-04-mission-display-decision-view__X0__gpt-5.6-sol/result.edn' mode='r' encoding='utf-8'>
  txt = open(r, encoding="utf-8").read()
ResourceWarning: Enable tracemalloc to get the object allocation traceback
/var/tmp/forge/cohort-fx/codex/report.py:62: ResourceWarning: unclosed file <_io.TextIOWrapper name='/var/tmp/forge/cohort-fx/codex/runs/I-04-mission-display-decision-view__X0__gpt-5.6-sol/mechanism.json' mode='r' encoding='utf-8'>
  mech = json.load(open(mp, encoding="utf-8"))
ResourceWarning: Enable tracemalloc to get the object allocation traceback
/var/tmp/forge/cohort-fx/codex/report.py:57: ResourceWarning: unclosed file <_io.TextIOWrapper name='/var/tmp/forge/cohort-fx/codex/runs/I-04-mission-display-decision-view__X0__gpt-6-astra/result.edn' mode='r' encoding='utf-8'>
  txt = open(r, encoding="utf-8").read()
ResourceWarning: Enable tracemalloc to get the object allocation traceback
/var/tmp/forge/cohort-fx/codex/report.py:62: ResourceWarning: unclosed file <_io.TextIOWrapper name='/var/tmp/forge/cohort-fx/codex/runs/I-04-mission-display-decision-view__X0__gpt-6-astra/mechanism.json' mode='r' encoding='utf-8'>
  mech = json.load(open(mp, encoding="utf-8"))
ResourceWarning: Enable tracemalloc to get the object allocation traceback
/var/tmp/forge/cohort-fx/codex/report.py:57: ResourceWarning: unclosed file <_io.TextIOWrapper name='/var/tmp/forge/cohort-fx/codex/runs/I-04-mission-display-decision-view__X1__gpt-5.6-sol/result.edn' mode='r' encoding='utf-8'>
  txt = open(r, encoding="utf-8").read()
ResourceWarning: Enable tracemalloc to get the object allocation traceback
/var/tmp/forge/cohort-fx/codex/report.py:62: ResourceWarning: unclosed file <_io.TextIOWrapper name='/var/tmp/forge/cohort-fx/codex/runs/I-04-mission-display-decision-view__X1__gpt-5.6-sol/mechanism.json' mode='r' encoding='utf-8'>
  mech = json.load(open(mp, encoding="utf-8"))
ResourceWarning: Enable tracemalloc to get the object allocation traceback
/var/tmp/forge/cohort-fx/codex/report.py:57: ResourceWarning: unclosed file <_io.TextIOWrapper name='/var/tmp/forge/cohort-fx/codex/runs/I-04-mission-display-decision-view__X1__gpt-6-astra/result.edn' mode='r' encoding='utf-8'>
  txt = open(r, encoding="utf-8").read()
ResourceWarning: Enable tracemalloc to get the object allocation traceback
/var/tmp/forge/cohort-fx/codex/report.py:62: ResourceWarning: unclosed file <_io.TextIOWrapper name='/var/tmp/forge/cohort-fx/codex/runs/I-04-mission-display-decision-view__X1__gpt-6-astra/mechanism.json' mode='r' encoding='utf-8'>
  mech = json.load(open(mp, encoding="utf-8"))
ResourceWarning: Enable tracemalloc to get the object allocation traceback
/var/tmp/forge/cohort-fx/codex/report.py:57: ResourceWarning: unclosed file <_io.TextIOWrapper name='/var/tmp/forge/cohort-fx/codex/runs/R-01-core-discovery-require-edn__L__gpt-5.6-sol/result.edn' mode='r' encoding='utf-8'>
  txt = open(r, encoding="utf-8").read()
ResourceWarning: Enable tracemalloc to get the object allocation traceback
/var/tmp/forge/cohort-fx/codex/report.py:62: ResourceWarning: unclosed file <_io.TextIOWrapper name='/var/tmp/forge/cohort-fx/codex/runs/R-01-core-discovery-require-edn__L__gpt-5.6-sol/mechanism.json' mode='r' encoding='utf-8'>
  mech = json.load(open(mp, encoding="utf-8"))
ResourceWarning: Enable tracemalloc to get the object allocation traceback
/var/tmp/forge/cohort-fx/codex/report.py:57: ResourceWarning: unclosed file <_io.TextIOWrapper name='/var/tmp/forge/cohort-fx/codex/runs/R-01-core-discovery-require-edn__L__gpt-6-astra/result.edn' mode='r' encoding='utf-8'>
  txt = open(r, encoding="utf-8").read()
ResourceWarning: Enable tracemalloc to get the object allocation traceback
/var/tmp/forge/cohort-fx/codex/report.py:62: ResourceWarning: unclosed file <_io.TextIOWrapper name='/var/tmp/forge/cohort-fx/codex/runs/R-01-core-discovery-require-edn__L__gpt-6-astra/mechanism.json' mode='r' encoding='utf-8'>
  mech = json.load(open(mp, encoding="utf-8"))
ResourceWarning: Enable tracemalloc to get the object allocation traceback
/var/tmp/forge/cohort-fx/codex/report.py:57: ResourceWarning: unclosed file <_io.TextIOWrapper name='/var/tmp/forge/cohort-fx/codex/runs/R-01-core-discovery-require-edn__M__gpt-5.6-sol/result.edn' mode='r' encoding='utf-8'>
  txt = open(r, encoding="utf-8").read()
ResourceWarning: Enable tracemalloc to get the object allocation traceback
/var/tmp/forge/cohort-fx/codex/report.py:62: ResourceWarning: unclosed file <_io.TextIOWrapper name='/var/tmp/forge/cohort-fx/codex/runs/R-01-core-discovery-require-edn__M__gpt-5.6-sol/mechanism.json' mode='r' encoding='utf-8'>
  mech = json.load(open(mp, encoding="utf-8"))
ResourceWarning: Enable tracemalloc to get the object allocation traceback
/var/tmp/forge/cohort-fx/codex/report.py:57: ResourceWarning: unclosed file <_io.TextIOWrapper name='/var/tmp/forge/cohort-fx/codex/runs/R-01-core-discovery-require-edn__M__gpt-6-astra/result.edn' mode='r' encoding='utf-8'>
  txt = open(r, encoding="utf-8").read()
ResourceWarning: Enable tracemalloc to get the object allocation traceback
/var/tmp/forge/cohort-fx/codex/report.py:62: ResourceWarning: unclosed file <_io.TextIOWrapper name='/var/tmp/forge/cohort-fx/codex/runs/R-01-core-discovery-require-edn__M__gpt-6-astra/mechanism.json' mode='r' encoding='utf-8'>
  mech = json.load(open(mp, encoding="utf-8"))
ResourceWarning: Enable tracemalloc to get the object allocation traceback
/var/tmp/forge/cohort-fx/codex/report.py:57: ResourceWarning: unclosed file <_io.TextIOWrapper name='/var/tmp/forge/cohort-fx/codex/runs/R-01-core-discovery-require-edn__P__gpt-5.6-sol/result.edn' mode='r' encoding='utf-8'>
  txt = open(r, encoding="utf-8").read()
ResourceWarning: Enable tracemalloc to get the object allocation traceback
/var/tmp/forge/cohort-fx/codex/report.py:62: ResourceWarning: unclosed file <_io.TextIOWrapper name='/var/tmp/forge/cohort-fx/codex/runs/R-01-core-discovery-require-edn__P__gpt-5.6-sol/mechanism.json' mode='r' encoding='utf-8'>
  mech = json.load(open(mp, encoding="utf-8"))
ResourceWarning: Enable tracemalloc to get the object allocation traceback
/var/tmp/forge/cohort-fx/codex/report.py:57: ResourceWarning: unclosed file <_io.TextIOWrapper name='/var/tmp/forge/cohort-fx/codex/runs/R-01-core-discovery-require-edn__P__gpt-6-astra/result.edn' mode='r' encoding='utf-8'>
  txt = open(r, encoding="utf-8").read()
ResourceWarning: Enable tracemalloc to get the object allocation traceback
/var/tmp/forge/cohort-fx/codex/report.py:62: ResourceWarning: unclosed file <_io.TextIOWrapper name='/var/tmp/forge/cohort-fx/codex/runs/R-01-core-discovery-require-edn__P__gpt-6-astra/mechanism.json' mode='r' encoding='utf-8'>
  mech = json.load(open(mp, encoding="utf-8"))
ResourceWarning: Enable tracemalloc to get the object allocation traceback
/var/tmp/forge/cohort-fx/codex/report.py:57: ResourceWarning: unclosed file <_io.TextIOWrapper name='/var/tmp/forge/cohort-fx/codex/runs/R-01-core-discovery-require-edn__X0__gpt-5.6-sol/result.edn' mode='r' encoding='utf-8'>
  txt = open(r, encoding="utf-8").read()
ResourceWarning: Enable tracemalloc to get the object allocation traceback
/var/tmp/forge/cohort-fx/codex/report.py:62: ResourceWarning: unclosed file <_io.TextIOWrapper name='/var/tmp/forge/cohort-fx/codex/runs/R-01-core-discovery-require-edn__X0__gpt-5.6-sol/mechanism.json' mode='r' encoding='utf-8'>
  mech = json.load(open(mp, encoding="utf-8"))
ResourceWarning: Enable tracemalloc to get the object allocation traceback
/var/tmp/forge/cohort-fx/codex/report.py:57: ResourceWarning: unclosed file <_io.TextIOWrapper name='/var/tmp/forge/cohort-fx/codex/runs/R-01-core-discovery-require-edn__X0__gpt-6-astra/result.edn' mode='r' encoding='utf-8'>
  txt = open(r, encoding="utf-8").read()
ResourceWarning: Enable tracemalloc to get the object allocation traceback
/var/tmp/forge/cohort-fx/codex/report.py:62: ResourceWarning: unclosed file <_io.TextIOWrapper name='/var/tmp/forge/cohort-fx/codex/runs/R-01-core-discovery-require-edn__X0__gpt-6-astra/mechanism.json' mode='r' encoding='utf-8'>
  mech = json.load(open(mp, encoding="utf-8"))
ResourceWarning: Enable tracemalloc to get the object allocation traceback
/var/tmp/forge/cohort-fx/codex/report.py:57: ResourceWarning: unclosed file <_io.TextIOWrapper name='/var/tmp/forge/cohort-fx/codex/runs/R-01-core-discovery-require-edn__X1__gpt-5.6-sol/result.edn' mode='r' encoding='utf-8'>
  txt = open(r, encoding="utf-8").read()
ResourceWarning: Enable tracemalloc to get the object allocation traceback
/var/tmp/forge/cohort-fx/codex/report.py:62: ResourceWarning: unclosed file <_io.TextIOWrapper name='/var/tmp/forge/cohort-fx/codex/runs/R-01-core-discovery-require-edn__X1__gpt-5.6-sol/mechanism.json' mode='r' encoding='utf-8'>
  mech = json.load(open(mp, encoding="utf-8"))
ResourceWarning: Enable tracemalloc to get the object allocation traceback
/var/tmp/forge/cohort-fx/codex/report.py:57: ResourceWarning: unclosed file <_io.TextIOWrapper name='/var/tmp/forge/cohort-fx/codex/runs/R-01-core-discovery-require-edn__X1__gpt-6-astra/result.edn' mode='r' encoding='utf-8'>
  txt = open(r, encoding="utf-8").read()
ResourceWarning: Enable tracemalloc to get the object allocation traceback
/var/tmp/forge/cohort-fx/codex/report.py:62: ResourceWarning: unclosed file <_io.TextIOWrapper name='/var/tmp/forge/cohort-fx/codex/runs/R-01-core-discovery-require-edn__X1__gpt-6-astra/mechanism.json' mode='r' encoding='utf-8'>
  mech = json.load(open(mp, encoding="utf-8"))
ResourceWarning: Enable tracemalloc to get the object allocation traceback
/var/tmp/forge/cohort-fx/codex/report.py:57: ResourceWarning: unclosed file <_io.TextIOWrapper name='/var/tmp/forge/cohort-fx/codex/runs/R-02-recovery-require-measured__L__gpt-5.6-sol/result.edn' mode='r' encoding='utf-8'>
  txt = open(r, encoding="utf-8").read()
ResourceWarning: Enable tracemalloc to get the object allocation traceback
/var/tmp/forge/cohort-fx/codex/report.py:62: ResourceWarning: unclosed file <_io.TextIOWrapper name='/var/tmp/forge/cohort-fx/codex/runs/R-02-recovery-require-measured__L__gpt-5.6-sol/mechanism.json' mode='r' encoding='utf-8'>
  mech = json.load(open(mp, encoding="utf-8"))
ResourceWarning: Enable tracemalloc to get the object allocation traceback
/var/tmp/forge/cohort-fx/codex/report.py:57: ResourceWarning: unclosed file <_io.TextIOWrapper name='/var/tmp/forge/cohort-fx/codex/runs/R-02-recovery-require-measured__L__gpt-6-astra/result.edn' mode='r' encoding='utf-8'>
  txt = open(r, encoding="utf-8").read()
ResourceWarning: Enable tracemalloc to get the object allocation traceback
/var/tmp/forge/cohort-fx/codex/report.py:62: ResourceWarning: unclosed file <_io.TextIOWrapper name='/var/tmp/forge/cohort-fx/codex/runs/R-02-recovery-require-measured__L__gpt-6-astra/mechanism.json' mode='r' encoding='utf-8'>
  mech = json.load(open(mp, encoding="utf-8"))
ResourceWarning: Enable tracemalloc to get the object allocation traceback
/var/tmp/forge/cohort-fx/codex/report.py:57: ResourceWarning: unclosed file <_io.TextIOWrapper name='/var/tmp/forge/cohort-fx/codex/runs/R-02-recovery-require-measured__M__gpt-5.6-sol/result.edn' mode='r' encoding='utf-8'>
  txt = open(r, encoding="utf-8").read()
ResourceWarning: Enable tracemalloc to get the object allocation traceback
/var/tmp/forge/cohort-fx/codex/report.py:62: ResourceWarning: unclosed file <_io.TextIOWrapper name='/var/tmp/forge/cohort-fx/codex/runs/R-02-recovery-require-measured__M__gpt-5.6-sol/mechanism.json' mode='r' encoding='utf-8'>
  mech = json.load(open(mp, encoding="utf-8"))
ResourceWarning: Enable tracemalloc to get the object allocation traceback
/var/tmp/forge/cohort-fx/codex/report.py:57: ResourceWarning: unclosed file <_io.TextIOWrapper name='/var/tmp/forge/cohort-fx/codex/runs/R-02-recovery-require-measured__M__gpt-6-astra/result.edn' mode='r' encoding='utf-8'>
  txt = open(r, encoding="utf-8").read()
ResourceWarning: Enable tracemalloc to get the object allocation traceback
/var/tmp/forge/cohort-fx/codex/report.py:62: ResourceWarning: unclosed file <_io.TextIOWrapper name='/var/tmp/forge/cohort-fx/codex/runs/R-02-recovery-require-measured__M__gpt-6-astra/mechanism.json' mode='r' encoding='utf-8'>
  mech = json.load(open(mp, encoding="utf-8"))
ResourceWarning: Enable tracemalloc to get the object allocation traceback
/var/tmp/forge/cohort-fx/codex/report.py:57: ResourceWarning: unclosed file <_io.TextIOWrapper name='/var/tmp/forge/cohort-fx/codex/runs/R-02-recovery-require-measured__P__gpt-5.6-sol/result.edn' mode='r' encoding='utf-8'>
  txt = open(r, encoding="utf-8").read()
ResourceWarning: Enable tracemalloc to get the object allocation traceback
/var/tmp/forge/cohort-fx/codex/report.py:62: ResourceWarning: unclosed file <_io.TextIOWrapper name='/var/tmp/forge/cohort-fx/codex/runs/R-02-recovery-require-measured__P__gpt-5.6-sol/mechanism.json' mode='r' encoding='utf-8'>
  mech = json.load(open(mp, encoding="utf-8"))
ResourceWarning: Enable tracemalloc to get the object allocation traceback
/var/tmp/forge/cohort-fx/codex/report.py:57: ResourceWarning: unclosed file <_io.TextIOWrapper name='/var/tmp/forge/cohort-fx/codex/runs/R-02-recovery-require-measured__P__gpt-6-astra/result.edn' mode='r' encoding='utf-8'>
  txt = open(r, encoding="utf-8").read()
ResourceWarning: Enable tracemalloc to get the object allocation traceback
/var/tmp/forge/cohort-fx/codex/report.py:62: ResourceWarning: unclosed file <_io.TextIOWrapper name='/var/tmp/forge/cohort-fx/codex/runs/R-02-recovery-require-measured__P__gpt-6-astra/mechanism.json' mode='r' encoding='utf-8'>
  mech = json.load(open(mp, encoding="utf-8"))
ResourceWarning: Enable tracemalloc to get the object allocation traceback
/var/tmp/forge/cohort-fx/codex/report.py:57: ResourceWarning: unclosed file <_io.TextIOWrapper name='/var/tmp/forge/cohort-fx/codex/runs/R-02-recovery-require-measured__X0__gpt-5.6-sol/result.edn' mode='r' encoding='utf-8'>
  txt = open(r, encoding="utf-8").read()
ResourceWarning: Enable tracemalloc to get the object allocation traceback
/var/tmp/forge/cohort-fx/codex/report.py:62: ResourceWarning: unclosed file <_io.TextIOWrapper name='/var/tmp/forge/cohort-fx/codex/runs/R-02-recovery-require-measured__X0__gpt-5.6-sol/mechanism.json' mode='r' encoding='utf-8'>
  mech = json.load(open(mp, encoding="utf-8"))
ResourceWarning: Enable tracemalloc to get the object allocation traceback
/var/tmp/forge/cohort-fx/codex/report.py:57: ResourceWarning: unclosed file <_io.TextIOWrapper name='/var/tmp/forge/cohort-fx/codex/runs/R-02-recovery-require-measured__X0__gpt-6-astra/result.edn' mode='r' encoding='utf-8'>
  txt = open(r, encoding="utf-8").read()
ResourceWarning: Enable tracemalloc to get the object allocation traceback
/var/tmp/forge/cohort-fx/codex/report.py:62: ResourceWarning: unclosed file <_io.TextIOWrapper name='/var/tmp/forge/cohort-fx/codex/runs/R-02-recovery-require-measured__X0__gpt-6-astra/mechanism.json' mode='r' encoding='utf-8'>
  mech = json.load(open(mp, encoding="utf-8"))
ResourceWarning: Enable tracemalloc to get the object allocation traceback
/var/tmp/forge/cohort-fx/codex/report.py:57: ResourceWarning: unclosed file <_io.TextIOWrapper name='/var/tmp/forge/cohort-fx/codex/runs/R-02-recovery-require-measured__X1__gpt-5.6-sol/result.edn' mode='r' encoding='utf-8'>
  txt = open(r, encoding="utf-8").read()
ResourceWarning: Enable tracemalloc to get the object allocation traceback
/var/tmp/forge/cohort-fx/codex/report.py:62: ResourceWarning: unclosed file <_io.TextIOWrapper name='/var/tmp/forge/cohort-fx/codex/runs/R-02-recovery-require-measured__X1__gpt-5.6-sol/mechanism.json' mode='r' encoding='utf-8'>
  mech = json.load(open(mp, encoding="utf-8"))
ResourceWarning: Enable tracemalloc to get the object allocation traceback
/var/tmp/forge/cohort-fx/codex/report.py:57: ResourceWarning: unclosed file <_io.TextIOWrapper name='/var/tmp/forge/cohort-fx/codex/runs/R-02-recovery-require-measured__X1__gpt-6-astra/result.edn' mode='r' encoding='utf-8'>
  txt = open(r, encoding="utf-8").read()
ResourceWarning: Enable tracemalloc to get the object allocation traceback
/var/tmp/forge/cohort-fx/codex/report.py:62: ResourceWarning: unclosed file <_io.TextIOWrapper name='/var/tmp/forge/cohort-fx/codex/runs/R-02-recovery-require-measured__X1__gpt-6-astra/mechanism.json' mode='r' encoding='utf-8'>
  mech = json.load(open(mp, encoding="utf-8"))
ResourceWarning: Enable tracemalloc to get the object allocation traceback
/var/tmp/forge/cohort-fx/codex/report.py:57: ResourceWarning: unclosed file <_io.TextIOWrapper name='/var/tmp/forge/cohort-fx/codex/runs/R-03-workspace-string-alias__L__gpt-5.6-sol/result.edn' mode='r' encoding='utf-8'>
  txt = open(r, encoding="utf-8").read()
ResourceWarning: Enable tracemalloc to get the object allocation traceback
/var/tmp/forge/cohort-fx/codex/report.py:62: ResourceWarning: unclosed file <_io.TextIOWrapper name='/var/tmp/forge/cohort-fx/codex/runs/R-03-workspace-string-alias__L__gpt-5.6-sol/mechanism.json' mode='r' encoding='utf-8'>
  mech = json.load(open(mp, encoding="utf-8"))
ResourceWarning: Enable tracemalloc to get the object allocation traceback
/var/tmp/forge/cohort-fx/codex/report.py:57: ResourceWarning: unclosed file <_io.TextIOWrapper name='/var/tmp/forge/cohort-fx/codex/runs/R-03-workspace-string-alias__L__gpt-6-astra/result.edn' mode='r' encoding='utf-8'>
  txt = open(r, encoding="utf-8").read()
ResourceWarning: Enable tracemalloc to get the object allocation traceback
/var/tmp/forge/cohort-fx/codex/report.py:62: ResourceWarning: unclosed file <_io.TextIOWrapper name='/var/tmp/forge/cohort-fx/codex/runs/R-03-workspace-string-alias__L__gpt-6-astra/mechanism.json' mode='r' encoding='utf-8'>
  mech = json.load(open(mp, encoding="utf-8"))
ResourceWarning: Enable tracemalloc to get the object allocation traceback
/var/tmp/forge/cohort-fx/codex/report.py:57: ResourceWarning: unclosed file <_io.TextIOWrapper name='/var/tmp/forge/cohort-fx/codex/runs/R-03-workspace-string-alias__M__gpt-5.6-sol/result.edn' mode='r' encoding='utf-8'>
  txt = open(r, encoding="utf-8").read()
ResourceWarning: Enable tracemalloc to get the object allocation traceback
/var/tmp/forge/cohort-fx/codex/report.py:62: ResourceWarning: unclosed file <_io.TextIOWrapper name='/var/tmp/forge/cohort-fx/codex/runs/R-03-workspace-string-alias__M__gpt-5.6-sol/mechanism.json' mode='r' encoding='utf-8'>
  mech = json.load(open(mp, encoding="utf-8"))
ResourceWarning: Enable tracemalloc to get the object allocation traceback
/var/tmp/forge/cohort-fx/codex/report.py:57: ResourceWarning: unclosed file <_io.TextIOWrapper name='/var/tmp/forge/cohort-fx/codex/runs/R-03-workspace-string-alias__M__gpt-6-astra/result.edn' mode='r' encoding='utf-8'>
  txt = open(r, encoding="utf-8").read()
ResourceWarning: Enable tracemalloc to get the object allocation traceback
/var/tmp/forge/cohort-fx/codex/report.py:62: ResourceWarning: unclosed file <_io.TextIOWrapper name='/var/tmp/forge/cohort-fx/codex/runs/R-03-workspace-string-alias__M__gpt-6-astra/mechanism.json' mode='r' encoding='utf-8'>
  mech = json.load(open(mp, encoding="utf-8"))
ResourceWarning: Enable tracemalloc to get the object allocation traceback
/var/tmp/forge/cohort-fx/codex/report.py:57: ResourceWarning: unclosed file <_io.TextIOWrapper name='/var/tmp/forge/cohort-fx/codex/runs/R-03-workspace-string-alias__P__gpt-5.6-sol/result.edn' mode='r' encoding='utf-8'>
  txt = open(r, encoding="utf-8").read()
ResourceWarning: Enable tracemalloc to get the object allocation traceback
/var/tmp/forge/cohort-fx/codex/report.py:62: ResourceWarning: unclosed file <_io.TextIOWrapper name='/var/tmp/forge/cohort-fx/codex/runs/R-03-workspace-string-alias__P__gpt-5.6-sol/mechanism.json' mode='r' encoding='utf-8'>
  mech = json.load(open(mp, encoding="utf-8"))
ResourceWarning: Enable tracemalloc to get the object allocation traceback
/var/tmp/forge/cohort-fx/codex/report.py:57: ResourceWarning: unclosed file <_io.TextIOWrapper name='/var/tmp/forge/cohort-fx/codex/runs/R-03-workspace-string-alias__P__gpt-6-astra/result.edn' mode='r' encoding='utf-8'>
  txt = open(r, encoding="utf-8").read()
ResourceWarning: Enable tracemalloc to get the object allocation traceback
/var/tmp/forge/cohort-fx/codex/report.py:62: ResourceWarning: unclosed file <_io.TextIOWrapper name='/var/tmp/forge/cohort-fx/codex/runs/R-03-workspace-string-alias__P__gpt-6-astra/mechanism.json' mode='r' encoding='utf-8'>
  mech = json.load(open(mp, encoding="utf-8"))
ResourceWarning: Enable tracemalloc to get the object allocation traceback
/var/tmp/forge/cohort-fx/codex/report.py:57: ResourceWarning: unclosed file <_io.TextIOWrapper name='/var/tmp/forge/cohort-fx/codex/runs/R-03-workspace-string-alias__X0__gpt-5.6-sol/result.edn' mode='r' encoding='utf-8'>
  txt = open(r, encoding="utf-8").read()
ResourceWarning: Enable tracemalloc to get the object allocation traceback
/var/tmp/forge/cohort-fx/codex/report.py:62: ResourceWarning: unclosed file <_io.TextIOWrapper name='/var/tmp/forge/cohort-fx/codex/runs/R-03-workspace-string-alias__X0__gpt-5.6-sol/mechanism.json' mode='r' encoding='utf-8'>
  mech = json.load(open(mp, encoding="utf-8"))
ResourceWarning: Enable tracemalloc to get the object allocation traceback
/var/tmp/forge/cohort-fx/codex/report.py:57: ResourceWarning: unclosed file <_io.TextIOWrapper name='/var/tmp/forge/cohort-fx/codex/runs/R-03-workspace-string-alias__X0__gpt-6-astra/result.edn' mode='r' encoding='utf-8'>
  txt = open(r, encoding="utf-8").read()
ResourceWarning: Enable tracemalloc to get the object allocation traceback
/var/tmp/forge/cohort-fx/codex/report.py:62: ResourceWarning: unclosed file <_io.TextIOWrapper name='/var/tmp/forge/cohort-fx/codex/runs/R-03-workspace-string-alias__X0__gpt-6-astra/mechanism.json' mode='r' encoding='utf-8'>
  mech = json.load(open(mp, encoding="utf-8"))
ResourceWarning: Enable tracemalloc to get the object allocation traceback
/var/tmp/forge/cohort-fx/codex/report.py:57: ResourceWarning: unclosed file <_io.TextIOWrapper name='/var/tmp/forge/cohort-fx/codex/runs/R-03-workspace-string-alias__X1__gpt-5.6-sol/result.edn' mode='r' encoding='utf-8'>
  txt = open(r, encoding="utf-8").read()
ResourceWarning: Enable tracemalloc to get the object allocation traceback
/var/tmp/forge/cohort-fx/codex/report.py:62: ResourceWarning: unclosed file <_io.TextIOWrapper name='/var/tmp/forge/cohort-fx/codex/runs/R-03-workspace-string-alias__X1__gpt-5.6-sol/mechanism.json' mode='r' encoding='utf-8'>
  mech = json.load(open(mp, encoding="utf-8"))
ResourceWarning: Enable tracemalloc to get the object allocation traceback
/var/tmp/forge/cohort-fx/codex/report.py:57: ResourceWarning: unclosed file <_io.TextIOWrapper name='/var/tmp/forge/cohort-fx/codex/runs/R-03-workspace-string-alias__X1__gpt-6-astra/result.edn' mode='r' encoding='utf-8'>
  txt = open(r, encoding="utf-8").read()
ResourceWarning: Enable tracemalloc to get the object allocation traceback
/var/tmp/forge/cohort-fx/codex/report.py:62: ResourceWarning: unclosed file <_io.TextIOWrapper name='/var/tmp/forge/cohort-fx/codex/runs/R-03-workspace-string-alias__X1__gpt-6-astra/mechanism.json' mode='r' encoding='utf-8'>
  mech = json.load(open(mp, encoding="utf-8"))
ResourceWarning: Enable tracemalloc to get the object allocation traceback
/var/tmp/forge/cohort-fx/codex/report.py:57: ResourceWarning: unclosed file <_io.TextIOWrapper name='/var/tmp/forge/cohort-fx/codex/runs/R-04-namespace-split-require-cheshire__L__gpt-5.6-sol/result.edn' mode='r' encoding='utf-8'>
  txt = open(r, encoding="utf-8").read()
ResourceWarning: Enable tracemalloc to get the object allocation traceback
/var/tmp/forge/cohort-fx/codex/report.py:62: ResourceWarning: unclosed file <_io.TextIOWrapper name='/var/tmp/forge/cohort-fx/codex/runs/R-04-namespace-split-require-cheshire__L__gpt-5.6-sol/mechanism.json' mode='r' encoding='utf-8'>
  mech = json.load(open(mp, encoding="utf-8"))
ResourceWarning: Enable tracemalloc to get the object allocation traceback
/var/tmp/forge/cohort-fx/codex/report.py:57: ResourceWarning: unclosed file <_io.TextIOWrapper name='/var/tmp/forge/cohort-fx/codex/runs/R-04-namespace-split-require-cheshire__L__gpt-6-astra/result.edn' mode='r' encoding='utf-8'>
  txt = open(r, encoding="utf-8").read()
ResourceWarning: Enable tracemalloc to get the object allocation traceback
/var/tmp/forge/cohort-fx/codex/report.py:62: ResourceWarning: unclosed file <_io.TextIOWrapper name='/var/tmp/forge/cohort-fx/codex/runs/R-04-namespace-split-require-cheshire__L__gpt-6-astra/mechanism.json' mode='r' encoding='utf-8'>
  mech = json.load(open(mp, encoding="utf-8"))
ResourceWarning: Enable tracemalloc to get the object allocation traceback
/var/tmp/forge/cohort-fx/codex/report.py:57: ResourceWarning: unclosed file <_io.TextIOWrapper name='/var/tmp/forge/cohort-fx/codex/runs/R-04-namespace-split-require-cheshire__M__gpt-5.6-sol/result.edn' mode='r' encoding='utf-8'>
  txt = open(r, encoding="utf-8").read()
ResourceWarning: Enable tracemalloc to get the object allocation traceback
/var/tmp/forge/cohort-fx/codex/report.py:62: ResourceWarning: unclosed file <_io.TextIOWrapper name='/var/tmp/forge/cohort-fx/codex/runs/R-04-namespace-split-require-cheshire__M__gpt-5.6-sol/mechanism.json' mode='r' encoding='utf-8'>
  mech = json.load(open(mp, encoding="utf-8"))
ResourceWarning: Enable tracemalloc to get the object allocation traceback
/var/tmp/forge/cohort-fx/codex/report.py:57: ResourceWarning: unclosed file <_io.TextIOWrapper name='/var/tmp/forge/cohort-fx/codex/runs/R-04-namespace-split-require-cheshire__M__gpt-6-astra/result.edn' mode='r' encoding='utf-8'>
  txt = open(r, encoding="utf-8").read()
ResourceWarning: Enable tracemalloc to get the object allocation traceback
/var/tmp/forge/cohort-fx/codex/report.py:62: ResourceWarning: unclosed file <_io.TextIOWrapper name='/var/tmp/forge/cohort-fx/codex/runs/R-04-namespace-split-require-cheshire__M__gpt-6-astra/mechanism.json' mode='r' encoding='utf-8'>
  mech = json.load(open(mp, encoding="utf-8"))
ResourceWarning: Enable tracemalloc to get the object allocation traceback
/var/tmp/forge/cohort-fx/codex/report.py:57: ResourceWarning: unclosed file <_io.TextIOWrapper name='/var/tmp/forge/cohort-fx/codex/runs/R-04-namespace-split-require-cheshire__P__gpt-5.6-sol/result.edn' mode='r' encoding='utf-8'>
  txt = open(r, encoding="utf-8").read()
ResourceWarning: Enable tracemalloc to get the object allocation traceback
/var/tmp/forge/cohort-fx/codex/report.py:62: ResourceWarning: unclosed file <_io.TextIOWrapper name='/var/tmp/forge/cohort-fx/codex/runs/R-04-namespace-split-require-cheshire__P__gpt-5.6-sol/mechanism.json' mode='r' encoding='utf-8'>
  mech = json.load(open(mp, encoding="utf-8"))
ResourceWarning: Enable tracemalloc to get the object allocation traceback
/var/tmp/forge/cohort-fx/codex/report.py:57: ResourceWarning: unclosed file <_io.TextIOWrapper name='/var/tmp/forge/cohort-fx/codex/runs/R-04-namespace-split-require-cheshire__P__gpt-6-astra/result.edn' mode='r' encoding='utf-8'>
  txt = open(r, encoding="utf-8").read()
ResourceWarning: Enable tracemalloc to get the object allocation traceback
/var/tmp/forge/cohort-fx/codex/report.py:62: ResourceWarning: unclosed file <_io.TextIOWrapper name='/var/tmp/forge/cohort-fx/codex/runs/R-04-namespace-split-require-cheshire__P__gpt-6-astra/mechanism.json' mode='r' encoding='utf-8'>
  mech = json.load(open(mp, encoding="utf-8"))
ResourceWarning: Enable tracemalloc to get the object allocation traceback
/var/tmp/forge/cohort-fx/codex/report.py:57: ResourceWarning: unclosed file <_io.TextIOWrapper name='/var/tmp/forge/cohort-fx/codex/runs/R-04-namespace-split-require-cheshire__X0__gpt-5.6-sol/result.edn' mode='r' encoding='utf-8'>
  txt = open(r, encoding="utf-8").read()
ResourceWarning: Enable tracemalloc to get the object allocation traceback
/var/tmp/forge/cohort-fx/codex/report.py:62: ResourceWarning: unclosed file <_io.TextIOWrapper name='/var/tmp/forge/cohort-fx/codex/runs/R-04-namespace-split-require-cheshire__X0__gpt-5.6-sol/mechanism.json' mode='r' encoding='utf-8'>
  mech = json.load(open(mp, encoding="utf-8"))
ResourceWarning: Enable tracemalloc to get the object allocation traceback
/var/tmp/forge/cohort-fx/codex/report.py:57: ResourceWarning: unclosed file <_io.TextIOWrapper name='/var/tmp/forge/cohort-fx/codex/runs/R-04-namespace-split-require-cheshire__X0__gpt-6-astra/result.edn' mode='r' encoding='utf-8'>
  txt = open(r, encoding="utf-8").read()
ResourceWarning: Enable tracemalloc to get the object allocation traceback
/var/tmp/forge/cohort-fx/codex/report.py:62: ResourceWarning: unclosed file <_io.TextIOWrapper name='/var/tmp/forge/cohort-fx/codex/runs/R-04-namespace-split-require-cheshire__X0__gpt-6-astra/mechanism.json' mode='r' encoding='utf-8'>
  mech = json.load(open(mp, encoding="utf-8"))
ResourceWarning: Enable tracemalloc to get the object allocation traceback
/var/tmp/forge/cohort-fx/codex/report.py:57: ResourceWarning: unclosed file <_io.TextIOWrapper name='/var/tmp/forge/cohort-fx/codex/runs/R-04-namespace-split-require-cheshire__X1__gpt-5.6-sol/result.edn' mode='r' encoding='utf-8'>
  txt = open(r, encoding="utf-8").read()
ResourceWarning: Enable tracemalloc to get the object allocation traceback
/var/tmp/forge/cohort-fx/codex/report.py:62: ResourceWarning: unclosed file <_io.TextIOWrapper name='/var/tmp/forge/cohort-fx/codex/runs/R-04-namespace-split-require-cheshire__X1__gpt-5.6-sol/mechanism.json' mode='r' encoding='utf-8'>
  mech = json.load(open(mp, encoding="utf-8"))
ResourceWarning: Enable tracemalloc to get the object allocation traceback
/var/tmp/forge/cohort-fx/codex/report.py:57: ResourceWarning: unclosed file <_io.TextIOWrapper name='/var/tmp/forge/cohort-fx/codex/runs/R-04-namespace-split-require-cheshire__X1__gpt-6-astra/result.edn' mode='r' encoding='utf-8'>
  txt = open(r, encoding="utf-8").read()
ResourceWarning: Enable tracemalloc to get the object allocation traceback
/var/tmp/forge/cohort-fx/codex/report.py:62: ResourceWarning: unclosed file <_io.TextIOWrapper name='/var/tmp/forge/cohort-fx/codex/runs/R-04-namespace-split-require-cheshire__X1__gpt-6-astra/mechanism.json' mode='r' encoding='utf-8'>
  mech = json.load(open(mp, encoding="utf-8"))
ResourceWarning: Enable tracemalloc to get the object allocation traceback
/var/tmp/forge/cohort-fx/codex/report.py:57: ResourceWarning: unclosed file <_io.TextIOWrapper name='/var/tmp/forge/cohort-fx/codex/runs/T-01-outline-memory-spec-marker__L__gpt-5.6-sol/result.edn' mode='r' encoding='utf-8'>
  txt = open(r, encoding="utf-8").read()
ResourceWarning: Enable tracemalloc to get the object allocation traceback
/var/tmp/forge/cohort-fx/codex/report.py:62: ResourceWarning: unclosed file <_io.TextIOWrapper name='/var/tmp/forge/cohort-fx/codex/runs/T-01-outline-memory-spec-marker__L__gpt-5.6-sol/mechanism.json' mode='r' encoding='utf-8'>
  mech = json.load(open(mp, encoding="utf-8"))
ResourceWarning: Enable tracemalloc to get the object allocation traceback
/var/tmp/forge/cohort-fx/codex/report.py:57: ResourceWarning: unclosed file <_io.TextIOWrapper name='/var/tmp/forge/cohort-fx/codex/runs/T-01-outline-memory-spec-marker__L__gpt-6-astra/result.edn' mode='r' encoding='utf-8'>
  txt = open(r, encoding="utf-8").read()
ResourceWarning: Enable tracemalloc to get the object allocation traceback
/var/tmp/forge/cohort-fx/codex/report.py:62: ResourceWarning: unclosed file <_io.TextIOWrapper name='/var/tmp/forge/cohort-fx/codex/runs/T-01-outline-memory-spec-marker__L__gpt-6-astra/mechanism.json' mode='r' encoding='utf-8'>
  mech = json.load(open(mp, encoding="utf-8"))
ResourceWarning: Enable tracemalloc to get the object allocation traceback
/var/tmp/forge/cohort-fx/codex/report.py:57: ResourceWarning: unclosed file <_io.TextIOWrapper name='/var/tmp/forge/cohort-fx/codex/runs/T-01-outline-memory-spec-marker__M__gpt-5.6-sol/result.edn' mode='r' encoding='utf-8'>
  txt = open(r, encoding="utf-8").read()
ResourceWarning: Enable tracemalloc to get the object allocation traceback
/var/tmp/forge/cohort-fx/codex/report.py:62: ResourceWarning: unclosed file <_io.TextIOWrapper name='/var/tmp/forge/cohort-fx/codex/runs/T-01-outline-memory-spec-marker__M__gpt-5.6-sol/mechanism.json' mode='r' encoding='utf-8'>
  mech = json.load(open(mp, encoding="utf-8"))
ResourceWarning: Enable tracemalloc to get the object allocation traceback
/var/tmp/forge/cohort-fx/codex/report.py:57: ResourceWarning: unclosed file <_io.TextIOWrapper name='/var/tmp/forge/cohort-fx/codex/runs/T-01-outline-memory-spec-marker__M__gpt-6-astra/result.edn' mode='r' encoding='utf-8'>
  txt = open(r, encoding="utf-8").read()
ResourceWarning: Enable tracemalloc to get the object allocation traceback
/var/tmp/forge/cohort-fx/codex/report.py:62: ResourceWarning: unclosed file <_io.TextIOWrapper name='/var/tmp/forge/cohort-fx/codex/runs/T-01-outline-memory-spec-marker__M__gpt-6-astra/mechanism.json' mode='r' encoding='utf-8'>
  mech = json.load(open(mp, encoding="utf-8"))
ResourceWarning: Enable tracemalloc to get the object allocation traceback
/var/tmp/forge/cohort-fx/codex/report.py:57: ResourceWarning: unclosed file <_io.TextIOWrapper name='/var/tmp/forge/cohort-fx/codex/runs/T-01-outline-memory-spec-marker__P__gpt-5.6-sol/result.edn' mode='r' encoding='utf-8'>
  txt = open(r, encoding="utf-8").read()
ResourceWarning: Enable tracemalloc to get the object allocation traceback
/var/tmp/forge/cohort-fx/codex/report.py:62: ResourceWarning: unclosed file <_io.TextIOWrapper name='/var/tmp/forge/cohort-fx/codex/runs/T-01-outline-memory-spec-marker__P__gpt-5.6-sol/mechanism.json' mode='r' encoding='utf-8'>
  mech = json.load(open(mp, encoding="utf-8"))
ResourceWarning: Enable tracemalloc to get the object allocation traceback
/var/tmp/forge/cohort-fx/codex/report.py:57: ResourceWarning: unclosed file <_io.TextIOWrapper name='/var/tmp/forge/cohort-fx/codex/runs/T-01-outline-memory-spec-marker__P__gpt-6-astra/result.edn' mode='r' encoding='utf-8'>
  txt = open(r, encoding="utf-8").read()
ResourceWarning: Enable tracemalloc to get the object allocation traceback
/var/tmp/forge/cohort-fx/codex/report.py:62: ResourceWarning: unclosed file <_io.TextIOWrapper name='/var/tmp/forge/cohort-fx/codex/runs/T-01-outline-memory-spec-marker__P__gpt-6-astra/mechanism.json' mode='r' encoding='utf-8'>
  mech = json.load(open(mp, encoding="utf-8"))
ResourceWarning: Enable tracemalloc to get the object allocation traceback
/var/tmp/forge/cohort-fx/codex/report.py:57: ResourceWarning: unclosed file <_io.TextIOWrapper name='/var/tmp/forge/cohort-fx/codex/runs/T-01-outline-memory-spec-marker__X0__gpt-5.6-sol/result.edn' mode='r' encoding='utf-8'>
  txt = open(r, encoding="utf-8").read()
ResourceWarning: Enable tracemalloc to get the object allocation traceback
/var/tmp/forge/cohort-fx/codex/report.py:62: ResourceWarning: unclosed file <_io.TextIOWrapper name='/var/tmp/forge/cohort-fx/codex/runs/T-01-outline-memory-spec-marker__X0__gpt-5.6-sol/mechanism.json' mode='r' encoding='utf-8'>
  mech = json.load(open(mp, encoding="utf-8"))
ResourceWarning: Enable tracemalloc to get the object allocation traceback
/var/tmp/forge/cohort-fx/codex/report.py:57: ResourceWarning: unclosed file <_io.TextIOWrapper name='/var/tmp/forge/cohort-fx/codex/runs/T-01-outline-memory-spec-marker__X0__gpt-6-astra/result.edn' mode='r' encoding='utf-8'>
  txt = open(r, encoding="utf-8").read()
ResourceWarning: Enable tracemalloc to get the object allocation traceback
/var/tmp/forge/cohort-fx/codex/report.py:62: ResourceWarning: unclosed file <_io.TextIOWrapper name='/var/tmp/forge/cohort-fx/codex/runs/T-01-outline-memory-spec-marker__X0__gpt-6-astra/mechanism.json' mode='r' encoding='utf-8'>
  mech = json.load(open(mp, encoding="utf-8"))
ResourceWarning: Enable tracemalloc to get the object allocation traceback
/var/tmp/forge/cohort-fx/codex/report.py:57: ResourceWarning: unclosed file <_io.TextIOWrapper name='/var/tmp/forge/cohort-fx/codex/runs/T-01-outline-memory-spec-marker__X1__gpt-5.6-sol/result.edn' mode='r' encoding='utf-8'>
  txt = open(r, encoding="utf-8").read()
ResourceWarning: Enable tracemalloc to get the object allocation traceback
/var/tmp/forge/cohort-fx/codex/report.py:62: ResourceWarning: unclosed file <_io.TextIOWrapper name='/var/tmp/forge/cohort-fx/codex/runs/T-01-outline-memory-spec-marker__X1__gpt-5.6-sol/mechanism.json' mode='r' encoding='utf-8'>
  mech = json.load(open(mp, encoding="utf-8"))
ResourceWarning: Enable tracemalloc to get the object allocation traceback
/var/tmp/forge/cohort-fx/codex/report.py:57: ResourceWarning: unclosed file <_io.TextIOWrapper name='/var/tmp/forge/cohort-fx/codex/runs/T-01-outline-memory-spec-marker__X1__gpt-6-astra/result.edn' mode='r' encoding='utf-8'>
  txt = open(r, encoding="utf-8").read()
ResourceWarning: Enable tracemalloc to get the object allocation traceback
/var/tmp/forge/cohort-fx/codex/report.py:62: ResourceWarning: unclosed file <_io.TextIOWrapper name='/var/tmp/forge/cohort-fx/codex/runs/T-01-outline-memory-spec-marker__X1__gpt-6-astra/mechanism.json' mode='r' encoding='utf-8'>
  mech = json.load(open(mp, encoding="utf-8"))
ResourceWarning: Enable tracemalloc to get the object allocation traceback
/var/tmp/forge/cohort-fx/codex/report.py:57: ResourceWarning: unclosed file <_io.TextIOWrapper name='/var/tmp/forge/cohort-fx/codex/runs/T-02-study-row-line-range__L__gpt-5.6-sol/result.edn' mode='r' encoding='utf-8'>
  txt = open(r, encoding="utf-8").read()
ResourceWarning: Enable tracemalloc to get the object allocation traceback
/var/tmp/forge/cohort-fx/codex/report.py:62: ResourceWarning: unclosed file <_io.TextIOWrapper name='/var/tmp/forge/cohort-fx/codex/runs/T-02-study-row-line-range__L__gpt-5.6-sol/mechanism.json' mode='r' encoding='utf-8'>
  mech = json.load(open(mp, encoding="utf-8"))
ResourceWarning: Enable tracemalloc to get the object allocation traceback
/var/tmp/forge/cohort-fx/codex/report.py:57: ResourceWarning: unclosed file <_io.TextIOWrapper name='/var/tmp/forge/cohort-fx/codex/runs/T-02-study-row-line-range__L__gpt-6-astra/result.edn' mode='r' encoding='utf-8'>
  txt = open(r, encoding="utf-8").read()
ResourceWarning: Enable tracemalloc to get the object allocation traceback
/var/tmp/forge/cohort-fx/codex/report.py:62: ResourceWarning: unclosed file <_io.TextIOWrapper name='/var/tmp/forge/cohort-fx/codex/runs/T-02-study-row-line-range__L__gpt-6-astra/mechanism.json' mode='r' encoding='utf-8'>
  mech = json.load(open(mp, encoding="utf-8"))
ResourceWarning: Enable tracemalloc to get the object allocation traceback
/var/tmp/forge/cohort-fx/codex/report.py:57: ResourceWarning: unclosed file <_io.TextIOWrapper name='/var/tmp/forge/cohort-fx/codex/runs/T-02-study-row-line-range__M__gpt-5.6-sol/result.edn' mode='r' encoding='utf-8'>
  txt = open(r, encoding="utf-8").read()
ResourceWarning: Enable tracemalloc to get the object allocation traceback
/var/tmp/forge/cohort-fx/codex/report.py:62: ResourceWarning: unclosed file <_io.TextIOWrapper name='/var/tmp/forge/cohort-fx/codex/runs/T-02-study-row-line-range__M__gpt-5.6-sol/mechanism.json' mode='r' encoding='utf-8'>
  mech = json.load(open(mp, encoding="utf-8"))
ResourceWarning: Enable tracemalloc to get the object allocation traceback
/var/tmp/forge/cohort-fx/codex/report.py:57: ResourceWarning: unclosed file <_io.TextIOWrapper name='/var/tmp/forge/cohort-fx/codex/runs/T-02-study-row-line-range__M__gpt-6-astra/result.edn' mode='r' encoding='utf-8'>
  txt = open(r, encoding="utf-8").read()
ResourceWarning: Enable tracemalloc to get the object allocation traceback
/var/tmp/forge/cohort-fx/codex/report.py:62: ResourceWarning: unclosed file <_io.TextIOWrapper name='/var/tmp/forge/cohort-fx/codex/runs/T-02-study-row-line-range__M__gpt-6-astra/mechanism.json' mode='r' encoding='utf-8'>
  mech = json.load(open(mp, encoding="utf-8"))
ResourceWarning: Enable tracemalloc to get the object allocation traceback
/var/tmp/forge/cohort-fx/codex/report.py:57: ResourceWarning: unclosed file <_io.TextIOWrapper name='/var/tmp/forge/cohort-fx/codex/runs/T-02-study-row-line-range__P__gpt-5.6-sol/result.edn' mode='r' encoding='utf-8'>
  txt = open(r, encoding="utf-8").read()
ResourceWarning: Enable tracemalloc to get the object allocation traceback
/var/tmp/forge/cohort-fx/codex/report.py:62: ResourceWarning: unclosed file <_io.TextIOWrapper name='/var/tmp/forge/cohort-fx/codex/runs/T-02-study-row-line-range__P__gpt-5.6-sol/mechanism.json' mode='r' encoding='utf-8'>
  mech = json.load(open(mp, encoding="utf-8"))
ResourceWarning: Enable tracemalloc to get the object allocation traceback
/var/tmp/forge/cohort-fx/codex/report.py:57: ResourceWarning: unclosed file <_io.TextIOWrapper name='/var/tmp/forge/cohort-fx/codex/runs/T-02-study-row-line-range__P__gpt-6-astra/result.edn' mode='r' encoding='utf-8'>
  txt = open(r, encoding="utf-8").read()
ResourceWarning: Enable tracemalloc to get the object allocation traceback
/var/tmp/forge/cohort-fx/codex/report.py:62: ResourceWarning: unclosed file <_io.TextIOWrapper name='/var/tmp/forge/cohort-fx/codex/runs/T-02-study-row-line-range__P__gpt-6-astra/mechanism.json' mode='r' encoding='utf-8'>
  mech = json.load(open(mp, encoding="utf-8"))
ResourceWarning: Enable tracemalloc to get the object allocation traceback
/var/tmp/forge/cohort-fx/codex/report.py:57: ResourceWarning: unclosed file <_io.TextIOWrapper name='/var/tmp/forge/cohort-fx/codex/runs/T-02-study-row-line-range__X0__gpt-5.6-sol/result.edn' mode='r' encoding='utf-8'>
  txt = open(r, encoding="utf-8").read()
ResourceWarning: Enable tracemalloc to get the object allocation traceback
/var/tmp/forge/cohort-fx/codex/report.py:62: ResourceWarning: unclosed file <_io.TextIOWrapper name='/var/tmp/forge/cohort-fx/codex/runs/T-02-study-row-line-range__X0__gpt-5.6-sol/mechanism.json' mode='r' encoding='utf-8'>
  mech = json.load(open(mp, encoding="utf-8"))
ResourceWarning: Enable tracemalloc to get the object allocation traceback
/var/tmp/forge/cohort-fx/codex/report.py:57: ResourceWarning: unclosed file <_io.TextIOWrapper name='/var/tmp/forge/cohort-fx/codex/runs/T-02-study-row-line-range__X0__gpt-6-astra/result.edn' mode='r' encoding='utf-8'>
  txt = open(r, encoding="utf-8").read()
ResourceWarning: Enable tracemalloc to get the object allocation traceback
/var/tmp/forge/cohort-fx/codex/report.py:62: ResourceWarning: unclosed file <_io.TextIOWrapper name='/var/tmp/forge/cohort-fx/codex/runs/T-02-study-row-line-range__X0__gpt-6-astra/mechanism.json' mode='r' encoding='utf-8'>
  mech = json.load(open(mp, encoding="utf-8"))
ResourceWarning: Enable tracemalloc to get the object allocation traceback
/var/tmp/forge/cohort-fx/codex/report.py:57: ResourceWarning: unclosed file <_io.TextIOWrapper name='/var/tmp/forge/cohort-fx/codex/runs/T-02-study-row-line-range__X1__gpt-5.6-sol/result.edn' mode='r' encoding='utf-8'>
  txt = open(r, encoding="utf-8").read()
ResourceWarning: Enable tracemalloc to get the object allocation traceback
/var/tmp/forge/cohort-fx/codex/report.py:62: ResourceWarning: unclosed file <_io.TextIOWrapper name='/var/tmp/forge/cohort-fx/codex/runs/T-02-study-row-line-range__X1__gpt-5.6-sol/mechanism.json' mode='r' encoding='utf-8'>
  mech = json.load(open(mp, encoding="utf-8"))
ResourceWarning: Enable tracemalloc to get the object allocation traceback
/var/tmp/forge/cohort-fx/codex/report.py:57: ResourceWarning: unclosed file <_io.TextIOWrapper name='/var/tmp/forge/cohort-fx/codex/runs/T-02-study-row-line-range__X1__gpt-6-astra/result.edn' mode='r' encoding='utf-8'>
  txt = open(r, encoding="utf-8").read()
ResourceWarning: Enable tracemalloc to get the object allocation traceback
/var/tmp/forge/cohort-fx/codex/report.py:62: ResourceWarning: unclosed file <_io.TextIOWrapper name='/var/tmp/forge/cohort-fx/codex/runs/T-02-study-row-line-range__X1__gpt-6-astra/mechanism.json' mode='r' encoding='utf-8'>
  mech = json.load(open(mp, encoding="utf-8"))
ResourceWarning: Enable tracemalloc to get the object allocation traceback
/var/tmp/forge/cohort-fx/codex/report.py:57: ResourceWarning: unclosed file <_io.TextIOWrapper name='/var/tmp/forge/cohort-fx/codex/runs/T-03-alias-migration-kind-count__L__gpt-5.6-sol/result.edn' mode='r' encoding='utf-8'>
  txt = open(r, encoding="utf-8").read()
ResourceWarning: Enable tracemalloc to get the object allocation traceback
/var/tmp/forge/cohort-fx/codex/report.py:62: ResourceWarning: unclosed file <_io.TextIOWrapper name='/var/tmp/forge/cohort-fx/codex/runs/T-03-alias-migration-kind-count__L__gpt-5.6-sol/mechanism.json' mode='r' encoding='utf-8'>
  mech = json.load(open(mp, encoding="utf-8"))
ResourceWarning: Enable tracemalloc to get the object allocation traceback
/var/tmp/forge/cohort-fx/codex/report.py:57: ResourceWarning: unclosed file <_io.TextIOWrapper name='/var/tmp/forge/cohort-fx/codex/runs/T-03-alias-migration-kind-count__L__gpt-6-astra/result.edn' mode='r' encoding='utf-8'>
  txt = open(r, encoding="utf-8").read()
ResourceWarning: Enable tracemalloc to get the object allocation traceback
/var/tmp/forge/cohort-fx/codex/report.py:62: ResourceWarning: unclosed file <_io.TextIOWrapper name='/var/tmp/forge/cohort-fx/codex/runs/T-03-alias-migration-kind-count__L__gpt-6-astra/mechanism.json' mode='r' encoding='utf-8'>
  mech = json.load(open(mp, encoding="utf-8"))
ResourceWarning: Enable tracemalloc to get the object allocation traceback
/var/tmp/forge/cohort-fx/codex/report.py:57: ResourceWarning: unclosed file <_io.TextIOWrapper name='/var/tmp/forge/cohort-fx/codex/runs/T-03-alias-migration-kind-count__M__gpt-5.6-sol/result.edn' mode='r' encoding='utf-8'>
  txt = open(r, encoding="utf-8").read()
ResourceWarning: Enable tracemalloc to get the object allocation traceback
/var/tmp/forge/cohort-fx/codex/report.py:62: ResourceWarning: unclosed file <_io.TextIOWrapper name='/var/tmp/forge/cohort-fx/codex/runs/T-03-alias-migration-kind-count__M__gpt-5.6-sol/mechanism.json' mode='r' encoding='utf-8'>
  mech = json.load(open(mp, encoding="utf-8"))
ResourceWarning: Enable tracemalloc to get the object allocation traceback
/var/tmp/forge/cohort-fx/codex/report.py:57: ResourceWarning: unclosed file <_io.TextIOWrapper name='/var/tmp/forge/cohort-fx/codex/runs/T-03-alias-migration-kind-count__M__gpt-6-astra/result.edn' mode='r' encoding='utf-8'>
  txt = open(r, encoding="utf-8").read()
ResourceWarning: Enable tracemalloc to get the object allocation traceback
/var/tmp/forge/cohort-fx/codex/report.py:62: ResourceWarning: unclosed file <_io.TextIOWrapper name='/var/tmp/forge/cohort-fx/codex/runs/T-03-alias-migration-kind-count__M__gpt-6-astra/mechanism.json' mode='r' encoding='utf-8'>
  mech = json.load(open(mp, encoding="utf-8"))
ResourceWarning: Enable tracemalloc to get the object allocation traceback
/var/tmp/forge/cohort-fx/codex/report.py:57: ResourceWarning: unclosed file <_io.TextIOWrapper name='/var/tmp/forge/cohort-fx/codex/runs/T-03-alias-migration-kind-count__P__gpt-5.6-sol/result.edn' mode='r' encoding='utf-8'>
  txt = open(r, encoding="utf-8").read()
ResourceWarning: Enable tracemalloc to get the object allocation traceback
/var/tmp/forge/cohort-fx/codex/report.py:62: ResourceWarning: unclosed file <_io.TextIOWrapper name='/var/tmp/forge/cohort-fx/codex/runs/T-03-alias-migration-kind-count__P__gpt-5.6-sol/mechanism.json' mode='r' encoding='utf-8'>
  mech = json.load(open(mp, encoding="utf-8"))
ResourceWarning: Enable tracemalloc to get the object allocation traceback
/var/tmp/forge/cohort-fx/codex/report.py:57: ResourceWarning: unclosed file <_io.TextIOWrapper name='/var/tmp/forge/cohort-fx/codex/runs/T-03-alias-migration-kind-count__P__gpt-6-astra/result.edn' mode='r' encoding='utf-8'>
  txt = open(r, encoding="utf-8").read()
ResourceWarning: Enable tracemalloc to get the object allocation traceback
/var/tmp/forge/cohort-fx/codex/report.py:62: ResourceWarning: unclosed file <_io.TextIOWrapper name='/var/tmp/forge/cohort-fx/codex/runs/T-03-alias-migration-kind-count__P__gpt-6-astra/mechanism.json' mode='r' encoding='utf-8'>
  mech = json.load(open(mp, encoding="utf-8"))
ResourceWarning: Enable tracemalloc to get the object allocation traceback
/var/tmp/forge/cohort-fx/codex/report.py:57: ResourceWarning: unclosed file <_io.TextIOWrapper name='/var/tmp/forge/cohort-fx/codex/runs/T-03-alias-migration-kind-count__X0__gpt-5.6-sol/result.edn' mode='r' encoding='utf-8'>
  txt = open(r, encoding="utf-8").read()
ResourceWarning: Enable tracemalloc to get the object allocation traceback
/var/tmp/forge/cohort-fx/codex/report.py:62: ResourceWarning: unclosed file <_io.TextIOWrapper name='/var/tmp/forge/cohort-fx/codex/runs/T-03-alias-migration-kind-count__X0__gpt-5.6-sol/mechanism.json' mode='r' encoding='utf-8'>
  mech = json.load(open(mp, encoding="utf-8"))
ResourceWarning: Enable tracemalloc to get the object allocation traceback
/var/tmp/forge/cohort-fx/codex/report.py:57: ResourceWarning: unclosed file <_io.TextIOWrapper name='/var/tmp/forge/cohort-fx/codex/runs/T-03-alias-migration-kind-count__X0__gpt-6-astra/result.edn' mode='r' encoding='utf-8'>
  txt = open(r, encoding="utf-8").read()
ResourceWarning: Enable tracemalloc to get the object allocation traceback
/var/tmp/forge/cohort-fx/codex/report.py:62: ResourceWarning: unclosed file <_io.TextIOWrapper name='/var/tmp/forge/cohort-fx/codex/runs/T-03-alias-migration-kind-count__X0__gpt-6-astra/mechanism.json' mode='r' encoding='utf-8'>
  mech = json.load(open(mp, encoding="utf-8"))
ResourceWarning: Enable tracemalloc to get the object allocation traceback
/var/tmp/forge/cohort-fx/codex/report.py:57: ResourceWarning: unclosed file <_io.TextIOWrapper name='/var/tmp/forge/cohort-fx/codex/runs/T-03-alias-migration-kind-count__X1__gpt-5.6-sol/result.edn' mode='r' encoding='utf-8'>
  txt = open(r, encoding="utf-8").read()
ResourceWarning: Enable tracemalloc to get the object allocation traceback
/var/tmp/forge/cohort-fx/codex/report.py:62: ResourceWarning: unclosed file <_io.TextIOWrapper name='/var/tmp/forge/cohort-fx/codex/runs/T-03-alias-migration-kind-count__X1__gpt-5.6-sol/mechanism.json' mode='r' encoding='utf-8'>
  mech = json.load(open(mp, encoding="utf-8"))
ResourceWarning: Enable tracemalloc to get the object allocation traceback
/var/tmp/forge/cohort-fx/codex/report.py:57: ResourceWarning: unclosed file <_io.TextIOWrapper name='/var/tmp/forge/cohort-fx/codex/runs/T-03-alias-migration-kind-count__X1__gpt-6-astra/result.edn' mode='r' encoding='utf-8'>
  txt = open(r, encoding="utf-8").read()
ResourceWarning: Enable tracemalloc to get the object allocation traceback
/var/tmp/forge/cohort-fx/codex/report.py:62: ResourceWarning: unclosed file <_io.TextIOWrapper name='/var/tmp/forge/cohort-fx/codex/runs/T-03-alias-migration-kind-count__X1__gpt-6-astra/mechanism.json' mode='r' encoding='utf-8'>
  mech = json.load(open(mp, encoding="utf-8"))
ResourceWarning: Enable tracemalloc to get the object allocation traceback
/var/tmp/forge/cohort-fx/codex/report.py:57: ResourceWarning: unclosed file <_io.TextIOWrapper name='/var/tmp/forge/cohort-fx/codex/runs/T-04-lane-manifest-total__L__gpt-5.6-sol/result.edn' mode='r' encoding='utf-8'>
  txt = open(r, encoding="utf-8").read()
ResourceWarning: Enable tracemalloc to get the object allocation traceback
/var/tmp/forge/cohort-fx/codex/report.py:62: ResourceWarning: unclosed file <_io.TextIOWrapper name='/var/tmp/forge/cohort-fx/codex/runs/T-04-lane-manifest-total__L__gpt-5.6-sol/mechanism.json' mode='r' encoding='utf-8'>
  mech = json.load(open(mp, encoding="utf-8"))
ResourceWarning: Enable tracemalloc to get the object allocation traceback
/var/tmp/forge/cohort-fx/codex/report.py:57: ResourceWarning: unclosed file <_io.TextIOWrapper name='/var/tmp/forge/cohort-fx/codex/runs/T-04-lane-manifest-total__L__gpt-6-astra/result.edn' mode='r' encoding='utf-8'>
  txt = open(r, encoding="utf-8").read()
ResourceWarning: Enable tracemalloc to get the object allocation traceback
/var/tmp/forge/cohort-fx/codex/report.py:62: ResourceWarning: unclosed file <_io.TextIOWrapper name='/var/tmp/forge/cohort-fx/codex/runs/T-04-lane-manifest-total__L__gpt-6-astra/mechanism.json' mode='r' encoding='utf-8'>
  mech = json.load(open(mp, encoding="utf-8"))
ResourceWarning: Enable tracemalloc to get the object allocation traceback
/var/tmp/forge/cohort-fx/codex/report.py:57: ResourceWarning: unclosed file <_io.TextIOWrapper name='/var/tmp/forge/cohort-fx/codex/runs/T-04-lane-manifest-total__M__gpt-5.6-sol/result.edn' mode='r' encoding='utf-8'>
  txt = open(r, encoding="utf-8").read()
ResourceWarning: Enable tracemalloc to get the object allocation traceback
/var/tmp/forge/cohort-fx/codex/report.py:62: ResourceWarning: unclosed file <_io.TextIOWrapper name='/var/tmp/forge/cohort-fx/codex/runs/T-04-lane-manifest-total__M__gpt-5.6-sol/mechanism.json' mode='r' encoding='utf-8'>
  mech = json.load(open(mp, encoding="utf-8"))
ResourceWarning: Enable tracemalloc to get the object allocation traceback
/var/tmp/forge/cohort-fx/codex/report.py:57: ResourceWarning: unclosed file <_io.TextIOWrapper name='/var/tmp/forge/cohort-fx/codex/runs/T-04-lane-manifest-total__M__gpt-6-astra/result.edn' mode='r' encoding='utf-8'>
  txt = open(r, encoding="utf-8").read()
ResourceWarning: Enable tracemalloc to get the object allocation traceback
/var/tmp/forge/cohort-fx/codex/report.py:62: ResourceWarning: unclosed file <_io.TextIOWrapper name='/var/tmp/forge/cohort-fx/codex/runs/T-04-lane-manifest-total__M__gpt-6-astra/mechanism.json' mode='r' encoding='utf-8'>
  mech = json.load(open(mp, encoding="utf-8"))
ResourceWarning: Enable tracemalloc to get the object allocation traceback
/var/tmp/forge/cohort-fx/codex/report.py:57: ResourceWarning: unclosed file <_io.TextIOWrapper name='/var/tmp/forge/cohort-fx/codex/runs/T-04-lane-manifest-total__P__gpt-5.6-sol/result.edn' mode='r' encoding='utf-8'>
  txt = open(r, encoding="utf-8").read()
ResourceWarning: Enable tracemalloc to get the object allocation traceback
/var/tmp/forge/cohort-fx/codex/report.py:62: ResourceWarning: unclosed file <_io.TextIOWrapper name='/var/tmp/forge/cohort-fx/codex/runs/T-04-lane-manifest-total__P__gpt-5.6-sol/mechanism.json' mode='r' encoding='utf-8'>
  mech = json.load(open(mp, encoding="utf-8"))
ResourceWarning: Enable tracemalloc to get the object allocation traceback
/var/tmp/forge/cohort-fx/codex/report.py:57: ResourceWarning: unclosed file <_io.TextIOWrapper name='/var/tmp/forge/cohort-fx/codex/runs/T-04-lane-manifest-total__P__gpt-6-astra/result.edn' mode='r' encoding='utf-8'>
  txt = open(r, encoding="utf-8").read()
ResourceWarning: Enable tracemalloc to get the object allocation traceback
/var/tmp/forge/cohort-fx/codex/report.py:62: ResourceWarning: unclosed file <_io.TextIOWrapper name='/var/tmp/forge/cohort-fx/codex/runs/T-04-lane-manifest-total__P__gpt-6-astra/mechanism.json' mode='r' encoding='utf-8'>
  mech = json.load(open(mp, encoding="utf-8"))
ResourceWarning: Enable tracemalloc to get the object allocation traceback
/var/tmp/forge/cohort-fx/codex/report.py:57: ResourceWarning: unclosed file <_io.TextIOWrapper name='/var/tmp/forge/cohort-fx/codex/runs/T-04-lane-manifest-total__X0__gpt-5.6-sol/result.edn' mode='r' encoding='utf-8'>
  txt = open(r, encoding="utf-8").read()
ResourceWarning: Enable tracemalloc to get the object allocation traceback
/var/tmp/forge/cohort-fx/codex/report.py:62: ResourceWarning: unclosed file <_io.TextIOWrapper name='/var/tmp/forge/cohort-fx/codex/runs/T-04-lane-manifest-total__X0__gpt-5.6-sol/mechanism.json' mode='r' encoding='utf-8'>
  mech = json.load(open(mp, encoding="utf-8"))
ResourceWarning: Enable tracemalloc to get the object allocation traceback
/var/tmp/forge/cohort-fx/codex/report.py:57: ResourceWarning: unclosed file <_io.TextIOWrapper name='/var/tmp/forge/cohort-fx/codex/runs/T-04-lane-manifest-total__X0__gpt-6-astra/result.edn' mode='r' encoding='utf-8'>
  txt = open(r, encoding="utf-8").read()
ResourceWarning: Enable tracemalloc to get the object allocation traceback
/var/tmp/forge/cohort-fx/codex/report.py:62: ResourceWarning: unclosed file <_io.TextIOWrapper name='/var/tmp/forge/cohort-fx/codex/runs/T-04-lane-manifest-total__X0__gpt-6-astra/mechanism.json' mode='r' encoding='utf-8'>
  mech = json.load(open(mp, encoding="utf-8"))
ResourceWarning: Enable tracemalloc to get the object allocation traceback
/var/tmp/forge/cohort-fx/codex/report.py:57: ResourceWarning: unclosed file <_io.TextIOWrapper name='/var/tmp/forge/cohort-fx/codex/runs/T-04-lane-manifest-total__X1__gpt-5.6-sol/result.edn' mode='r' encoding='utf-8'>
  txt = open(r, encoding="utf-8").read()
ResourceWarning: Enable tracemalloc to get the object allocation traceback
/var/tmp/forge/cohort-fx/codex/report.py:62: ResourceWarning: unclosed file <_io.TextIOWrapper name='/var/tmp/forge/cohort-fx/codex/runs/T-04-lane-manifest-total__X1__gpt-5.6-sol/mechanism.json' mode='r' encoding='utf-8'>
  mech = json.load(open(mp, encoding="utf-8"))
ResourceWarning: Enable tracemalloc to get the object allocation traceback
/var/tmp/forge/cohort-fx/codex/report.py:57: ResourceWarning: unclosed file <_io.TextIOWrapper name='/var/tmp/forge/cohort-fx/codex/runs/T-04-lane-manifest-total__X1__gpt-6-astra/result.edn' mode='r' encoding='utf-8'>
  txt = open(r, encoding="utf-8").read()
ResourceWarning: Enable tracemalloc to get the object allocation traceback
/var/tmp/forge/cohort-fx/codex/report.py:62: ResourceWarning: unclosed file <_io.TextIOWrapper name='/var/tmp/forge/cohort-fx/codex/runs/T-04-lane-manifest-total__X1__gpt-6-astra/mechanism.json' mode='r' encoding='utf-8'>
  mech = json.load(open(mp, encoding="utf-8"))
ResourceWarning: Enable tracemalloc to get the object allocation traceback
/var/tmp/forge/cohort-fx/codex/report.py:57: ResourceWarning: unclosed file <_io.TextIOWrapper name='/var/tmp/forge/cohort-fx/codex/runs/example-R-e4__L__gpt-5.6-sol/result.edn' mode='r' encoding='utf-8'>
  txt = open(r, encoding="utf-8").read()
ResourceWarning: Enable tracemalloc to get the object allocation traceback
/var/tmp/forge/cohort-fx/codex/report.py:62: ResourceWarning: unclosed file <_io.TextIOWrapper name='/var/tmp/forge/cohort-fx/codex/runs/example-R-e4__L__gpt-5.6-sol/mechanism.json' mode='r' encoding='utf-8'>
  mech = json.load(open(mp, encoding="utf-8"))
ResourceWarning: Enable tracemalloc to get the object allocation traceback
/var/tmp/forge/cohort-fx/codex/report.py:57: ResourceWarning: unclosed file <_io.TextIOWrapper name='/var/tmp/forge/cohort-fx/codex/runs/example-R-e4__L__gpt-6-astra/result.edn' mode='r' encoding='utf-8'>
  txt = open(r, encoding="utf-8").read()
ResourceWarning: Enable tracemalloc to get the object allocation traceback
/var/tmp/forge/cohort-fx/codex/report.py:62: ResourceWarning: unclosed file <_io.TextIOWrapper name='/var/tmp/forge/cohort-fx/codex/runs/example-R-e4__L__gpt-6-astra/mechanism.json' mode='r' encoding='utf-8'>
  mech = json.load(open(mp, encoding="utf-8"))
ResourceWarning: Enable tracemalloc to get the object allocation traceback
/var/tmp/forge/cohort-fx/codex/report.py:57: ResourceWarning: unclosed file <_io.TextIOWrapper name='/var/tmp/forge/cohort-fx/codex/runs/example-R-e4__M__gpt-5.6-sol/result.edn' mode='r' encoding='utf-8'>
  txt = open(r, encoding="utf-8").read()
ResourceWarning: Enable tracemalloc to get the object allocation traceback
/var/tmp/forge/cohort-fx/codex/report.py:62: ResourceWarning: unclosed file <_io.TextIOWrapper name='/var/tmp/forge/cohort-fx/codex/runs/example-R-e4__M__gpt-5.6-sol/mechanism.json' mode='r' encoding='utf-8'>
  mech = json.load(open(mp, encoding="utf-8"))
ResourceWarning: Enable tracemalloc to get the object allocation traceback
/var/tmp/forge/cohort-fx/codex/report.py:57: ResourceWarning: unclosed file <_io.TextIOWrapper name='/var/tmp/forge/cohort-fx/codex/runs/example-R-e4__M__gpt-6-astra/result.edn' mode='r' encoding='utf-8'>
  txt = open(r, encoding="utf-8").read()
ResourceWarning: Enable tracemalloc to get the object allocation traceback
/var/tmp/forge/cohort-fx/codex/report.py:62: ResourceWarning: unclosed file <_io.TextIOWrapper name='/var/tmp/forge/cohort-fx/codex/runs/example-R-e4__M__gpt-6-astra/mechanism.json' mode='r' encoding='utf-8'>
  mech = json.load(open(mp, encoding="utf-8"))
ResourceWarning: Enable tracemalloc to get the object allocation traceback
/var/tmp/forge/cohort-fx/codex/report.py:57: ResourceWarning: unclosed file <_io.TextIOWrapper name='/var/tmp/forge/cohort-fx/codex/runs/example-R-e4__P__gpt-5.6-sol/result.edn' mode='r' encoding='utf-8'>
  txt = open(r, encoding="utf-8").read()
ResourceWarning: Enable tracemalloc to get the object allocation traceback
/var/tmp/forge/cohort-fx/codex/report.py:62: ResourceWarning: unclosed file <_io.TextIOWrapper name='/var/tmp/forge/cohort-fx/codex/runs/example-R-e4__P__gpt-5.6-sol/mechanism.json' mode='r' encoding='utf-8'>
  mech = json.load(open(mp, encoding="utf-8"))
ResourceWarning: Enable tracemalloc to get the object allocation traceback
/var/tmp/forge/cohort-fx/codex/report.py:57: ResourceWarning: unclosed file <_io.TextIOWrapper name='/var/tmp/forge/cohort-fx/codex/runs/example-R-e4__P__gpt-6-astra/result.edn' mode='r' encoding='utf-8'>
  txt = open(r, encoding="utf-8").read()
ResourceWarning: Enable tracemalloc to get the object allocation traceback
/var/tmp/forge/cohort-fx/codex/report.py:62: ResourceWarning: unclosed file <_io.TextIOWrapper name='/var/tmp/forge/cohort-fx/codex/runs/example-R-e4__P__gpt-6-astra/mechanism.json' mode='r' encoding='utf-8'>
  mech = json.load(open(mp, encoding="utf-8"))
ResourceWarning: Enable tracemalloc to get the object allocation traceback
/var/tmp/forge/cohort-fx/codex/report.py:57: ResourceWarning: unclosed file <_io.TextIOWrapper name='/var/tmp/forge/cohort-fx/codex/runs/example-R-e4__X0__gpt-5.6-sol/result.edn' mode='r' encoding='utf-8'>
  txt = open(r, encoding="utf-8").read()
ResourceWarning: Enable tracemalloc to get the object allocation traceback
/var/tmp/forge/cohort-fx/codex/report.py:62: ResourceWarning: unclosed file <_io.TextIOWrapper name='/var/tmp/forge/cohort-fx/codex/runs/example-R-e4__X0__gpt-5.6-sol/mechanism.json' mode='r' encoding='utf-8'>
  mech = json.load(open(mp, encoding="utf-8"))
ResourceWarning: Enable tracemalloc to get the object allocation traceback
/var/tmp/forge/cohort-fx/codex/report.py:57: ResourceWarning: unclosed file <_io.TextIOWrapper name='/var/tmp/forge/cohort-fx/codex/runs/example-R-e4__X0__gpt-6-astra/result.edn' mode='r' encoding='utf-8'>
  txt = open(r, encoding="utf-8").read()
ResourceWarning: Enable tracemalloc to get the object allocation traceback
/var/tmp/forge/cohort-fx/codex/report.py:62: ResourceWarning: unclosed file <_io.TextIOWrapper name='/var/tmp/forge/cohort-fx/codex/runs/example-R-e4__X0__gpt-6-astra/mechanism.json' mode='r' encoding='utf-8'>
  mech = json.load(open(mp, encoding="utf-8"))
ResourceWarning: Enable tracemalloc to get the object allocation traceback
/var/tmp/forge/cohort-fx/codex/report.py:57: ResourceWarning: unclosed file <_io.TextIOWrapper name='/var/tmp/forge/cohort-fx/codex/runs/example-R-e4__X1__gpt-5.6-sol/result.edn' mode='r' encoding='utf-8'>
  txt = open(r, encoding="utf-8").read()
ResourceWarning: Enable tracemalloc to get the object allocation traceback
/var/tmp/forge/cohort-fx/codex/report.py:62: ResourceWarning: unclosed file <_io.TextIOWrapper name='/var/tmp/forge/cohort-fx/codex/runs/example-R-e4__X1__gpt-5.6-sol/mechanism.json' mode='r' encoding='utf-8'>
  mech = json.load(open(mp, encoding="utf-8"))
ResourceWarning: Enable tracemalloc to get the object allocation traceback
/var/tmp/forge/cohort-fx/codex/report.py:57: ResourceWarning: unclosed file <_io.TextIOWrapper name='/var/tmp/forge/cohort-fx/codex/runs/example-R-e4__X1__gpt-6-astra/result.edn' mode='r' encoding='utf-8'>
  txt = open(r, encoding="utf-8").read()
ResourceWarning: Enable tracemalloc to get the object allocation traceback
/var/tmp/forge/cohort-fx/codex/report.py:62: ResourceWarning: unclosed file <_io.TextIOWrapper name='/var/tmp/forge/cohort-fx/codex/runs/example-R-e4__X1__gpt-6-astra/mechanism.json' mode='r' encoding='utf-8'>
  mech = json.load(open(mp, encoding="utf-8"))
ResourceWarning: Enable tracemalloc to get the object allocation traceback
/var/tmp/forge/cohort-fx/codex/report.py:57: ResourceWarning: unclosed file <_io.TextIOWrapper name='/var/tmp/forge/cohort-fx/codex/runs/I-01-mission-cli-stale__L__gpt-5.6-sol/result.edn' mode='r' encoding='utf-8'>
  txt = open(r, encoding="utf-8").read()
ResourceWarning: Enable tracemalloc to get the object allocation traceback
/var/tmp/forge/cohort-fx/codex/report.py:62: ResourceWarning: unclosed file <_io.TextIOWrapper name='/var/tmp/forge/cohort-fx/codex/runs/I-01-mission-cli-stale__L__gpt-5.6-sol/mechanism.json' mode='r' encoding='utf-8'>
  mech = json.load(open(mp, encoding="utf-8"))
ResourceWarning: Enable tracemalloc to get the object allocation traceback
/var/tmp/forge/cohort-fx/codex/report.py:57: ResourceWarning: unclosed file <_io.TextIOWrapper name='/var/tmp/forge/cohort-fx/codex/runs/I-01-mission-cli-stale__L__gpt-6-astra/result.edn' mode='r' encoding='utf-8'>
  txt = open(r, encoding="utf-8").read()
ResourceWarning: Enable tracemalloc to get the object allocation traceback
/var/tmp/forge/cohort-fx/codex/report.py:62: ResourceWarning: unclosed file <_io.TextIOWrapper name='/var/tmp/forge/cohort-fx/codex/runs/I-01-mission-cli-stale__L__gpt-6-astra/mechanism.json' mode='r' encoding='utf-8'>
  mech = json.load(open(mp, encoding="utf-8"))
ResourceWarning: Enable tracemalloc to get the object allocation traceback
/var/tmp/forge/cohort-fx/codex/report.py:57: ResourceWarning: unclosed file <_io.TextIOWrapper name='/var/tmp/forge/cohort-fx/codex/runs/I-01-mission-cli-stale__M__gpt-5.6-sol/result.edn' mode='r' encoding='utf-8'>
  txt = open(r, encoding="utf-8").read()
ResourceWarning: Enable tracemalloc to get the object allocation traceback
/var/tmp/forge/cohort-fx/codex/report.py:62: ResourceWarning: unclosed file <_io.TextIOWrapper name='/var/tmp/forge/cohort-fx/codex/runs/I-01-mission-cli-stale__M__gpt-5.6-sol/mechanism.json' mode='r' encoding='utf-8'>
  mech = json.load(open(mp, encoding="utf-8"))
ResourceWarning: Enable tracemalloc to get the object allocation traceback
/var/tmp/forge/cohort-fx/codex/report.py:57: ResourceWarning: unclosed file <_io.TextIOWrapper name='/var/tmp/forge/cohort-fx/codex/runs/I-01-mission-cli-stale__M__gpt-6-astra/result.edn' mode='r' encoding='utf-8'>
  txt = open(r, encoding="utf-8").read()
ResourceWarning: Enable tracemalloc to get the object allocation traceback
/var/tmp/forge/cohort-fx/codex/report.py:62: ResourceWarning: unclosed file <_io.TextIOWrapper name='/var/tmp/forge/cohort-fx/codex/runs/I-01-mission-cli-stale__M__gpt-6-astra/mechanism.json' mode='r' encoding='utf-8'>
  mech = json.load(open(mp, encoding="utf-8"))
ResourceWarning: Enable tracemalloc to get the object allocation traceback
/var/tmp/forge/cohort-fx/codex/report.py:57: ResourceWarning: unclosed file <_io.TextIOWrapper name='/var/tmp/forge/cohort-fx/codex/runs/I-01-mission-cli-stale__P__gpt-5.6-sol/result.edn' mode='r' encoding='utf-8'>
  txt = open(r, encoding="utf-8").read()
ResourceWarning: Enable tracemalloc to get the object allocation traceback
/var/tmp/forge/cohort-fx/codex/report.py:62: ResourceWarning: unclosed file <_io.TextIOWrapper name='/var/tmp/forge/cohort-fx/codex/runs/I-01-mission-cli-stale__P__gpt-5.6-sol/mechanism.json' mode='r' encoding='utf-8'>
  mech = json.load(open(mp, encoding="utf-8"))
ResourceWarning: Enable tracemalloc to get the object allocation traceback
/var/tmp/forge/cohort-fx/codex/report.py:57: ResourceWarning: unclosed file <_io.TextIOWrapper name='/var/tmp/forge/cohort-fx/codex/runs/I-01-mission-cli-stale__P__gpt-6-astra/result.edn' mode='r' encoding='utf-8'>
  txt = open(r, encoding="utf-8").read()
ResourceWarning: Enable tracemalloc to get the object allocation traceback
/var/tmp/forge/cohort-fx/codex/report.py:62: ResourceWarning: unclosed file <_io.TextIOWrapper name='/var/tmp/forge/cohort-fx/codex/runs/I-01-mission-cli-stale__P__gpt-6-astra/mechanism.json' mode='r' encoding='utf-8'>
  mech = json.load(open(mp, encoding="utf-8"))
ResourceWarning: Enable tracemalloc to get the object allocation traceback
/var/tmp/forge/cohort-fx/codex/report.py:57: ResourceWarning: unclosed file <_io.TextIOWrapper name='/var/tmp/forge/cohort-fx/codex/runs/I-01-mission-cli-stale__X0__gpt-5.6-sol/result.edn' mode='r' encoding='utf-8'>
  txt = open(r, encoding="utf-8").read()
ResourceWarning: Enable tracemalloc to get the object allocation traceback
/var/tmp/forge/cohort-fx/codex/report.py:62: ResourceWarning: unclosed file <_io.TextIOWrapper name='/var/tmp/forge/cohort-fx/codex/runs/I-01-mission-cli-stale__X0__gpt-5.6-sol/mechanism.json' mode='r' encoding='utf-8'>
  mech = json.load(open(mp, encoding="utf-8"))
ResourceWarning: Enable tracemalloc to get the object allocation traceback
/var/tmp/forge/cohort-fx/codex/report.py:57: ResourceWarning: unclosed file <_io.TextIOWrapper name='/var/tmp/forge/cohort-fx/codex/runs/I-01-mission-cli-stale__X0__gpt-6-astra/result.edn' mode='r' encoding='utf-8'>
  txt = open(r, encoding="utf-8").read()
ResourceWarning: Enable tracemalloc to get the object allocation traceback
/var/tmp/forge/cohort-fx/codex/report.py:62: ResourceWarning: unclosed file <_io.TextIOWrapper name='/var/tmp/forge/cohort-fx/codex/runs/I-01-mission-cli-stale__X0__gpt-6-astra/mechanism.json' mode='r' encoding='utf-8'>
  mech = json.load(open(mp, encoding="utf-8"))
ResourceWarning: Enable tracemalloc to get the object allocation traceback
/var/tmp/forge/cohort-fx/codex/report.py:57: ResourceWarning: unclosed file <_io.TextIOWrapper name='/var/tmp/forge/cohort-fx/codex/runs/I-01-mission-cli-stale__X1__gpt-5.6-sol/result.edn' mode='r' encoding='utf-8'>
  txt = open(r, encoding="utf-8").read()
ResourceWarning: Enable tracemalloc to get the object allocation traceback
/var/tmp/forge/cohort-fx/codex/report.py:62: ResourceWarning: unclosed file <_io.TextIOWrapper name='/var/tmp/forge/cohort-fx/codex/runs/I-01-mission-cli-stale__X1__gpt-5.6-sol/mechanism.json' mode='r' encoding='utf-8'>
  mech = json.load(open(mp, encoding="utf-8"))
ResourceWarning: Enable tracemalloc to get the object allocation traceback
/var/tmp/forge/cohort-fx/codex/report.py:57: ResourceWarning: unclosed file <_io.TextIOWrapper name='/var/tmp/forge/cohort-fx/codex/runs/I-01-mission-cli-stale__X1__gpt-6-astra/result.edn' mode='r' encoding='utf-8'>
  txt = open(r, encoding="utf-8").read()
ResourceWarning: Enable tracemalloc to get the object allocation traceback
/var/tmp/forge/cohort-fx/codex/report.py:62: ResourceWarning: unclosed file <_io.TextIOWrapper name='/var/tmp/forge/cohort-fx/codex/runs/I-01-mission-cli-stale__X1__gpt-6-astra/mechanism.json' mode='r' encoding='utf-8'>
  mech = json.load(open(mp, encoding="utf-8"))
ResourceWarning: Enable tracemalloc to get the object allocation traceback
/var/tmp/forge/cohort-fx/codex/report.py:57: ResourceWarning: unclosed file <_io.TextIOWrapper name='/var/tmp/forge/cohort-fx/codex/runs/I-02-mission-cli-admitted-profiles__L__gpt-5.6-sol/result.edn' mode='r' encoding='utf-8'>
  txt = open(r, encoding="utf-8").read()
ResourceWarning: Enable tracemalloc to get the object allocation traceback
/var/tmp/forge/cohort-fx/codex/report.py:62: ResourceWarning: unclosed file <_io.TextIOWrapper name='/var/tmp/forge/cohort-fx/codex/runs/I-02-mission-cli-admitted-profiles__L__gpt-5.6-sol/mechanism.json' mode='r' encoding='utf-8'>
  mech = json.load(open(mp, encoding="utf-8"))
ResourceWarning: Enable tracemalloc to get the object allocation traceback
/var/tmp/forge/cohort-fx/codex/report.py:57: ResourceWarning: unclosed file <_io.TextIOWrapper name='/var/tmp/forge/cohort-fx/codex/runs/I-02-mission-cli-admitted-profiles__L__gpt-6-astra/result.edn' mode='r' encoding='utf-8'>
  txt = open(r, encoding="utf-8").read()
ResourceWarning: Enable tracemalloc to get the object allocation traceback
/var/tmp/forge/cohort-fx/codex/report.py:62: ResourceWarning: unclosed file <_io.TextIOWrapper name='/var/tmp/forge/cohort-fx/codex/runs/I-02-mission-cli-admitted-profiles__L__gpt-6-astra/mechanism.json' mode='r' encoding='utf-8'>
  mech = json.load(open(mp, encoding="utf-8"))
ResourceWarning: Enable tracemalloc to get the object allocation traceback
/var/tmp/forge/cohort-fx/codex/report.py:57: ResourceWarning: unclosed file <_io.TextIOWrapper name='/var/tmp/forge/cohort-fx/codex/runs/I-02-mission-cli-admitted-profiles__M__gpt-5.6-sol/result.edn' mode='r' encoding='utf-8'>
  txt = open(r, encoding="utf-8").read()
ResourceWarning: Enable tracemalloc to get the object allocation traceback
/var/tmp/forge/cohort-fx/codex/report.py:62: ResourceWarning: unclosed file <_io.TextIOWrapper name='/var/tmp/forge/cohort-fx/codex/runs/I-02-mission-cli-admitted-profiles__M__gpt-5.6-sol/mechanism.json' mode='r' encoding='utf-8'>
  mech = json.load(open(mp, encoding="utf-8"))
ResourceWarning: Enable tracemalloc to get the object allocation traceback
/var/tmp/forge/cohort-fx/codex/report.py:57: ResourceWarning: unclosed file <_io.TextIOWrapper name='/var/tmp/forge/cohort-fx/codex/runs/I-02-mission-cli-admitted-profiles__M__gpt-6-astra/result.edn' mode='r' encoding='utf-8'>
  txt = open(r, encoding="utf-8").read()
ResourceWarning: Enable tracemalloc to get the object allocation traceback
/var/tmp/forge/cohort-fx/codex/report.py:62: ResourceWarning: unclosed file <_io.TextIOWrapper name='/var/tmp/forge/cohort-fx/codex/runs/I-02-mission-cli-admitted-profiles__M__gpt-6-astra/mechanism.json' mode='r' encoding='utf-8'>
  mech = json.load(open(mp, encoding="utf-8"))
ResourceWarning: Enable tracemalloc to get the object allocation traceback
/var/tmp/forge/cohort-fx/codex/report.py:57: ResourceWarning: unclosed file <_io.TextIOWrapper name='/var/tmp/forge/cohort-fx/codex/runs/I-02-mission-cli-admitted-profiles__P__gpt-5.6-sol/result.edn' mode='r' encoding='utf-8'>
  txt = open(r, encoding="utf-8").read()
ResourceWarning: Enable tracemalloc to get the object allocation traceback
/var/tmp/forge/cohort-fx/codex/report.py:62: ResourceWarning: unclosed file <_io.TextIOWrapper name='/var/tmp/forge/cohort-fx/codex/runs/I-02-mission-cli-admitted-profiles__P__gpt-5.6-sol/mechanism.json' mode='r' encoding='utf-8'>
  mech = json.load(open(mp, encoding="utf-8"))
ResourceWarning: Enable tracemalloc to get the object allocation traceback
/var/tmp/forge/cohort-fx/codex/report.py:57: ResourceWarning: unclosed file <_io.TextIOWrapper name='/var/tmp/forge/cohort-fx/codex/runs/I-02-mission-cli-admitted-profiles__P__gpt-6-astra/result.edn' mode='r' encoding='utf-8'>
  txt = open(r, encoding="utf-8").read()
ResourceWarning: Enable tracemalloc to get the object allocation traceback
/var/tmp/forge/cohort-fx/codex/report.py:62: ResourceWarning: unclosed file <_io.TextIOWrapper name='/var/tmp/forge/cohort-fx/codex/runs/I-02-mission-cli-admitted-profiles__P__gpt-6-astra/mechanism.json' mode='r' encoding='utf-8'>
  mech = json.load(open(mp, encoding="utf-8"))
ResourceWarning: Enable tracemalloc to get the object allocation traceback
/var/tmp/forge/cohort-fx/codex/report.py:57: ResourceWarning: unclosed file <_io.TextIOWrapper name='/var/tmp/forge/cohort-fx/codex/runs/I-02-mission-cli-admitted-profiles__X0__gpt-5.6-sol/result.edn' mode='r' encoding='utf-8'>
  txt = open(r, encoding="utf-8").read()
ResourceWarning: Enable tracemalloc to get the object allocation traceback
/var/tmp/forge/cohort-fx/codex/report.py:62: ResourceWarning: unclosed file <_io.TextIOWrapper name='/var/tmp/forge/cohort-fx/codex/runs/I-02-mission-cli-admitted-profiles__X0__gpt-5.6-sol/mechanism.json' mode='r' encoding='utf-8'>
  mech = json.load(open(mp, encoding="utf-8"))
ResourceWarning: Enable tracemalloc to get the object allocation traceback
/var/tmp/forge/cohort-fx/codex/report.py:57: ResourceWarning: unclosed file <_io.TextIOWrapper name='/var/tmp/forge/cohort-fx/codex/runs/I-02-mission-cli-admitted-profiles__X0__gpt-6-astra/result.edn' mode='r' encoding='utf-8'>
  txt = open(r, encoding="utf-8").read()
ResourceWarning: Enable tracemalloc to get the object allocation traceback
/var/tmp/forge/cohort-fx/codex/report.py:62: ResourceWarning: unclosed file <_io.TextIOWrapper name='/var/tmp/forge/cohort-fx/codex/runs/I-02-mission-cli-admitted-profiles__X0__gpt-6-astra/mechanism.json' mode='r' encoding='utf-8'>
  mech = json.load(open(mp, encoding="utf-8"))
ResourceWarning: Enable tracemalloc to get the object allocation traceback
/var/tmp/forge/cohort-fx/codex/report.py:57: ResourceWarning: unclosed file <_io.TextIOWrapper name='/var/tmp/forge/cohort-fx/codex/runs/I-02-mission-cli-admitted-profiles__X1__gpt-5.6-sol/result.edn' mode='r' encoding='utf-8'>
  txt = open(r, encoding="utf-8").read()
ResourceWarning: Enable tracemalloc to get the object allocation traceback
/var/tmp/forge/cohort-fx/codex/report.py:62: ResourceWarning: unclosed file <_io.TextIOWrapper name='/var/tmp/forge/cohort-fx/codex/runs/I-02-mission-cli-admitted-profiles__X1__gpt-5.6-sol/mechanism.json' mode='r' encoding='utf-8'>
  mech = json.load(open(mp, encoding="utf-8"))
ResourceWarning: Enable tracemalloc to get the object allocation traceback
/var/tmp/forge/cohort-fx/codex/report.py:57: ResourceWarning: unclosed file <_io.TextIOWrapper name='/var/tmp/forge/cohort-fx/codex/runs/I-02-mission-cli-admitted-profiles__X1__gpt-6-astra/result.edn' mode='r' encoding='utf-8'>
  txt = open(r, encoding="utf-8").read()
ResourceWarning: Enable tracemalloc to get the object allocation traceback
/var/tmp/forge/cohort-fx/codex/report.py:62: ResourceWarning: unclosed file <_io.TextIOWrapper name='/var/tmp/forge/cohort-fx/codex/runs/I-02-mission-cli-admitted-profiles__X1__gpt-6-astra/mechanism.json' mode='r' encoding='utf-8'>
  mech = json.load(open(mp, encoding="utf-8"))
ResourceWarning: Enable tracemalloc to get the object allocation traceback
/var/tmp/forge/cohort-fx/codex/report.py:57: ResourceWarning: unclosed file <_io.TextIOWrapper name='/var/tmp/forge/cohort-fx/codex/runs/I-03-heap-sample-retention__L__gpt-5.6-sol/result.edn' mode='r' encoding='utf-8'>
  txt = open(r, encoding="utf-8").read()
ResourceWarning: Enable tracemalloc to get the object allocation traceback
/var/tmp/forge/cohort-fx/codex/report.py:62: ResourceWarning: unclosed file <_io.TextIOWrapper name='/var/tmp/forge/cohort-fx/codex/runs/I-03-heap-sample-retention__L__gpt-5.6-sol/mechanism.json' mode='r' encoding='utf-8'>
  mech = json.load(open(mp, encoding="utf-8"))
ResourceWarning: Enable tracemalloc to get the object allocation traceback
/var/tmp/forge/cohort-fx/codex/report.py:57: ResourceWarning: unclosed file <_io.TextIOWrapper name='/var/tmp/forge/cohort-fx/codex/runs/I-03-heap-sample-retention__L__gpt-6-astra/result.edn' mode='r' encoding='utf-8'>
  txt = open(r, encoding="utf-8").read()
ResourceWarning: Enable tracemalloc to get the object allocation traceback
/var/tmp/forge/cohort-fx/codex/report.py:62: ResourceWarning: unclosed file <_io.TextIOWrapper name='/var/tmp/forge/cohort-fx/codex/runs/I-03-heap-sample-retention__L__gpt-6-astra/mechanism.json' mode='r' encoding='utf-8'>
  mech = json.load(open(mp, encoding="utf-8"))
ResourceWarning: Enable tracemalloc to get the object allocation traceback
/var/tmp/forge/cohort-fx/codex/report.py:57: ResourceWarning: unclosed file <_io.TextIOWrapper name='/var/tmp/forge/cohort-fx/codex/runs/I-03-heap-sample-retention__M__gpt-5.6-sol/result.edn' mode='r' encoding='utf-8'>
  txt = open(r, encoding="utf-8").read()
ResourceWarning: Enable tracemalloc to get the object allocation traceback
/var/tmp/forge/cohort-fx/codex/report.py:62: ResourceWarning: unclosed file <_io.TextIOWrapper name='/var/tmp/forge/cohort-fx/codex/runs/I-03-heap-sample-retention__M__gpt-5.6-sol/mechanism.json' mode='r' encoding='utf-8'>
  mech = json.load(open(mp, encoding="utf-8"))
ResourceWarning: Enable tracemalloc to get the object allocation traceback
/var/tmp/forge/cohort-fx/codex/report.py:57: ResourceWarning: unclosed file <_io.TextIOWrapper name='/var/tmp/forge/cohort-fx/codex/runs/I-03-heap-sample-retention__M__gpt-6-astra/result.edn' mode='r' encoding='utf-8'>
  txt = open(r, encoding="utf-8").read()
ResourceWarning: Enable tracemalloc to get the object allocation traceback
/var/tmp/forge/cohort-fx/codex/report.py:62: ResourceWarning: unclosed file <_io.TextIOWrapper name='/var/tmp/forge/cohort-fx/codex/runs/I-03-heap-sample-retention__M__gpt-6-astra/mechanism.json' mode='r' encoding='utf-8'>
  mech = json.load(open(mp, encoding="utf-8"))
ResourceWarning: Enable tracemalloc to get the object allocation traceback
/var/tmp/forge/cohort-fx/codex/report.py:57: ResourceWarning: unclosed file <_io.TextIOWrapper name='/var/tmp/forge/cohort-fx/codex/runs/I-03-heap-sample-retention__P__gpt-5.6-sol/result.edn' mode='r' encoding='utf-8'>
  txt = open(r, encoding="utf-8").read()
ResourceWarning: Enable tracemalloc to get the object allocation traceback
/var/tmp/forge/cohort-fx/codex/report.py:62: ResourceWarning: unclosed file <_io.TextIOWrapper name='/var/tmp/forge/cohort-fx/codex/runs/I-03-heap-sample-retention__P__gpt-5.6-sol/mechanism.json' mode='r' encoding='utf-8'>
  mech = json.load(open(mp, encoding="utf-8"))
ResourceWarning: Enable tracemalloc to get the object allocation traceback
/var/tmp/forge/cohort-fx/codex/report.py:57: ResourceWarning: unclosed file <_io.TextIOWrapper name='/var/tmp/forge/cohort-fx/codex/runs/I-03-heap-sample-retention__P__gpt-6-astra/result.edn' mode='r' encoding='utf-8'>
  txt = open(r, encoding="utf-8").read()
ResourceWarning: Enable tracemalloc to get the object allocation traceback
/var/tmp/forge/cohort-fx/codex/report.py:62: ResourceWarning: unclosed file <_io.TextIOWrapper name='/var/tmp/forge/cohort-fx/codex/runs/I-03-heap-sample-retention__P__gpt-6-astra/mechanism.json' mode='r' encoding='utf-8'>
  mech = json.load(open(mp, encoding="utf-8"))
ResourceWarning: Enable tracemalloc to get the object allocation traceback
/var/tmp/forge/cohort-fx/codex/report.py:57: ResourceWarning: unclosed file <_io.TextIOWrapper name='/var/tmp/forge/cohort-fx/codex/runs/I-03-heap-sample-retention__X0__gpt-5.6-sol/result.edn' mode='r' encoding='utf-8'>
  txt = open(r, encoding="utf-8").read()
ResourceWarning: Enable tracemalloc to get the object allocation traceback
/var/tmp/forge/cohort-fx/codex/report.py:62: ResourceWarning: unclosed file <_io.TextIOWrapper name='/var/tmp/forge/cohort-fx/codex/runs/I-03-heap-sample-retention__X0__gpt-5.6-sol/mechanism.json' mode='r' encoding='utf-8'>
  mech = json.load(open(mp, encoding="utf-8"))
ResourceWarning: Enable tracemalloc to get the object allocation traceback
/var/tmp/forge/cohort-fx/codex/report.py:57: ResourceWarning: unclosed file <_io.TextIOWrapper name='/var/tmp/forge/cohort-fx/codex/runs/I-03-heap-sample-retention__X0__gpt-6-astra/result.edn' mode='r' encoding='utf-8'>
  txt = open(r, encoding="utf-8").read()
ResourceWarning: Enable tracemalloc to get the object allocation traceback
/var/tmp/forge/cohort-fx/codex/report.py:62: ResourceWarning: unclosed file <_io.TextIOWrapper name='/var/tmp/forge/cohort-fx/codex/runs/I-03-heap-sample-retention__X0__gpt-6-astra/mechanism.json' mode='r' encoding='utf-8'>
  mech = json.load(open(mp, encoding="utf-8"))
ResourceWarning: Enable tracemalloc to get the object allocation traceback
/var/tmp/forge/cohort-fx/codex/report.py:57: ResourceWarning: unclosed file <_io.TextIOWrapper name='/var/tmp/forge/cohort-fx/codex/runs/I-03-heap-sample-retention__X1__gpt-5.6-sol/result.edn' mode='r' encoding='utf-8'>
  txt = open(r, encoding="utf-8").read()
ResourceWarning: Enable tracemalloc to get the object allocation traceback
/var/tmp/forge/cohort-fx/codex/report.py:62: ResourceWarning: unclosed file <_io.TextIOWrapper name='/var/tmp/forge/cohort-fx/codex/runs/I-03-heap-sample-retention__X1__gpt-5.6-sol/mechanism.json' mode='r' encoding='utf-8'>
  mech = json.load(open(mp, encoding="utf-8"))
ResourceWarning: Enable tracemalloc to get the object allocation traceback
/var/tmp/forge/cohort-fx/codex/report.py:57: ResourceWarning: unclosed file <_io.TextIOWrapper name='/var/tmp/forge/cohort-fx/codex/runs/I-03-heap-sample-retention__X1__gpt-6-astra/result.edn' mode='r' encoding='utf-8'>
  txt = open(r, encoding="utf-8").read()
ResourceWarning: Enable tracemalloc to get the object allocation traceback
/var/tmp/forge/cohort-fx/codex/report.py:62: ResourceWarning: unclosed file <_io.TextIOWrapper name='/var/tmp/forge/cohort-fx/codex/runs/I-03-heap-sample-retention__X1__gpt-6-astra/mechanism.json' mode='r' encoding='utf-8'>
  mech = json.load(open(mp, encoding="utf-8"))
ResourceWarning: Enable tracemalloc to get the object allocation traceback
/var/tmp/forge/cohort-fx/codex/report.py:57: ResourceWarning: unclosed file <_io.TextIOWrapper name='/var/tmp/forge/cohort-fx/codex/runs/I-04-mission-display-decision-view__L__gpt-5.6-sol/result.edn' mode='r' encoding='utf-8'>
  txt = open(r, encoding="utf-8").read()
ResourceWarning: Enable tracemalloc to get the object allocation traceback
/var/tmp/forge/cohort-fx/codex/report.py:62: ResourceWarning: unclosed file <_io.TextIOWrapper name='/var/tmp/forge/cohort-fx/codex/runs/I-04-mission-display-decision-view__L__gpt-5.6-sol/mechanism.json' mode='r' encoding='utf-8'>
  mech = json.load(open(mp, encoding="utf-8"))
ResourceWarning: Enable tracemalloc to get the object allocation traceback
/var/tmp/forge/cohort-fx/codex/report.py:57: ResourceWarning: unclosed file <_io.TextIOWrapper name='/var/tmp/forge/cohort-fx/codex/runs/I-04-mission-display-decision-view__L__gpt-6-astra/result.edn' mode='r' encoding='utf-8'>
  txt = open(r, encoding="utf-8").read()
ResourceWarning: Enable tracemalloc to get the object allocation traceback
/var/tmp/forge/cohort-fx/codex/report.py:62: ResourceWarning: unclosed file <_io.TextIOWrapper name='/var/tmp/forge/cohort-fx/codex/runs/I-04-mission-display-decision-view__L__gpt-6-astra/mechanism.json' mode='r' encoding='utf-8'>
  mech = json.load(open(mp, encoding="utf-8"))
ResourceWarning: Enable tracemalloc to get the object allocation traceback
/var/tmp/forge/cohort-fx/codex/report.py:57: ResourceWarning: unclosed file <_io.TextIOWrapper name='/var/tmp/forge/cohort-fx/codex/runs/I-04-mission-display-decision-view__M__gpt-5.6-sol/result.edn' mode='r' encoding='utf-8'>
  txt = open(r, encoding="utf-8").read()
ResourceWarning: Enable tracemalloc to get the object allocation traceback
/var/tmp/forge/cohort-fx/codex/report.py:62: ResourceWarning: unclosed file <_io.TextIOWrapper name='/var/tmp/forge/cohort-fx/codex/runs/I-04-mission-display-decision-view__M__gpt-5.6-sol/mechanism.json' mode='r' encoding='utf-8'>
  mech = json.load(open(mp, encoding="utf-8"))
ResourceWarning: Enable tracemalloc to get the object allocation traceback
/var/tmp/forge/cohort-fx/codex/report.py:57: ResourceWarning: unclosed file <_io.TextIOWrapper name='/var/tmp/forge/cohort-fx/codex/runs/I-04-mission-display-decision-view__M__gpt-6-astra/result.edn' mode='r' encoding='utf-8'>
  txt = open(r, encoding="utf-8").read()
ResourceWarning: Enable tracemalloc to get the object allocation traceback
/var/tmp/forge/cohort-fx/codex/report.py:62: ResourceWarning: unclosed file <_io.TextIOWrapper name='/var/tmp/forge/cohort-fx/codex/runs/I-04-mission-display-decision-view__M__gpt-6-astra/mechanism.json' mode='r' encoding='utf-8'>
  mech = json.load(open(mp, encoding="utf-8"))
ResourceWarning: Enable tracemalloc to get the object allocation traceback
/var/tmp/forge/cohort-fx/codex/report.py:57: ResourceWarning: unclosed file <_io.TextIOWrapper name='/var/tmp/forge/cohort-fx/codex/runs/I-04-mission-display-decision-view__P__gpt-5.6-sol/result.edn' mode='r' encoding='utf-8'>
  txt = open(r, encoding="utf-8").read()
ResourceWarning: Enable tracemalloc to get the object allocation traceback
/var/tmp/forge/cohort-fx/codex/report.py:62: ResourceWarning: unclosed file <_io.TextIOWrapper name='/var/tmp/forge/cohort-fx/codex/runs/I-04-mission-display-decision-view__P__gpt-5.6-sol/mechanism.json' mode='r' encoding='utf-8'>
  mech = json.load(open(mp, encoding="utf-8"))
ResourceWarning: Enable tracemalloc to get the object allocation traceback
/var/tmp/forge/cohort-fx/codex/report.py:57: ResourceWarning: unclosed file <_io.TextIOWrapper name='/var/tmp/forge/cohort-fx/codex/runs/I-04-mission-display-decision-view__P__gpt-6-astra/result.edn' mode='r' encoding='utf-8'>
  txt = open(r, encoding="utf-8").read()
ResourceWarning: Enable tracemalloc to get the object allocation traceback
/var/tmp/forge/cohort-fx/codex/report.py:62: ResourceWarning: unclosed file <_io.TextIOWrapper name='/var/tmp/forge/cohort-fx/codex/runs/I-04-mission-display-decision-view__P__gpt-6-astra/mechanism.json' mode='r' encoding='utf-8'>
  mech = json.load(open(mp, encoding="utf-8"))
ResourceWarning: Enable tracemalloc to get the object allocation traceback
/var/tmp/forge/cohort-fx/codex/report.py:57: ResourceWarning: unclosed file <_io.TextIOWrapper name='/var/tmp/forge/cohort-fx/codex/runs/I-04-mission-display-decision-view__X0__gpt-5.6-sol/result.edn' mode='r' encoding='utf-8'>
  txt = open(r, encoding="utf-8").read()
ResourceWarning: Enable tracemalloc to get the object allocation traceback
/var/tmp/forge/cohort-fx/codex/report.py:62: ResourceWarning: unclosed file <_io.TextIOWrapper name='/var/tmp/forge/cohort-fx/codex/runs/I-04-mission-display-decision-view__X0__gpt-5.6-sol/mechanism.json' mode='r' encoding='utf-8'>
  mech = json.load(open(mp, encoding="utf-8"))
ResourceWarning: Enable tracemalloc to get the object allocation traceback
/var/tmp/forge/cohort-fx/codex/report.py:57: ResourceWarning: unclosed file <_io.TextIOWrapper name='/var/tmp/forge/cohort-fx/codex/runs/I-04-mission-display-decision-view__X0__gpt-6-astra/result.edn' mode='r' encoding='utf-8'>
  txt = open(r, encoding="utf-8").read()
ResourceWarning: Enable tracemalloc to get the object allocation traceback
/var/tmp/forge/cohort-fx/codex/report.py:62: ResourceWarning: unclosed file <_io.TextIOWrapper name='/var/tmp/forge/cohort-fx/codex/runs/I-04-mission-display-decision-view__X0__gpt-6-astra/mechanism.json' mode='r' encoding='utf-8'>
  mech = json.load(open(mp, encoding="utf-8"))
ResourceWarning: Enable tracemalloc to get the object allocation traceback
/var/tmp/forge/cohort-fx/codex/report.py:57: ResourceWarning: unclosed file <_io.TextIOWrapper name='/var/tmp/forge/cohort-fx/codex/runs/I-04-mission-display-decision-view__X1__gpt-5.6-sol/result.edn' mode='r' encoding='utf-8'>
  txt = open(r, encoding="utf-8").read()
ResourceWarning: Enable tracemalloc to get the object allocation traceback
/var/tmp/forge/cohort-fx/codex/report.py:62: ResourceWarning: unclosed file <_io.TextIOWrapper name='/var/tmp/forge/cohort-fx/codex/runs/I-04-mission-display-decision-view__X1__gpt-5.6-sol/mechanism.json' mode='r' encoding='utf-8'>
  mech = json.load(open(mp, encoding="utf-8"))
ResourceWarning: Enable tracemalloc to get the object allocation traceback
/var/tmp/forge/cohort-fx/codex/report.py:57: ResourceWarning: unclosed file <_io.TextIOWrapper name='/var/tmp/forge/cohort-fx/codex/runs/I-04-mission-display-decision-view__X1__gpt-6-astra/result.edn' mode='r' encoding='utf-8'>
  txt = open(r, encoding="utf-8").read()
ResourceWarning: Enable tracemalloc to get the object allocation traceback
/var/tmp/forge/cohort-fx/codex/report.py:62: ResourceWarning: unclosed file <_io.TextIOWrapper name='/var/tmp/forge/cohort-fx/codex/runs/I-04-mission-display-decision-view__X1__gpt-6-astra/mechanism.json' mode='r' encoding='utf-8'>
  mech = json.load(open(mp, encoding="utf-8"))
ResourceWarning: Enable tracemalloc to get the object allocation traceback
/var/tmp/forge/cohort-fx/codex/report.py:57: ResourceWarning: unclosed file <_io.TextIOWrapper name='/var/tmp/forge/cohort-fx/codex/runs/R-01-core-discovery-require-edn__L__gpt-5.6-sol/result.edn' mode='r' encoding='utf-8'>
  txt = open(r, encoding="utf-8").read()
ResourceWarning: Enable tracemalloc to get the object allocation traceback
/var/tmp/forge/cohort-fx/codex/report.py:62: ResourceWarning: unclosed file <_io.TextIOWrapper name='/var/tmp/forge/cohort-fx/codex/runs/R-01-core-discovery-require-edn__L__gpt-5.6-sol/mechanism.json' mode='r' encoding='utf-8'>
  mech = json.load(open(mp, encoding="utf-8"))
ResourceWarning: Enable tracemalloc to get the object allocation traceback
/var/tmp/forge/cohort-fx/codex/report.py:57: ResourceWarning: unclosed file <_io.TextIOWrapper name='/var/tmp/forge/cohort-fx/codex/runs/R-01-core-discovery-require-edn__L__gpt-6-astra/result.edn' mode='r' encoding='utf-8'>
  txt = open(r, encoding="utf-8").read()
ResourceWarning: Enable tracemalloc to get the object allocation traceback
/var/tmp/forge/cohort-fx/codex/report.py:62: ResourceWarning: unclosed file <_io.TextIOWrapper name='/var/tmp/forge/cohort-fx/codex/runs/R-01-core-discovery-require-edn__L__gpt-6-astra/mechanism.json' mode='r' encoding='utf-8'>
  mech = json.load(open(mp, encoding="utf-8"))
ResourceWarning: Enable tracemalloc to get the object allocation traceback
/var/tmp/forge/cohort-fx/codex/report.py:57: ResourceWarning: unclosed file <_io.TextIOWrapper name='/var/tmp/forge/cohort-fx/codex/runs/R-01-core-discovery-require-edn__M__gpt-5.6-sol/result.edn' mode='r' encoding='utf-8'>
  txt = open(r, encoding="utf-8").read()
ResourceWarning: Enable tracemalloc to get the object allocation traceback
/var/tmp/forge/cohort-fx/codex/report.py:62: ResourceWarning: unclosed file <_io.TextIOWrapper name='/var/tmp/forge/cohort-fx/codex/runs/R-01-core-discovery-require-edn__M__gpt-5.6-sol/mechanism.json' mode='r' encoding='utf-8'>
  mech = json.load(open(mp, encoding="utf-8"))
ResourceWarning: Enable tracemalloc to get the object allocation traceback
/var/tmp/forge/cohort-fx/codex/report.py:57: ResourceWarning: unclosed file <_io.TextIOWrapper name='/var/tmp/forge/cohort-fx/codex/runs/R-01-core-discovery-require-edn__M__gpt-6-astra/result.edn' mode='r' encoding='utf-8'>
  txt = open(r, encoding="utf-8").read()
ResourceWarning: Enable tracemalloc to get the object allocation traceback
/var/tmp/forge/cohort-fx/codex/report.py:62: ResourceWarning: unclosed file <_io.TextIOWrapper name='/var/tmp/forge/cohort-fx/codex/runs/R-01-core-discovery-require-edn__M__gpt-6-astra/mechanism.json' mode='r' encoding='utf-8'>
  mech = json.load(open(mp, encoding="utf-8"))
ResourceWarning: Enable tracemalloc to get the object allocation traceback
/var/tmp/forge/cohort-fx/codex/report.py:57: ResourceWarning: unclosed file <_io.TextIOWrapper name='/var/tmp/forge/cohort-fx/codex/runs/R-01-core-discovery-require-edn__P__gpt-5.6-sol/result.edn' mode='r' encoding='utf-8'>
  txt = open(r, encoding="utf-8").read()
ResourceWarning: Enable tracemalloc to get the object allocation traceback
/var/tmp/forge/cohort-fx/codex/report.py:62: ResourceWarning: unclosed file <_io.TextIOWrapper name='/var/tmp/forge/cohort-fx/codex/runs/R-01-core-discovery-require-edn__P__gpt-5.6-sol/mechanism.json' mode='r' encoding='utf-8'>
  mech = json.load(open(mp, encoding="utf-8"))
ResourceWarning: Enable tracemalloc to get the object allocation traceback
/var/tmp/forge/cohort-fx/codex/report.py:57: ResourceWarning: unclosed file <_io.TextIOWrapper name='/var/tmp/forge/cohort-fx/codex/runs/R-01-core-discovery-require-edn__P__gpt-6-astra/result.edn' mode='r' encoding='utf-8'>
  txt = open(r, encoding="utf-8").read()
ResourceWarning: Enable tracemalloc to get the object allocation traceback
/var/tmp/forge/cohort-fx/codex/report.py:62: ResourceWarning: unclosed file <_io.TextIOWrapper name='/var/tmp/forge/cohort-fx/codex/runs/R-01-core-discovery-require-edn__P__gpt-6-astra/mechanism.json' mode='r' encoding='utf-8'>
  mech = json.load(open(mp, encoding="utf-8"))
ResourceWarning: Enable tracemalloc to get the object allocation traceback
/var/tmp/forge/cohort-fx/codex/report.py:57: ResourceWarning: unclosed file <_io.TextIOWrapper name='/var/tmp/forge/cohort-fx/codex/runs/R-01-core-discovery-require-edn__X0__gpt-5.6-sol/result.edn' mode='r' encoding='utf-8'>
  txt = open(r, encoding="utf-8").read()
ResourceWarning: Enable tracemalloc to get the object allocation traceback
/var/tmp/forge/cohort-fx/codex/report.py:62: ResourceWarning: unclosed file <_io.TextIOWrapper name='/var/tmp/forge/cohort-fx/codex/runs/R-01-core-discovery-require-edn__X0__gpt-5.6-sol/mechanism.json' mode='r' encoding='utf-8'>
  mech = json.load(open(mp, encoding="utf-8"))
ResourceWarning: Enable tracemalloc to get the object allocation traceback
/var/tmp/forge/cohort-fx/codex/report.py:57: ResourceWarning: unclosed file <_io.TextIOWrapper name='/var/tmp/forge/cohort-fx/codex/runs/R-01-core-discovery-require-edn__X0__gpt-6-astra/result.edn' mode='r' encoding='utf-8'>
  txt = open(r, encoding="utf-8").read()
ResourceWarning: Enable tracemalloc to get the object allocation traceback
/var/tmp/forge/cohort-fx/codex/report.py:62: ResourceWarning: unclosed file <_io.TextIOWrapper name='/var/tmp/forge/cohort-fx/codex/runs/R-01-core-discovery-require-edn__X0__gpt-6-astra/mechanism.json' mode='r' encoding='utf-8'>
  mech = json.load(open(mp, encoding="utf-8"))
ResourceWarning: Enable tracemalloc to get the object allocation traceback
/var/tmp/forge/cohort-fx/codex/report.py:57: ResourceWarning: unclosed file <_io.TextIOWrapper name='/var/tmp/forge/cohort-fx/codex/runs/R-01-core-discovery-require-edn__X1__gpt-5.6-sol/result.edn' mode='r' encoding='utf-8'>
  txt = open(r, encoding="utf-8").read()
ResourceWarning: Enable tracemalloc to get the object allocation traceback
/var/tmp/forge/cohort-fx/codex/report.py:62: ResourceWarning: unclosed file <_io.TextIOWrapper name='/var/tmp/forge/cohort-fx/codex/runs/R-01-core-discovery-require-edn__X1__gpt-5.6-sol/mechanism.json' mode='r' encoding='utf-8'>
  mech = json.load(open(mp, encoding="utf-8"))
ResourceWarning: Enable tracemalloc to get the object allocation traceback
/var/tmp/forge/cohort-fx/codex/report.py:57: ResourceWarning: unclosed file <_io.TextIOWrapper name='/var/tmp/forge/cohort-fx/codex/runs/R-01-core-discovery-require-edn__X1__gpt-6-astra/result.edn' mode='r' encoding='utf-8'>
  txt = open(r, encoding="utf-8").read()
ResourceWarning: Enable tracemalloc to get the object allocation traceback
/var/tmp/forge/cohort-fx/codex/report.py:62: ResourceWarning: unclosed file <_io.TextIOWrapper name='/var/tmp/forge/cohort-fx/codex/runs/R-01-core-discovery-require-edn__X1__gpt-6-astra/mechanism.json' mode='r' encoding='utf-8'>
  mech = json.load(open(mp, encoding="utf-8"))
ResourceWarning: Enable tracemalloc to get the object allocation traceback
/var/tmp/forge/cohort-fx/codex/report.py:57: ResourceWarning: unclosed file <_io.TextIOWrapper name='/var/tmp/forge/cohort-fx/codex/runs/R-02-recovery-require-measured__L__gpt-5.6-sol/result.edn' mode='r' encoding='utf-8'>
  txt = open(r, encoding="utf-8").read()
ResourceWarning: Enable tracemalloc to get the object allocation traceback
/var/tmp/forge/cohort-fx/codex/report.py:62: ResourceWarning: unclosed file <_io.TextIOWrapper name='/var/tmp/forge/cohort-fx/codex/runs/R-02-recovery-require-measured__L__gpt-5.6-sol/mechanism.json' mode='r' encoding='utf-8'>
  mech = json.load(open(mp, encoding="utf-8"))
ResourceWarning: Enable tracemalloc to get the object allocation traceback
/var/tmp/forge/cohort-fx/codex/report.py:57: ResourceWarning: unclosed file <_io.TextIOWrapper name='/var/tmp/forge/cohort-fx/codex/runs/R-02-recovery-require-measured__L__gpt-6-astra/result.edn' mode='r' encoding='utf-8'>
  txt = open(r, encoding="utf-8").read()
ResourceWarning: Enable tracemalloc to get the object allocation traceback
/var/tmp/forge/cohort-fx/codex/report.py:62: ResourceWarning: unclosed file <_io.TextIOWrapper name='/var/tmp/forge/cohort-fx/codex/runs/R-02-recovery-require-measured__L__gpt-6-astra/mechanism.json' mode='r' encoding='utf-8'>
  mech = json.load(open(mp, encoding="utf-8"))
ResourceWarning: Enable tracemalloc to get the object allocation traceback
/var/tmp/forge/cohort-fx/codex/report.py:57: ResourceWarning: unclosed file <_io.TextIOWrapper name='/var/tmp/forge/cohort-fx/codex/runs/R-02-recovery-require-measured__M__gpt-5.6-sol/result.edn' mode='r' encoding='utf-8'>
  txt = open(r, encoding="utf-8").read()
ResourceWarning: Enable tracemalloc to get the object allocation traceback
/var/tmp/forge/cohort-fx/codex/report.py:62: ResourceWarning: unclosed file <_io.TextIOWrapper name='/var/tmp/forge/cohort-fx/codex/runs/R-02-recovery-require-measured__M__gpt-5.6-sol/mechanism.json' mode='r' encoding='utf-8'>
  mech = json.load(open(mp, encoding="utf-8"))
ResourceWarning: Enable tracemalloc to get the object allocation traceback
/var/tmp/forge/cohort-fx/codex/report.py:57: ResourceWarning: unclosed file <_io.TextIOWrapper name='/var/tmp/forge/cohort-fx/codex/runs/R-02-recovery-require-measured__M__gpt-6-astra/result.edn' mode='r' encoding='utf-8'>
  txt = open(r, encoding="utf-8").read()
ResourceWarning: Enable tracemalloc to get the object allocation traceback
/var/tmp/forge/cohort-fx/codex/report.py:62: ResourceWarning: unclosed file <_io.TextIOWrapper name='/var/tmp/forge/cohort-fx/codex/runs/R-02-recovery-require-measured__M__gpt-6-astra/mechanism.json' mode='r' encoding='utf-8'>
  mech = json.load(open(mp, encoding="utf-8"))
ResourceWarning: Enable tracemalloc to get the object allocation traceback
/var/tmp/forge/cohort-fx/codex/report.py:57: ResourceWarning: unclosed file <_io.TextIOWrapper name='/var/tmp/forge/cohort-fx/codex/runs/R-02-recovery-require-measured__P__gpt-5.6-sol/result.edn' mode='r' encoding='utf-8'>
  txt = open(r, encoding="utf-8").read()
ResourceWarning: Enable tracemalloc to get the object allocation traceback
/var/tmp/forge/cohort-fx/codex/report.py:62: ResourceWarning: unclosed file <_io.TextIOWrapper name='/var/tmp/forge/cohort-fx/codex/runs/R-02-recovery-require-measured__P__gpt-5.6-sol/mechanism.json' mode='r' encoding='utf-8'>
  mech = json.load(open(mp, encoding="utf-8"))
ResourceWarning: Enable tracemalloc to get the object allocation traceback
/var/tmp/forge/cohort-fx/codex/report.py:57: ResourceWarning: unclosed file <_io.TextIOWrapper name='/var/tmp/forge/cohort-fx/codex/runs/R-02-recovery-require-measured__P__gpt-6-astra/result.edn' mode='r' encoding='utf-8'>
  txt = open(r, encoding="utf-8").read()
ResourceWarning: Enable tracemalloc to get the object allocation traceback
/var/tmp/forge/cohort-fx/codex/report.py:62: ResourceWarning: unclosed file <_io.TextIOWrapper name='/var/tmp/forge/cohort-fx/codex/runs/R-02-recovery-require-measured__P__gpt-6-astra/mechanism.json' mode='r' encoding='utf-8'>
  mech = json.load(open(mp, encoding="utf-8"))
ResourceWarning: Enable tracemalloc to get the object allocation traceback
/var/tmp/forge/cohort-fx/codex/report.py:57: ResourceWarning: unclosed file <_io.TextIOWrapper name='/var/tmp/forge/cohort-fx/codex/runs/R-02-recovery-require-measured__X0__gpt-5.6-sol/result.edn' mode='r' encoding='utf-8'>
  txt = open(r, encoding="utf-8").read()
ResourceWarning: Enable tracemalloc to get the object allocation traceback
/var/tmp/forge/cohort-fx/codex/report.py:62: ResourceWarning: unclosed file <_io.TextIOWrapper name='/var/tmp/forge/cohort-fx/codex/runs/R-02-recovery-require-measured__X0__gpt-5.6-sol/mechanism.json' mode='r' encoding='utf-8'>
  mech = json.load(open(mp, encoding="utf-8"))
ResourceWarning: Enable tracemalloc to get the object allocation traceback
/var/tmp/forge/cohort-fx/codex/report.py:57: ResourceWarning: unclosed file <_io.TextIOWrapper name='/var/tmp/forge/cohort-fx/codex/runs/R-02-recovery-require-measured__X0__gpt-6-astra/result.edn' mode='r' encoding='utf-8'>
  txt = open(r, encoding="utf-8").read()
ResourceWarning: Enable tracemalloc to get the object allocation traceback
/var/tmp/forge/cohort-fx/codex/report.py:62: ResourceWarning: unclosed file <_io.TextIOWrapper name='/var/tmp/forge/cohort-fx/codex/runs/R-02-recovery-require-measured__X0__gpt-6-astra/mechanism.json' mode='r' encoding='utf-8'>
  mech = json.load(open(mp, encoding="utf-8"))
ResourceWarning: Enable tracemalloc to get the object allocation traceback
/var/tmp/forge/cohort-fx/codex/report.py:57: ResourceWarning: unclosed file <_io.TextIOWrapper name='/var/tmp/forge/cohort-fx/codex/runs/R-02-recovery-require-measured__X1__gpt-5.6-sol/result.edn' mode='r' encoding='utf-8'>
  txt = open(r, encoding="utf-8").read()
ResourceWarning: Enable tracemalloc to get the object allocation traceback
/var/tmp/forge/cohort-fx/codex/report.py:62: ResourceWarning: unclosed file <_io.TextIOWrapper name='/var/tmp/forge/cohort-fx/codex/runs/R-02-recovery-require-measured__X1__gpt-5.6-sol/mechanism.json' mode='r' encoding='utf-8'>
  mech = json.load(open(mp, encoding="utf-8"))
ResourceWarning: Enable tracemalloc to get the object allocation traceback
/var/tmp/forge/cohort-fx/codex/report.py:57: ResourceWarning: unclosed file <_io.TextIOWrapper name='/var/tmp/forge/cohort-fx/codex/runs/R-02-recovery-require-measured__X1__gpt-6-astra/result.edn' mode='r' encoding='utf-8'>
  txt = open(r, encoding="utf-8").read()
ResourceWarning: Enable tracemalloc to get the object allocation traceback
/var/tmp/forge/cohort-fx/codex/report.py:62: ResourceWarning: unclosed file <_io.TextIOWrapper name='/var/tmp/forge/cohort-fx/codex/runs/R-02-recovery-require-measured__X1__gpt-6-astra/mechanism.json' mode='r' encoding='utf-8'>
  mech = json.load(open(mp, encoding="utf-8"))
ResourceWarning: Enable tracemalloc to get the object allocation traceback
/var/tmp/forge/cohort-fx/codex/report.py:57: ResourceWarning: unclosed file <_io.TextIOWrapper name='/var/tmp/forge/cohort-fx/codex/runs/R-03-workspace-string-alias__L__gpt-5.6-sol/result.edn' mode='r' encoding='utf-8'>
  txt = open(r, encoding="utf-8").read()
ResourceWarning: Enable tracemalloc to get the object allocation traceback
/var/tmp/forge/cohort-fx/codex/report.py:62: ResourceWarning: unclosed file <_io.TextIOWrapper name='/var/tmp/forge/cohort-fx/codex/runs/R-03-workspace-string-alias__L__gpt-5.6-sol/mechanism.json' mode='r' encoding='utf-8'>
  mech = json.load(open(mp, encoding="utf-8"))
ResourceWarning: Enable tracemalloc to get the object allocation traceback
/var/tmp/forge/cohort-fx/codex/report.py:57: ResourceWarning: unclosed file <_io.TextIOWrapper name='/var/tmp/forge/cohort-fx/codex/runs/R-03-workspace-string-alias__L__gpt-6-astra/result.edn' mode='r' encoding='utf-8'>
  txt = open(r, encoding="utf-8").read()
ResourceWarning: Enable tracemalloc to get the object allocation traceback
/var/tmp/forge/cohort-fx/codex/report.py:62: ResourceWarning: unclosed file <_io.TextIOWrapper name='/var/tmp/forge/cohort-fx/codex/runs/R-03-workspace-string-alias__L__gpt-6-astra/mechanism.json' mode='r' encoding='utf-8'>
  mech = json.load(open(mp, encoding="utf-8"))
ResourceWarning: Enable tracemalloc to get the object allocation traceback
/var/tmp/forge/cohort-fx/codex/report.py:57: ResourceWarning: unclosed file <_io.TextIOWrapper name='/var/tmp/forge/cohort-fx/codex/runs/R-03-workspace-string-alias__M__gpt-5.6-sol/result.edn' mode='r' encoding='utf-8'>
  txt = open(r, encoding="utf-8").read()
ResourceWarning: Enable tracemalloc to get the object allocation traceback
/var/tmp/forge/cohort-fx/codex/report.py:62: ResourceWarning: unclosed file <_io.TextIOWrapper name='/var/tmp/forge/cohort-fx/codex/runs/R-03-workspace-string-alias__M__gpt-5.6-sol/mechanism.json' mode='r' encoding='utf-8'>
  mech = json.load(open(mp, encoding="utf-8"))
ResourceWarning: Enable tracemalloc to get the object allocation traceback
/var/tmp/forge/cohort-fx/codex/report.py:57: ResourceWarning: unclosed file <_io.TextIOWrapper name='/var/tmp/forge/cohort-fx/codex/runs/R-03-workspace-string-alias__M__gpt-6-astra/result.edn' mode='r' encoding='utf-8'>
  txt = open(r, encoding="utf-8").read()
ResourceWarning: Enable tracemalloc to get the object allocation traceback
/var/tmp/forge/cohort-fx/codex/report.py:62: ResourceWarning: unclosed file <_io.TextIOWrapper name='/var/tmp/forge/cohort-fx/codex/runs/R-03-workspace-string-alias__M__gpt-6-astra/mechanism.json' mode='r' encoding='utf-8'>
  mech = json.load(open(mp, encoding="utf-8"))
ResourceWarning: Enable tracemalloc to get the object allocation traceback
/var/tmp/forge/cohort-fx/codex/report.py:57: ResourceWarning: unclosed file <_io.TextIOWrapper name='/var/tmp/forge/cohort-fx/codex/runs/R-03-workspace-string-alias__P__gpt-5.6-sol/result.edn' mode='r' encoding='utf-8'>
  txt = open(r, encoding="utf-8").read()
ResourceWarning: Enable tracemalloc to get the object allocation traceback
/var/tmp/forge/cohort-fx/codex/report.py:62: ResourceWarning: unclosed file <_io.TextIOWrapper name='/var/tmp/forge/cohort-fx/codex/runs/R-03-workspace-string-alias__P__gpt-5.6-sol/mechanism.json' mode='r' encoding='utf-8'>
  mech = json.load(open(mp, encoding="utf-8"))
ResourceWarning: Enable tracemalloc to get the object allocation traceback
/var/tmp/forge/cohort-fx/codex/report.py:57: ResourceWarning: unclosed file <_io.TextIOWrapper name='/var/tmp/forge/cohort-fx/codex/runs/R-03-workspace-string-alias__P__gpt-6-astra/result.edn' mode='r' encoding='utf-8'>
  txt = open(r, encoding="utf-8").read()
ResourceWarning: Enable tracemalloc to get the object allocation traceback
/var/tmp/forge/cohort-fx/codex/report.py:62: ResourceWarning: unclosed file <_io.TextIOWrapper name='/var/tmp/forge/cohort-fx/codex/runs/R-03-workspace-string-alias__P__gpt-6-astra/mechanism.json' mode='r' encoding='utf-8'>
  mech = json.load(open(mp, encoding="utf-8"))
ResourceWarning: Enable tracemalloc to get the object allocation traceback
/var/tmp/forge/cohort-fx/codex/report.py:57: ResourceWarning: unclosed file <_io.TextIOWrapper name='/var/tmp/forge/cohort-fx/codex/runs/R-03-workspace-string-alias__X0__gpt-5.6-sol/result.edn' mode='r' encoding='utf-8'>
  txt = open(r, encoding="utf-8").read()
ResourceWarning: Enable tracemalloc to get the object allocation traceback
/var/tmp/forge/cohort-fx/codex/report.py:62: ResourceWarning: unclosed file <_io.TextIOWrapper name='/var/tmp/forge/cohort-fx/codex/runs/R-03-workspace-string-alias__X0__gpt-5.6-sol/mechanism.json' mode='r' encoding='utf-8'>
  mech = json.load(open(mp, encoding="utf-8"))
ResourceWarning: Enable tracemalloc to get the object allocation traceback
/var/tmp/forge/cohort-fx/codex/report.py:57: ResourceWarning: unclosed file <_io.TextIOWrapper name='/var/tmp/forge/cohort-fx/codex/runs/R-03-workspace-string-alias__X0__gpt-6-astra/result.edn' mode='r' encoding='utf-8'>
  txt = open(r, encoding="utf-8").read()
ResourceWarning: Enable tracemalloc to get the object allocation traceback
/var/tmp/forge/cohort-fx/codex/report.py:62: ResourceWarning: unclosed file <_io.TextIOWrapper name='/var/tmp/forge/cohort-fx/codex/runs/R-03-workspace-string-alias__X0__gpt-6-astra/mechanism.json' mode='r' encoding='utf-8'>
  mech = json.load(open(mp, encoding="utf-8"))
ResourceWarning: Enable tracemalloc to get the object allocation traceback
/var/tmp/forge/cohort-fx/codex/report.py:57: ResourceWarning: unclosed file <_io.TextIOWrapper name='/var/tmp/forge/cohort-fx/codex/runs/R-03-workspace-string-alias__X1__gpt-5.6-sol/result.edn' mode='r' encoding='utf-8'>
  txt = open(r, encoding="utf-8").read()
ResourceWarning: Enable tracemalloc to get the object allocation traceback
/var/tmp/forge/cohort-fx/codex/report.py:62: ResourceWarning: unclosed file <_io.TextIOWrapper name='/var/tmp/forge/cohort-fx/codex/runs/R-03-workspace-string-alias__X1__gpt-5.6-sol/mechanism.json' mode='r' encoding='utf-8'>
  mech = json.load(open(mp, encoding="utf-8"))
ResourceWarning: Enable tracemalloc to get the object allocation traceback
/var/tmp/forge/cohort-fx/codex/report.py:57: ResourceWarning: unclosed file <_io.TextIOWrapper name='/var/tmp/forge/cohort-fx/codex/runs/R-03-workspace-string-alias__X1__gpt-6-astra/result.edn' mode='r' encoding='utf-8'>
  txt = open(r, encoding="utf-8").read()
ResourceWarning: Enable tracemalloc to get the object allocation traceback
/var/tmp/forge/cohort-fx/codex/report.py:62: ResourceWarning: unclosed file <_io.TextIOWrapper name='/var/tmp/forge/cohort-fx/codex/runs/R-03-workspace-string-alias__X1__gpt-6-astra/mechanism.json' mode='r' encoding='utf-8'>
  mech = json.load(open(mp, encoding="utf-8"))
ResourceWarning: Enable tracemalloc to get the object allocation traceback
/var/tmp/forge/cohort-fx/codex/report.py:57: ResourceWarning: unclosed file <_io.TextIOWrapper name='/var/tmp/forge/cohort-fx/codex/runs/R-04-namespace-split-require-cheshire__L__gpt-5.6-sol/result.edn' mode='r' encoding='utf-8'>
  txt = open(r, encoding="utf-8").read()
ResourceWarning: Enable tracemalloc to get the object allocation traceback
/var/tmp/forge/cohort-fx/codex/report.py:62: ResourceWarning: unclosed file <_io.TextIOWrapper name='/var/tmp/forge/cohort-fx/codex/runs/R-04-namespace-split-require-cheshire__L__gpt-5.6-sol/mechanism.json' mode='r' encoding='utf-8'>
  mech = json.load(open(mp, encoding="utf-8"))
ResourceWarning: Enable tracemalloc to get the object allocation traceback
/var/tmp/forge/cohort-fx/codex/report.py:57: ResourceWarning: unclosed file <_io.TextIOWrapper name='/var/tmp/forge/cohort-fx/codex/runs/R-04-namespace-split-require-cheshire__L__gpt-6-astra/result.edn' mode='r' encoding='utf-8'>
  txt = open(r, encoding="utf-8").read()
ResourceWarning: Enable tracemalloc to get the object allocation traceback
/var/tmp/forge/cohort-fx/codex/report.py:62: ResourceWarning: unclosed file <_io.TextIOWrapper name='/var/tmp/forge/cohort-fx/codex/runs/R-04-namespace-split-require-cheshire__L__gpt-6-astra/mechanism.json' mode='r' encoding='utf-8'>
  mech = json.load(open(mp, encoding="utf-8"))
ResourceWarning: Enable tracemalloc to get the object allocation traceback
/var/tmp/forge/cohort-fx/codex/report.py:57: ResourceWarning: unclosed file <_io.TextIOWrapper name='/var/tmp/forge/cohort-fx/codex/runs/R-04-namespace-split-require-cheshire__M__gpt-5.6-sol/result.edn' mode='r' encoding='utf-8'>
  txt = open(r, encoding="utf-8").read()
ResourceWarning: Enable tracemalloc to get the object allocation traceback
/var/tmp/forge/cohort-fx/codex/report.py:62: ResourceWarning: unclosed file <_io.TextIOWrapper name='/var/tmp/forge/cohort-fx/codex/runs/R-04-namespace-split-require-cheshire__M__gpt-5.6-sol/mechanism.json' mode='r' encoding='utf-8'>
  mech = json.load(open(mp, encoding="utf-8"))
ResourceWarning: Enable tracemalloc to get the object allocation traceback
/var/tmp/forge/cohort-fx/codex/report.py:57: ResourceWarning: unclosed file <_io.TextIOWrapper name='/var/tmp/forge/cohort-fx/codex/runs/R-04-namespace-split-require-cheshire__M__gpt-6-astra/result.edn' mode='r' encoding='utf-8'>
  txt = open(r, encoding="utf-8").read()
ResourceWarning: Enable tracemalloc to get the object allocation traceback
/var/tmp/forge/cohort-fx/codex/report.py:62: ResourceWarning: unclosed file <_io.TextIOWrapper name='/var/tmp/forge/cohort-fx/codex/runs/R-04-namespace-split-require-cheshire__M__gpt-6-astra/mechanism.json' mode='r' encoding='utf-8'>
  mech = json.load(open(mp, encoding="utf-8"))
ResourceWarning: Enable tracemalloc to get the object allocation traceback
/var/tmp/forge/cohort-fx/codex/report.py:57: ResourceWarning: unclosed file <_io.TextIOWrapper name='/var/tmp/forge/cohort-fx/codex/runs/R-04-namespace-split-require-cheshire__P__gpt-5.6-sol/result.edn' mode='r' encoding='utf-8'>
  txt = open(r, encoding="utf-8").read()
ResourceWarning: Enable tracemalloc to get the object allocation traceback
/var/tmp/forge/cohort-fx/codex/report.py:62: ResourceWarning: unclosed file <_io.TextIOWrapper name='/var/tmp/forge/cohort-fx/codex/runs/R-04-namespace-split-require-cheshire__P__gpt-5.6-sol/mechanism.json' mode='r' encoding='utf-8'>
  mech = json.load(open(mp, encoding="utf-8"))
ResourceWarning: Enable tracemalloc to get the object allocation traceback
/var/tmp/forge/cohort-fx/codex/report.py:57: ResourceWarning: unclosed file <_io.TextIOWrapper name='/var/tmp/forge/cohort-fx/codex/runs/R-04-namespace-split-require-cheshire__P__gpt-6-astra/result.edn' mode='r' encoding='utf-8'>
  txt = open(r, encoding="utf-8").read()
ResourceWarning: Enable tracemalloc to get the object allocation traceback
/var/tmp/forge/cohort-fx/codex/report.py:62: ResourceWarning: unclosed file <_io.TextIOWrapper name='/var/tmp/forge/cohort-fx/codex/runs/R-04-namespace-split-require-cheshire__P__gpt-6-astra/mechanism.json' mode='r' encoding='utf-8'>
  mech = json.load(open(mp, encoding="utf-8"))
ResourceWarning: Enable tracemalloc to get the object allocation traceback
/var/tmp/forge/cohort-fx/codex/report.py:57: ResourceWarning: unclosed file <_io.TextIOWrapper name='/var/tmp/forge/cohort-fx/codex/runs/R-04-namespace-split-require-cheshire__X0__gpt-5.6-sol/result.edn' mode='r' encoding='utf-8'>
  txt = open(r, encoding="utf-8").read()
ResourceWarning: Enable tracemalloc to get the object allocation traceback
/var/tmp/forge/cohort-fx/codex/report.py:62: ResourceWarning: unclosed file <_io.TextIOWrapper name='/var/tmp/forge/cohort-fx/codex/runs/R-04-namespace-split-require-cheshire__X0__gpt-5.6-sol/mechanism.json' mode='r' encoding='utf-8'>
  mech = json.load(open(mp, encoding="utf-8"))
ResourceWarning: Enable tracemalloc to get the object allocation traceback
/var/tmp/forge/cohort-fx/codex/report.py:57: ResourceWarning: unclosed file <_io.TextIOWrapper name='/var/tmp/forge/cohort-fx/codex/runs/R-04-namespace-split-require-cheshire__X0__gpt-6-astra/result.edn' mode='r' encoding='utf-8'>
  txt = open(r, encoding="utf-8").read()
ResourceWarning: Enable tracemalloc to get the object allocation traceback
/var/tmp/forge/cohort-fx/codex/report.py:62: ResourceWarning: unclosed file <_io.TextIOWrapper name='/var/tmp/forge/cohort-fx/codex/runs/R-04-namespace-split-require-cheshire__X0__gpt-6-astra/mechanism.json' mode='r' encoding='utf-8'>
  mech = json.load(open(mp, encoding="utf-8"))
ResourceWarning: Enable tracemalloc to get the object allocation traceback
/var/tmp/forge/cohort-fx/codex/report.py:57: ResourceWarning: unclosed file <_io.TextIOWrapper name='/var/tmp/forge/cohort-fx/codex/runs/R-04-namespace-split-require-cheshire__X1__gpt-5.6-sol/result.edn' mode='r' encoding='utf-8'>
  txt = open(r, encoding="utf-8").read()
ResourceWarning: Enable tracemalloc to get the object allocation traceback
/var/tmp/forge/cohort-fx/codex/report.py:62: ResourceWarning: unclosed file <_io.TextIOWrapper name='/var/tmp/forge/cohort-fx/codex/runs/R-04-namespace-split-require-cheshire__X1__gpt-5.6-sol/mechanism.json' mode='r' encoding='utf-8'>
  mech = json.load(open(mp, encoding="utf-8"))
ResourceWarning: Enable tracemalloc to get the object allocation traceback
/var/tmp/forge/cohort-fx/codex/report.py:57: ResourceWarning: unclosed file <_io.TextIOWrapper name='/var/tmp/forge/cohort-fx/codex/runs/R-04-namespace-split-require-cheshire__X1__gpt-6-astra/result.edn' mode='r' encoding='utf-8'>
  txt = open(r, encoding="utf-8").read()
ResourceWarning: Enable tracemalloc to get the object allocation traceback
/var/tmp/forge/cohort-fx/codex/report.py:62: ResourceWarning: unclosed file <_io.TextIOWrapper name='/var/tmp/forge/cohort-fx/codex/runs/R-04-namespace-split-require-cheshire__X1__gpt-6-astra/mechanism.json' mode='r' encoding='utf-8'>
  mech = json.load(open(mp, encoding="utf-8"))
ResourceWarning: Enable tracemalloc to get the object allocation traceback
/var/tmp/forge/cohort-fx/codex/report.py:57: ResourceWarning: unclosed file <_io.TextIOWrapper name='/var/tmp/forge/cohort-fx/codex/runs/T-01-outline-memory-spec-marker__L__gpt-5.6-sol/result.edn' mode='r' encoding='utf-8'>
  txt = open(r, encoding="utf-8").read()
ResourceWarning: Enable tracemalloc to get the object allocation traceback
/var/tmp/forge/cohort-fx/codex/report.py:62: ResourceWarning: unclosed file <_io.TextIOWrapper name='/var/tmp/forge/cohort-fx/codex/runs/T-01-outline-memory-spec-marker__L__gpt-5.6-sol/mechanism.json' mode='r' encoding='utf-8'>
  mech = json.load(open(mp, encoding="utf-8"))
ResourceWarning: Enable tracemalloc to get the object allocation traceback
/var/tmp/forge/cohort-fx/codex/report.py:57: ResourceWarning: unclosed file <_io.TextIOWrapper name='/var/tmp/forge/cohort-fx/codex/runs/T-01-outline-memory-spec-marker__L__gpt-6-astra/result.edn' mode='r' encoding='utf-8'>
  txt = open(r, encoding="utf-8").read()
ResourceWarning: Enable tracemalloc to get the object allocation traceback
/var/tmp/forge/cohort-fx/codex/report.py:62: ResourceWarning: unclosed file <_io.TextIOWrapper name='/var/tmp/forge/cohort-fx/codex/runs/T-01-outline-memory-spec-marker__L__gpt-6-astra/mechanism.json' mode='r' encoding='utf-8'>
  mech = json.load(open(mp, encoding="utf-8"))
ResourceWarning: Enable tracemalloc to get the object allocation traceback
/var/tmp/forge/cohort-fx/codex/report.py:57: ResourceWarning: unclosed file <_io.TextIOWrapper name='/var/tmp/forge/cohort-fx/codex/runs/T-01-outline-memory-spec-marker__M__gpt-5.6-sol/result.edn' mode='r' encoding='utf-8'>
  txt = open(r, encoding="utf-8").read()
ResourceWarning: Enable tracemalloc to get the object allocation traceback
/var/tmp/forge/cohort-fx/codex/report.py:62: ResourceWarning: unclosed file <_io.TextIOWrapper name='/var/tmp/forge/cohort-fx/codex/runs/T-01-outline-memory-spec-marker__M__gpt-5.6-sol/mechanism.json' mode='r' encoding='utf-8'>
  mech = json.load(open(mp, encoding="utf-8"))
ResourceWarning: Enable tracemalloc to get the object allocation traceback
/var/tmp/forge/cohort-fx/codex/report.py:57: ResourceWarning: unclosed file <_io.TextIOWrapper name='/var/tmp/forge/cohort-fx/codex/runs/T-01-outline-memory-spec-marker__M__gpt-6-astra/result.edn' mode='r' encoding='utf-8'>
  txt = open(r, encoding="utf-8").read()
ResourceWarning: Enable tracemalloc to get the object allocation traceback
/var/tmp/forge/cohort-fx/codex/report.py:62: ResourceWarning: unclosed file <_io.TextIOWrapper name='/var/tmp/forge/cohort-fx/codex/runs/T-01-outline-memory-spec-marker__M__gpt-6-astra/mechanism.json' mode='r' encoding='utf-8'>
  mech = json.load(open(mp, encoding="utf-8"))
ResourceWarning: Enable tracemalloc to get the object allocation traceback
/var/tmp/forge/cohort-fx/codex/report.py:57: ResourceWarning: unclosed file <_io.TextIOWrapper name='/var/tmp/forge/cohort-fx/codex/runs/T-01-outline-memory-spec-marker__P__gpt-5.6-sol/result.edn' mode='r' encoding='utf-8'>
  txt = open(r, encoding="utf-8").read()
ResourceWarning: Enable tracemalloc to get the object allocation traceback
/var/tmp/forge/cohort-fx/codex/report.py:62: ResourceWarning: unclosed file <_io.TextIOWrapper name='/var/tmp/forge/cohort-fx/codex/runs/T-01-outline-memory-spec-marker__P__gpt-5.6-sol/mechanism.json' mode='r' encoding='utf-8'>
  mech = json.load(open(mp, encoding="utf-8"))
ResourceWarning: Enable tracemalloc to get the object allocation traceback
/var/tmp/forge/cohort-fx/codex/report.py:57: ResourceWarning: unclosed file <_io.TextIOWrapper name='/var/tmp/forge/cohort-fx/codex/runs/T-01-outline-memory-spec-marker__P__gpt-6-astra/result.edn' mode='r' encoding='utf-8'>
  txt = open(r, encoding="utf-8").read()
ResourceWarning: Enable tracemalloc to get the object allocation traceback
/var/tmp/forge/cohort-fx/codex/report.py:62: ResourceWarning: unclosed file <_io.TextIOWrapper name='/var/tmp/forge/cohort-fx/codex/runs/T-01-outline-memory-spec-marker__P__gpt-6-astra/mechanism.json' mode='r' encoding='utf-8'>
  mech = json.load(open(mp, encoding="utf-8"))
ResourceWarning: Enable tracemalloc to get the object allocation traceback
/var/tmp/forge/cohort-fx/codex/report.py:57: ResourceWarning: unclosed file <_io.TextIOWrapper name='/var/tmp/forge/cohort-fx/codex/runs/T-01-outline-memory-spec-marker__X0__gpt-5.6-sol/result.edn' mode='r' encoding='utf-8'>
  txt = open(r, encoding="utf-8").read()
ResourceWarning: Enable tracemalloc to get the object allocation traceback
/var/tmp/forge/cohort-fx/codex/report.py:62: ResourceWarning: unclosed file <_io.TextIOWrapper name='/var/tmp/forge/cohort-fx/codex/runs/T-01-outline-memory-spec-marker__X0__gpt-5.6-sol/mechanism.json' mode='r' encoding='utf-8'>
  mech = json.load(open(mp, encoding="utf-8"))
ResourceWarning: Enable tracemalloc to get the object allocation traceback
/var/tmp/forge/cohort-fx/codex/report.py:57: ResourceWarning: unclosed file <_io.TextIOWrapper name='/var/tmp/forge/cohort-fx/codex/runs/T-01-outline-memory-spec-marker__X0__gpt-6-astra/result.edn' mode='r' encoding='utf-8'>
  txt = open(r, encoding="utf-8").read()
ResourceWarning: Enable tracemalloc to get the object allocation traceback
/var/tmp/forge/cohort-fx/codex/report.py:62: ResourceWarning: unclosed file <_io.TextIOWrapper name='/var/tmp/forge/cohort-fx/codex/runs/T-01-outline-memory-spec-marker__X0__gpt-6-astra/mechanism.json' mode='r' encoding='utf-8'>
  mech = json.load(open(mp, encoding="utf-8"))
ResourceWarning: Enable tracemalloc to get the object allocation traceback
/var/tmp/forge/cohort-fx/codex/report.py:57: ResourceWarning: unclosed file <_io.TextIOWrapper name='/var/tmp/forge/cohort-fx/codex/runs/T-01-outline-memory-spec-marker__X1__gpt-5.6-sol/result.edn' mode='r' encoding='utf-8'>
  txt = open(r, encoding="utf-8").read()
ResourceWarning: Enable tracemalloc to get the object allocation traceback
/var/tmp/forge/cohort-fx/codex/report.py:62: ResourceWarning: unclosed file <_io.TextIOWrapper name='/var/tmp/forge/cohort-fx/codex/runs/T-01-outline-memory-spec-marker__X1__gpt-5.6-sol/mechanism.json' mode='r' encoding='utf-8'>
  mech = json.load(open(mp, encoding="utf-8"))
ResourceWarning: Enable tracemalloc to get the object allocation traceback
/var/tmp/forge/cohort-fx/codex/report.py:57: ResourceWarning: unclosed file <_io.TextIOWrapper name='/var/tmp/forge/cohort-fx/codex/runs/T-01-outline-memory-spec-marker__X1__gpt-6-astra/result.edn' mode='r' encoding='utf-8'>
  txt = open(r, encoding="utf-8").read()
ResourceWarning: Enable tracemalloc to get the object allocation traceback
/var/tmp/forge/cohort-fx/codex/report.py:62: ResourceWarning: unclosed file <_io.TextIOWrapper name='/var/tmp/forge/cohort-fx/codex/runs/T-01-outline-memory-spec-marker__X1__gpt-6-astra/mechanism.json' mode='r' encoding='utf-8'>
  mech = json.load(open(mp, encoding="utf-8"))
ResourceWarning: Enable tracemalloc to get the object allocation traceback
/var/tmp/forge/cohort-fx/codex/report.py:57: ResourceWarning: unclosed file <_io.TextIOWrapper name='/var/tmp/forge/cohort-fx/codex/runs/T-02-study-row-line-range__L__gpt-5.6-sol/result.edn' mode='r' encoding='utf-8'>
  txt = open(r, encoding="utf-8").read()
ResourceWarning: Enable tracemalloc to get the object allocation traceback
/var/tmp/forge/cohort-fx/codex/report.py:62: ResourceWarning: unclosed file <_io.TextIOWrapper name='/var/tmp/forge/cohort-fx/codex/runs/T-02-study-row-line-range__L__gpt-5.6-sol/mechanism.json' mode='r' encoding='utf-8'>
  mech = json.load(open(mp, encoding="utf-8"))
ResourceWarning: Enable tracemalloc to get the object allocation traceback
/var/tmp/forge/cohort-fx/codex/report.py:57: ResourceWarning: unclosed file <_io.TextIOWrapper name='/var/tmp/forge/cohort-fx/codex/runs/T-02-study-row-line-range__L__gpt-6-astra/result.edn' mode='r' encoding='utf-8'>
  txt = open(r, encoding="utf-8").read()
ResourceWarning: Enable tracemalloc to get the object allocation traceback
/var/tmp/forge/cohort-fx/codex/report.py:62: ResourceWarning: unclosed file <_io.TextIOWrapper name='/var/tmp/forge/cohort-fx/codex/runs/T-02-study-row-line-range__L__gpt-6-astra/mechanism.json' mode='r' encoding='utf-8'>
  mech = json.load(open(mp, encoding="utf-8"))
ResourceWarning: Enable tracemalloc to get the object allocation traceback
/var/tmp/forge/cohort-fx/codex/report.py:57: ResourceWarning: unclosed file <_io.TextIOWrapper name='/var/tmp/forge/cohort-fx/codex/runs/T-02-study-row-line-range__M__gpt-5.6-sol/result.edn' mode='r' encoding='utf-8'>
  txt = open(r, encoding="utf-8").read()
ResourceWarning: Enable tracemalloc to get the object allocation traceback
/var/tmp/forge/cohort-fx/codex/report.py:62: ResourceWarning: unclosed file <_io.TextIOWrapper name='/var/tmp/forge/cohort-fx/codex/runs/T-02-study-row-line-range__M__gpt-5.6-sol/mechanism.json' mode='r' encoding='utf-8'>
  mech = json.load(open(mp, encoding="utf-8"))
ResourceWarning: Enable tracemalloc to get the object allocation traceback
/var/tmp/forge/cohort-fx/codex/report.py:57: ResourceWarning: unclosed file <_io.TextIOWrapper name='/var/tmp/forge/cohort-fx/codex/runs/T-02-study-row-line-range__M__gpt-6-astra/result.edn' mode='r' encoding='utf-8'>
  txt = open(r, encoding="utf-8").read()
ResourceWarning: Enable tracemalloc to get the object allocation traceback
/var/tmp/forge/cohort-fx/codex/report.py:62: ResourceWarning: unclosed file <_io.TextIOWrapper name='/var/tmp/forge/cohort-fx/codex/runs/T-02-study-row-line-range__M__gpt-6-astra/mechanism.json' mode='r' encoding='utf-8'>
  mech = json.load(open(mp, encoding="utf-8"))
ResourceWarning: Enable tracemalloc to get the object allocation traceback
/var/tmp/forge/cohort-fx/codex/report.py:57: ResourceWarning: unclosed file <_io.TextIOWrapper name='/var/tmp/forge/cohort-fx/codex/runs/T-02-study-row-line-range__P__gpt-5.6-sol/result.edn' mode='r' encoding='utf-8'>
  txt = open(r, encoding="utf-8").read()
ResourceWarning: Enable tracemalloc to get the object allocation traceback
/var/tmp/forge/cohort-fx/codex/report.py:62: ResourceWarning: unclosed file <_io.TextIOWrapper name='/var/tmp/forge/cohort-fx/codex/runs/T-02-study-row-line-range__P__gpt-5.6-sol/mechanism.json' mode='r' encoding='utf-8'>
  mech = json.load(open(mp, encoding="utf-8"))
ResourceWarning: Enable tracemalloc to get the object allocation traceback
/var/tmp/forge/cohort-fx/codex/report.py:57: ResourceWarning: unclosed file <_io.TextIOWrapper name='/var/tmp/forge/cohort-fx/codex/runs/T-02-study-row-line-range__P__gpt-6-astra/result.edn' mode='r' encoding='utf-8'>
  txt = open(r, encoding="utf-8").read()
ResourceWarning: Enable tracemalloc to get the object allocation traceback
/var/tmp/forge/cohort-fx/codex/report.py:62: ResourceWarning: unclosed file <_io.TextIOWrapper name='/var/tmp/forge/cohort-fx/codex/runs/T-02-study-row-line-range__P__gpt-6-astra/mechanism.json' mode='r' encoding='utf-8'>
  mech = json.load(open(mp, encoding="utf-8"))
ResourceWarning: Enable tracemalloc to get the object allocation traceback
/var/tmp/forge/cohort-fx/codex/report.py:57: ResourceWarning: unclosed file <_io.TextIOWrapper name='/var/tmp/forge/cohort-fx/codex/runs/T-02-study-row-line-range__X0__gpt-5.6-sol/result.edn' mode='r' encoding='utf-8'>
  txt = open(r, encoding="utf-8").read()
ResourceWarning: Enable tracemalloc to get the object allocation traceback
/var/tmp/forge/cohort-fx/codex/report.py:62: ResourceWarning: unclosed file <_io.TextIOWrapper name='/var/tmp/forge/cohort-fx/codex/runs/T-02-study-row-line-range__X0__gpt-5.6-sol/mechanism.json' mode='r' encoding='utf-8'>
  mech = json.load(open(mp, encoding="utf-8"))
ResourceWarning: Enable tracemalloc to get the object allocation traceback
/var/tmp/forge/cohort-fx/codex/report.py:57: ResourceWarning: unclosed file <_io.TextIOWrapper name='/var/tmp/forge/cohort-fx/codex/runs/T-02-study-row-line-range__X0__gpt-6-astra/result.edn' mode='r' encoding='utf-8'>
  txt = open(r, encoding="utf-8").read()
ResourceWarning: Enable tracemalloc to get the object allocation traceback
/var/tmp/forge/cohort-fx/codex/report.py:62: ResourceWarning: unclosed file <_io.TextIOWrapper name='/var/tmp/forge/cohort-fx/codex/runs/T-02-study-row-line-range__X0__gpt-6-astra/mechanism.json' mode='r' encoding='utf-8'>
  mech = json.load(open(mp, encoding="utf-8"))
ResourceWarning: Enable tracemalloc to get the object allocation traceback
/var/tmp/forge/cohort-fx/codex/report.py:57: ResourceWarning: unclosed file <_io.TextIOWrapper name='/var/tmp/forge/cohort-fx/codex/runs/T-02-study-row-line-range__X1__gpt-5.6-sol/result.edn' mode='r' encoding='utf-8'>
  txt = open(r, encoding="utf-8").read()
ResourceWarning: Enable tracemalloc to get the object allocation traceback
/var/tmp/forge/cohort-fx/codex/report.py:62: ResourceWarning: unclosed file <_io.TextIOWrapper name='/var/tmp/forge/cohort-fx/codex/runs/T-02-study-row-line-range__X1__gpt-5.6-sol/mechanism.json' mode='r' encoding='utf-8'>
  mech = json.load(open(mp, encoding="utf-8"))
ResourceWarning: Enable tracemalloc to get the object allocation traceback
/var/tmp/forge/cohort-fx/codex/report.py:57: ResourceWarning: unclosed file <_io.TextIOWrapper name='/var/tmp/forge/cohort-fx/codex/runs/T-02-study-row-line-range__X1__gpt-6-astra/result.edn' mode='r' encoding='utf-8'>
  txt = open(r, encoding="utf-8").read()
ResourceWarning: Enable tracemalloc to get the object allocation traceback
/var/tmp/forge/cohort-fx/codex/report.py:62: ResourceWarning: unclosed file <_io.TextIOWrapper name='/var/tmp/forge/cohort-fx/codex/runs/T-02-study-row-line-range__X1__gpt-6-astra/mechanism.json' mode='r' encoding='utf-8'>
  mech = json.load(open(mp, encoding="utf-8"))
ResourceWarning: Enable tracemalloc to get the object allocation traceback
/var/tmp/forge/cohort-fx/codex/report.py:57: ResourceWarning: unclosed file <_io.TextIOWrapper name='/var/tmp/forge/cohort-fx/codex/runs/T-03-alias-migration-kind-count__L__gpt-5.6-sol/result.edn' mode='r' encoding='utf-8'>
  txt = open(r, encoding="utf-8").read()
ResourceWarning: Enable tracemalloc to get the object allocation traceback
/var/tmp/forge/cohort-fx/codex/report.py:62: ResourceWarning: unclosed file <_io.TextIOWrapper name='/var/tmp/forge/cohort-fx/codex/runs/T-03-alias-migration-kind-count__L__gpt-5.6-sol/mechanism.json' mode='r' encoding='utf-8'>
  mech = json.load(open(mp, encoding="utf-8"))
ResourceWarning: Enable tracemalloc to get the object allocation traceback
/var/tmp/forge/cohort-fx/codex/report.py:57: ResourceWarning: unclosed file <_io.TextIOWrapper name='/var/tmp/forge/cohort-fx/codex/runs/T-03-alias-migration-kind-count__L__gpt-6-astra/result.edn' mode='r' encoding='utf-8'>
  txt = open(r, encoding="utf-8").read()
ResourceWarning: Enable tracemalloc to get the object allocation traceback
/var/tmp/forge/cohort-fx/codex/report.py:62: ResourceWarning: unclosed file <_io.TextIOWrapper name='/var/tmp/forge/cohort-fx/codex/runs/T-03-alias-migration-kind-count__L__gpt-6-astra/mechanism.json' mode='r' encoding='utf-8'>
  mech = json.load(open(mp, encoding="utf-8"))
ResourceWarning: Enable tracemalloc to get the object allocation traceback
/var/tmp/forge/cohort-fx/codex/report.py:57: ResourceWarning: unclosed file <_io.TextIOWrapper name='/var/tmp/forge/cohort-fx/codex/runs/T-03-alias-migration-kind-count__M__gpt-5.6-sol/result.edn' mode='r' encoding='utf-8'>
  txt = open(r, encoding="utf-8").read()
ResourceWarning: Enable tracemalloc to get the object allocation traceback
/var/tmp/forge/cohort-fx/codex/report.py:62: ResourceWarning: unclosed file <_io.TextIOWrapper name='/var/tmp/forge/cohort-fx/codex/runs/T-03-alias-migration-kind-count__M__gpt-5.6-sol/mechanism.json' mode='r' encoding='utf-8'>
  mech = json.load(open(mp, encoding="utf-8"))
ResourceWarning: Enable tracemalloc to get the object allocation traceback
/var/tmp/forge/cohort-fx/codex/report.py:57: ResourceWarning: unclosed file <_io.TextIOWrapper name='/var/tmp/forge/cohort-fx/codex/runs/T-03-alias-migration-kind-count__M__gpt-6-astra/result.edn' mode='r' encoding='utf-8'>
  txt = open(r, encoding="utf-8").read()
ResourceWarning: Enable tracemalloc to get the object allocation traceback
/var/tmp/forge/cohort-fx/codex/report.py:62: ResourceWarning: unclosed file <_io.TextIOWrapper name='/var/tmp/forge/cohort-fx/codex/runs/T-03-alias-migration-kind-count__M__gpt-6-astra/mechanism.json' mode='r' encoding='utf-8'>
  mech = json.load(open(mp, encoding="utf-8"))
ResourceWarning: Enable tracemalloc to get the object allocation traceback
/var/tmp/forge/cohort-fx/codex/report.py:57: ResourceWarning: unclosed file <_io.TextIOWrapper name='/var/tmp/forge/cohort-fx/codex/runs/T-03-alias-migration-kind-count__P__gpt-5.6-sol/result.edn' mode='r' encoding='utf-8'>
  txt = open(r, encoding="utf-8").read()
ResourceWarning: Enable tracemalloc to get the object allocation traceback
/var/tmp/forge/cohort-fx/codex/report.py:62: ResourceWarning: unclosed file <_io.TextIOWrapper name='/var/tmp/forge/cohort-fx/codex/runs/T-03-alias-migration-kind-count__P__gpt-5.6-sol/mechanism.json' mode='r' encoding='utf-8'>
  mech = json.load(open(mp, encoding="utf-8"))
ResourceWarning: Enable tracemalloc to get the object allocation traceback
/var/tmp/forge/cohort-fx/codex/report.py:57: ResourceWarning: unclosed file <_io.TextIOWrapper name='/var/tmp/forge/cohort-fx/codex/runs/T-03-alias-migration-kind-count__P__gpt-6-astra/result.edn' mode='r' encoding='utf-8'>
  txt = open(r, encoding="utf-8").read()
ResourceWarning: Enable tracemalloc to get the object allocation traceback
/var/tmp/forge/cohort-fx/codex/report.py:62: ResourceWarning: unclosed file <_io.TextIOWrapper name='/var/tmp/forge/cohort-fx/codex/runs/T-03-alias-migration-kind-count__P__gpt-6-astra/mechanism.json' mode='r' encoding='utf-8'>
  mech = json.load(open(mp, encoding="utf-8"))
ResourceWarning: Enable tracemalloc to get the object allocation traceback
/var/tmp/forge/cohort-fx/codex/report.py:57: ResourceWarning: unclosed file <_io.TextIOWrapper name='/var/tmp/forge/cohort-fx/codex/runs/T-03-alias-migration-kind-count__X0__gpt-5.6-sol/result.edn' mode='r' encoding='utf-8'>
  txt = open(r, encoding="utf-8").read()
ResourceWarning: Enable tracemalloc to get the object allocation traceback
/var/tmp/forge/cohort-fx/codex/report.py:62: ResourceWarning: unclosed file <_io.TextIOWrapper name='/var/tmp/forge/cohort-fx/codex/runs/T-03-alias-migration-kind-count__X0__gpt-5.6-sol/mechanism.json' mode='r' encoding='utf-8'>
  mech = json.load(open(mp, encoding="utf-8"))
ResourceWarning: Enable tracemalloc to get the object allocation traceback
/var/tmp/forge/cohort-fx/codex/report.py:57: ResourceWarning: unclosed file <_io.TextIOWrapper name='/var/tmp/forge/cohort-fx/codex/runs/T-03-alias-migration-kind-count__X0__gpt-6-astra/result.edn' mode='r' encoding='utf-8'>
  txt = open(r, encoding="utf-8").read()
ResourceWarning: Enable tracemalloc to get the object allocation traceback
/var/tmp/forge/cohort-fx/codex/report.py:62: ResourceWarning: unclosed file <_io.TextIOWrapper name='/var/tmp/forge/cohort-fx/codex/runs/T-03-alias-migration-kind-count__X0__gpt-6-astra/mechanism.json' mode='r' encoding='utf-8'>
  mech = json.load(open(mp, encoding="utf-8"))
ResourceWarning: Enable tracemalloc to get the object allocation traceback
/var/tmp/forge/cohort-fx/codex/report.py:57: ResourceWarning: unclosed file <_io.TextIOWrapper name='/var/tmp/forge/cohort-fx/codex/runs/T-03-alias-migration-kind-count__X1__gpt-5.6-sol/result.edn' mode='r' encoding='utf-8'>
  txt = open(r, encoding="utf-8").read()
ResourceWarning: Enable tracemalloc to get the object allocation traceback
/var/tmp/forge/cohort-fx/codex/report.py:62: ResourceWarning: unclosed file <_io.TextIOWrapper name='/var/tmp/forge/cohort-fx/codex/runs/T-03-alias-migration-kind-count__X1__gpt-5.6-sol/mechanism.json' mode='r' encoding='utf-8'>
  mech = json.load(open(mp, encoding="utf-8"))
ResourceWarning: Enable tracemalloc to get the object allocation traceback
/var/tmp/forge/cohort-fx/codex/report.py:57: ResourceWarning: unclosed file <_io.TextIOWrapper name='/var/tmp/forge/cohort-fx/codex/runs/T-03-alias-migration-kind-count__X1__gpt-6-astra/result.edn' mode='r' encoding='utf-8'>
  txt = open(r, encoding="utf-8").read()
ResourceWarning: Enable tracemalloc to get the object allocation traceback
/var/tmp/forge/cohort-fx/codex/report.py:62: ResourceWarning: unclosed file <_io.TextIOWrapper name='/var/tmp/forge/cohort-fx/codex/runs/T-03-alias-migration-kind-count__X1__gpt-6-astra/mechanism.json' mode='r' encoding='utf-8'>
  mech = json.load(open(mp, encoding="utf-8"))
ResourceWarning: Enable tracemalloc to get the object allocation traceback
/var/tmp/forge/cohort-fx/codex/report.py:57: ResourceWarning: unclosed file <_io.TextIOWrapper name='/var/tmp/forge/cohort-fx/codex/runs/T-04-lane-manifest-total__L__gpt-5.6-sol/result.edn' mode='r' encoding='utf-8'>
  txt = open(r, encoding="utf-8").read()
ResourceWarning: Enable tracemalloc to get the object allocation traceback
/var/tmp/forge/cohort-fx/codex/report.py:62: ResourceWarning: unclosed file <_io.TextIOWrapper name='/var/tmp/forge/cohort-fx/codex/runs/T-04-lane-manifest-total__L__gpt-5.6-sol/mechanism.json' mode='r' encoding='utf-8'>
  mech = json.load(open(mp, encoding="utf-8"))
ResourceWarning: Enable tracemalloc to get the object allocation traceback
/var/tmp/forge/cohort-fx/codex/report.py:57: ResourceWarning: unclosed file <_io.TextIOWrapper name='/var/tmp/forge/cohort-fx/codex/runs/T-04-lane-manifest-total__L__gpt-6-astra/result.edn' mode='r' encoding='utf-8'>
  txt = open(r, encoding="utf-8").read()
ResourceWarning: Enable tracemalloc to get the object allocation traceback
/var/tmp/forge/cohort-fx/codex/report.py:62: ResourceWarning: unclosed file <_io.TextIOWrapper name='/var/tmp/forge/cohort-fx/codex/runs/T-04-lane-manifest-total__L__gpt-6-astra/mechanism.json' mode='r' encoding='utf-8'>
  mech = json.load(open(mp, encoding="utf-8"))
ResourceWarning: Enable tracemalloc to get the object allocation traceback
/var/tmp/forge/cohort-fx/codex/report.py:57: ResourceWarning: unclosed file <_io.TextIOWrapper name='/var/tmp/forge/cohort-fx/codex/runs/T-04-lane-manifest-total__M__gpt-5.6-sol/result.edn' mode='r' encoding='utf-8'>
  txt = open(r, encoding="utf-8").read()
ResourceWarning: Enable tracemalloc to get the object allocation traceback
/var/tmp/forge/cohort-fx/codex/report.py:62: ResourceWarning: unclosed file <_io.TextIOWrapper name='/var/tmp/forge/cohort-fx/codex/runs/T-04-lane-manifest-total__M__gpt-5.6-sol/mechanism.json' mode='r' encoding='utf-8'>
  mech = json.load(open(mp, encoding="utf-8"))
ResourceWarning: Enable tracemalloc to get the object allocation traceback
/var/tmp/forge/cohort-fx/codex/report.py:57: ResourceWarning: unclosed file <_io.TextIOWrapper name='/var/tmp/forge/cohort-fx/codex/runs/T-04-lane-manifest-total__M__gpt-6-astra/result.edn' mode='r' encoding='utf-8'>
  txt = open(r, encoding="utf-8").read()
ResourceWarning: Enable tracemalloc to get the object allocation traceback
/var/tmp/forge/cohort-fx/codex/report.py:62: ResourceWarning: unclosed file <_io.TextIOWrapper name='/var/tmp/forge/cohort-fx/codex/runs/T-04-lane-manifest-total__M__gpt-6-astra/mechanism.json' mode='r' encoding='utf-8'>
  mech = json.load(open(mp, encoding="utf-8"))
ResourceWarning: Enable tracemalloc to get the object allocation traceback
/var/tmp/forge/cohort-fx/codex/report.py:57: ResourceWarning: unclosed file <_io.TextIOWrapper name='/var/tmp/forge/cohort-fx/codex/runs/T-04-lane-manifest-total__P__gpt-5.6-sol/result.edn' mode='r' encoding='utf-8'>
  txt = open(r, encoding="utf-8").read()
ResourceWarning: Enable tracemalloc to get the object allocation traceback
/var/tmp/forge/cohort-fx/codex/report.py:62: ResourceWarning: unclosed file <_io.TextIOWrapper name='/var/tmp/forge/cohort-fx/codex/runs/T-04-lane-manifest-total__P__gpt-5.6-sol/mechanism.json' mode='r' encoding='utf-8'>
  mech = json.load(open(mp, encoding="utf-8"))
ResourceWarning: Enable tracemalloc to get the object allocation traceback
/var/tmp/forge/cohort-fx/codex/report.py:57: ResourceWarning: unclosed file <_io.TextIOWrapper name='/var/tmp/forge/cohort-fx/codex/runs/T-04-lane-manifest-total__P__gpt-6-astra/result.edn' mode='r' encoding='utf-8'>
  txt = open(r, encoding="utf-8").read()
ResourceWarning: Enable tracemalloc to get the object allocation traceback
/var/tmp/forge/cohort-fx/codex/report.py:62: ResourceWarning: unclosed file <_io.TextIOWrapper name='/var/tmp/forge/cohort-fx/codex/runs/T-04-lane-manifest-total__P__gpt-6-astra/mechanism.json' mode='r' encoding='utf-8'>
  mech = json.load(open(mp, encoding="utf-8"))
ResourceWarning: Enable tracemalloc to get the object allocation traceback
/var/tmp/forge/cohort-fx/codex/report.py:57: ResourceWarning: unclosed file <_io.TextIOWrapper name='/var/tmp/forge/cohort-fx/codex/runs/T-04-lane-manifest-total__X0__gpt-5.6-sol/result.edn' mode='r' encoding='utf-8'>
  txt = open(r, encoding="utf-8").read()
ResourceWarning: Enable tracemalloc to get the object allocation traceback
/var/tmp/forge/cohort-fx/codex/report.py:62: ResourceWarning: unclosed file <_io.TextIOWrapper name='/var/tmp/forge/cohort-fx/codex/runs/T-04-lane-manifest-total__X0__gpt-5.6-sol/mechanism.json' mode='r' encoding='utf-8'>
  mech = json.load(open(mp, encoding="utf-8"))
ResourceWarning: Enable tracemalloc to get the object allocation traceback
/var/tmp/forge/cohort-fx/codex/report.py:57: ResourceWarning: unclosed file <_io.TextIOWrapper name='/var/tmp/forge/cohort-fx/codex/runs/T-04-lane-manifest-total__X0__gpt-6-astra/result.edn' mode='r' encoding='utf-8'>
  txt = open(r, encoding="utf-8").read()
ResourceWarning: Enable tracemalloc to get the object allocation traceback
/var/tmp/forge/cohort-fx/codex/report.py:62: ResourceWarning: unclosed file <_io.TextIOWrapper name='/var/tmp/forge/cohort-fx/codex/runs/T-04-lane-manifest-total__X0__gpt-6-astra/mechanism.json' mode='r' encoding='utf-8'>
  mech = json.load(open(mp, encoding="utf-8"))
ResourceWarning: Enable tracemalloc to get the object allocation traceback
/var/tmp/forge/cohort-fx/codex/report.py:57: ResourceWarning: unclosed file <_io.TextIOWrapper name='/var/tmp/forge/cohort-fx/codex/runs/T-04-lane-manifest-total__X1__gpt-5.6-sol/result.edn' mode='r' encoding='utf-8'>
  txt = open(r, encoding="utf-8").read()
ResourceWarning: Enable tracemalloc to get the object allocation traceback
/var/tmp/forge/cohort-fx/codex/report.py:62: ResourceWarning: unclosed file <_io.TextIOWrapper name='/var/tmp/forge/cohort-fx/codex/runs/T-04-lane-manifest-total__X1__gpt-5.6-sol/mechanism.json' mode='r' encoding='utf-8'>
  mech = json.load(open(mp, encoding="utf-8"))
ResourceWarning: Enable tracemalloc to get the object allocation traceback
/var/tmp/forge/cohort-fx/codex/report.py:57: ResourceWarning: unclosed file <_io.TextIOWrapper name='/var/tmp/forge/cohort-fx/codex/runs/T-04-lane-manifest-total__X1__gpt-6-astra/result.edn' mode='r' encoding='utf-8'>
  txt = open(r, encoding="utf-8").read()
ResourceWarning: Enable tracemalloc to get the object allocation traceback
/var/tmp/forge/cohort-fx/codex/report.py:62: ResourceWarning: unclosed file <_io.TextIOWrapper name='/var/tmp/forge/cohort-fx/codex/runs/T-04-lane-manifest-total__X1__gpt-6-astra/mechanism.json' mode='r' encoding='utf-8'>
  mech = json.load(open(mp, encoding="utf-8"))
ResourceWarning: Enable tracemalloc to get the object allocation traceback
/var/tmp/forge/cohort-fx/codex/report.py:57: ResourceWarning: unclosed file <_io.TextIOWrapper name='/var/tmp/forge/cohort-fx/codex/runs/example-R-e4__L__gpt-5.6-sol/result.edn' mode='r' encoding='utf-8'>
  txt = open(r, encoding="utf-8").read()
ResourceWarning: Enable tracemalloc to get the object allocation traceback
/var/tmp/forge/cohort-fx/codex/report.py:62: ResourceWarning: unclosed file <_io.TextIOWrapper name='/var/tmp/forge/cohort-fx/codex/runs/example-R-e4__L__gpt-5.6-sol/mechanism.json' mode='r' encoding='utf-8'>
  mech = json.load(open(mp, encoding="utf-8"))
ResourceWarning: Enable tracemalloc to get the object allocation traceback
/var/tmp/forge/cohort-fx/codex/report.py:57: ResourceWarning: unclosed file <_io.TextIOWrapper name='/var/tmp/forge/cohort-fx/codex/runs/example-R-e4__L__gpt-6-astra/result.edn' mode='r' encoding='utf-8'>
  txt = open(r, encoding="utf-8").read()
ResourceWarning: Enable tracemalloc to get the object allocation traceback
/var/tmp/forge/cohort-fx/codex/report.py:62: ResourceWarning: unclosed file <_io.TextIOWrapper name='/var/tmp/forge/cohort-fx/codex/runs/example-R-e4__L__gpt-6-astra/mechanism.json' mode='r' encoding='utf-8'>
  mech = json.load(open(mp, encoding="utf-8"))
ResourceWarning: Enable tracemalloc to get the object allocation traceback
/var/tmp/forge/cohort-fx/codex/report.py:57: ResourceWarning: unclosed file <_io.TextIOWrapper name='/var/tmp/forge/cohort-fx/codex/runs/example-R-e4__M__gpt-5.6-sol/result.edn' mode='r' encoding='utf-8'>
  txt = open(r, encoding="utf-8").read()
ResourceWarning: Enable tracemalloc to get the object allocation traceback
/var/tmp/forge/cohort-fx/codex/report.py:62: ResourceWarning: unclosed file <_io.TextIOWrapper name='/var/tmp/forge/cohort-fx/codex/runs/example-R-e4__M__gpt-5.6-sol/mechanism.json' mode='r' encoding='utf-8'>
  mech = json.load(open(mp, encoding="utf-8"))
ResourceWarning: Enable tracemalloc to get the object allocation traceback
/var/tmp/forge/cohort-fx/codex/report.py:57: ResourceWarning: unclosed file <_io.TextIOWrapper name='/var/tmp/forge/cohort-fx/codex/runs/example-R-e4__M__gpt-6-astra/result.edn' mode='r' encoding='utf-8'>
  txt = open(r, encoding="utf-8").read()
ResourceWarning: Enable tracemalloc to get the object allocation traceback
/var/tmp/forge/cohort-fx/codex/report.py:62: ResourceWarning: unclosed file <_io.TextIOWrapper name='/var/tmp/forge/cohort-fx/codex/runs/example-R-e4__M__gpt-6-astra/mechanism.json' mode='r' encoding='utf-8'>
  mech = json.load(open(mp, encoding="utf-8"))
ResourceWarning: Enable tracemalloc to get the object allocation traceback
/var/tmp/forge/cohort-fx/codex/report.py:57: ResourceWarning: unclosed file <_io.TextIOWrapper name='/var/tmp/forge/cohort-fx/codex/runs/example-R-e4__P__gpt-5.6-sol/result.edn' mode='r' encoding='utf-8'>
  txt = open(r, encoding="utf-8").read()
ResourceWarning: Enable tracemalloc to get the object allocation traceback
/var/tmp/forge/cohort-fx/codex/report.py:62: ResourceWarning: unclosed file <_io.TextIOWrapper name='/var/tmp/forge/cohort-fx/codex/runs/example-R-e4__P__gpt-5.6-sol/mechanism.json' mode='r' encoding='utf-8'>
  mech = json.load(open(mp, encoding="utf-8"))
ResourceWarning: Enable tracemalloc to get the object allocation traceback
/var/tmp/forge/cohort-fx/codex/report.py:57: ResourceWarning: unclosed file <_io.TextIOWrapper name='/var/tmp/forge/cohort-fx/codex/runs/example-R-e4__P__gpt-6-astra/result.edn' mode='r' encoding='utf-8'>
  txt = open(r, encoding="utf-8").read()
ResourceWarning: Enable tracemalloc to get the object allocation traceback
/var/tmp/forge/cohort-fx/codex/report.py:62: ResourceWarning: unclosed file <_io.TextIOWrapper name='/var/tmp/forge/cohort-fx/codex/runs/example-R-e4__P__gpt-6-astra/mechanism.json' mode='r' encoding='utf-8'>
  mech = json.load(open(mp, encoding="utf-8"))
ResourceWarning: Enable tracemalloc to get the object allocation traceback
/var/tmp/forge/cohort-fx/codex/report.py:57: ResourceWarning: unclosed file <_io.TextIOWrapper name='/var/tmp/forge/cohort-fx/codex/runs/example-R-e4__X0__gpt-5.6-sol/result.edn' mode='r' encoding='utf-8'>
  txt = open(r, encoding="utf-8").read()
ResourceWarning: Enable tracemalloc to get the object allocation traceback
/var/tmp/forge/cohort-fx/codex/report.py:62: ResourceWarning: unclosed file <_io.TextIOWrapper name='/var/tmp/forge/cohort-fx/codex/runs/example-R-e4__X0__gpt-5.6-sol/mechanism.json' mode='r' encoding='utf-8'>
  mech = json.load(open(mp, encoding="utf-8"))
ResourceWarning: Enable tracemalloc to get the object allocation traceback
/var/tmp/forge/cohort-fx/codex/report.py:57: ResourceWarning: unclosed file <_io.TextIOWrapper name='/var/tmp/forge/cohort-fx/codex/runs/example-R-e4__X0__gpt-6-astra/result.edn' mode='r' encoding='utf-8'>
  txt = open(r, encoding="utf-8").read()
ResourceWarning: Enable tracemalloc to get the object allocation traceback
/var/tmp/forge/cohort-fx/codex/report.py:62: ResourceWarning: unclosed file <_io.TextIOWrapper name='/var/tmp/forge/cohort-fx/codex/runs/example-R-e4__X0__gpt-6-astra/mechanism.json' mode='r' encoding='utf-8'>
  mech = json.load(open(mp, encoding="utf-8"))
ResourceWarning: Enable tracemalloc to get the object allocation traceback
/var/tmp/forge/cohort-fx/codex/report.py:57: ResourceWarning: unclosed file <_io.TextIOWrapper name='/var/tmp/forge/cohort-fx/codex/runs/example-R-e4__X1__gpt-5.6-sol/result.edn' mode='r' encoding='utf-8'>
  txt = open(r, encoding="utf-8").read()
ResourceWarning: Enable tracemalloc to get the object allocation traceback
/var/tmp/forge/cohort-fx/codex/report.py:62: ResourceWarning: unclosed file <_io.TextIOWrapper name='/var/tmp/forge/cohort-fx/codex/runs/example-R-e4__X1__gpt-5.6-sol/mechanism.json' mode='r' encoding='utf-8'>
  mech = json.load(open(mp, encoding="utf-8"))
ResourceWarning: Enable tracemalloc to get the object allocation traceback
/var/tmp/forge/cohort-fx/codex/report.py:57: ResourceWarning: unclosed file <_io.TextIOWrapper name='/var/tmp/forge/cohort-fx/codex/runs/example-R-e4__X1__gpt-6-astra/result.edn' mode='r' encoding='utf-8'>
  txt = open(r, encoding="utf-8").read()
ResourceWarning: Enable tracemalloc to get the object allocation traceback
/var/tmp/forge/cohort-fx/codex/report.py:62: ResourceWarning: unclosed file <_io.TextIOWrapper name='/var/tmp/forge/cohort-fx/codex/runs/example-R-e4__X1__gpt-6-astra/mechanism.json' mode='r' encoding='utf-8'>
  mech = json.load(open(mp, encoding="utf-8"))
ResourceWarning: Enable tracemalloc to get the object allocation traceback
/var/tmp/forge/cohort-fx/codex/report.py:57: ResourceWarning: unclosed file <_io.TextIOWrapper name='/var/tmp/forge/cohort-fx/codex/runs/I-01-mission-cli-stale__L__gpt-5.6-sol/result.edn' mode='r' encoding='utf-8'>
  txt = open(r, encoding="utf-8").read()
ResourceWarning: Enable tracemalloc to get the object allocation traceback
/var/tmp/forge/cohort-fx/codex/report.py:62: ResourceWarning: unclosed file <_io.TextIOWrapper name='/var/tmp/forge/cohort-fx/codex/runs/I-01-mission-cli-stale__L__gpt-5.6-sol/mechanism.json' mode='r' encoding='utf-8'>
  mech = json.load(open(mp, encoding="utf-8"))
ResourceWarning: Enable tracemalloc to get the object allocation traceback
/var/tmp/forge/cohort-fx/codex/report.py:57: ResourceWarning: unclosed file <_io.TextIOWrapper name='/var/tmp/forge/cohort-fx/codex/runs/I-01-mission-cli-stale__L__gpt-6-astra/result.edn' mode='r' encoding='utf-8'>
  txt = open(r, encoding="utf-8").read()
ResourceWarning: Enable tracemalloc to get the object allocation traceback
/var/tmp/forge/cohort-fx/codex/report.py:62: ResourceWarning: unclosed file <_io.TextIOWrapper name='/var/tmp/forge/cohort-fx/codex/runs/I-01-mission-cli-stale__L__gpt-6-astra/mechanism.json' mode='r' encoding='utf-8'>
  mech = json.load(open(mp, encoding="utf-8"))
ResourceWarning: Enable tracemalloc to get the object allocation traceback
/var/tmp/forge/cohort-fx/codex/report.py:57: ResourceWarning: unclosed file <_io.TextIOWrapper name='/var/tmp/forge/cohort-fx/codex/runs/I-01-mission-cli-stale__M__gpt-5.6-sol/result.edn' mode='r' encoding='utf-8'>
  txt = open(r, encoding="utf-8").read()
ResourceWarning: Enable tracemalloc to get the object allocation traceback
/var/tmp/forge/cohort-fx/codex/report.py:62: ResourceWarning: unclosed file <_io.TextIOWrapper name='/var/tmp/forge/cohort-fx/codex/runs/I-01-mission-cli-stale__M__gpt-5.6-sol/mechanism.json' mode='r' encoding='utf-8'>
  mech = json.load(open(mp, encoding="utf-8"))
ResourceWarning: Enable tracemalloc to get the object allocation traceback
/var/tmp/forge/cohort-fx/codex/report.py:57: ResourceWarning: unclosed file <_io.TextIOWrapper name='/var/tmp/forge/cohort-fx/codex/runs/I-01-mission-cli-stale__M__gpt-6-astra/result.edn' mode='r' encoding='utf-8'>
  txt = open(r, encoding="utf-8").read()
ResourceWarning: Enable tracemalloc to get the object allocation traceback
/var/tmp/forge/cohort-fx/codex/report.py:62: ResourceWarning: unclosed file <_io.TextIOWrapper name='/var/tmp/forge/cohort-fx/codex/runs/I-01-mission-cli-stale__M__gpt-6-astra/mechanism.json' mode='r' encoding='utf-8'>
  mech = json.load(open(mp, encoding="utf-8"))
ResourceWarning: Enable tracemalloc to get the object allocation traceback
/var/tmp/forge/cohort-fx/codex/report.py:57: ResourceWarning: unclosed file <_io.TextIOWrapper name='/var/tmp/forge/cohort-fx/codex/runs/I-01-mission-cli-stale__P__gpt-5.6-sol/result.edn' mode='r' encoding='utf-8'>
  txt = open(r, encoding="utf-8").read()
ResourceWarning: Enable tracemalloc to get the object allocation traceback
/var/tmp/forge/cohort-fx/codex/report.py:62: ResourceWarning: unclosed file <_io.TextIOWrapper name='/var/tmp/forge/cohort-fx/codex/runs/I-01-mission-cli-stale__P__gpt-5.6-sol/mechanism.json' mode='r' encoding='utf-8'>
  mech = json.load(open(mp, encoding="utf-8"))
ResourceWarning: Enable tracemalloc to get the object allocation traceback
/var/tmp/forge/cohort-fx/codex/report.py:57: ResourceWarning: unclosed file <_io.TextIOWrapper name='/var/tmp/forge/cohort-fx/codex/runs/I-01-mission-cli-stale__P__gpt-6-astra/result.edn' mode='r' encoding='utf-8'>
  txt = open(r, encoding="utf-8").read()
ResourceWarning: Enable tracemalloc to get the object allocation traceback
/var/tmp/forge/cohort-fx/codex/report.py:62: ResourceWarning: unclosed file <_io.TextIOWrapper name='/var/tmp/forge/cohort-fx/codex/runs/I-01-mission-cli-stale__P__gpt-6-astra/mechanism.json' mode='r' encoding='utf-8'>
  mech = json.load(open(mp, encoding="utf-8"))
ResourceWarning: Enable tracemalloc to get the object allocation traceback
/var/tmp/forge/cohort-fx/codex/report.py:57: ResourceWarning: unclosed file <_io.TextIOWrapper name='/var/tmp/forge/cohort-fx/codex/runs/I-01-mission-cli-stale__X0__gpt-5.6-sol/result.edn' mode='r' encoding='utf-8'>
  txt = open(r, encoding="utf-8").read()
ResourceWarning: Enable tracemalloc to get the object allocation traceback
/var/tmp/forge/cohort-fx/codex/report.py:62: ResourceWarning: unclosed file <_io.TextIOWrapper name='/var/tmp/forge/cohort-fx/codex/runs/I-01-mission-cli-stale__X0__gpt-5.6-sol/mechanism.json' mode='r' encoding='utf-8'>
  mech = json.load(open(mp, encoding="utf-8"))
ResourceWarning: Enable tracemalloc to get the object allocation traceback
/var/tmp/forge/cohort-fx/codex/report.py:57: ResourceWarning: unclosed file <_io.TextIOWrapper name='/var/tmp/forge/cohort-fx/codex/runs/I-01-mission-cli-stale__X0__gpt-6-astra/result.edn' mode='r' encoding='utf-8'>
  txt = open(r, encoding="utf-8").read()
ResourceWarning: Enable tracemalloc to get the object allocation traceback
/var/tmp/forge/cohort-fx/codex/report.py:62: ResourceWarning: unclosed file <_io.TextIOWrapper name='/var/tmp/forge/cohort-fx/codex/runs/I-01-mission-cli-stale__X0__gpt-6-astra/mechanism.json' mode='r' encoding='utf-8'>
  mech = json.load(open(mp, encoding="utf-8"))
ResourceWarning: Enable tracemalloc to get the object allocation traceback
/var/tmp/forge/cohort-fx/codex/report.py:57: ResourceWarning: unclosed file <_io.TextIOWrapper name='/var/tmp/forge/cohort-fx/codex/runs/I-01-mission-cli-stale__X1__gpt-5.6-sol/result.edn' mode='r' encoding='utf-8'>
  txt = open(r, encoding="utf-8").read()
ResourceWarning: Enable tracemalloc to get the object allocation traceback
/var/tmp/forge/cohort-fx/codex/report.py:62: ResourceWarning: unclosed file <_io.TextIOWrapper name='/var/tmp/forge/cohort-fx/codex/runs/I-01-mission-cli-stale__X1__gpt-5.6-sol/mechanism.json' mode='r' encoding='utf-8'>
  mech = json.load(open(mp, encoding="utf-8"))
ResourceWarning: Enable tracemalloc to get the object allocation traceback
/var/tmp/forge/cohort-fx/codex/report.py:57: ResourceWarning: unclosed file <_io.TextIOWrapper name='/var/tmp/forge/cohort-fx/codex/runs/I-01-mission-cli-stale__X1__gpt-6-astra/result.edn' mode='r' encoding='utf-8'>
  txt = open(r, encoding="utf-8").read()
ResourceWarning: Enable tracemalloc to get the object allocation traceback
/var/tmp/forge/cohort-fx/codex/report.py:62: ResourceWarning: unclosed file <_io.TextIOWrapper name='/var/tmp/forge/cohort-fx/codex/runs/I-01-mission-cli-stale__X1__gpt-6-astra/mechanism.json' mode='r' encoding='utf-8'>
  mech = json.load(open(mp, encoding="utf-8"))
ResourceWarning: Enable tracemalloc to get the object allocation traceback
/var/tmp/forge/cohort-fx/codex/report.py:57: ResourceWarning: unclosed file <_io.TextIOWrapper name='/var/tmp/forge/cohort-fx/codex/runs/I-02-mission-cli-admitted-profiles__L__gpt-5.6-sol/result.edn' mode='r' encoding='utf-8'>
  txt = open(r, encoding="utf-8").read()
ResourceWarning: Enable tracemalloc to get the object allocation traceback
/var/tmp/forge/cohort-fx/codex/report.py:62: ResourceWarning: unclosed file <_io.TextIOWrapper name='/var/tmp/forge/cohort-fx/codex/runs/I-02-mission-cli-admitted-profiles__L__gpt-5.6-sol/mechanism.json' mode='r' encoding='utf-8'>
  mech = json.load(open(mp, encoding="utf-8"))
ResourceWarning: Enable tracemalloc to get the object allocation traceback
/var/tmp/forge/cohort-fx/codex/report.py:57: ResourceWarning: unclosed file <_io.TextIOWrapper name='/var/tmp/forge/cohort-fx/codex/runs/I-02-mission-cli-admitted-profiles__L__gpt-6-astra/result.edn' mode='r' encoding='utf-8'>
  txt = open(r, encoding="utf-8").read()
ResourceWarning: Enable tracemalloc to get the object allocation traceback
/var/tmp/forge/cohort-fx/codex/report.py:62: ResourceWarning: unclosed file <_io.TextIOWrapper name='/var/tmp/forge/cohort-fx/codex/runs/I-02-mission-cli-admitted-profiles__L__gpt-6-astra/mechanism.json' mode='r' encoding='utf-8'>
  mech = json.load(open(mp, encoding="utf-8"))
ResourceWarning: Enable tracemalloc to get the object allocation traceback
/var/tmp/forge/cohort-fx/codex/report.py:57: ResourceWarning: unclosed file <_io.TextIOWrapper name='/var/tmp/forge/cohort-fx/codex/runs/I-02-mission-cli-admitted-profiles__M__gpt-5.6-sol/result.edn' mode='r' encoding='utf-8'>
  txt = open(r, encoding="utf-8").read()
ResourceWarning: Enable tracemalloc to get the object allocation traceback
/var/tmp/forge/cohort-fx/codex/report.py:62: ResourceWarning: unclosed file <_io.TextIOWrapper name='/var/tmp/forge/cohort-fx/codex/runs/I-02-mission-cli-admitted-profiles__M__gpt-5.6-sol/mechanism.json' mode='r' encoding='utf-8'>
  mech = json.load(open(mp, encoding="utf-8"))
ResourceWarning: Enable tracemalloc to get the object allocation traceback
/var/tmp/forge/cohort-fx/codex/report.py:57: ResourceWarning: unclosed file <_io.TextIOWrapper name='/var/tmp/forge/cohort-fx/codex/runs/I-02-mission-cli-admitted-profiles__M__gpt-6-astra/result.edn' mode='r' encoding='utf-8'>
  txt = open(r, encoding="utf-8").read()
ResourceWarning: Enable tracemalloc to get the object allocation traceback
/var/tmp/forge/cohort-fx/codex/report.py:62: ResourceWarning: unclosed file <_io.TextIOWrapper name='/var/tmp/forge/cohort-fx/codex/runs/I-02-mission-cli-admitted-profiles__M__gpt-6-astra/mechanism.json' mode='r' encoding='utf-8'>
  mech = json.load(open(mp, encoding="utf-8"))
ResourceWarning: Enable tracemalloc to get the object allocation traceback
/var/tmp/forge/cohort-fx/codex/report.py:57: ResourceWarning: unclosed file <_io.TextIOWrapper name='/var/tmp/forge/cohort-fx/codex/runs/I-02-mission-cli-admitted-profiles__P__gpt-5.6-sol/result.edn' mode='r' encoding='utf-8'>
  txt = open(r, encoding="utf-8").read()
ResourceWarning: Enable tracemalloc to get the object allocation traceback
/var/tmp/forge/cohort-fx/codex/report.py:62: ResourceWarning: unclosed file <_io.TextIOWrapper name='/var/tmp/forge/cohort-fx/codex/runs/I-02-mission-cli-admitted-profiles__P__gpt-5.6-sol/mechanism.json' mode='r' encoding='utf-8'>
  mech = json.load(open(mp, encoding="utf-8"))
ResourceWarning: Enable tracemalloc to get the object allocation traceback
/var/tmp/forge/cohort-fx/codex/report.py:57: ResourceWarning: unclosed file <_io.TextIOWrapper name='/var/tmp/forge/cohort-fx/codex/runs/I-02-mission-cli-admitted-profiles__P__gpt-6-astra/result.edn' mode='r' encoding='utf-8'>
  txt = open(r, encoding="utf-8").read()
ResourceWarning: Enable tracemalloc to get the object allocation traceback
/var/tmp/forge/cohort-fx/codex/report.py:62: ResourceWarning: unclosed file <_io.TextIOWrapper name='/var/tmp/forge/cohort-fx/codex/runs/I-02-mission-cli-admitted-profiles__P__gpt-6-astra/mechanism.json' mode='r' encoding='utf-8'>
  mech = json.load(open(mp, encoding="utf-8"))
ResourceWarning: Enable tracemalloc to get the object allocation traceback
/var/tmp/forge/cohort-fx/codex/report.py:57: ResourceWarning: unclosed file <_io.TextIOWrapper name='/var/tmp/forge/cohort-fx/codex/runs/I-02-mission-cli-admitted-profiles__X0__gpt-5.6-sol/result.edn' mode='r' encoding='utf-8'>
  txt = open(r, encoding="utf-8").read()
ResourceWarning: Enable tracemalloc to get the object allocation traceback
/var/tmp/forge/cohort-fx/codex/report.py:62: ResourceWarning: unclosed file <_io.TextIOWrapper name='/var/tmp/forge/cohort-fx/codex/runs/I-02-mission-cli-admitted-profiles__X0__gpt-5.6-sol/mechanism.json' mode='r' encoding='utf-8'>
  mech = json.load(open(mp, encoding="utf-8"))
ResourceWarning: Enable tracemalloc to get the object allocation traceback
/var/tmp/forge/cohort-fx/codex/report.py:57: ResourceWarning: unclosed file <_io.TextIOWrapper name='/var/tmp/forge/cohort-fx/codex/runs/I-02-mission-cli-admitted-profiles__X0__gpt-6-astra/result.edn' mode='r' encoding='utf-8'>
  txt = open(r, encoding="utf-8").read()
ResourceWarning: Enable tracemalloc to get the object allocation traceback
/var/tmp/forge/cohort-fx/codex/report.py:62: ResourceWarning: unclosed file <_io.TextIOWrapper name='/var/tmp/forge/cohort-fx/codex/runs/I-02-mission-cli-admitted-profiles__X0__gpt-6-astra/mechanism.json' mode='r' encoding='utf-8'>
  mech = json.load(open(mp, encoding="utf-8"))
ResourceWarning: Enable tracemalloc to get the object allocation traceback
/var/tmp/forge/cohort-fx/codex/report.py:57: ResourceWarning: unclosed file <_io.TextIOWrapper name='/var/tmp/forge/cohort-fx/codex/runs/I-02-mission-cli-admitted-profiles__X1__gpt-5.6-sol/result.edn' mode='r' encoding='utf-8'>
  txt = open(r, encoding="utf-8").read()
ResourceWarning: Enable tracemalloc to get the object allocation traceback
/var/tmp/forge/cohort-fx/codex/report.py:62: ResourceWarning: unclosed file <_io.TextIOWrapper name='/var/tmp/forge/cohort-fx/codex/runs/I-02-mission-cli-admitted-profiles__X1__gpt-5.6-sol/mechanism.json' mode='r' encoding='utf-8'>
  mech = json.load(open(mp, encoding="utf-8"))
ResourceWarning: Enable tracemalloc to get the object allocation traceback
/var/tmp/forge/cohort-fx/codex/report.py:57: ResourceWarning: unclosed file <_io.TextIOWrapper name='/var/tmp/forge/cohort-fx/codex/runs/I-02-mission-cli-admitted-profiles__X1__gpt-6-astra/result.edn' mode='r' encoding='utf-8'>
  txt = open(r, encoding="utf-8").read()
ResourceWarning: Enable tracemalloc to get the object allocation traceback
/var/tmp/forge/cohort-fx/codex/report.py:62: ResourceWarning: unclosed file <_io.TextIOWrapper name='/var/tmp/forge/cohort-fx/codex/runs/I-02-mission-cli-admitted-profiles__X1__gpt-6-astra/mechanism.json' mode='r' encoding='utf-8'>
  mech = json.load(open(mp, encoding="utf-8"))
ResourceWarning: Enable tracemalloc to get the object allocation traceback
/var/tmp/forge/cohort-fx/codex/report.py:57: ResourceWarning: unclosed file <_io.TextIOWrapper name='/var/tmp/forge/cohort-fx/codex/runs/I-03-heap-sample-retention__L__gpt-5.6-sol/result.edn' mode='r' encoding='utf-8'>
  txt = open(r, encoding="utf-8").read()
ResourceWarning: Enable tracemalloc to get the object allocation traceback
/var/tmp/forge/cohort-fx/codex/report.py:62: ResourceWarning: unclosed file <_io.TextIOWrapper name='/var/tmp/forge/cohort-fx/codex/runs/I-03-heap-sample-retention__L__gpt-5.6-sol/mechanism.json' mode='r' encoding='utf-8'>
  mech = json.load(open(mp, encoding="utf-8"))
ResourceWarning: Enable tracemalloc to get the object allocation traceback
/var/tmp/forge/cohort-fx/codex/report.py:57: ResourceWarning: unclosed file <_io.TextIOWrapper name='/var/tmp/forge/cohort-fx/codex/runs/I-03-heap-sample-retention__L__gpt-6-astra/result.edn' mode='r' encoding='utf-8'>
  txt = open(r, encoding="utf-8").read()
ResourceWarning: Enable tracemalloc to get the object allocation traceback
/var/tmp/forge/cohort-fx/codex/report.py:62: ResourceWarning: unclosed file <_io.TextIOWrapper name='/var/tmp/forge/cohort-fx/codex/runs/I-03-heap-sample-retention__L__gpt-6-astra/mechanism.json' mode='r' encoding='utf-8'>
  mech = json.load(open(mp, encoding="utf-8"))
ResourceWarning: Enable tracemalloc to get the object allocation traceback
/var/tmp/forge/cohort-fx/codex/report.py:57: ResourceWarning: unclosed file <_io.TextIOWrapper name='/var/tmp/forge/cohort-fx/codex/runs/I-03-heap-sample-retention__M__gpt-5.6-sol/result.edn' mode='r' encoding='utf-8'>
  txt = open(r, encoding="utf-8").read()
ResourceWarning: Enable tracemalloc to get the object allocation traceback
/var/tmp/forge/cohort-fx/codex/report.py:62: ResourceWarning: unclosed file <_io.TextIOWrapper name='/var/tmp/forge/cohort-fx/codex/runs/I-03-heap-sample-retention__M__gpt-5.6-sol/mechanism.json' mode='r' encoding='utf-8'>
  mech = json.load(open(mp, encoding="utf-8"))
ResourceWarning: Enable tracemalloc to get the object allocation traceback
/var/tmp/forge/cohort-fx/codex/report.py:57: ResourceWarning: unclosed file <_io.TextIOWrapper name='/var/tmp/forge/cohort-fx/codex/runs/I-03-heap-sample-retention__M__gpt-6-astra/result.edn' mode='r' encoding='utf-8'>
  txt = open(r, encoding="utf-8").read()
ResourceWarning: Enable tracemalloc to get the object allocation traceback
/var/tmp/forge/cohort-fx/codex/report.py:62: ResourceWarning: unclosed file <_io.TextIOWrapper name='/var/tmp/forge/cohort-fx/codex/runs/I-03-heap-sample-retention__M__gpt-6-astra/mechanism.json' mode='r' encoding='utf-8'>
  mech = json.load(open(mp, encoding="utf-8"))
ResourceWarning: Enable tracemalloc to get the object allocation traceback
/var/tmp/forge/cohort-fx/codex/report.py:57: ResourceWarning: unclosed file <_io.TextIOWrapper name='/var/tmp/forge/cohort-fx/codex/runs/I-03-heap-sample-retention__P__gpt-5.6-sol/result.edn' mode='r' encoding='utf-8'>
  txt = open(r, encoding="utf-8").read()
ResourceWarning: Enable tracemalloc to get the object allocation traceback
/var/tmp/forge/cohort-fx/codex/report.py:62: ResourceWarning: unclosed file <_io.TextIOWrapper name='/var/tmp/forge/cohort-fx/codex/runs/I-03-heap-sample-retention__P__gpt-5.6-sol/mechanism.json' mode='r' encoding='utf-8'>
  mech = json.load(open(mp, encoding="utf-8"))
ResourceWarning: Enable tracemalloc to get the object allocation traceback
/var/tmp/forge/cohort-fx/codex/report.py:57: ResourceWarning: unclosed file <_io.TextIOWrapper name='/var/tmp/forge/cohort-fx/codex/runs/I-03-heap-sample-retention__P__gpt-6-astra/result.edn' mode='r' encoding='utf-8'>
  txt = open(r, encoding="utf-8").read()
ResourceWarning: Enable tracemalloc to get the object allocation traceback
/var/tmp/forge/cohort-fx/codex/report.py:62: ResourceWarning: unclosed file <_io.TextIOWrapper name='/var/tmp/forge/cohort-fx/codex/runs/I-03-heap-sample-retention__P__gpt-6-astra/mechanism.json' mode='r' encoding='utf-8'>
  mech = json.load(open(mp, encoding="utf-8"))
ResourceWarning: Enable tracemalloc to get the object allocation traceback
/var/tmp/forge/cohort-fx/codex/report.py:57: ResourceWarning: unclosed file <_io.TextIOWrapper name='/var/tmp/forge/cohort-fx/codex/runs/I-03-heap-sample-retention__X0__gpt-5.6-sol/result.edn' mode='r' encoding='utf-8'>
  txt = open(r, encoding="utf-8").read()
ResourceWarning: Enable tracemalloc to get the object allocation traceback
/var/tmp/forge/cohort-fx/codex/report.py:62: ResourceWarning: unclosed file <_io.TextIOWrapper name='/var/tmp/forge/cohort-fx/codex/runs/I-03-heap-sample-retention__X0__gpt-5.6-sol/mechanism.json' mode='r' encoding='utf-8'>
  mech = json.load(open(mp, encoding="utf-8"))
ResourceWarning: Enable tracemalloc to get the object allocation traceback
/var/tmp/forge/cohort-fx/codex/report.py:57: ResourceWarning: unclosed file <_io.TextIOWrapper name='/var/tmp/forge/cohort-fx/codex/runs/I-03-heap-sample-retention__X0__gpt-6-astra/result.edn' mode='r' encoding='utf-8'>
  txt = open(r, encoding="utf-8").read()
ResourceWarning: Enable tracemalloc to get the object allocation traceback
/var/tmp/forge/cohort-fx/codex/report.py:62: ResourceWarning: unclosed file <_io.TextIOWrapper name='/var/tmp/forge/cohort-fx/codex/runs/I-03-heap-sample-retention__X0__gpt-6-astra/mechanism.json' mode='r' encoding='utf-8'>
  mech = json.load(open(mp, encoding="utf-8"))
ResourceWarning: Enable tracemalloc to get the object allocation traceback
/var/tmp/forge/cohort-fx/codex/report.py:57: ResourceWarning: unclosed file <_io.TextIOWrapper name='/var/tmp/forge/cohort-fx/codex/runs/I-03-heap-sample-retention__X1__gpt-5.6-sol/result.edn' mode='r' encoding='utf-8'>
  txt = open(r, encoding="utf-8").read()
ResourceWarning: Enable tracemalloc to get the object allocation traceback
/var/tmp/forge/cohort-fx/codex/report.py:62: ResourceWarning: unclosed file <_io.TextIOWrapper name='/var/tmp/forge/cohort-fx/codex/runs/I-03-heap-sample-retention__X1__gpt-5.6-sol/mechanism.json' mode='r' encoding='utf-8'>
  mech = json.load(open(mp, encoding="utf-8"))
ResourceWarning: Enable tracemalloc to get the object allocation traceback
/var/tmp/forge/cohort-fx/codex/report.py:57: ResourceWarning: unclosed file <_io.TextIOWrapper name='/var/tmp/forge/cohort-fx/codex/runs/I-03-heap-sample-retention__X1__gpt-6-astra/result.edn' mode='r' encoding='utf-8'>
  txt = open(r, encoding="utf-8").read()
ResourceWarning: Enable tracemalloc to get the object allocation traceback
/var/tmp/forge/cohort-fx/codex/report.py:62: ResourceWarning: unclosed file <_io.TextIOWrapper name='/var/tmp/forge/cohort-fx/codex/runs/I-03-heap-sample-retention__X1__gpt-6-astra/mechanism.json' mode='r' encoding='utf-8'>
  mech = json.load(open(mp, encoding="utf-8"))
ResourceWarning: Enable tracemalloc to get the object allocation traceback
/var/tmp/forge/cohort-fx/codex/report.py:57: ResourceWarning: unclosed file <_io.TextIOWrapper name='/var/tmp/forge/cohort-fx/codex/runs/I-04-mission-display-decision-view__L__gpt-5.6-sol/result.edn' mode='r' encoding='utf-8'>
  txt = open(r, encoding="utf-8").read()
ResourceWarning: Enable tracemalloc to get the object allocation traceback
/var/tmp/forge/cohort-fx/codex/report.py:62: ResourceWarning: unclosed file <_io.TextIOWrapper name='/var/tmp/forge/cohort-fx/codex/runs/I-04-mission-display-decision-view__L__gpt-5.6-sol/mechanism.json' mode='r' encoding='utf-8'>
  mech = json.load(open(mp, encoding="utf-8"))
ResourceWarning: Enable tracemalloc to get the object allocation traceback
/var/tmp/forge/cohort-fx/codex/report.py:57: ResourceWarning: unclosed file <_io.TextIOWrapper name='/var/tmp/forge/cohort-fx/codex/runs/I-04-mission-display-decision-view__L__gpt-6-astra/result.edn' mode='r' encoding='utf-8'>
  txt = open(r, encoding="utf-8").read()
ResourceWarning: Enable tracemalloc to get the object allocation traceback
/var/tmp/forge/cohort-fx/codex/report.py:62: ResourceWarning: unclosed file <_io.TextIOWrapper name='/var/tmp/forge/cohort-fx/codex/runs/I-04-mission-display-decision-view__L__gpt-6-astra/mechanism.json' mode='r' encoding='utf-8'>
  mech = json.load(open(mp, encoding="utf-8"))
ResourceWarning: Enable tracemalloc to get the object allocation traceback
/var/tmp/forge/cohort-fx/codex/report.py:57: ResourceWarning: unclosed file <_io.TextIOWrapper name='/var/tmp/forge/cohort-fx/codex/runs/I-04-mission-display-decision-view__M__gpt-5.6-sol/result.edn' mode='r' encoding='utf-8'>
  txt = open(r, encoding="utf-8").read()
ResourceWarning: Enable tracemalloc to get the object allocation traceback
/var/tmp/forge/cohort-fx/codex/report.py:62: ResourceWarning: unclosed file <_io.TextIOWrapper name='/var/tmp/forge/cohort-fx/codex/runs/I-04-mission-display-decision-view__M__gpt-5.6-sol/mechanism.json' mode='r' encoding='utf-8'>
  mech = json.load(open(mp, encoding="utf-8"))
ResourceWarning: Enable tracemalloc to get the object allocation traceback
/var/tmp/forge/cohort-fx/codex/report.py:57: ResourceWarning: unclosed file <_io.TextIOWrapper name='/var/tmp/forge/cohort-fx/codex/runs/I-04-mission-display-decision-view__M__gpt-6-astra/result.edn' mode='r' encoding='utf-8'>
  txt = open(r, encoding="utf-8").read()
ResourceWarning: Enable tracemalloc to get the object allocation traceback
/var/tmp/forge/cohort-fx/codex/report.py:62: ResourceWarning: unclosed file <_io.TextIOWrapper name='/var/tmp/forge/cohort-fx/codex/runs/I-04-mission-display-decision-view__M__gpt-6-astra/mechanism.json' mode='r' encoding='utf-8'>
  mech = json.load(open(mp, encoding="utf-8"))
ResourceWarning: Enable tracemalloc to get the object allocation traceback
/var/tmp/forge/cohort-fx/codex/report.py:57: ResourceWarning: unclosed file <_io.TextIOWrapper name='/var/tmp/forge/cohort-fx/codex/runs/I-04-mission-display-decision-view__P__gpt-5.6-sol/result.edn' mode='r' encoding='utf-8'>
  txt = open(r, encoding="utf-8").read()
ResourceWarning: Enable tracemalloc to get the object allocation traceback
/var/tmp/forge/cohort-fx/codex/report.py:62: ResourceWarning: unclosed file <_io.TextIOWrapper name='/var/tmp/forge/cohort-fx/codex/runs/I-04-mission-display-decision-view__P__gpt-5.6-sol/mechanism.json' mode='r' encoding='utf-8'>
  mech = json.load(open(mp, encoding="utf-8"))
ResourceWarning: Enable tracemalloc to get the object allocation traceback
/var/tmp/forge/cohort-fx/codex/report.py:57: ResourceWarning: unclosed file <_io.TextIOWrapper name='/var/tmp/forge/cohort-fx/codex/runs/I-04-mission-display-decision-view__P__gpt-6-astra/result.edn' mode='r' encoding='utf-8'>
  txt = open(r, encoding="utf-8").read()
ResourceWarning: Enable tracemalloc to get the object allocation traceback
/var/tmp/forge/cohort-fx/codex/report.py:62: ResourceWarning: unclosed file <_io.TextIOWrapper name='/var/tmp/forge/cohort-fx/codex/runs/I-04-mission-display-decision-view__P__gpt-6-astra/mechanism.json' mode='r' encoding='utf-8'>
  mech = json.load(open(mp, encoding="utf-8"))
ResourceWarning: Enable tracemalloc to get the object allocation traceback
/var/tmp/forge/cohort-fx/codex/report.py:57: ResourceWarning: unclosed file <_io.TextIOWrapper name='/var/tmp/forge/cohort-fx/codex/runs/I-04-mission-display-decision-view__X0__gpt-5.6-sol/result.edn' mode='r' encoding='utf-8'>
  txt = open(r, encoding="utf-8").read()
ResourceWarning: Enable tracemalloc to get the object allocation traceback
/var/tmp/forge/cohort-fx/codex/report.py:62: ResourceWarning: unclosed file <_io.TextIOWrapper name='/var/tmp/forge/cohort-fx/codex/runs/I-04-mission-display-decision-view__X0__gpt-5.6-sol/mechanism.json' mode='r' encoding='utf-8'>
  mech = json.load(open(mp, encoding="utf-8"))
ResourceWarning: Enable tracemalloc to get the object allocation traceback
/var/tmp/forge/cohort-fx/codex/report.py:57: ResourceWarning: unclosed file <_io.TextIOWrapper name='/var/tmp/forge/cohort-fx/codex/runs/I-04-mission-display-decision-view__X0__gpt-6-astra/result.edn' mode='r' encoding='utf-8'>
  txt = open(r, encoding="utf-8").read()
ResourceWarning: Enable tracemalloc to get the object allocation traceback
/var/tmp/forge/cohort-fx/codex/report.py:62: ResourceWarning: unclosed file <_io.TextIOWrapper name='/var/tmp/forge/cohort-fx/codex/runs/I-04-mission-display-decision-view__X0__gpt-6-astra/mechanism.json' mode='r' encoding='utf-8'>
  mech = json.load(open(mp, encoding="utf-8"))
ResourceWarning: Enable tracemalloc to get the object allocation traceback
/var/tmp/forge/cohort-fx/codex/report.py:57: ResourceWarning: unclosed file <_io.TextIOWrapper name='/var/tmp/forge/cohort-fx/codex/runs/I-04-mission-display-decision-view__X1__gpt-5.6-sol/result.edn' mode='r' encoding='utf-8'>
  txt = open(r, encoding="utf-8").read()
ResourceWarning: Enable tracemalloc to get the object allocation traceback
/var/tmp/forge/cohort-fx/codex/report.py:62: ResourceWarning: unclosed file <_io.TextIOWrapper name='/var/tmp/forge/cohort-fx/codex/runs/I-04-mission-display-decision-view__X1__gpt-5.6-sol/mechanism.json' mode='r' encoding='utf-8'>
  mech = json.load(open(mp, encoding="utf-8"))
ResourceWarning: Enable tracemalloc to get the object allocation traceback
/var/tmp/forge/cohort-fx/codex/report.py:57: ResourceWarning: unclosed file <_io.TextIOWrapper name='/var/tmp/forge/cohort-fx/codex/runs/I-04-mission-display-decision-view__X1__gpt-6-astra/result.edn' mode='r' encoding='utf-8'>
  txt = open(r, encoding="utf-8").read()
ResourceWarning: Enable tracemalloc to get the object allocation traceback
/var/tmp/forge/cohort-fx/codex/report.py:62: ResourceWarning: unclosed file <_io.TextIOWrapper name='/var/tmp/forge/cohort-fx/codex/runs/I-04-mission-display-decision-view__X1__gpt-6-astra/mechanism.json' mode='r' encoding='utf-8'>
  mech = json.load(open(mp, encoding="utf-8"))
ResourceWarning: Enable tracemalloc to get the object allocation traceback
/var/tmp/forge/cohort-fx/codex/report.py:57: ResourceWarning: unclosed file <_io.TextIOWrapper name='/var/tmp/forge/cohort-fx/codex/runs/R-01-core-discovery-require-edn__L__gpt-5.6-sol/result.edn' mode='r' encoding='utf-8'>
  txt = open(r, encoding="utf-8").read()
ResourceWarning: Enable tracemalloc to get the object allocation traceback
/var/tmp/forge/cohort-fx/codex/report.py:62: ResourceWarning: unclosed file <_io.TextIOWrapper name='/var/tmp/forge/cohort-fx/codex/runs/R-01-core-discovery-require-edn__L__gpt-5.6-sol/mechanism.json' mode='r' encoding='utf-8'>
  mech = json.load(open(mp, encoding="utf-8"))
ResourceWarning: Enable tracemalloc to get the object allocation traceback
/var/tmp/forge/cohort-fx/codex/report.py:57: ResourceWarning: unclosed file <_io.TextIOWrapper name='/var/tmp/forge/cohort-fx/codex/runs/R-01-core-discovery-require-edn__L__gpt-6-astra/result.edn' mode='r' encoding='utf-8'>
  txt = open(r, encoding="utf-8").read()
ResourceWarning: Enable tracemalloc to get the object allocation traceback
/var/tmp/forge/cohort-fx/codex/report.py:62: ResourceWarning: unclosed file <_io.TextIOWrapper name='/var/tmp/forge/cohort-fx/codex/runs/R-01-core-discovery-require-edn__L__gpt-6-astra/mechanism.json' mode='r' encoding='utf-8'>
  mech = json.load(open(mp, encoding="utf-8"))
ResourceWarning: Enable tracemalloc to get the object allocation traceback
/var/tmp/forge/cohort-fx/codex/report.py:57: ResourceWarning: unclosed file <_io.TextIOWrapper name='/var/tmp/forge/cohort-fx/codex/runs/R-01-core-discovery-require-edn__M__gpt-5.6-sol/result.edn' mode='r' encoding='utf-8'>
  txt = open(r, encoding="utf-8").read()
ResourceWarning: Enable tracemalloc to get the object allocation traceback
/var/tmp/forge/cohort-fx/codex/report.py:62: ResourceWarning: unclosed file <_io.TextIOWrapper name='/var/tmp/forge/cohort-fx/codex/runs/R-01-core-discovery-require-edn__M__gpt-5.6-sol/mechanism.json' mode='r' encoding='utf-8'>
  mech = json.load(open(mp, encoding="utf-8"))
ResourceWarning: Enable tracemalloc to get the object allocation traceback
/var/tmp/forge/cohort-fx/codex/report.py:57: ResourceWarning: unclosed file <_io.TextIOWrapper name='/var/tmp/forge/cohort-fx/codex/runs/R-01-core-discovery-require-edn__M__gpt-6-astra/result.edn' mode='r' encoding='utf-8'>
  txt = open(r, encoding="utf-8").read()
ResourceWarning: Enable tracemalloc to get the object allocation traceback
/var/tmp/forge/cohort-fx/codex/report.py:62: ResourceWarning: unclosed file <_io.TextIOWrapper name='/var/tmp/forge/cohort-fx/codex/runs/R-01-core-discovery-require-edn__M__gpt-6-astra/mechanism.json' mode='r' encoding='utf-8'>
  mech = json.load(open(mp, encoding="utf-8"))
ResourceWarning: Enable tracemalloc to get the object allocation traceback
/var/tmp/forge/cohort-fx/codex/report.py:57: ResourceWarning: unclosed file <_io.TextIOWrapper name='/var/tmp/forge/cohort-fx/codex/runs/R-01-core-discovery-require-edn__P__gpt-5.6-sol/result.edn' mode='r' encoding='utf-8'>
  txt = open(r, encoding="utf-8").read()
ResourceWarning: Enable tracemalloc to get the object allocation traceback
/var/tmp/forge/cohort-fx/codex/report.py:62: ResourceWarning: unclosed file <_io.TextIOWrapper name='/var/tmp/forge/cohort-fx/codex/runs/R-01-core-discovery-require-edn__P__gpt-5.6-sol/mechanism.json' mode='r' encoding='utf-8'>
  mech = json.load(open(mp, encoding="utf-8"))
ResourceWarning: Enable tracemalloc to get the object allocation traceback
/var/tmp/forge/cohort-fx/codex/report.py:57: ResourceWarning: unclosed file <_io.TextIOWrapper name='/var/tmp/forge/cohort-fx/codex/runs/R-01-core-discovery-require-edn__P__gpt-6-astra/result.edn' mode='r' encoding='utf-8'>
  txt = open(r, encoding="utf-8").read()
ResourceWarning: Enable tracemalloc to get the object allocation traceback
/var/tmp/forge/cohort-fx/codex/report.py:62: ResourceWarning: unclosed file <_io.TextIOWrapper name='/var/tmp/forge/cohort-fx/codex/runs/R-01-core-discovery-require-edn__P__gpt-6-astra/mechanism.json' mode='r' encoding='utf-8'>
  mech = json.load(open(mp, encoding="utf-8"))
ResourceWarning: Enable tracemalloc to get the object allocation traceback
/var/tmp/forge/cohort-fx/codex/report.py:57: ResourceWarning: unclosed file <_io.TextIOWrapper name='/var/tmp/forge/cohort-fx/codex/runs/R-01-core-discovery-require-edn__X0__gpt-5.6-sol/result.edn' mode='r' encoding='utf-8'>
  txt = open(r, encoding="utf-8").read()
ResourceWarning: Enable tracemalloc to get the object allocation traceback
/var/tmp/forge/cohort-fx/codex/report.py:62: ResourceWarning: unclosed file <_io.TextIOWrapper name='/var/tmp/forge/cohort-fx/codex/runs/R-01-core-discovery-require-edn__X0__gpt-5.6-sol/mechanism.json' mode='r' encoding='utf-8'>
  mech = json.load(open(mp, encoding="utf-8"))
ResourceWarning: Enable tracemalloc to get the object allocation traceback
/var/tmp/forge/cohort-fx/codex/report.py:57: ResourceWarning: unclosed file <_io.TextIOWrapper name='/var/tmp/forge/cohort-fx/codex/runs/R-01-core-discovery-require-edn__X0__gpt-6-astra/result.edn' mode='r' encoding='utf-8'>
  txt = open(r, encoding="utf-8").read()
ResourceWarning: Enable tracemalloc to get the object allocation traceback
/var/tmp/forge/cohort-fx/codex/report.py:62: ResourceWarning: unclosed file <_io.TextIOWrapper name='/var/tmp/forge/cohort-fx/codex/runs/R-01-core-discovery-require-edn__X0__gpt-6-astra/mechanism.json' mode='r' encoding='utf-8'>
  mech = json.load(open(mp, encoding="utf-8"))
ResourceWarning: Enable tracemalloc to get the object allocation traceback
/var/tmp/forge/cohort-fx/codex/report.py:57: ResourceWarning: unclosed file <_io.TextIOWrapper name='/var/tmp/forge/cohort-fx/codex/runs/R-01-core-discovery-require-edn__X1__gpt-5.6-sol/result.edn' mode='r' encoding='utf-8'>
  txt = open(r, encoding="utf-8").read()
ResourceWarning: Enable tracemalloc to get the object allocation traceback
/var/tmp/forge/cohort-fx/codex/report.py:62: ResourceWarning: unclosed file <_io.TextIOWrapper name='/var/tmp/forge/cohort-fx/codex/runs/R-01-core-discovery-require-edn__X1__gpt-5.6-sol/mechanism.json' mode='r' encoding='utf-8'>
  mech = json.load(open(mp, encoding="utf-8"))
ResourceWarning: Enable tracemalloc to get the object allocation traceback
/var/tmp/forge/cohort-fx/codex/report.py:57: ResourceWarning: unclosed file <_io.TextIOWrapper name='/var/tmp/forge/cohort-fx/codex/runs/R-01-core-discovery-require-edn__X1__gpt-6-astra/result.edn' mode='r' encoding='utf-8'>
  txt = open(r, encoding="utf-8").read()
ResourceWarning: Enable tracemalloc to get the object allocation traceback
/var/tmp/forge/cohort-fx/codex/report.py:62: ResourceWarning: unclosed file <_io.TextIOWrapper name='/var/tmp/forge/cohort-fx/codex/runs/R-01-core-discovery-require-edn__X1__gpt-6-astra/mechanism.json' mode='r' encoding='utf-8'>
  mech = json.load(open(mp, encoding="utf-8"))
ResourceWarning: Enable tracemalloc to get the object allocation traceback
/var/tmp/forge/cohort-fx/codex/report.py:57: ResourceWarning: unclosed file <_io.TextIOWrapper name='/var/tmp/forge/cohort-fx/codex/runs/R-02-recovery-require-measured__L__gpt-5.6-sol/result.edn' mode='r' encoding='utf-8'>
  txt = open(r, encoding="utf-8").read()
ResourceWarning: Enable tracemalloc to get the object allocation traceback
/var/tmp/forge/cohort-fx/codex/report.py:62: ResourceWarning: unclosed file <_io.TextIOWrapper name='/var/tmp/forge/cohort-fx/codex/runs/R-02-recovery-require-measured__L__gpt-5.6-sol/mechanism.json' mode='r' encoding='utf-8'>
  mech = json.load(open(mp, encoding="utf-8"))
ResourceWarning: Enable tracemalloc to get the object allocation traceback
/var/tmp/forge/cohort-fx/codex/report.py:57: ResourceWarning: unclosed file <_io.TextIOWrapper name='/var/tmp/forge/cohort-fx/codex/runs/R-02-recovery-require-measured__L__gpt-6-astra/result.edn' mode='r' encoding='utf-8'>
  txt = open(r, encoding="utf-8").read()
ResourceWarning: Enable tracemalloc to get the object allocation traceback
/var/tmp/forge/cohort-fx/codex/report.py:62: ResourceWarning: unclosed file <_io.TextIOWrapper name='/var/tmp/forge/cohort-fx/codex/runs/R-02-recovery-require-measured__L__gpt-6-astra/mechanism.json' mode='r' encoding='utf-8'>
  mech = json.load(open(mp, encoding="utf-8"))
ResourceWarning: Enable tracemalloc to get the object allocation traceback
/var/tmp/forge/cohort-fx/codex/report.py:57: ResourceWarning: unclosed file <_io.TextIOWrapper name='/var/tmp/forge/cohort-fx/codex/runs/R-02-recovery-require-measured__M__gpt-5.6-sol/result.edn' mode='r' encoding='utf-8'>
  txt = open(r, encoding="utf-8").read()
ResourceWarning: Enable tracemalloc to get the object allocation traceback
/var/tmp/forge/cohort-fx/codex/report.py:62: ResourceWarning: unclosed file <_io.TextIOWrapper name='/var/tmp/forge/cohort-fx/codex/runs/R-02-recovery-require-measured__M__gpt-5.6-sol/mechanism.json' mode='r' encoding='utf-8'>
  mech = json.load(open(mp, encoding="utf-8"))
ResourceWarning: Enable tracemalloc to get the object allocation traceback
/var/tmp/forge/cohort-fx/codex/report.py:57: ResourceWarning: unclosed file <_io.TextIOWrapper name='/var/tmp/forge/cohort-fx/codex/runs/R-02-recovery-require-measured__M__gpt-6-astra/result.edn' mode='r' encoding='utf-8'>
  txt = open(r, encoding="utf-8").read()
ResourceWarning: Enable tracemalloc to get the object allocation traceback
/var/tmp/forge/cohort-fx/codex/report.py:62: ResourceWarning: unclosed file <_io.TextIOWrapper name='/var/tmp/forge/cohort-fx/codex/runs/R-02-recovery-require-measured__M__gpt-6-astra/mechanism.json' mode='r' encoding='utf-8'>
  mech = json.load(open(mp, encoding="utf-8"))
ResourceWarning: Enable tracemalloc to get the object allocation traceback
/var/tmp/forge/cohort-fx/codex/report.py:57: ResourceWarning: unclosed file <_io.TextIOWrapper name='/var/tmp/forge/cohort-fx/codex/runs/R-02-recovery-require-measured__P__gpt-5.6-sol/result.edn' mode='r' encoding='utf-8'>
  txt = open(r, encoding="utf-8").read()
ResourceWarning: Enable tracemalloc to get the object allocation traceback
/var/tmp/forge/cohort-fx/codex/report.py:62: ResourceWarning: unclosed file <_io.TextIOWrapper name='/var/tmp/forge/cohort-fx/codex/runs/R-02-recovery-require-measured__P__gpt-5.6-sol/mechanism.json' mode='r' encoding='utf-8'>
  mech = json.load(open(mp, encoding="utf-8"))
ResourceWarning: Enable tracemalloc to get the object allocation traceback
/var/tmp/forge/cohort-fx/codex/report.py:57: ResourceWarning: unclosed file <_io.TextIOWrapper name='/var/tmp/forge/cohort-fx/codex/runs/R-02-recovery-require-measured__P__gpt-6-astra/result.edn' mode='r' encoding='utf-8'>
  txt = open(r, encoding="utf-8").read()
ResourceWarning: Enable tracemalloc to get the object allocation traceback
/var/tmp/forge/cohort-fx/codex/report.py:62: ResourceWarning: unclosed file <_io.TextIOWrapper name='/var/tmp/forge/cohort-fx/codex/runs/R-02-recovery-require-measured__P__gpt-6-astra/mechanism.json' mode='r' encoding='utf-8'>
  mech = json.load(open(mp, encoding="utf-8"))
ResourceWarning: Enable tracemalloc to get the object allocation traceback
/var/tmp/forge/cohort-fx/codex/report.py:57: ResourceWarning: unclosed file <_io.TextIOWrapper name='/var/tmp/forge/cohort-fx/codex/runs/R-02-recovery-require-measured__X0__gpt-5.6-sol/result.edn' mode='r' encoding='utf-8'>
  txt = open(r, encoding="utf-8").read()
ResourceWarning: Enable tracemalloc to get the object allocation traceback
/var/tmp/forge/cohort-fx/codex/report.py:62: ResourceWarning: unclosed file <_io.TextIOWrapper name='/var/tmp/forge/cohort-fx/codex/runs/R-02-recovery-require-measured__X0__gpt-5.6-sol/mechanism.json' mode='r' encoding='utf-8'>
  mech = json.load(open(mp, encoding="utf-8"))
ResourceWarning: Enable tracemalloc to get the object allocation traceback
/var/tmp/forge/cohort-fx/codex/report.py:57: ResourceWarning: unclosed file <_io.TextIOWrapper name='/var/tmp/forge/cohort-fx/codex/runs/R-02-recovery-require-measured__X0__gpt-6-astra/result.edn' mode='r' encoding='utf-8'>
  txt = open(r, encoding="utf-8").read()
ResourceWarning: Enable tracemalloc to get the object allocation traceback
/var/tmp/forge/cohort-fx/codex/report.py:62: ResourceWarning: unclosed file <_io.TextIOWrapper name='/var/tmp/forge/cohort-fx/codex/runs/R-02-recovery-require-measured__X0__gpt-6-astra/mechanism.json' mode='r' encoding='utf-8'>
  mech = json.load(open(mp, encoding="utf-8"))
ResourceWarning: Enable tracemalloc to get the object allocation traceback
/var/tmp/forge/cohort-fx/codex/report.py:57: ResourceWarning: unclosed file <_io.TextIOWrapper name='/var/tmp/forge/cohort-fx/codex/runs/R-02-recovery-require-measured__X1__gpt-5.6-sol/result.edn' mode='r' encoding='utf-8'>
  txt = open(r, encoding="utf-8").read()
ResourceWarning: Enable tracemalloc to get the object allocation traceback
/var/tmp/forge/cohort-fx/codex/report.py:62: ResourceWarning: unclosed file <_io.TextIOWrapper name='/var/tmp/forge/cohort-fx/codex/runs/R-02-recovery-require-measured__X1__gpt-5.6-sol/mechanism.json' mode='r' encoding='utf-8'>
  mech = json.load(open(mp, encoding="utf-8"))
ResourceWarning: Enable tracemalloc to get the object allocation traceback
/var/tmp/forge/cohort-fx/codex/report.py:57: ResourceWarning: unclosed file <_io.TextIOWrapper name='/var/tmp/forge/cohort-fx/codex/runs/R-02-recovery-require-measured__X1__gpt-6-astra/result.edn' mode='r' encoding='utf-8'>
  txt = open(r, encoding="utf-8").read()
ResourceWarning: Enable tracemalloc to get the object allocation traceback
/var/tmp/forge/cohort-fx/codex/report.py:62: ResourceWarning: unclosed file <_io.TextIOWrapper name='/var/tmp/forge/cohort-fx/codex/runs/R-02-recovery-require-measured__X1__gpt-6-astra/mechanism.json' mode='r' encoding='utf-8'>
  mech = json.load(open(mp, encoding="utf-8"))
ResourceWarning: Enable tracemalloc to get the object allocation traceback
/var/tmp/forge/cohort-fx/codex/report.py:57: ResourceWarning: unclosed file <_io.TextIOWrapper name='/var/tmp/forge/cohort-fx/codex/runs/R-03-workspace-string-alias__L__gpt-5.6-sol/result.edn' mode='r' encoding='utf-8'>
  txt = open(r, encoding="utf-8").read()
ResourceWarning: Enable tracemalloc to get the object allocation traceback
/var/tmp/forge/cohort-fx/codex/report.py:62: ResourceWarning: unclosed file <_io.TextIOWrapper name='/var/tmp/forge/cohort-fx/codex/runs/R-03-workspace-string-alias__L__gpt-5.6-sol/mechanism.json' mode='r' encoding='utf-8'>
  mech = json.load(open(mp, encoding="utf-8"))
ResourceWarning: Enable tracemalloc to get the object allocation traceback
/var/tmp/forge/cohort-fx/codex/report.py:57: ResourceWarning: unclosed file <_io.TextIOWrapper name='/var/tmp/forge/cohort-fx/codex/runs/R-03-workspace-string-alias__L__gpt-6-astra/result.edn' mode='r' encoding='utf-8'>
  txt = open(r, encoding="utf-8").read()
ResourceWarning: Enable tracemalloc to get the object allocation traceback
/var/tmp/forge/cohort-fx/codex/report.py:62: ResourceWarning: unclosed file <_io.TextIOWrapper name='/var/tmp/forge/cohort-fx/codex/runs/R-03-workspace-string-alias__L__gpt-6-astra/mechanism.json' mode='r' encoding='utf-8'>
  mech = json.load(open(mp, encoding="utf-8"))
ResourceWarning: Enable tracemalloc to get the object allocation traceback
/var/tmp/forge/cohort-fx/codex/report.py:57: ResourceWarning: unclosed file <_io.TextIOWrapper name='/var/tmp/forge/cohort-fx/codex/runs/R-03-workspace-string-alias__M__gpt-5.6-sol/result.edn' mode='r' encoding='utf-8'>
  txt = open(r, encoding="utf-8").read()
ResourceWarning: Enable tracemalloc to get the object allocation traceback
/var/tmp/forge/cohort-fx/codex/report.py:62: ResourceWarning: unclosed file <_io.TextIOWrapper name='/var/tmp/forge/cohort-fx/codex/runs/R-03-workspace-string-alias__M__gpt-5.6-sol/mechanism.json' mode='r' encoding='utf-8'>
  mech = json.load(open(mp, encoding="utf-8"))
ResourceWarning: Enable tracemalloc to get the object allocation traceback
/var/tmp/forge/cohort-fx/codex/report.py:57: ResourceWarning: unclosed file <_io.TextIOWrapper name='/var/tmp/forge/cohort-fx/codex/runs/R-03-workspace-string-alias__M__gpt-6-astra/result.edn' mode='r' encoding='utf-8'>
  txt = open(r, encoding="utf-8").read()
ResourceWarning: Enable tracemalloc to get the object allocation traceback
/var/tmp/forge/cohort-fx/codex/report.py:62: ResourceWarning: unclosed file <_io.TextIOWrapper name='/var/tmp/forge/cohort-fx/codex/runs/R-03-workspace-string-alias__M__gpt-6-astra/mechanism.json' mode='r' encoding='utf-8'>
  mech = json.load(open(mp, encoding="utf-8"))
ResourceWarning: Enable tracemalloc to get the object allocation traceback
/var/tmp/forge/cohort-fx/codex/report.py:57: ResourceWarning: unclosed file <_io.TextIOWrapper name='/var/tmp/forge/cohort-fx/codex/runs/R-03-workspace-string-alias__P__gpt-5.6-sol/result.edn' mode='r' encoding='utf-8'>
  txt = open(r, encoding="utf-8").read()
ResourceWarning: Enable tracemalloc to get the object allocation traceback
/var/tmp/forge/cohort-fx/codex/report.py:62: ResourceWarning: unclosed file <_io.TextIOWrapper name='/var/tmp/forge/cohort-fx/codex/runs/R-03-workspace-string-alias__P__gpt-5.6-sol/mechanism.json' mode='r' encoding='utf-8'>
  mech = json.load(open(mp, encoding="utf-8"))
ResourceWarning: Enable tracemalloc to get the object allocation traceback
/var/tmp/forge/cohort-fx/codex/report.py:57: ResourceWarning: unclosed file <_io.TextIOWrapper name='/var/tmp/forge/cohort-fx/codex/runs/R-03-workspace-string-alias__P__gpt-6-astra/result.edn' mode='r' encoding='utf-8'>
  txt = open(r, encoding="utf-8").read()
ResourceWarning: Enable tracemalloc to get the object allocation traceback
/var/tmp/forge/cohort-fx/codex/report.py:62: ResourceWarning: unclosed file <_io.TextIOWrapper name='/var/tmp/forge/cohort-fx/codex/runs/R-03-workspace-string-alias__P__gpt-6-astra/mechanism.json' mode='r' encoding='utf-8'>
  mech = json.load(open(mp, encoding="utf-8"))
ResourceWarning: Enable tracemalloc to get the object allocation traceback
/var/tmp/forge/cohort-fx/codex/report.py:57: ResourceWarning: unclosed file <_io.TextIOWrapper name='/var/tmp/forge/cohort-fx/codex/runs/R-03-workspace-string-alias__X0__gpt-5.6-sol/result.edn' mode='r' encoding='utf-8'>
  txt = open(r, encoding="utf-8").read()
ResourceWarning: Enable tracemalloc to get the object allocation traceback
/var/tmp/forge/cohort-fx/codex/report.py:62: ResourceWarning: unclosed file <_io.TextIOWrapper name='/var/tmp/forge/cohort-fx/codex/runs/R-03-workspace-string-alias__X0__gpt-5.6-sol/mechanism.json' mode='r' encoding='utf-8'>
  mech = json.load(open(mp, encoding="utf-8"))
ResourceWarning: Enable tracemalloc to get the object allocation traceback
/var/tmp/forge/cohort-fx/codex/report.py:57: ResourceWarning: unclosed file <_io.TextIOWrapper name='/var/tmp/forge/cohort-fx/codex/runs/R-03-workspace-string-alias__X0__gpt-6-astra/result.edn' mode='r' encoding='utf-8'>
  txt = open(r, encoding="utf-8").read()
ResourceWarning: Enable tracemalloc to get the object allocation traceback
/var/tmp/forge/cohort-fx/codex/report.py:62: ResourceWarning: unclosed file <_io.TextIOWrapper name='/var/tmp/forge/cohort-fx/codex/runs/R-03-workspace-string-alias__X0__gpt-6-astra/mechanism.json' mode='r' encoding='utf-8'>
  mech = json.load(open(mp, encoding="utf-8"))
ResourceWarning: Enable tracemalloc to get the object allocation traceback
/var/tmp/forge/cohort-fx/codex/report.py:57: ResourceWarning: unclosed file <_io.TextIOWrapper name='/var/tmp/forge/cohort-fx/codex/runs/R-03-workspace-string-alias__X1__gpt-5.6-sol/result.edn' mode='r' encoding='utf-8'>
  txt = open(r, encoding="utf-8").read()
ResourceWarning: Enable tracemalloc to get the object allocation traceback
/var/tmp/forge/cohort-fx/codex/report.py:62: ResourceWarning: unclosed file <_io.TextIOWrapper name='/var/tmp/forge/cohort-fx/codex/runs/R-03-workspace-string-alias__X1__gpt-5.6-sol/mechanism.json' mode='r' encoding='utf-8'>
  mech = json.load(open(mp, encoding="utf-8"))
ResourceWarning: Enable tracemalloc to get the object allocation traceback
/var/tmp/forge/cohort-fx/codex/report.py:57: ResourceWarning: unclosed file <_io.TextIOWrapper name='/var/tmp/forge/cohort-fx/codex/runs/R-03-workspace-string-alias__X1__gpt-6-astra/result.edn' mode='r' encoding='utf-8'>
  txt = open(r, encoding="utf-8").read()
ResourceWarning: Enable tracemalloc to get the object allocation traceback
/var/tmp/forge/cohort-fx/codex/report.py:62: ResourceWarning: unclosed file <_io.TextIOWrapper name='/var/tmp/forge/cohort-fx/codex/runs/R-03-workspace-string-alias__X1__gpt-6-astra/mechanism.json' mode='r' encoding='utf-8'>
  mech = json.load(open(mp, encoding="utf-8"))
ResourceWarning: Enable tracemalloc to get the object allocation traceback
/var/tmp/forge/cohort-fx/codex/report.py:57: ResourceWarning: unclosed file <_io.TextIOWrapper name='/var/tmp/forge/cohort-fx/codex/runs/R-04-namespace-split-require-cheshire__L__gpt-5.6-sol/result.edn' mode='r' encoding='utf-8'>
  txt = open(r, encoding="utf-8").read()
ResourceWarning: Enable tracemalloc to get the object allocation traceback
/var/tmp/forge/cohort-fx/codex/report.py:62: ResourceWarning: unclosed file <_io.TextIOWrapper name='/var/tmp/forge/cohort-fx/codex/runs/R-04-namespace-split-require-cheshire__L__gpt-5.6-sol/mechanism.json' mode='r' encoding='utf-8'>
  mech = json.load(open(mp, encoding="utf-8"))
ResourceWarning: Enable tracemalloc to get the object allocation traceback
/var/tmp/forge/cohort-fx/codex/report.py:57: ResourceWarning: unclosed file <_io.TextIOWrapper name='/var/tmp/forge/cohort-fx/codex/runs/R-04-namespace-split-require-cheshire__L__gpt-6-astra/result.edn' mode='r' encoding='utf-8'>
  txt = open(r, encoding="utf-8").read()
ResourceWarning: Enable tracemalloc to get the object allocation traceback
/var/tmp/forge/cohort-fx/codex/report.py:62: ResourceWarning: unclosed file <_io.TextIOWrapper name='/var/tmp/forge/cohort-fx/codex/runs/R-04-namespace-split-require-cheshire__L__gpt-6-astra/mechanism.json' mode='r' encoding='utf-8'>
  mech = json.load(open(mp, encoding="utf-8"))
ResourceWarning: Enable tracemalloc to get the object allocation traceback
/var/tmp/forge/cohort-fx/codex/report.py:57: ResourceWarning: unclosed file <_io.TextIOWrapper name='/var/tmp/forge/cohort-fx/codex/runs/R-04-namespace-split-require-cheshire__M__gpt-5.6-sol/result.edn' mode='r' encoding='utf-8'>
  txt = open(r, encoding="utf-8").read()
ResourceWarning: Enable tracemalloc to get the object allocation traceback
/var/tmp/forge/cohort-fx/codex/report.py:62: ResourceWarning: unclosed file <_io.TextIOWrapper name='/var/tmp/forge/cohort-fx/codex/runs/R-04-namespace-split-require-cheshire__M__gpt-5.6-sol/mechanism.json' mode='r' encoding='utf-8'>
  mech = json.load(open(mp, encoding="utf-8"))
ResourceWarning: Enable tracemalloc to get the object allocation traceback
/var/tmp/forge/cohort-fx/codex/report.py:57: ResourceWarning: unclosed file <_io.TextIOWrapper name='/var/tmp/forge/cohort-fx/codex/runs/R-04-namespace-split-require-cheshire__M__gpt-6-astra/result.edn' mode='r' encoding='utf-8'>
  txt = open(r, encoding="utf-8").read()
ResourceWarning: Enable tracemalloc to get the object allocation traceback
/var/tmp/forge/cohort-fx/codex/report.py:62: ResourceWarning: unclosed file <_io.TextIOWrapper name='/var/tmp/forge/cohort-fx/codex/runs/R-04-namespace-split-require-cheshire__M__gpt-6-astra/mechanism.json' mode='r' encoding='utf-8'>
  mech = json.load(open(mp, encoding="utf-8"))
ResourceWarning: Enable tracemalloc to get the object allocation traceback
/var/tmp/forge/cohort-fx/codex/report.py:57: ResourceWarning: unclosed file <_io.TextIOWrapper name='/var/tmp/forge/cohort-fx/codex/runs/R-04-namespace-split-require-cheshire__P__gpt-5.6-sol/result.edn' mode='r' encoding='utf-8'>
  txt = open(r, encoding="utf-8").read()
ResourceWarning: Enable tracemalloc to get the object allocation traceback
/var/tmp/forge/cohort-fx/codex/report.py:62: ResourceWarning: unclosed file <_io.TextIOWrapper name='/var/tmp/forge/cohort-fx/codex/runs/R-04-namespace-split-require-cheshire__P__gpt-5.6-sol/mechanism.json' mode='r' encoding='utf-8'>
  mech = json.load(open(mp, encoding="utf-8"))
ResourceWarning: Enable tracemalloc to get the object allocation traceback
/var/tmp/forge/cohort-fx/codex/report.py:57: ResourceWarning: unclosed file <_io.TextIOWrapper name='/var/tmp/forge/cohort-fx/codex/runs/R-04-namespace-split-require-cheshire__P__gpt-6-astra/result.edn' mode='r' encoding='utf-8'>
  txt = open(r, encoding="utf-8").read()
ResourceWarning: Enable tracemalloc to get the object allocation traceback
/var/tmp/forge/cohort-fx/codex/report.py:62: ResourceWarning: unclosed file <_io.TextIOWrapper name='/var/tmp/forge/cohort-fx/codex/runs/R-04-namespace-split-require-cheshire__P__gpt-6-astra/mechanism.json' mode='r' encoding='utf-8'>
  mech = json.load(open(mp, encoding="utf-8"))
ResourceWarning: Enable tracemalloc to get the object allocation traceback
/var/tmp/forge/cohort-fx/codex/report.py:57: ResourceWarning: unclosed file <_io.TextIOWrapper name='/var/tmp/forge/cohort-fx/codex/runs/R-04-namespace-split-require-cheshire__X0__gpt-5.6-sol/result.edn' mode='r' encoding='utf-8'>
  txt = open(r, encoding="utf-8").read()
ResourceWarning: Enable tracemalloc to get the object allocation traceback
/var/tmp/forge/cohort-fx/codex/report.py:62: ResourceWarning: unclosed file <_io.TextIOWrapper name='/var/tmp/forge/cohort-fx/codex/runs/R-04-namespace-split-require-cheshire__X0__gpt-5.6-sol/mechanism.json' mode='r' encoding='utf-8'>
  mech = json.load(open(mp, encoding="utf-8"))
ResourceWarning: Enable tracemalloc to get the object allocation traceback
/var/tmp/forge/cohort-fx/codex/report.py:57: ResourceWarning: unclosed file <_io.TextIOWrapper name='/var/tmp/forge/cohort-fx/codex/runs/R-04-namespace-split-require-cheshire__X0__gpt-6-astra/result.edn' mode='r' encoding='utf-8'>
  txt = open(r, encoding="utf-8").read()
ResourceWarning: Enable tracemalloc to get the object allocation traceback
/var/tmp/forge/cohort-fx/codex/report.py:62: ResourceWarning: unclosed file <_io.TextIOWrapper name='/var/tmp/forge/cohort-fx/codex/runs/R-04-namespace-split-require-cheshire__X0__gpt-6-astra/mechanism.json' mode='r' encoding='utf-8'>
  mech = json.load(open(mp, encoding="utf-8"))
ResourceWarning: Enable tracemalloc to get the object allocation traceback
/var/tmp/forge/cohort-fx/codex/report.py:57: ResourceWarning: unclosed file <_io.TextIOWrapper name='/var/tmp/forge/cohort-fx/codex/runs/R-04-namespace-split-require-cheshire__X1__gpt-5.6-sol/result.edn' mode='r' encoding='utf-8'>
  txt = open(r, encoding="utf-8").read()
ResourceWarning: Enable tracemalloc to get the object allocation traceback
/var/tmp/forge/cohort-fx/codex/report.py:62: ResourceWarning: unclosed file <_io.TextIOWrapper name='/var/tmp/forge/cohort-fx/codex/runs/R-04-namespace-split-require-cheshire__X1__gpt-5.6-sol/mechanism.json' mode='r' encoding='utf-8'>
  mech = json.load(open(mp, encoding="utf-8"))
ResourceWarning: Enable tracemalloc to get the object allocation traceback
/var/tmp/forge/cohort-fx/codex/report.py:57: ResourceWarning: unclosed file <_io.TextIOWrapper name='/var/tmp/forge/cohort-fx/codex/runs/R-04-namespace-split-require-cheshire__X1__gpt-6-astra/result.edn' mode='r' encoding='utf-8'>
  txt = open(r, encoding="utf-8").read()
ResourceWarning: Enable tracemalloc to get the object allocation traceback
/var/tmp/forge/cohort-fx/codex/report.py:62: ResourceWarning: unclosed file <_io.TextIOWrapper name='/var/tmp/forge/cohort-fx/codex/runs/R-04-namespace-split-require-cheshire__X1__gpt-6-astra/mechanism.json' mode='r' encoding='utf-8'>
  mech = json.load(open(mp, encoding="utf-8"))
ResourceWarning: Enable tracemalloc to get the object allocation traceback
/var/tmp/forge/cohort-fx/codex/report.py:57: ResourceWarning: unclosed file <_io.TextIOWrapper name='/var/tmp/forge/cohort-fx/codex/runs/T-01-outline-memory-spec-marker__L__gpt-5.6-sol/result.edn' mode='r' encoding='utf-8'>
  txt = open(r, encoding="utf-8").read()
ResourceWarning: Enable tracemalloc to get the object allocation traceback
/var/tmp/forge/cohort-fx/codex/report.py:62: ResourceWarning: unclosed file <_io.TextIOWrapper name='/var/tmp/forge/cohort-fx/codex/runs/T-01-outline-memory-spec-marker__L__gpt-5.6-sol/mechanism.json' mode='r' encoding='utf-8'>
  mech = json.load(open(mp, encoding="utf-8"))
ResourceWarning: Enable tracemalloc to get the object allocation traceback
/var/tmp/forge/cohort-fx/codex/report.py:57: ResourceWarning: unclosed file <_io.TextIOWrapper name='/var/tmp/forge/cohort-fx/codex/runs/T-01-outline-memory-spec-marker__L__gpt-6-astra/result.edn' mode='r' encoding='utf-8'>
  txt = open(r, encoding="utf-8").read()
ResourceWarning: Enable tracemalloc to get the object allocation traceback
/var/tmp/forge/cohort-fx/codex/report.py:62: ResourceWarning: unclosed file <_io.TextIOWrapper name='/var/tmp/forge/cohort-fx/codex/runs/T-01-outline-memory-spec-marker__L__gpt-6-astra/mechanism.json' mode='r' encoding='utf-8'>
  mech = json.load(open(mp, encoding="utf-8"))
ResourceWarning: Enable tracemalloc to get the object allocation traceback
/var/tmp/forge/cohort-fx/codex/report.py:57: ResourceWarning: unclosed file <_io.TextIOWrapper name='/var/tmp/forge/cohort-fx/codex/runs/T-01-outline-memory-spec-marker__M__gpt-5.6-sol/result.edn' mode='r' encoding='utf-8'>
  txt = open(r, encoding="utf-8").read()
ResourceWarning: Enable tracemalloc to get the object allocation traceback
/var/tmp/forge/cohort-fx/codex/report.py:62: ResourceWarning: unclosed file <_io.TextIOWrapper name='/var/tmp/forge/cohort-fx/codex/runs/T-01-outline-memory-spec-marker__M__gpt-5.6-sol/mechanism.json' mode='r' encoding='utf-8'>
  mech = json.load(open(mp, encoding="utf-8"))
ResourceWarning: Enable tracemalloc to get the object allocation traceback
/var/tmp/forge/cohort-fx/codex/report.py:57: ResourceWarning: unclosed file <_io.TextIOWrapper name='/var/tmp/forge/cohort-fx/codex/runs/T-01-outline-memory-spec-marker__M__gpt-6-astra/result.edn' mode='r' encoding='utf-8'>
  txt = open(r, encoding="utf-8").read()
ResourceWarning: Enable tracemalloc to get the object allocation traceback
/var/tmp/forge/cohort-fx/codex/report.py:62: ResourceWarning: unclosed file <_io.TextIOWrapper name='/var/tmp/forge/cohort-fx/codex/runs/T-01-outline-memory-spec-marker__M__gpt-6-astra/mechanism.json' mode='r' encoding='utf-8'>
  mech = json.load(open(mp, encoding="utf-8"))
ResourceWarning: Enable tracemalloc to get the object allocation traceback
/var/tmp/forge/cohort-fx/codex/report.py:57: ResourceWarning: unclosed file <_io.TextIOWrapper name='/var/tmp/forge/cohort-fx/codex/runs/T-01-outline-memory-spec-marker__P__gpt-5.6-sol/result.edn' mode='r' encoding='utf-8'>
  txt = open(r, encoding="utf-8").read()
ResourceWarning: Enable tracemalloc to get the object allocation traceback
/var/tmp/forge/cohort-fx/codex/report.py:62: ResourceWarning: unclosed file <_io.TextIOWrapper name='/var/tmp/forge/cohort-fx/codex/runs/T-01-outline-memory-spec-marker__P__gpt-5.6-sol/mechanism.json' mode='r' encoding='utf-8'>
  mech = json.load(open(mp, encoding="utf-8"))
ResourceWarning: Enable tracemalloc to get the object allocation traceback
/var/tmp/forge/cohort-fx/codex/report.py:57: ResourceWarning: unclosed file <_io.TextIOWrapper name='/var/tmp/forge/cohort-fx/codex/runs/T-01-outline-memory-spec-marker__P__gpt-6-astra/result.edn' mode='r' encoding='utf-8'>
  txt = open(r, encoding="utf-8").read()
ResourceWarning: Enable tracemalloc to get the object allocation traceback
/var/tmp/forge/cohort-fx/codex/report.py:62: ResourceWarning: unclosed file <_io.TextIOWrapper name='/var/tmp/forge/cohort-fx/codex/runs/T-01-outline-memory-spec-marker__P__gpt-6-astra/mechanism.json' mode='r' encoding='utf-8'>
  mech = json.load(open(mp, encoding="utf-8"))
ResourceWarning: Enable tracemalloc to get the object allocation traceback
/var/tmp/forge/cohort-fx/codex/report.py:57: ResourceWarning: unclosed file <_io.TextIOWrapper name='/var/tmp/forge/cohort-fx/codex/runs/T-01-outline-memory-spec-marker__X0__gpt-5.6-sol/result.edn' mode='r' encoding='utf-8'>
  txt = open(r, encoding="utf-8").read()
ResourceWarning: Enable tracemalloc to get the object allocation traceback
/var/tmp/forge/cohort-fx/codex/report.py:62: ResourceWarning: unclosed file <_io.TextIOWrapper name='/var/tmp/forge/cohort-fx/codex/runs/T-01-outline-memory-spec-marker__X0__gpt-5.6-sol/mechanism.json' mode='r' encoding='utf-8'>
  mech = json.load(open(mp, encoding="utf-8"))
ResourceWarning: Enable tracemalloc to get the object allocation traceback
/var/tmp/forge/cohort-fx/codex/report.py:57: ResourceWarning: unclosed file <_io.TextIOWrapper name='/var/tmp/forge/cohort-fx/codex/runs/T-01-outline-memory-spec-marker__X0__gpt-6-astra/result.edn' mode='r' encoding='utf-8'>
  txt = open(r, encoding="utf-8").read()
ResourceWarning: Enable tracemalloc to get the object allocation traceback
/var/tmp/forge/cohort-fx/codex/report.py:62: ResourceWarning: unclosed file <_io.TextIOWrapper name='/var/tmp/forge/cohort-fx/codex/runs/T-01-outline-memory-spec-marker__X0__gpt-6-astra/mechanism.json' mode='r' encoding='utf-8'>
  mech = json.load(open(mp, encoding="utf-8"))
ResourceWarning: Enable tracemalloc to get the object allocation traceback
/var/tmp/forge/cohort-fx/codex/report.py:57: ResourceWarning: unclosed file <_io.TextIOWrapper name='/var/tmp/forge/cohort-fx/codex/runs/T-01-outline-memory-spec-marker__X1__gpt-5.6-sol/result.edn' mode='r' encoding='utf-8'>
  txt = open(r, encoding="utf-8").read()
ResourceWarning: Enable tracemalloc to get the object allocation traceback
/var/tmp/forge/cohort-fx/codex/report.py:62: ResourceWarning: unclosed file <_io.TextIOWrapper name='/var/tmp/forge/cohort-fx/codex/runs/T-01-outline-memory-spec-marker__X1__gpt-5.6-sol/mechanism.json' mode='r' encoding='utf-8'>
  mech = json.load(open(mp, encoding="utf-8"))
ResourceWarning: Enable tracemalloc to get the object allocation traceback
/var/tmp/forge/cohort-fx/codex/report.py:57: ResourceWarning: unclosed file <_io.TextIOWrapper name='/var/tmp/forge/cohort-fx/codex/runs/T-01-outline-memory-spec-marker__X1__gpt-6-astra/result.edn' mode='r' encoding='utf-8'>
  txt = open(r, encoding="utf-8").read()
ResourceWarning: Enable tracemalloc to get the object allocation traceback
/var/tmp/forge/cohort-fx/codex/report.py:62: ResourceWarning: unclosed file <_io.TextIOWrapper name='/var/tmp/forge/cohort-fx/codex/runs/T-01-outline-memory-spec-marker__X1__gpt-6-astra/mechanism.json' mode='r' encoding='utf-8'>
  mech = json.load(open(mp, encoding="utf-8"))
ResourceWarning: Enable tracemalloc to get the object allocation traceback
/var/tmp/forge/cohort-fx/codex/report.py:57: ResourceWarning: unclosed file <_io.TextIOWrapper name='/var/tmp/forge/cohort-fx/codex/runs/T-02-study-row-line-range__L__gpt-5.6-sol/result.edn' mode='r' encoding='utf-8'>
  txt = open(r, encoding="utf-8").read()
ResourceWarning: Enable tracemalloc to get the object allocation traceback
/var/tmp/forge/cohort-fx/codex/report.py:62: ResourceWarning: unclosed file <_io.TextIOWrapper name='/var/tmp/forge/cohort-fx/codex/runs/T-02-study-row-line-range__L__gpt-5.6-sol/mechanism.json' mode='r' encoding='utf-8'>
  mech = json.load(open(mp, encoding="utf-8"))
ResourceWarning: Enable tracemalloc to get the object allocation traceback
/var/tmp/forge/cohort-fx/codex/report.py:57: ResourceWarning: unclosed file <_io.TextIOWrapper name='/var/tmp/forge/cohort-fx/codex/runs/T-02-study-row-line-range__L__gpt-6-astra/result.edn' mode='r' encoding='utf-8'>
  txt = open(r, encoding="utf-8").read()
ResourceWarning: Enable tracemalloc to get the object allocation traceback
/var/tmp/forge/cohort-fx/codex/report.py:62: ResourceWarning: unclosed file <_io.TextIOWrapper name='/var/tmp/forge/cohort-fx/codex/runs/T-02-study-row-line-range__L__gpt-6-astra/mechanism.json' mode='r' encoding='utf-8'>
  mech = json.load(open(mp, encoding="utf-8"))
ResourceWarning: Enable tracemalloc to get the object allocation traceback
/var/tmp/forge/cohort-fx/codex/report.py:57: ResourceWarning: unclosed file <_io.TextIOWrapper name='/var/tmp/forge/cohort-fx/codex/runs/T-02-study-row-line-range__M__gpt-5.6-sol/result.edn' mode='r' encoding='utf-8'>
  txt = open(r, encoding="utf-8").read()
ResourceWarning: Enable tracemalloc to get the object allocation traceback
/var/tmp/forge/cohort-fx/codex/report.py:62: ResourceWarning: unclosed file <_io.TextIOWrapper name='/var/tmp/forge/cohort-fx/codex/runs/T-02-study-row-line-range__M__gpt-5.6-sol/mechanism.json' mode='r' encoding='utf-8'>
  mech = json.load(open(mp, encoding="utf-8"))
ResourceWarning: Enable tracemalloc to get the object allocation traceback
/var/tmp/forge/cohort-fx/codex/report.py:57: ResourceWarning: unclosed file <_io.TextIOWrapper name='/var/tmp/forge/cohort-fx/codex/runs/T-02-study-row-line-range__M__gpt-6-astra/result.edn' mode='r' encoding='utf-8'>
  txt = open(r, encoding="utf-8").read()
ResourceWarning: Enable tracemalloc to get the object allocation traceback
/var/tmp/forge/cohort-fx/codex/report.py:62: ResourceWarning: unclosed file <_io.TextIOWrapper name='/var/tmp/forge/cohort-fx/codex/runs/T-02-study-row-line-range__M__gpt-6-astra/mechanism.json' mode='r' encoding='utf-8'>
  mech = json.load(open(mp, encoding="utf-8"))
ResourceWarning: Enable tracemalloc to get the object allocation traceback
/var/tmp/forge/cohort-fx/codex/report.py:57: ResourceWarning: unclosed file <_io.TextIOWrapper name='/var/tmp/forge/cohort-fx/codex/runs/T-02-study-row-line-range__P__gpt-5.6-sol/result.edn' mode='r' encoding='utf-8'>
  txt = open(r, encoding="utf-8").read()
ResourceWarning: Enable tracemalloc to get the object allocation traceback
/var/tmp/forge/cohort-fx/codex/report.py:62: ResourceWarning: unclosed file <_io.TextIOWrapper name='/var/tmp/forge/cohort-fx/codex/runs/T-02-study-row-line-range__P__gpt-5.6-sol/mechanism.json' mode='r' encoding='utf-8'>
  mech = json.load(open(mp, encoding="utf-8"))
ResourceWarning: Enable tracemalloc to get the object allocation traceback
/var/tmp/forge/cohort-fx/codex/report.py:57: ResourceWarning: unclosed file <_io.TextIOWrapper name='/var/tmp/forge/cohort-fx/codex/runs/T-02-study-row-line-range__P__gpt-6-astra/result.edn' mode='r' encoding='utf-8'>
  txt = open(r, encoding="utf-8").read()
ResourceWarning: Enable tracemalloc to get the object allocation traceback
/var/tmp/forge/cohort-fx/codex/report.py:62: ResourceWarning: unclosed file <_io.TextIOWrapper name='/var/tmp/forge/cohort-fx/codex/runs/T-02-study-row-line-range__P__gpt-6-astra/mechanism.json' mode='r' encoding='utf-8'>
  mech = json.load(open(mp, encoding="utf-8"))
ResourceWarning: Enable tracemalloc to get the object allocation traceback
/var/tmp/forge/cohort-fx/codex/report.py:57: ResourceWarning: unclosed file <_io.TextIOWrapper name='/var/tmp/forge/cohort-fx/codex/runs/T-02-study-row-line-range__X0__gpt-5.6-sol/result.edn' mode='r' encoding='utf-8'>
  txt = open(r, encoding="utf-8").read()
ResourceWarning: Enable tracemalloc to get the object allocation traceback
/var/tmp/forge/cohort-fx/codex/report.py:62: ResourceWarning: unclosed file <_io.TextIOWrapper name='/var/tmp/forge/cohort-fx/codex/runs/T-02-study-row-line-range__X0__gpt-5.6-sol/mechanism.json' mode='r' encoding='utf-8'>
  mech = json.load(open(mp, encoding="utf-8"))
ResourceWarning: Enable tracemalloc to get the object allocation traceback
/var/tmp/forge/cohort-fx/codex/report.py:57: ResourceWarning: unclosed file <_io.TextIOWrapper name='/var/tmp/forge/cohort-fx/codex/runs/T-02-study-row-line-range__X0__gpt-6-astra/result.edn' mode='r' encoding='utf-8'>
  txt = open(r, encoding="utf-8").read()
ResourceWarning: Enable tracemalloc to get the object allocation traceback
/var/tmp/forge/cohort-fx/codex/report.py:62: ResourceWarning: unclosed file <_io.TextIOWrapper name='/var/tmp/forge/cohort-fx/codex/runs/T-02-study-row-line-range__X0__gpt-6-astra/mechanism.json' mode='r' encoding='utf-8'>
  mech = json.load(open(mp, encoding="utf-8"))
ResourceWarning: Enable tracemalloc to get the object allocation traceback
/var/tmp/forge/cohort-fx/codex/report.py:57: ResourceWarning: unclosed file <_io.TextIOWrapper name='/var/tmp/forge/cohort-fx/codex/runs/T-02-study-row-line-range__X1__gpt-5.6-sol/result.edn' mode='r' encoding='utf-8'>
  txt = open(r, encoding="utf-8").read()
ResourceWarning: Enable tracemalloc to get the object allocation traceback
/var/tmp/forge/cohort-fx/codex/report.py:62: ResourceWarning: unclosed file <_io.TextIOWrapper name='/var/tmp/forge/cohort-fx/codex/runs/T-02-study-row-line-range__X1__gpt-5.6-sol/mechanism.json' mode='r' encoding='utf-8'>
  mech = json.load(open(mp, encoding="utf-8"))
ResourceWarning: Enable tracemalloc to get the object allocation traceback
/var/tmp/forge/cohort-fx/codex/report.py:57: ResourceWarning: unclosed file <_io.TextIOWrapper name='/var/tmp/forge/cohort-fx/codex/runs/T-02-study-row-line-range__X1__gpt-6-astra/result.edn' mode='r' encoding='utf-8'>
  txt = open(r, encoding="utf-8").read()
ResourceWarning: Enable tracemalloc to get the object allocation traceback
/var/tmp/forge/cohort-fx/codex/report.py:62: ResourceWarning: unclosed file <_io.TextIOWrapper name='/var/tmp/forge/cohort-fx/codex/runs/T-02-study-row-line-range__X1__gpt-6-astra/mechanism.json' mode='r' encoding='utf-8'>
  mech = json.load(open(mp, encoding="utf-8"))
ResourceWarning: Enable tracemalloc to get the object allocation traceback
/var/tmp/forge/cohort-fx/codex/report.py:57: ResourceWarning: unclosed file <_io.TextIOWrapper name='/var/tmp/forge/cohort-fx/codex/runs/T-03-alias-migration-kind-count__L__gpt-5.6-sol/result.edn' mode='r' encoding='utf-8'>
  txt = open(r, encoding="utf-8").read()
ResourceWarning: Enable tracemalloc to get the object allocation traceback
/var/tmp/forge/cohort-fx/codex/report.py:62: ResourceWarning: unclosed file <_io.TextIOWrapper name='/var/tmp/forge/cohort-fx/codex/runs/T-03-alias-migration-kind-count__L__gpt-5.6-sol/mechanism.json' mode='r' encoding='utf-8'>
  mech = json.load(open(mp, encoding="utf-8"))
ResourceWarning: Enable tracemalloc to get the object allocation traceback
/var/tmp/forge/cohort-fx/codex/report.py:57: ResourceWarning: unclosed file <_io.TextIOWrapper name='/var/tmp/forge/cohort-fx/codex/runs/T-03-alias-migration-kind-count__L__gpt-6-astra/result.edn' mode='r' encoding='utf-8'>
  txt = open(r, encoding="utf-8").read()
ResourceWarning: Enable tracemalloc to get the object allocation traceback
/var/tmp/forge/cohort-fx/codex/report.py:62: ResourceWarning: unclosed file <_io.TextIOWrapper name='/var/tmp/forge/cohort-fx/codex/runs/T-03-alias-migration-kind-count__L__gpt-6-astra/mechanism.json' mode='r' encoding='utf-8'>
  mech = json.load(open(mp, encoding="utf-8"))
ResourceWarning: Enable tracemalloc to get the object allocation traceback
/var/tmp/forge/cohort-fx/codex/report.py:57: ResourceWarning: unclosed file <_io.TextIOWrapper name='/var/tmp/forge/cohort-fx/codex/runs/T-03-alias-migration-kind-count__M__gpt-5.6-sol/result.edn' mode='r' encoding='utf-8'>
  txt = open(r, encoding="utf-8").read()
ResourceWarning: Enable tracemalloc to get the object allocation traceback
/var/tmp/forge/cohort-fx/codex/report.py:62: ResourceWarning: unclosed file <_io.TextIOWrapper name='/var/tmp/forge/cohort-fx/codex/runs/T-03-alias-migration-kind-count__M__gpt-5.6-sol/mechanism.json' mode='r' encoding='utf-8'>
  mech = json.load(open(mp, encoding="utf-8"))
ResourceWarning: Enable tracemalloc to get the object allocation traceback
/var/tmp/forge/cohort-fx/codex/report.py:57: ResourceWarning: unclosed file <_io.TextIOWrapper name='/var/tmp/forge/cohort-fx/codex/runs/T-03-alias-migration-kind-count__M__gpt-6-astra/result.edn' mode='r' encoding='utf-8'>
  txt = open(r, encoding="utf-8").read()
ResourceWarning: Enable tracemalloc to get the object allocation traceback
/var/tmp/forge/cohort-fx/codex/report.py:62: ResourceWarning: unclosed file <_io.TextIOWrapper name='/var/tmp/forge/cohort-fx/codex/runs/T-03-alias-migration-kind-count__M__gpt-6-astra/mechanism.json' mode='r' encoding='utf-8'>
  mech = json.load(open(mp, encoding="utf-8"))
ResourceWarning: Enable tracemalloc to get the object allocation traceback
/var/tmp/forge/cohort-fx/codex/report.py:57: ResourceWarning: unclosed file <_io.TextIOWrapper name='/var/tmp/forge/cohort-fx/codex/runs/T-03-alias-migration-kind-count__P__gpt-5.6-sol/result.edn' mode='r' encoding='utf-8'>
  txt = open(r, encoding="utf-8").read()
ResourceWarning: Enable tracemalloc to get the object allocation traceback
/var/tmp/forge/cohort-fx/codex/report.py:62: ResourceWarning: unclosed file <_io.TextIOWrapper name='/var/tmp/forge/cohort-fx/codex/runs/T-03-alias-migration-kind-count__P__gpt-5.6-sol/mechanism.json' mode='r' encoding='utf-8'>
  mech = json.load(open(mp, encoding="utf-8"))
ResourceWarning: Enable tracemalloc to get the object allocation traceback
/var/tmp/forge/cohort-fx/codex/report.py:57: ResourceWarning: unclosed file <_io.TextIOWrapper name='/var/tmp/forge/cohort-fx/codex/runs/T-03-alias-migration-kind-count__P__gpt-6-astra/result.edn' mode='r' encoding='utf-8'>
  txt = open(r, encoding="utf-8").read()
ResourceWarning: Enable tracemalloc to get the object allocation traceback
/var/tmp/forge/cohort-fx/codex/report.py:62: ResourceWarning: unclosed file <_io.TextIOWrapper name='/var/tmp/forge/cohort-fx/codex/runs/T-03-alias-migration-kind-count__P__gpt-6-astra/mechanism.json' mode='r' encoding='utf-8'>
  mech = json.load(open(mp, encoding="utf-8"))
ResourceWarning: Enable tracemalloc to get the object allocation traceback
/var/tmp/forge/cohort-fx/codex/report.py:57: ResourceWarning: unclosed file <_io.TextIOWrapper name='/var/tmp/forge/cohort-fx/codex/runs/T-03-alias-migration-kind-count__X0__gpt-5.6-sol/result.edn' mode='r' encoding='utf-8'>
  txt = open(r, encoding="utf-8").read()
ResourceWarning: Enable tracemalloc to get the object allocation traceback
/var/tmp/forge/cohort-fx/codex/report.py:62: ResourceWarning: unclosed file <_io.TextIOWrapper name='/var/tmp/forge/cohort-fx/codex/runs/T-03-alias-migration-kind-count__X0__gpt-5.6-sol/mechanism.json' mode='r' encoding='utf-8'>
  mech = json.load(open(mp, encoding="utf-8"))
ResourceWarning: Enable tracemalloc to get the object allocation traceback
/var/tmp/forge/cohort-fx/codex/report.py:57: ResourceWarning: unclosed file <_io.TextIOWrapper name='/var/tmp/forge/cohort-fx/codex/runs/T-03-alias-migration-kind-count__X0__gpt-6-astra/result.edn' mode='r' encoding='utf-8'>
  txt = open(r, encoding="utf-8").read()
ResourceWarning: Enable tracemalloc to get the object allocation traceback
/var/tmp/forge/cohort-fx/codex/report.py:62: ResourceWarning: unclosed file <_io.TextIOWrapper name='/var/tmp/forge/cohort-fx/codex/runs/T-03-alias-migration-kind-count__X0__gpt-6-astra/mechanism.json' mode='r' encoding='utf-8'>
  mech = json.load(open(mp, encoding="utf-8"))
ResourceWarning: Enable tracemalloc to get the object allocation traceback
/var/tmp/forge/cohort-fx/codex/report.py:57: ResourceWarning: unclosed file <_io.TextIOWrapper name='/var/tmp/forge/cohort-fx/codex/runs/T-03-alias-migration-kind-count__X1__gpt-5.6-sol/result.edn' mode='r' encoding='utf-8'>
  txt = open(r, encoding="utf-8").read()
ResourceWarning: Enable tracemalloc to get the object allocation traceback
/var/tmp/forge/cohort-fx/codex/report.py:62: ResourceWarning: unclosed file <_io.TextIOWrapper name='/var/tmp/forge/cohort-fx/codex/runs/T-03-alias-migration-kind-count__X1__gpt-5.6-sol/mechanism.json' mode='r' encoding='utf-8'>
  mech = json.load(open(mp, encoding="utf-8"))
ResourceWarning: Enable tracemalloc to get the object allocation traceback
/var/tmp/forge/cohort-fx/codex/report.py:57: ResourceWarning: unclosed file <_io.TextIOWrapper name='/var/tmp/forge/cohort-fx/codex/runs/T-03-alias-migration-kind-count__X1__gpt-6-astra/result.edn' mode='r' encoding='utf-8'>
  txt = open(r, encoding="utf-8").read()
ResourceWarning: Enable tracemalloc to get the object allocation traceback
/var/tmp/forge/cohort-fx/codex/report.py:62: ResourceWarning: unclosed file <_io.TextIOWrapper name='/var/tmp/forge/cohort-fx/codex/runs/T-03-alias-migration-kind-count__X1__gpt-6-astra/mechanism.json' mode='r' encoding='utf-8'>
  mech = json.load(open(mp, encoding="utf-8"))
ResourceWarning: Enable tracemalloc to get the object allocation traceback
/var/tmp/forge/cohort-fx/codex/report.py:57: ResourceWarning: unclosed file <_io.TextIOWrapper name='/var/tmp/forge/cohort-fx/codex/runs/T-04-lane-manifest-total__L__gpt-5.6-sol/result.edn' mode='r' encoding='utf-8'>
  txt = open(r, encoding="utf-8").read()
ResourceWarning: Enable tracemalloc to get the object allocation traceback
/var/tmp/forge/cohort-fx/codex/report.py:62: ResourceWarning: unclosed file <_io.TextIOWrapper name='/var/tmp/forge/cohort-fx/codex/runs/T-04-lane-manifest-total__L__gpt-5.6-sol/mechanism.json' mode='r' encoding='utf-8'>
  mech = json.load(open(mp, encoding="utf-8"))
ResourceWarning: Enable tracemalloc to get the object allocation traceback
/var/tmp/forge/cohort-fx/codex/report.py:57: ResourceWarning: unclosed file <_io.TextIOWrapper name='/var/tmp/forge/cohort-fx/codex/runs/T-04-lane-manifest-total__L__gpt-6-astra/result.edn' mode='r' encoding='utf-8'>
  txt = open(r, encoding="utf-8").read()
ResourceWarning: Enable tracemalloc to get the object allocation traceback
/var/tmp/forge/cohort-fx/codex/report.py:62: ResourceWarning: unclosed file <_io.TextIOWrapper name='/var/tmp/forge/cohort-fx/codex/runs/T-04-lane-manifest-total__L__gpt-6-astra/mechanism.json' mode='r' encoding='utf-8'>
  mech = json.load(open(mp, encoding="utf-8"))
ResourceWarning: Enable tracemalloc to get the object allocation traceback
/var/tmp/forge/cohort-fx/codex/report.py:57: ResourceWarning: unclosed file <_io.TextIOWrapper name='/var/tmp/forge/cohort-fx/codex/runs/T-04-lane-manifest-total__M__gpt-5.6-sol/result.edn' mode='r' encoding='utf-8'>
  txt = open(r, encoding="utf-8").read()
ResourceWarning: Enable tracemalloc to get the object allocation traceback
/var/tmp/forge/cohort-fx/codex/report.py:62: ResourceWarning: unclosed file <_io.TextIOWrapper name='/var/tmp/forge/cohort-fx/codex/runs/T-04-lane-manifest-total__M__gpt-5.6-sol/mechanism.json' mode='r' encoding='utf-8'>
  mech = json.load(open(mp, encoding="utf-8"))
ResourceWarning: Enable tracemalloc to get the object allocation traceback
/var/tmp/forge/cohort-fx/codex/report.py:57: ResourceWarning: unclosed file <_io.TextIOWrapper name='/var/tmp/forge/cohort-fx/codex/runs/T-04-lane-manifest-total__M__gpt-6-astra/result.edn' mode='r' encoding='utf-8'>
  txt = open(r, encoding="utf-8").read()
ResourceWarning: Enable tracemalloc to get the object allocation traceback
/var/tmp/forge/cohort-fx/codex/report.py:62: ResourceWarning: unclosed file <_io.TextIOWrapper name='/var/tmp/forge/cohort-fx/codex/runs/T-04-lane-manifest-total__M__gpt-6-astra/mechanism.json' mode='r' encoding='utf-8'>
  mech = json.load(open(mp, encoding="utf-8"))
ResourceWarning: Enable tracemalloc to get the object allocation traceback
/var/tmp/forge/cohort-fx/codex/report.py:57: ResourceWarning: unclosed file <_io.TextIOWrapper name='/var/tmp/forge/cohort-fx/codex/runs/T-04-lane-manifest-total__P__gpt-5.6-sol/result.edn' mode='r' encoding='utf-8'>
  txt = open(r, encoding="utf-8").read()
ResourceWarning: Enable tracemalloc to get the object allocation traceback
/var/tmp/forge/cohort-fx/codex/report.py:62: ResourceWarning: unclosed file <_io.TextIOWrapper name='/var/tmp/forge/cohort-fx/codex/runs/T-04-lane-manifest-total__P__gpt-5.6-sol/mechanism.json' mode='r' encoding='utf-8'>
  mech = json.load(open(mp, encoding="utf-8"))
ResourceWarning: Enable tracemalloc to get the object allocation traceback
/var/tmp/forge/cohort-fx/codex/report.py:57: ResourceWarning: unclosed file <_io.TextIOWrapper name='/var/tmp/forge/cohort-fx/codex/runs/T-04-lane-manifest-total__P__gpt-6-astra/result.edn' mode='r' encoding='utf-8'>
  txt = open(r, encoding="utf-8").read()
ResourceWarning: Enable tracemalloc to get the object allocation traceback
/var/tmp/forge/cohort-fx/codex/report.py:62: ResourceWarning: unclosed file <_io.TextIOWrapper name='/var/tmp/forge/cohort-fx/codex/runs/T-04-lane-manifest-total__P__gpt-6-astra/mechanism.json' mode='r' encoding='utf-8'>
  mech = json.load(open(mp, encoding="utf-8"))
ResourceWarning: Enable tracemalloc to get the object allocation traceback
/var/tmp/forge/cohort-fx/codex/report.py:57: ResourceWarning: unclosed file <_io.TextIOWrapper name='/var/tmp/forge/cohort-fx/codex/runs/T-04-lane-manifest-total__X0__gpt-5.6-sol/result.edn' mode='r' encoding='utf-8'>
  txt = open(r, encoding="utf-8").read()
ResourceWarning: Enable tracemalloc to get the object allocation traceback
/var/tmp/forge/cohort-fx/codex/report.py:62: ResourceWarning: unclosed file <_io.TextIOWrapper name='/var/tmp/forge/cohort-fx/codex/runs/T-04-lane-manifest-total__X0__gpt-5.6-sol/mechanism.json' mode='r' encoding='utf-8'>
  mech = json.load(open(mp, encoding="utf-8"))
ResourceWarning: Enable tracemalloc to get the object allocation traceback
/var/tmp/forge/cohort-fx/codex/report.py:57: ResourceWarning: unclosed file <_io.TextIOWrapper name='/var/tmp/forge/cohort-fx/codex/runs/T-04-lane-manifest-total__X0__gpt-6-astra/result.edn' mode='r' encoding='utf-8'>
  txt = open(r, encoding="utf-8").read()
ResourceWarning: Enable tracemalloc to get the object allocation traceback
/var/tmp/forge/cohort-fx/codex/report.py:62: ResourceWarning: unclosed file <_io.TextIOWrapper name='/var/tmp/forge/cohort-fx/codex/runs/T-04-lane-manifest-total__X0__gpt-6-astra/mechanism.json' mode='r' encoding='utf-8'>
  mech = json.load(open(mp, encoding="utf-8"))
ResourceWarning: Enable tracemalloc to get the object allocation traceback
/var/tmp/forge/cohort-fx/codex/report.py:57: ResourceWarning: unclosed file <_io.TextIOWrapper name='/var/tmp/forge/cohort-fx/codex/runs/T-04-lane-manifest-total__X1__gpt-5.6-sol/result.edn' mode='r' encoding='utf-8'>
  txt = open(r, encoding="utf-8").read()
ResourceWarning: Enable tracemalloc to get the object allocation traceback
/var/tmp/forge/cohort-fx/codex/report.py:62: ResourceWarning: unclosed file <_io.TextIOWrapper name='/var/tmp/forge/cohort-fx/codex/runs/T-04-lane-manifest-total__X1__gpt-5.6-sol/mechanism.json' mode='r' encoding='utf-8'>
  mech = json.load(open(mp, encoding="utf-8"))
ResourceWarning: Enable tracemalloc to get the object allocation traceback
/var/tmp/forge/cohort-fx/codex/report.py:57: ResourceWarning: unclosed file <_io.TextIOWrapper name='/var/tmp/forge/cohort-fx/codex/runs/T-04-lane-manifest-total__X1__gpt-6-astra/result.edn' mode='r' encoding='utf-8'>
  txt = open(r, encoding="utf-8").read()
ResourceWarning: Enable tracemalloc to get the object allocation traceback
/var/tmp/forge/cohort-fx/codex/report.py:62: ResourceWarning: unclosed file <_io.TextIOWrapper name='/var/tmp/forge/cohort-fx/codex/runs/T-04-lane-manifest-total__X1__gpt-6-astra/mechanism.json' mode='r' encoding='utf-8'>
  mech = json.load(open(mp, encoding="utf-8"))
ResourceWarning: Enable tracemalloc to get the object allocation traceback
/var/tmp/forge/cohort-fx/codex/report.py:57: ResourceWarning: unclosed file <_io.TextIOWrapper name='/var/tmp/forge/cohort-fx/codex/runs/example-R-e4__L__gpt-5.6-sol/result.edn' mode='r' encoding='utf-8'>
  txt = open(r, encoding="utf-8").read()
ResourceWarning: Enable tracemalloc to get the object allocation traceback
/var/tmp/forge/cohort-fx/codex/report.py:62: ResourceWarning: unclosed file <_io.TextIOWrapper name='/var/tmp/forge/cohort-fx/codex/runs/example-R-e4__L__gpt-5.6-sol/mechanism.json' mode='r' encoding='utf-8'>
  mech = json.load(open(mp, encoding="utf-8"))
ResourceWarning: Enable tracemalloc to get the object allocation traceback
/var/tmp/forge/cohort-fx/codex/report.py:57: ResourceWarning: unclosed file <_io.TextIOWrapper name='/var/tmp/forge/cohort-fx/codex/runs/example-R-e4__L__gpt-6-astra/result.edn' mode='r' encoding='utf-8'>
  txt = open(r, encoding="utf-8").read()
ResourceWarning: Enable tracemalloc to get the object allocation traceback
/var/tmp/forge/cohort-fx/codex/report.py:62: ResourceWarning: unclosed file <_io.TextIOWrapper name='/var/tmp/forge/cohort-fx/codex/runs/example-R-e4__L__gpt-6-astra/mechanism.json' mode='r' encoding='utf-8'>
  mech = json.load(open(mp, encoding="utf-8"))
ResourceWarning: Enable tracemalloc to get the object allocation traceback
/var/tmp/forge/cohort-fx/codex/report.py:57: ResourceWarning: unclosed file <_io.TextIOWrapper name='/var/tmp/forge/cohort-fx/codex/runs/example-R-e4__M__gpt-5.6-sol/result.edn' mode='r' encoding='utf-8'>
  txt = open(r, encoding="utf-8").read()
ResourceWarning: Enable tracemalloc to get the object allocation traceback
/var/tmp/forge/cohort-fx/codex/report.py:62: ResourceWarning: unclosed file <_io.TextIOWrapper name='/var/tmp/forge/cohort-fx/codex/runs/example-R-e4__M__gpt-5.6-sol/mechanism.json' mode='r' encoding='utf-8'>
  mech = json.load(open(mp, encoding="utf-8"))
ResourceWarning: Enable tracemalloc to get the object allocation traceback
/var/tmp/forge/cohort-fx/codex/report.py:57: ResourceWarning: unclosed file <_io.TextIOWrapper name='/var/tmp/forge/cohort-fx/codex/runs/example-R-e4__M__gpt-6-astra/result.edn' mode='r' encoding='utf-8'>
  txt = open(r, encoding="utf-8").read()
ResourceWarning: Enable tracemalloc to get the object allocation traceback
/var/tmp/forge/cohort-fx/codex/report.py:62: ResourceWarning: unclosed file <_io.TextIOWrapper name='/var/tmp/forge/cohort-fx/codex/runs/example-R-e4__M__gpt-6-astra/mechanism.json' mode='r' encoding='utf-8'>
  mech = json.load(open(mp, encoding="utf-8"))
ResourceWarning: Enable tracemalloc to get the object allocation traceback
/var/tmp/forge/cohort-fx/codex/report.py:57: ResourceWarning: unclosed file <_io.TextIOWrapper name='/var/tmp/forge/cohort-fx/codex/runs/example-R-e4__P__gpt-5.6-sol/result.edn' mode='r' encoding='utf-8'>
  txt = open(r, encoding="utf-8").read()
ResourceWarning: Enable tracemalloc to get the object allocation traceback
/var/tmp/forge/cohort-fx/codex/report.py:62: ResourceWarning: unclosed file <_io.TextIOWrapper name='/var/tmp/forge/cohort-fx/codex/runs/example-R-e4__P__gpt-5.6-sol/mechanism.json' mode='r' encoding='utf-8'>
  mech = json.load(open(mp, encoding="utf-8"))
ResourceWarning: Enable tracemalloc to get the object allocation traceback
/var/tmp/forge/cohort-fx/codex/report.py:57: ResourceWarning: unclosed file <_io.TextIOWrapper name='/var/tmp/forge/cohort-fx/codex/runs/example-R-e4__P__gpt-6-astra/result.edn' mode='r' encoding='utf-8'>
  txt = open(r, encoding="utf-8").read()
ResourceWarning: Enable tracemalloc to get the object allocation traceback
/var/tmp/forge/cohort-fx/codex/report.py:62: ResourceWarning: unclosed file <_io.TextIOWrapper name='/var/tmp/forge/cohort-fx/codex/runs/example-R-e4__P__gpt-6-astra/mechanism.json' mode='r' encoding='utf-8'>
  mech = json.load(open(mp, encoding="utf-8"))
ResourceWarning: Enable tracemalloc to get the object allocation traceback
/var/tmp/forge/cohort-fx/codex/report.py:57: ResourceWarning: unclosed file <_io.TextIOWrapper name='/var/tmp/forge/cohort-fx/codex/runs/example-R-e4__X0__gpt-5.6-sol/result.edn' mode='r' encoding='utf-8'>
  txt = open(r, encoding="utf-8").read()
ResourceWarning: Enable tracemalloc to get the object allocation traceback
/var/tmp/forge/cohort-fx/codex/report.py:62: ResourceWarning: unclosed file <_io.TextIOWrapper name='/var/tmp/forge/cohort-fx/codex/runs/example-R-e4__X0__gpt-5.6-sol/mechanism.json' mode='r' encoding='utf-8'>
  mech = json.load(open(mp, encoding="utf-8"))
ResourceWarning: Enable tracemalloc to get the object allocation traceback
/var/tmp/forge/cohort-fx/codex/report.py:57: ResourceWarning: unclosed file <_io.TextIOWrapper name='/var/tmp/forge/cohort-fx/codex/runs/example-R-e4__X0__gpt-6-astra/result.edn' mode='r' encoding='utf-8'>
  txt = open(r, encoding="utf-8").read()
ResourceWarning: Enable tracemalloc to get the object allocation traceback
/var/tmp/forge/cohort-fx/codex/report.py:62: ResourceWarning: unclosed file <_io.TextIOWrapper name='/var/tmp/forge/cohort-fx/codex/runs/example-R-e4__X0__gpt-6-astra/mechanism.json' mode='r' encoding='utf-8'>
  mech = json.load(open(mp, encoding="utf-8"))
ResourceWarning: Enable tracemalloc to get the object allocation traceback
/var/tmp/forge/cohort-fx/codex/report.py:57: ResourceWarning: unclosed file <_io.TextIOWrapper name='/var/tmp/forge/cohort-fx/codex/runs/example-R-e4__X1__gpt-5.6-sol/result.edn' mode='r' encoding='utf-8'>
  txt = open(r, encoding="utf-8").read()
ResourceWarning: Enable tracemalloc to get the object allocation traceback
/var/tmp/forge/cohort-fx/codex/report.py:62: ResourceWarning: unclosed file <_io.TextIOWrapper name='/var/tmp/forge/cohort-fx/codex/runs/example-R-e4__X1__gpt-5.6-sol/mechanism.json' mode='r' encoding='utf-8'>
  mech = json.load(open(mp, encoding="utf-8"))
ResourceWarning: Enable tracemalloc to get the object allocation traceback
/var/tmp/forge/cohort-fx/codex/report.py:57: ResourceWarning: unclosed file <_io.TextIOWrapper name='/var/tmp/forge/cohort-fx/codex/runs/example-R-e4__X1__gpt-6-astra/result.edn' mode='r' encoding='utf-8'>
  txt = open(r, encoding="utf-8").read()
ResourceWarning: Enable tracemalloc to get the object allocation traceback
/var/tmp/forge/cohort-fx/codex/report.py:62: ResourceWarning: unclosed file <_io.TextIOWrapper name='/var/tmp/forge/cohort-fx/codex/runs/example-R-e4__X1__gpt-6-astra/mechanism.json' mode='r' encoding='utf-8'>
  mech = json.load(open(mp, encoding="utf-8"))
ResourceWarning: Enable tracemalloc to get the object allocation traceback
......
----------------------------------------------------------------------
Ran 8 tests in 2.359s

OK
PASS production ledger content isolated: 151 witness event IDs; 0 unrelated new events
PASS build: detached subject, prompt, context pack, environment, Landlock launch
PASS stale skill: refused before launch with repair path
PASS occupied branch: detached admission refused before model
PASS report-invalid: zero-exit builder with missing fields never green
PASS zero-JVM budget: battery OWED with owner/unblock, board fold, later check, idempotent discharge
PASS execution manifest: all events bound, content-addressed policy and argv closure, verdict excluded from patch
PASS delta: descendant lineage, superseded claim IDs, only current counts in rendered prompt
PASS protected context: model write denied by kernel, report write allowed
PASS inb-7f191b class: growing verdict by three lines does not change its fix manifest; board shows manifest id
PASS build-to-review handoff: reviewer mandate retained, same context pack, manifest-bound ship observations
PASS minute reservation: ineligible check stays OWED until an executor declares enough time
PASS measure entrance: declared command executes under its named JVM lease and report contract
PASS profile admission: forbidden port and oversized JVM heap refuse before launch
PASS production ledger content isolated: 450 witness event IDs; 0 unrelated new events
PASS occupied branch: ship refuses before fetch/review, repair passes sha
PASS one JVM conflict: ship queued with exact holder before review
PASS stale catalog pin: actual producer field shape, stale tip refused, exact-tip green control admitted
PASS receipt-chain: sealed sha detached while receipt branch is occupied elsewhere
PASS fence custody: reviewer finishes naturally, verdict archived, descendants reaped after exit
PASS records-push: lease queues before pull/push; local remote publication succeeds
PASS installer START hash: drift during copy refuses before INSTALL OK
PASS freeze-bypass: ship, land and round refuse naming stop id; failed delivery never resumes
PASS invalid lift: missing evidence refuses, freeze retained
PASS stale-session: fresh pre-mutation check observes a stop created after admission
PASS independent reviewer: identical complete pack delivered, INDEPENDENT output contract unchanged
PASS production ledger content isolated: 469 witness event IDs; 0 unrelated new events
PASS P0-1 artifacts /var/tmp/forge/ship-v3.10-fx/fix1-P0-1-53d68954-0409-4f8f-ac78-89cb095c19b9
PASS P0-2 artifacts /var/tmp/forge/ship-v3.10-fx/fix1-P0-2-264b7fa7-7d8c-4907-8456-a0c242335532
refused: inventory-missing; repair: install a sealed one-shot inventory
refused: closure-incomplete omitted=andon-lift,andon-pull,await,board,docs/intent/registry.edn,fence-run,gate-consume.clj,gate-envelope.clj,independent-review,land,land-auto,lib/admission.py,lib/andon.sh,lib/bets.py,lib/bets/encounters.edn,lib/bets/registry.edn,lib/bets/scars.edn,lib/board.clj,lib/cohort.py,lib/edn.clj,lib/encounters.py,lib/fence.py,lib/ledger.py,lib/ledger.sh,lib/measure.py,lib/measure_store.py,lib/meters.clj,lib/packet.py,lib/receipt.clj,lib/report.clj,lib/run.py,lib/ship-event.py,lib/ship-ledger.sh,lib/snapshot.py,lib/view_common.clj,lib/views.clj,measure,mutate.clj,receipt-chain,records-push,round,run,run-bg,schemas/brief.edn,schemas/report.edn,ship-fix-block-spec.md,sol-yolo
refused: closure-incomplete omitted=records-push
== install-ship-v3.9 20260911T224529Z  src=/var/tmp/forge/ship-v3.10-fx/fix1-P0-3-6dc833b7-44b2-41e1-be87-1153abeb8c0b/stage dest=/var/tmp/forge/ship-v3.10-fx/fix1-P0-3-6dc833b7-44b2-41e1-be87-1153abeb8c0b/installed
install start content hash: d00f1ff022df55b10cd1f978e20bbfc77c2ff6afed5ef52e7773a5be6b6004ce
   installed: /var/tmp/forge/ship-v3.10-fx/fix1-P0-3-6dc833b7-44b2-41e1-be87-1153abeb8c0b/installed/lib/measure.py  (f7929e1c44d619be)
   installed: /var/tmp/forge/ship-v3.10-fx/fix1-P0-3-6dc833b7-44b2-41e1-be87-1153abeb8c0b/installed/lib/measure_store.py  (d0ad7d6f43fcc01a)
   installed: /var/tmp/forge/ship-v3.10-fx/fix1-P0-3-6dc833b7-44b2-41e1-be87-1153abeb8c0b/installed/lib/bets.py  (0fa64050de04019c)
   installed: /var/tmp/forge/ship-v3.10-fx/fix1-P0-3-6dc833b7-44b2-41e1-be87-1153abeb8c0b/installed/lib/bets/registry.edn  (ad4905548a6787d5)
   installed: /var/tmp/forge/ship-v3.10-fx/fix1-P0-3-6dc833b7-44b2-41e1-be87-1153abeb8c0b/installed/lib/bets/encounters.edn  (5d4bf2ce4b08ab5b)
   installed: /var/tmp/forge/ship-v3.10-fx/fix1-P0-3-6dc833b7-44b2-41e1-be87-1153abeb8c0b/installed/lib/bets/scars.edn  (beef51cd4efbf362)
   installed: /var/tmp/forge/ship-v3.10-fx/fix1-P0-3-6dc833b7-44b2-41e1-be87-1153abeb8c0b/installed/lib/encounters.py  (67df40bd794c8554)
   installed: /var/tmp/forge/ship-v3.10-fx/fix1-P0-3-6dc833b7-44b2-41e1-be87-1153abeb8c0b/installed/lib/cohort.py  (c14d2a122b900914)
   installed: /var/tmp/forge/ship-v3.10-fx/fix1-P0-3-6dc833b7-44b2-41e1-be87-1153abeb8c0b/installed/lib/view_common.clj  (461e73bc85ce5bf2)
   installed: /var/tmp/forge/ship-v3.10-fx/fix1-P0-3-6dc833b7-44b2-41e1-be87-1153abeb8c0b/installed/lib/meters.clj  (b77c6135b5b8afef)
   installed: /var/tmp/forge/ship-v3.10-fx/fix1-P0-3-6dc833b7-44b2-41e1-be87-1153abeb8c0b/installed/lib/report.clj  (266ea23a7238df7a)
   installed: /var/tmp/forge/ship-v3.10-fx/fix1-P0-3-6dc833b7-44b2-41e1-be87-1153abeb8c0b/installed/lib/receipt.clj  (7506a0fcf893efcb)
   installed: /var/tmp/forge/ship-v3.10-fx/fix1-P0-3-6dc833b7-44b2-41e1-be87-1153abeb8c0b/installed/lib/views.clj  (8231b1456de54b67)
   installed: /var/tmp/forge/ship-v3.10-fx/fix1-P0-3-6dc833b7-44b2-41e1-be87-1153abeb8c0b/installed/docs/intent/registry.edn  (d1a1423f0e3482c0)
   installed: /var/tmp/forge/ship-v3.10-fx/fix1-P0-3-6dc833b7-44b2-41e1-be87-1153abeb8c0b/installed/independent-review  (fd66f9e1ee74d74a)
   installed: /var/tmp/forge/ship-v3.10-fx/fix1-P0-3-6dc833b7-44b2-41e1-be87-1153abeb8c0b/installed/round  (212e3e43c1dc7be9)
   installed: /var/tmp/forge/ship-v3.10-fx/fix1-P0-3-6dc833b7-44b2-41e1-be87-1153abeb8c0b/installed/andon-pull  (c676b16ffe9b7c3b)
   installed: /var/tmp/forge/ship-v3.10-fx/fix1-P0-3-6dc833b7-44b2-41e1-be87-1153abeb8c0b/installed/andon-lift  (a47dcfdc6eb099cc)
   installed: /var/tmp/forge/ship-v3.10-fx/fix1-P0-3-6dc833b7-44b2-41e1-be87-1153abeb8c0b/installed/lib/andon.sh  (680f354976df759c)
   installed: /var/tmp/forge/ship-v3.10-fx/fix1-P0-3-6dc833b7-44b2-41e1-be87-1153abeb8c0b/installed/measure  (0599db1d4aa703f0)
   installed: /var/tmp/forge/ship-v3.10-fx/fix1-P0-3-6dc833b7-44b2-41e1-be87-1153abeb8c0b/installed/lib/fence.py  (9d538217809c3e48)
   installed: /var/tmp/forge/ship-v3.10-fx/fix1-P0-3-6dc833b7-44b2-41e1-be87-1153abeb8c0b/installed/lib/admission.py  (29e6354f8b830ae8)
   installed: /var/tmp/forge/ship-v3.10-fx/fix1-P0-3-6dc833b7-44b2-41e1-be87-1153abeb8c0b/installed/run  (3d1ead2c3b4f5374)
   installed: /var/tmp/forge/ship-v3.10-fx/fix1-P0-3-6dc833b7-44b2-41e1-be87-1153abeb8c0b/installed/lib/packet.py  (53b708e5921ceaca)
   installed: /var/tmp/forge/ship-v3.10-fx/fix1-P0-3-6dc833b7-44b2-41e1-be87-1153abeb8c0b/installed/lib/edn.clj  (0bc8b399a0baf568)
   installed: /var/tmp/forge/ship-v3.10-fx/fix1-P0-3-6dc833b7-44b2-41e1-be87-1153abeb8c0b/installed/schemas/brief.edn  (697af1cf061cd592)
   installed: /var/tmp/forge/ship-v3.10-fx/fix1-P0-3-6dc833b7-44b2-41e1-be87-1153abeb8c0b/installed/schemas/report.edn  (356a4169a80afc75)
   installed: /var/tmp/forge/ship-v3.10-fx/fix1-P0-3-6dc833b7-44b2-41e1-be87-1153abeb8c0b/installed/ship  (19e8323478c2c485)
   installed: /var/tmp/forge/ship-v3.10-fx/fix1-P0-3-6dc833b7-44b2-41e1-be87-1153abeb8c0b/installed/land  (c2df96a03d0c443b)
   installed: /var/tmp/forge/ship-v3.10-fx/fix1-P0-3-6dc833b7-44b2-41e1-be87-1153abeb8c0b/installed/fence-run  (1a5a29f036f46ce4)
   installed: /var/tmp/forge/ship-v3.10-fx/fix1-P0-3-6dc833b7-44b2-41e1-be87-1153abeb8c0b/installed/receipt-chain  (17be69c82a0f9bd5)
   installed: /var/tmp/forge/ship-v3.10-fx/fix1-P0-3-6dc833b7-44b2-41e1-be87-1153abeb8c0b/installed/land-auto  (1dccf4c5cd943000)
   installed: /var/tmp/forge/ship-v3.10-fx/fix1-P0-3-6dc833b7-44b2-41e1-be87-1153abeb8c0b/installed/records-push  (1a17d5049bdbefeb)
   installed: /var/tmp/forge/ship-v3.10-fx/fix1-P0-3-6dc833b7-44b2-41e1-be87-1153abeb8c0b/installed/ship-fix-block-spec.md  (864632b6bee6ebbb)
   installed: /var/tmp/forge/ship-v3.10-fx/fix1-P0-3-6dc833b7-44b2-41e1-be87-1153abeb8c0b/installed/run-bg  (cfddb181c69834c5)
   installed: /var/tmp/forge/ship-v3.10-fx/fix1-P0-3-6dc833b7-44b2-41e1-be87-1153abeb8c0b/installed/sol-yolo  (44401a573e08d4f3)
   installed: /var/tmp/forge/ship-v3.10-fx/fix1-P0-3-6dc833b7-44b2-41e1-be87-1153abeb8c0b/installed/gate-envelope.clj  (034b5afed6023b29)
   installed: /var/tmp/forge/ship-v3.10-fx/fix1-P0-3-6dc833b7-44b2-41e1-be87-1153abeb8c0b/installed/gate-consume.clj  (6448222daab675d9)
   installed: /var/tmp/forge/ship-v3.10-fx/fix1-P0-3-6dc833b7-44b2-41e1-be87-1153abeb8c0b/installed/mutate.clj  (cb28ac1a416bdee4)
   installed: /var/tmp/forge/ship-v3.10-fx/fix1-P0-3-6dc833b7-44b2-41e1-be87-1153abeb8c0b/installed/board  (c273fc1e78958661)
   installed: /var/tmp/forge/ship-v3.10-fx/fix1-P0-3-6dc833b7-44b2-41e1-be87-1153abeb8c0b/installed/await  (bcee896ecac751ed)
   installed: /var/tmp/forge/ship-v3.10-fx/fix1-P0-3-6dc833b7-44b2-41e1-be87-1153abeb8c0b/installed/lib/ledger.sh  (e9a14b009f1b69b7)
   installed: /var/tmp/forge/ship-v3.10-fx/fix1-P0-3-6dc833b7-44b2-41e1-be87-1153abeb8c0b/installed/lib/ledger.py  (7e54552b7d8c8450)
   installed: /var/tmp/forge/ship-v3.10-fx/fix1-P0-3-6dc833b7-44b2-41e1-be87-1153abeb8c0b/installed/lib/run.py  (697dfad7b217df41)
   installed: /var/tmp/forge/ship-v3.10-fx/fix1-P0-3-6dc833b7-44b2-41e1-be87-1153abeb8c0b/installed/lib/ship-ledger.sh  (81ae79b80068ec67)
   installed: /var/tmp/forge/ship-v3.10-fx/fix1-P0-3-6dc833b7-44b2-41e1-be87-1153abeb8c0b/installed/lib/ship-event.py  (160ce4fe902c7934)
   installed: /var/tmp/forge/ship-v3.10-fx/fix1-P0-3-6dc833b7-44b2-41e1-be87-1153abeb8c0b/installed/lib/snapshot.py  (b3235187c9c38327)
   installed: /var/tmp/forge/ship-v3.10-fx/fix1-P0-3-6dc833b7-44b2-41e1-be87-1153abeb8c0b/installed/lib/board.clj  (0f7c8e4dbdd7548a)
== re-running the fixtures against the INSTALLED files
INSTALL NOT PROVEN reason=fixture-inventory-missing suite=run-land-auto
INSTALL NOT PROVEN reason=fixture-inventory-missing suite=run-land-publication-truth
   run-ship-v2: mismatches: 1
INSTALL NOT PROVEN reason=fixture-inventory-missing suite=run-ship-v3
INSTALL NOT PROVEN reason=fixture-inventory-missing suite=run-ship-v3.1
INSTALL NOT PROVEN reason=fixture-inventory-missing suite=run-ship-v3.2
INSTALL NOT PROVEN reason=fixture-inventory-missing suite=run-ship-v3.3
INSTALL NOT PROVEN reason=fixture-inventory-missing suite=run-ship-v3.4
INSTALL NOT PROVEN reason=fixture-inventory-missing suite=run-ship-v3.5
INSTALL NOT PROVEN reason=fixture-inventory-missing suite=run-ship-v3.6
INSTALL NOT PROVEN reason=fixture-inventory-missing suite=run-ship-v3.7
INSTALL NOT PROVEN — a fixture mismatched against the installed files. The backups above are
  rollback: bash /var/tmp/forge/ship-v3.10-fx/fix1-P0-3-6dc833b7-44b2-41e1-be87-1153abeb8c0b/stage/install.sh --rollback /var/tmp/forge/ship-v3.10-fx/fix1-P0-3-6dc833b7-44b2-41e1-be87-1153abeb8c0b/backup
PASS production ledger content isolated: 0 witness event IDs; 0 unrelated new events
INSTALL REFUSED destination was already replaced; PROVEN=false; backups=/var/tmp/forge/ship-v3.10-fx/fix1-P0-3-6dc833b7-44b2-41e1-be87-1153abeb8c0b/backup; rolling back including added files
ROLLBACK OK destination=/var/tmp/forge/ship-v3.10-fx/fix1-P0-3-6dc833b7-44b2-41e1-be87-1153abeb8c0b/installed backup=/var/tmp/forge/ship-v3.10-fx/fix1-P0-3-6dc833b7-44b2-41e1-be87-1153abeb8c0b/backup added-files-removed=true
 
PASS P0-3 artifacts /var/tmp/forge/ship-v3.10-fx/fix1-P0-3-6dc833b7-44b2-41e1-be87-1153abeb8c0b
3 {"run_id": "2dd457a0-aa25-4aad-a0c7-83079a5af834", "pid": 1642966, "pgid": 1642966, "log": "/var/tmp/forge/ship-v3.10-fx/fix1-P1-1-cbfbedff-587c-4e7b-9335-72b862a98f23/packets/2dd457a0-aa25-4aad-a0c7-83079a5af834/output.log", "ledger": "/var/tmp/forge/ship-v3.10-fx/fix1-P1-1-cbfbedff-587c-4e7b-9335-72b862a98f23/events.jsonl"}
 
PASS P1-1 artifacts /var/tmp/forge/ship-v3.10-fx/fix1-P1-1-cbfbedff-587c-4e7b-9335-72b862a98f23
PASS P1-2 artifacts /var/tmp/forge/ship-v3.10-fx/fix1-P1-2-625df0b9-801c-4cba-95c7-fcb652369bc8
REFUSED reason=andon-override-outside-fixtures key=ANDON_ROOT; repair: use default authority or a confined fixture root
 
REFUSED reason=andon-override-outside-fixtures key=ANDON_ADMISSION; repair: use default authority or a confined fixture root
 
PASS P2-1 artifacts /var/tmp/forge/ship-v3.10-fx/fix1-P2-1-833c082b-999e-4d62-bcb0-d51f2bf7c4ba
ANDON-LIFT-REFUSED reason=evidence-invalid; repair: existing nonempty evidence path or ledger check/verdict event id
 
PASS P2-2 artifacts /var/tmp/forge/ship-v3.10-fx/fix1-P2-2-206a199c-6a5e-42ff-9aa7-0be7c9eb69b6
receipt-chain REFUSED reason=andon-freeze stop=fix1-freeze lane=ship; repair: isolated diagnosis/build remains allowed; andon-lift fix1-freeze <owner> <independent-repair-evidence>
 
records-push REFUSED reason=andon-freeze stop=fix1-freeze lane=ship; repair: isolated diagnosis/build remains allowed; andon-lift fix1-freeze <owner> <independent-repair-evidence>
 
PASS P2-3 artifacts /var/tmp/forge/ship-v3.10-fx/fix1-P2-3-d7579a51-4352-4387-8e92-9943df997f5b
refused: prewarm-required exact-tip=01cbcce64dd8ae8104592f81f4a1b7d77e369707; repair: git checkout --detach 01cbcce64dd8ae8104592f81f4a1b7d77e369707 && make landing-gate-prewarm; provide its exact-tip receipt via SHIP_PREWARM_RECEIPT
refused: prewarm-required exact-tip=01cbcce64dd8ae8104592f81f4a1b7d77e369707; repair: git checkout --detach 01cbcce64dd8ae8104592f81f4a1b7d77e369707 && make landing-gate-prewarm; provide its exact-tip receipt via SHIP_PREWARM_RECEIPT
PASS P2-4 artifacts /var/tmp/forge/ship-v3.10-fx/fix1-P2-4-8e047e16-1f5a-4bc3-ba26-88db8ed6ba85
2 BUILD REFUSED unknown-brief-key: dif-plan; repair: use the closed schemas/brief.edn keys
 
PASS P2-5 artifacts /var/tmp/forge/ship-v3.10-fx/fix1-P2-5-1887eee2-db37-41c9-aca8-98610934d1b3
3 {"run_id": "fdf934f6-8555-405e-be58-92cfcc50c15b", "pid": 1643265, "pgid": 1643265, "log": "/var/tmp/forge/ship-v3.10-fx/fix1-P2-6-e45c8183-06c3-4d6c-a877-e8af3cb08bbf/packets/fdf934f6-8555-405e-be58-92cfcc50c15b/output.log", "ledger": "/var/tmp/forge/ship-v3.10-fx/fix1-P2-6-e45c8183-06c3-4d6c-a877-e8af3cb08bbf/events.jsonl"}
 
PASS P2-6 artifacts /var/tmp/forge/ship-v3.10-fx/fix1-P2-6-e45c8183-06c3-4d6c-a877-e8af3cb08bbf
PASS P3-1 artifacts /var/tmp/forge/ship-v3.10-fx/fix1-P3-1-aa694f5b-cb2d-4a6d-8658-2f34224f6aff
PASS P3-2 artifacts /var/tmp/forge/ship-v3.10-fx/fix1-P3-2-fb6f3e12-1132-4527-80ad-c80c8d7e5af6
PASS P3-3 artifacts /var/tmp/forge/ship-v3.10-fx/fix1-P3-3-bccbdcfd-64b0-44ed-b30d-7a5a83a41096
0 {"run_id": "bb772507-06ff-473a-9e20-cdf8cec158f8", "pid": 1643530, "pgid": 1643530, "log": "/var/tmp/forge/ship-v3.10-fx/fix1-P3-4-194a2978-0d7d-4057-b82b-73057eaef14b/packets/bb772507-06ff-473a-9e20-cdf8cec158f8/output.log", "ledger": "/var/tmp/forge/ship-v3.10-fx/fix1-P3-4-194a2978-0d7d-4057-b82b-73057eaef14b/events.jsonl"}
 
2 BUILD REFUSED stale-content evidence=/var/tmp/forge/ship-v3.10-fx/fix1-P3-4-194a2978-0d7d-4057-b82b-73057eaef14b/evidence; repair: refresh standing claims with current evidence in a new packet
 
PASS P3-4 artifacts /var/tmp/forge/ship-v3.10-fx/fix1-P3-4-194a2978-0d7d-4057-b82b-73057eaef14b
PASS P3-5 artifacts /var/tmp/forge/ship-v3.10-fx/fix1-P3-5-efea5a13-54ee-4711-a09a-5281954fb6de
PASS production ledger content isolated: 579 witness event IDs; 1 unrelated new events
prepared default packet evidence/temp/client homes: /var/tmp/forge/packets/14fbe58b-0938-43e1-9bf1-946f2487ba76
 
PASS N1 artifacts /var/tmp/forge/ship-v3.10-fx/fix2-N1-ff3cf600-598c-480b-b378-6bf179ddb7d2
REFUSED reason=fixture-override-requires-fixture keys=ANDON_ROOT,FENCE_STATE_ROOT,INSTALL_WITNESS_DEST,JVM_LEASE,LAND_CONSUME_TMP,LAND_GIT_REPO,LAND_LOG_DIR,LAND_WORKTREE,LEDGER_FIXTURE_ROOT,LEDGER_WITNESS_IDS,PACKET_ROOT,RECEIPT_LOG_ROOT,RECEIPT_WORKTREE,RECORDS_LEASE_DIR,RECORDS_PUSH_LEASE,RECORDS_REPO,RUN_BG_DIR,RUN_LEDGER,SHIP_LEDGER,SUITE_LOCK; repair: remove overrides or set LEDGER_FIXTURE=true with a confined ledger
 
REFUSED reason=fixture-override-requires-fixture keys=ANDON_ADMISSION,ANDON_ROOT,FENCE_STATE_ROOT,INSTALL_WITNESS_DEST,JVM_LEASE,LAND_CONSUME_TMP,LAND_GIT_REPO,LAND_LOG_DIR,LAND_WORKTREE,LEDGER_FIXTURE_ROOT,LEDGER_WITNESS_IDS,PACKET_ROOT,RECEIPT_LOG_ROOT,RECEIPT_WORKTREE,RECORDS_LEASE_DIR,RECORDS_PUSH_LEASE,RECORDS_REPO,RUN_BG_DIR,RUN_LEDGER,SHIP_LEDGER,SUITE_LOCK; repair: remove overrides or set LEDGER_FIXTURE=true with a confined ledger
 
REFUSED reason=fixture-override-requires-fixture keys=ANDON_ROOT,FENCE_STATE_ROOT,INSTALL_WITNESS_DEST,JVM_LEASE,LAND_CONSUME_TMP,LAND_GIT_REPO,LAND_LOG_DIR,LAND_WORKTREE,LEDGER_FIXTURE_ROOT,LEDGER_WITNESS_IDS,PACKET_ROOT,RECEIPT_LOG_ROOT,RECEIPT_WORKTREE,RECORDS_LEASE_DIR,RECORDS_PUSH_LEASE,RECORDS_REPO,RUN_BG_DIR,RUN_LEDGER,SHIP_LEDGER,SUITE_LOCK; repair: remove overrides or set LEDGER_FIXTURE=true with a confined ledger
 
REFUSED reason=fixture-override-requires-fixture keys=ANDON_ADMISSION,ANDON_ROOT,FENCE_STATE_ROOT,INSTALL_WITNESS_DEST,JVM_LEASE,LAND_CONSUME_TMP,LAND_GIT_REPO,LAND_LOG_DIR,LAND_WORKTREE,LEDGER_FIXTURE_ROOT,LEDGER_WITNESS_IDS,PACKET_ROOT,RECEIPT_LOG_ROOT,RECEIPT_WORKTREE,RECORDS_LEASE_DIR,RECORDS_PUSH_LEASE,RECORDS_REPO,RUN_BG_DIR,RUN_LEDGER,SHIP_LEDGER,SUITE_LOCK; repair: remove overrides or set LEDGER_FIXTURE=true with a confined ledger
 
PASS N2 artifacts /var/tmp/forge/ship-v3.10-fx/fix2-N2-0706875e-abb7-45d0-ad97-d312cb659b1f
BUILD REFUSED reason=destination-unproven marker=/var/tmp/forge/ship-v3.10-fx/fix2-N3-eb64bec7-2f35-4a94-9574-9572cfb7231b/dest/INSTALL.PROVEN stamp=missing; repair: bash install.sh --rollback <stamp>
 
REFUSED reason=destination-unproven marker=/var/tmp/forge/ship-v3.10-fx/fix2-N3-eb64bec7-2f35-4a94-9574-9572cfb7231b/dest/INSTALL.PROVEN stamp=missing; repair: bash install.sh --rollback <stamp>
 
REFUSED reason=destination-unproven marker=/var/tmp/forge/ship-v3.10-fx/fix2-N3-eb64bec7-2f35-4a94-9574-9572cfb7231b/dest/INSTALL.PROVEN stamp=missing; repair: bash install.sh --rollback <stamp>
 
BUILD REFUSED reason=destination-unproven marker=/var/tmp/forge/ship-v3.10-fx/fix2-N3-eb64bec7-2f35-4a94-9574-9572cfb7231b/dest/INSTALL.PROVEN stamp=fix2; repair: bash install.sh --rollback /var/tmp/forge/ship-v3.10-fx/fix2-N3-eb64bec7-2f35-4a94-9574-9572cfb7231b/backup
 
REFUSED reason=destination-unproven marker=/var/tmp/forge/ship-v3.10-fx/fix2-N3-eb64bec7-2f35-4a94-9574-9572cfb7231b/dest/INSTALL.PROVEN stamp=fix2; repair: bash install.sh --rollback /var/tmp/forge/ship-v3.10-fx/fix2-N3-eb64bec7-2f35-4a94-9574-9572cfb7231b/backup
 
REFUSED reason=destination-unproven marker=/var/tmp/forge/ship-v3.10-fx/fix2-N3-eb64bec7-2f35-4a94-9574-9572cfb7231b/dest/INSTALL.PROVEN stamp=fix2; repair: bash install.sh --rollback /var/tmp/forge/ship-v3.10-fx/fix2-N3-eb64bec7-2f35-4a94-9574-9572cfb7231b/backup
 
PASS N3 artifacts /var/tmp/forge/ship-v3.10-fx/fix2-N3-eb64bec7-2f35-4a94-9574-9572cfb7231b
 Traceback (most recent call last):
  File "<stdin>", line 6, in <module>
IndexError: list index out of range
Error in sys.excepthook:
Traceback (most recent call last):
  File "/usr/lib/python3/dist-packages/apport_python_hook.py", line 238, in partial_apport_excepthook
    return apport_excepthook(binary, exc_type, exc_obj, exc_tb)
  File "/usr/lib/python3/dist-packages/apport_python_hook.py", line 122, in apport_excepthook
    report["ExecutableTimestamp"] = str(int(os.stat(binary).st_mtime))
                                            ~~~~~~~^^^^^^^^
FileNotFoundError: [Errno 2] No such file or directory: '/var/tmp/forge/ship-v3.11/-'

Original exception was:
Traceback (most recent call last):
  File "<stdin>", line 6, in <module>
IndexError: list index out of range

 Traceback (most recent call last):
  File "/var/tmp/forge/ship-v3.11/test/fix1.py", line 80, in <module>
    r=sh(str(ROOT/'andon-lift'),stop,'Gene','x');print(r.stdout,r.stderr);assert r.returncode==2 and 'ANDON-LIFT-REFUSED reason=evidence-invalid' in r.stdout and (sd/'FREEZE').exists()
                                                                                 ^^^^^^^^^^^^^^^^^^^^^^^^^^^^^^^^^^^^^^^^^^^^^^^^^^^^^^^^^^^^^^^^^^^^^^^^^^^^^^^^^^^^^^^^^^^^^^^^^^^^^^^
AssertionError

PASS N4 artifacts /var/tmp/forge/ship-v3.10-fx/fix2-N4-19a6a767-6a9a-4b36-b5f0-67dfd36a657b
fence-run: REFUSED reason=brief-missing path=/var/tmp/forge/ship-v3.11/12345; repair: fence-run <sha> <brief> <verdict>
 
fence-run: REFUSED usage: fence-run <sha> <brief> <verdict>
 
PASS N5 artifacts /var/tmp/forge/ship-v3.10-fx/fix2-N5-d915a42d-eaab-4661-89f8-da6cb3ba9e71
3 {"run_id": "84ec2b81-8155-41bc-9caa-5dfe9d97820a", "pid": 1644612, "pgid": 1644612, "log": "/var/tmp/forge/ship-v3.10-fx/fix2-N6-83687970-6429-4651-bdff-bd3e8819b0ad/packets/84ec2b81-8155-41bc-9caa-5dfe9d97820a/output.log", "ledger": "/var/tmp/forge/ship-v3.10-fx/fix2-N6-83687970-6429-4651-bdff-bd3e8819b0ad/events.jsonl"}
 
PASS N6 artifacts /var/tmp/forge/ship-v3.10-fx/fix2-N6-83687970-6429-4651-bdff-bd3e8819b0ad
PASS N7 artifacts /var/tmp/forge/ship-v3.10-fx/fix2-N7-7f2699f3-bc40-4d0b-9bac-0a9eb6d68ade
REFUSED reason=destination-outside-closure destination=some/other allowed=MCP/main; repair: unset SHIP_DEST or use MCP/main
 
REFUSED reason=destination-outside-closure destination=refs/heads/other allowed=MCP/main; repair: unset SHIP_DEST or use MCP/main
 
PASS N8 artifacts /var/tmp/forge/ship-v3.10-fx/fix2-N8-cd87eca9-abf7-4854-94c3-3ef8eaf7c720
PASS N9 artifacts /var/tmp/forge/ship-v3.10-fx/fix2-N9-fda305cd-4c5e-4b92-821a-4ae719c38e2b
fence-run: REFUSED supervisor-internal-only; repair: fence-run <sha> <brief> <verdict>
 
PASS N11 artifacts /var/tmp/forge/ship-v3.10-fx/fix2-N11-64336569-75c1-4430-8888-74639e651b5a
PASS production ledger content isolated: 628 witness event IDs; 0 unrelated new events
PASS behavioural publication: five executed push sites; FREEZE replay zero pushes; receipt late-freeze zero remote receives ['/var/tmp/forge/ship-v3.11/land:157', '/var/tmp/forge/ship-v3.11/receipt-chain:151', '/var/tmp/forge/ship-v3.11/records-push:33', '/var/tmp/forge/ship-v3.11/ship:1246', '/var/tmp/forge/ship-v3.11/ship:1775']
PASS production ledger content isolated: 1306 witness event IDs; 2 unrelated new events
PASS scoped-circuit current proof: exact one-shot closure, prompt/pack/manifest/report hashes, successful terminal
PASS production ledger content isolated: 1306 witness event IDs; 0 unrelated new events
PASS ledger envelope/checksum, duplicate id, torn tail
PASS concurrent writers: 6 x 200, contiguous sequence, verified checksums
PASS production ledger content isolated: 2509 witness event IDs; 0 unrelated new events
PASS fast exit (10 ms): requested / started / terminal
PASS spawn failure: terminal with error, no started
PASS duplicate attach: identical terminal event
PASS crash-before-terminal: exact child pgid killed, UNKNOWN reconciliation
PASS immutable attempt logs
PASS production ledger content isolated: 2526 witness event IDs; 0 unrelated new events
PASS ship refused launch: requested, refusal reason, cleanup, exact terminal fields
PASS ship transition adapter and marked legacy import
PASS production ledger content isolated: 2543 witness event IDs; 0 unrelated new events
PASS restart reconciliation: both fresh board processes show crash UNKNOWN, never RUNNING
PASS stale heartbeat, owed owner, cursor, resume header as timestamped imported observation
PASS production ledger content isolated: 2547 witness event IDs; 0 unrelated new events
PASS v3.7 RUN byte diff: missing exact; fast/live/126/127 with only OS pid substitution
PASS production ledger content isolated: 2561 witness event IDs; 0 unrelated new events
PASS production ledger content isolated: 2561 witness event IDs; 0 unrelated new events
FAIL production ledger content: fixture event in production: 24808a5a-9b7d-4e75-ba74-334f20c66a9e
PASS production ledger content isolated: 2564 witness event IDs; 0 unrelated new events
FAIL production ledger content: fixture event in production: 116023e3-b7c5-453c-afa0-c2c2ffd0f0e7
FAIL production ledger content: fixture event in production: 24808a5a-9b7d-4e75-ba74-334f20c66a9e
FAIL production ledger content: fixture event in production: 1ad6b5e9-7f18-4b6c-a7c1-698a103c26ee
FAIL production ledger content: fixture event in production: 6fe9ec35-6149-47eb-ae39-9e41adaa232e
PASS production ledger content isolated: 2564 witness event IDs; 1 unrelated new events
PASS production ledger content isolated: 2564 witness event IDs; 0 unrelated new events
PASS content oracle: misdirected launcher RED, restored GREEN, all identity keys, unregistered fixture, unrelated append
PASS production ledger content isolated: 2564 witness event IDs; 1 unrelated new events
PASS real 60-second heartbeat with exact child pid/pgid
PASS production ledger content isolated: 2568 witness event IDs; 1 unrelated new events
PASS fixture writer refuses production path before opening ledger
PASS fixture envelope default/launcher flag, default/--all filtering, retroactive reconcile, owed and cursor
PASS production ledger content isolated: 2573 witness event IDs; 0 unrelated new events
PASS foreign-uid-codex: INSTALL OK (status UID fixture)
PASS same-uid-interactive-codex: INSTALL OK (no ship descendant)
PASS exact-argv-boundaries: embedded text and suffixes INSTALL OK
PASS same-uid-codex-child-dest-ship: REFUSED
PASS same-uid-codex-grandchild-dest-ship: REFUSED
PASS same-uid-dest-ship: REFUSED by exact destination path
PASS live-lease: REFUSED
PASS staged install: installed digests, installed-byte witnesses, INSTALL OK shape, exact target and lease refusals
PASS production ledger content isolated: 2573 witness event IDs; 9 unrelated new events
PASS all witnesses (artifacts: /var/tmp/forge/ship-v3.10-fx/witness.Ys1MxTaq)
PASS production ledger content isolated: 2573 witness event IDs; 14 unrelated new events
