index	elapsed_ms
0	33.060291
1	1.394209
2	1.009625
3	0.640542
4	0.415333
5	0.394875
6	0.347292
7	0.47275
8	0.668792
9	0.382583
10	0.290916
11	0.323042
12	0.298125
13	0.286083
14	0.262709
15	0.270625
16	0.25175
17	0.368083
18	0.649583
19	0.343208
20	0.200708
21	0.119959
22	0.092
23	0.088583
24	0.096
25	0.081667
26	0.112875
27	0.116125
28	0.082416
29	0.089292
30	0.090417
31	0.096417
32	0.094667
33	0.0995
34	0.07925
35	0.079792
36	0.085833
37	0.080166
38	0.078958
39	0.078958
40	0.076042
41	0.080875
42	0.14575
43	0.107042
44	0.082875
45	0.08475
46	0.080208
47	0.083333
48	0.081084
49	0.078875
50	0.079416
51	0.248166
52	0.094583
53	0.082834
54	0.080833
55	0.085125
56	0.1075
57	0.087833
58	0.092625
59	0.080792
60	0.189709
61	0.0965
62	0.122916
63	1.315792
64	0.126542
65	0.103042
66	0.0935
67	0.092791
68	0.204542
69	0.093709
70	0.089542
71	0.091625
72	0.092125
73	0.095458
74	0.091
75	0.090333
76	0.089125
77	0.090333
78	0.089208
79	0.094416
80	0.08825
81	0.08775
82	0.105625
83	0.088916
84	0.08925
85	0.111792
86	0.090334
87	0.088583
88	0.088417
89	0.087125
90	0.088291
91	0.090583
92	0.089958
93	0.090417
94	0.088625
95	0.096458
96	0.090208
97	0.0895
98	0.087167
99	0.099792
100	0.102292
101	0.096375
102	0.099917
103	0.129917
104	0.093209
105	0.090875
106	0.091125
107	0.090458
108	0.093541
109	0.095416
110	0.112458
111	0.094666
112	0.090625
113	0.109917
114	0.096083
115	0.095041
116	0.090166
117	0.114375
118	0.103417
119	0.092125
120	0.096166
121	0.109917
122	0.094375
123	0.092584
124	0.572209
125	0.2945
126	0.263291
127	0.244833
128	0.128917
129	0.108833
130	0.102625
131	0.09925
132	0.096625
133	0.143125
134	0.093416
135	0.117958
136	0.100167
137	0.098583
138	0.09675
139	0.0955
140	0.21625
141	0.093917
142	0.089167
143	0.099041
144	0.090417
145	0.089834
146	0.105417
147	0.088166
148	0.091541
149	0.090166
150	0.096333
151	0.083125
152	0.152584
153	0.324208
154	0.38175
155	0.322459
156	0.211292
157	0.089334
158	0.087625
159	0.1015
160	0.08925
161	0.08
162	0.077916
163	0.078667
164	0.07875
165	0.097875
166	0.08125
167	0.077125
168	0.075792
169	0.080625
170	0.078875
171	0.080042
172	0.440791
173	0.218709
174	0.134584
175	0.101875
176	0.24375
177	0.198417
178	0.245667
179	0.202958
180	0.258125
181	0.097208
182	0.101667
183	0.094125
184	0.213959
185	0.129625
186	0.0855
187	0.079667
188	0.074625
189	0.075875
190	0.074458
191	0.192916
192	0.087
193	0.0765
194	0.072167
195	0.076125
196	0.136792
197	0.070834
198	0.071666
199	0.086417
200	0.077875
201	0.073208
202	0.071084
203	0.069667
204	0.069875
205	0.082208
206	0.071875
207	0.068791
208	0.06825
209	0.082541
210	0.069291
211	0.067833
212	0.269458
213	0.228541
214	0.185667
215	0.167042
216	0.16075
217	0.165292
218	0.159542
219	0.1635
220	0.476833
221	0.184
222	0.16625
223	0.1765
224	0.1585
225	0.158458
226	0.158375
227	0.161333
228	0.16275
229	0.16225
230	0.155375
231	0.155416
232	0.156959
233	0.157292
234	0.165167
235	0.186125
236	0.164042
237	0.194291
238	0.174583
239	0.158875
240	0.157167
241	0.1565
242	0.1565
243	0.156583
244	0.157709
245	0.159625
246	0.159458
247	0.15475
248	0.158083
249	0.159167
250	0.159417
251	0.1595
252	0.155458
253	0.157791
254	0.1755
255	0.402458
256	0.180292
257	0.2225
258	0.168708
259	0.299583
260	0.225542
261	0.181625
262	0.307834
263	0.160084
264	0.168708
265	0.216875
266	0.14725
267	0.074792
268	0.068459
269	0.069458
270	0.0685
271	0.07325
272	0.062458
273	0.074875
274	0.068042
275	0.066583
276	0.067083
277	0.065083
278	0.071208
279	0.065834
280	0.279167
281	0.072959
282	0.062583
283	0.063875
284	0.063208
285	0.063
286	0.073166
287	0.071167
288	0.062792
289	0.063208
290	0.063333
291	0.065209
292	0.071875
293	0.064292
294	0.062541
295	0.063083
296	0.063875
297	0.065042
298	0.064208
299	0.077292
300	0.109375
301	0.073875
302	0.066333
303	0.067958
304	0.064708
305	0.064958
306	0.071417
307	0.063833
308	0.064583
309	0.064583
310	0.073459
311	0.064
312	0.063875
313	0.064291
314	0.073166
315	0.063625
316	0.063583
317	0.062875
318	0.063458
319	0.089083
320	0.063792
321	0.062333
322	0.065209
323	0.063709
324	0.064375
325	0.062625
326	0.063875
327	0.160792
328	0.277917
329	0.549958
330	0.0685
331	0.180834
332	0.074125
333	0.072625
334	0.065916
335	0.067792
336	0.064042
337	0.149208
338	0.078
339	0.062959
340	0.071042
341	0.064042
342	0.133166
343	0.062792
344	0.061584
345	0.065333
346	0.061375
347	0.125666
348	0.112458
349	0.062459
350	0.062083
351	0.062292
352	0.059791
353	0.060708
354	0.060958
355	0.061458
356	0.060917
357	0.062
358	0.060084
359	0.060459
360	0.061125
361	0.061333
362	0.064208
363	0.061291
364	0.062459
365	0.063458
366	0.082583
367	0.065042
368	0.061625
369	0.065917
370	0.060917
371	0.061625
372	0.060042
373	0.065292
374	0.061125
375	0.060833
376	0.061167
377	0.061375
378	0.061917
379	0.061959
380	0.060916
381	0.060125
382	0.0615
383	0.073667
384	0.061459
385	0.060166
386	0.061167
387	0.060708
388	0.06
389	0.061166
390	0.063
391	0.06225
392	0.063916
393	0.063417
394	0.05975
395	0.061542
396	0.103792
397	0.062125
398	0.071708
399	0.062542
400	0.064875
401	0.063333
402	0.068833
403	0.060167
404	0.062417
405	0.064166
406	0.058833
407	0.157292
408	0.065458
409	0.0615
410	0.059208
411	0.067083
412	0.059166
413	0.058958
414	0.059916
415	0.149667
416	0.063625
417	0.068042
418	0.0635
419	0.058375
420	0.059833
421	0.059709
422	0.058958
423	0.058084
424	0.058125
425	0.058875
426	0.058334
427	0.058084
428	0.058875
429	0.064625
430	0.058958
431	0.058291
432	0.058208
433	0.059792
434	0.059416
435	0.066417
436	0.059792
437	0.05825
438	0.059166
439	0.060916
440	0.059625
441	0.059209
442	0.060333
443	0.057709
444	0.058
445	0.058792
446	0.059459
447	0.17325
448	0.221208
449	0.073041
450	0.062125
451	0.070792
452	0.059792
453	0.077292
454	0.067709
455	0.05875
456	0.059916
457	0.0605
458	0.059333
459	0.058042
460	0.058
461	0.061542
462	0.0655
463	0.059417
464	0.060791
465	0.058791
466	0.061291
467	0.059917
468	0.187375
469	0.19575
470	0.151125
471	0.291292
472	0.080375
473	0.05975
474	0.064708
475	0.058417
476	0.056833
477	0.062959
478	0.056291
479	0.057625
480	0.056833
481	0.058084
482	0.067375
483	0.05725
484	0.063583
485	0.075666
486	0.07825
487	0.055292
488	0.063792
489	0.057
490	0.055833
491	0.055083
492	0.055375
493	0.054417
494	0.057042
495	0.056458
496	0.055333
497	0.056709
498	0.056
499	0.055292
500	0.067958
501	0.063917
502	0.062375
503	0.056417
504	0.059041
505	0.064042
506	0.059584
507	0.05775
508	0.059917
509	0.058792
510	0.05775
511	0.109
512	0.061125
513	0.066458
514	0.204792
515	0.058208
516	0.05825
517	0.056041
518	0.055625
519	0.055125
520	0.056
521	0.056417
522	0.057209
523	0.055708
524	0.116625
525	0.056625
526	0.055584
527	0.0565
528	0.057958
529	0.082625
530	0.056625
531	0.056625
532	0.057
533	0.056542
534	0.06075
535	0.055792
536	0.057083
537	0.163834
538	0.056917
539	0.056167
540	0.057792
541	0.068625
542	0.060458
543	0.056625
544	0.058
545	0.05475
546	0.054583
547	0.054417
548	0.054375
549	0.056333
550	0.05525
551	0.162542
552	0.192958
553	0.146584
554	0.13525
555	0.143083
556	0.113333
557	0.066583
558	0.284
559	0.1415
560	0.133667
561	0.129458
562	0.154666
563	0.250042
564	0.148625
565	0.130459
566	0.12625
567	0.131084
568	0.126291
569	0.12825
570	0.128625
571	0.124125
572	0.121208
573	0.126709
574	0.126541
575	0.166417
576	0.127041
577	0.124208
578	0.128166
579	0.12975
580	0.147042
581	0.125042
582	0.12225
583	0.14575
584	0.123208
585	0.131334
586	0.133416
587	0.22525
588	0.147792
589	0.162166
590	0.131875
591	0.131541
592	0.137
593	0.240625
594	0.1535
595	0.144
596	0.176708
597	0.159167
598	0.113208
599	0.062708
600	0.058708
601	0.059875
602	0.058333
603	0.057083
604	0.06275
605	0.056375
606	0.056333
607	0.061208
608	0.056708
609	0.055209
610	0.066917
611	0.057541
612	0.05525
613	0.056708
614	0.057875
615	0.055583
616	0.055209
617	0.055208
618	0.055458
619	0.054417
620	0.054333
621	0.054625
622	0.055917
623	0.05625
624	0.054542
625	0.054916
626	0.055042
627	0.062375
628	0.054333
629	0.056042
630	0.066084
631	0.072791
632	0.054709
633	0.052458
634	0.053458
635	0.052292
636	0.051041
637	0.05275
638	0.053666
639	0.062917
640	0.309917
641	0.106542
642	0.056
643	0.058542
644	0.05475
645	0.056834
646	0.050917
647	0.052708
648	0.0535
649	0.053792
650	0.055875
651	0.053375
652	0.051375
653	0.053458
654	0.051917
655	0.053334
656	0.051042
657	0.052
658	0.053875
659	0.05225
660	0.053583
661	0.052041
662	0.054042
663	0.052583
664	0.05275
665	0.054292
666	0.069125
667	0.053834
668	0.052375
669	0.053125
670	0.053583
671	0.052041
672	0.052
673	0.052458
674	0.051333
675	0.052625
676	0.051083
677	0.054208
678	0.055375
679	0.0515
680	0.052625
681	0.081917
682	0.07175
683	0.05775
684	0.057209
685	0.055833
686	0.052916
687	0.055083
688	0.052375
689	0.052916
690	0.053792
691	0.053209
692	0.051959
693	0.05225
694	0.052792
695	0.052208
696	0.053458
697	0.053209
698	0.060083
699	0.053375
700	0.052
701	0.05125
702	0.051375
703	0.054167
704	0.053917
705	0.067417
706	0.056
707	0.053416
708	0.051834
709	0.05325
710	0.089167
711	0.051584
712	0.054208
713	0.056125
714	0.054
715	0.055458
716	0.055209
717	0.053959
718	0.051667
719	0.054417
720	0.162541
721	0.072334
722	0.065625
723	0.066625
724	0.061666
725	0.057
726	0.05375
727	0.050875
728	0.059417
729	0.134583
730	0.052875
731	0.050166
732	0.051875
733	0.052875
734	0.053834
735	0.053625
736	0.050416
737	0.05125
738	0.051125
739	0.051333
740	0.153708
741	0.173042
742	0.134875
743	0.133625
744	0.141083
745	0.117709
746	0.11575
747	0.11375
748	0.110834
749	0.112209
750	0.113375
751	0.111458
752	0.112292
753	0.115875
754	0.149875
755	0.144667
756	0.12125
757	0.115375
758	0.065041
759	0.049875
760	0.05175
761	0.050709
762	0.049333
763	0.050375
764	0.06725
765	0.060083
766	0.052583
767	0.053875
768	0.051083
769	0.053042
770	0.051792
771	0.054416
772	0.053083
773	0.051916
774	0.052375
775	0.050417
776	0.050083
777	0.053375
778	0.054083
779	0.050083
780	0.051875
781	0.054709
782	0.051375
783	0.0925
784	0.1735
785	0.124458
786	0.118167
787	0.11875
788	0.115084
789	0.091708
790	0.062667
791	0.052833
792	0.051584
793	0.050625
794	0.050709
795	0.090917
796	0.052875
797	0.050541
798	0.051084
799	0.051875
800	0.049166
801	0.051041
802	0.051083
803	0.049208
804	0.050666
805	0.050125
806	0.051167
807	0.050833
808	0.051583
809	0.05125
810	0.051083
811	0.142791
812	0.13925
813	0.132042
814	0.139375
815	0.154459
816	0.127833
817	0.124084
818	0.12075
819	0.119458
820	0.118334
821	0.117208
822	0.112959
823	0.113167
824	0.115791
825	0.115
826	0.081334
827	0.053625
828	0.048958
829	0.051542
830	0.051167
831	0.050875
832	0.050458
833	0.049708
834	0.050083
835	0.050625
836	0.049166
837	0.048958
838	0.05025
839	0.049834
840	0.048792
841	0.050291
842	0.050209
843	0.050375
844	0.049333
845	0.049959
846	0.054625
847	0.049958
848	0.050583
849	0.04975
850	0.049667
851	0.051666
852	0.048959
853	0.049625
854	0.088542
855	0.052292
856	0.049458
857	0.050458
858	0.055375
859	0.048208
860	0.0485
861	0.050458
862	0.047875
863	0.065
864	0.049208
865	0.04875
866	0.048958
867	0.051
868	0.048917
869	0.049459
870	0.0495
871	0.048875
872	0.057667
873	0.0485
874	0.048958
875	0.048708
876	0.04725
877	0.048375
878	0.048584
879	0.048416
880	0.048584
881	0.048583
882	0.047458
883	0.048792
884	0.04825
885	0.047334
886	0.110625
887	0.05825
888	0.050292
889	0.0495
890	0.049708
891	0.048667
892	0.048541
893	0.049625
894	0.050708
895	0.049417
896	0.049041
897	0.05025
898	0.049292
899	0.050209
900	0.049125
901	0.047791
902	0.0485
903	0.048541
904	0.047791
905	0.049625
906	0.04875
907	0.048292
908	0.049709
909	0.070166
910	0.048875
911	0.048292
912	0.048458
913	0.048416
914	0.049791
915	0.048916
916	0.049791
917	0.049583
918	0.063792
919	0.04775
920	0.049209
921	0.048792
922	0.048208
923	0.05125
924	0.052416
925	0.0535
926	0.051334
927	0.076792
928	0.05175
929	0.049666
930	0.048709
931	0.050292
932	0.049833
933	0.049458
934	0.05425
935	0.048
936	0.048625
937	0.050125
938	0.047292
939	0.062042
940	0.050709
941	0.049333
942	0.051958
943	0.048666
944	0.048834
945	0.049083
946	0.048084
947	0.048708
948	0.048166
949	0.049291
950	0.052416
951	0.050916
952	0.052167
953	0.050167
954	0.052625
955	0.049875
956	0.047583
957	0.048709
958	0.049583
959	0.047792
960	0.048
961	0.048917
962	0.049125
963	0.049667
964	0.048458
965	0.049167
966	0.125666
967	0.179708
968	0.123167
969	0.117625
970	0.127125
971	0.122667
972	0.116958
973	0.160708
974	0.128625
975	0.119292
976	0.112375
977	0.110834
978	0.110292
979	0.11
980	0.115958
981	0.123334
982	0.151417
983	0.138334
984	0.124166
985	0.112791
986	0.123125
987	0.113791
988	0.111458
989	0.115584
990	0.109041
991	0.137459
992	0.114042
993	0.123042
994	0.112625
995	0.11325
996	0.142791
997	0.144417
998	0.118291
999	0.111292
1000	0.060667
1001	0.053917
1002	0.052417
1003	0.0505
1004	0.050375
1005	0.049833
1006	0.0515
1007	0.049792
1008	0.050208
1009	0.050417
1010	0.049875
1011	0.056416
1012	0.04925
1013	0.049542
1014	0.058125
1015	0.049375
1016	0.049875
1017	0.049792
1018	0.051584
1019	0.048792
1020	0.048541
1021	0.050458
1022	0.048375
1023	0.0545
1024	0.052875
1025	0.125292
1026	0.063375
1027	0.055084
1028	0.050958
1029	0.052167
1030	0.051708
1031	0.048083
1032	0.049542
1033	0.050791
1034	0.055792
1035	0.050209
1036	0.097084
1037	0.073375
1038	0.054083
1039	0.0505
1040	0.050042
1041	0.051834
1042	0.049167
1043	0.060167
1044	0.049792
1045	0.050625
1046	0.066208
1047	0.047959
1048	0.0615
1049	0.060459
1050	0.065333
1051	0.058375
1052	0.050667
1053	0.052916
1054	0.041958
1055	0.104709
1056	0.041125
1057	0.04975
1058	0.040583
1059	0.040458
1060	0.043208
1061	0.071
1062	0.045875
1063	0.042084
1064	0.041208
1065	0.042667
1066	0.04175
1067	0.041583
1068	0.0405
1069	0.040916
1070	0.041417
1071	0.089834
1072	0.194916
1073	0.112083
1074	0.168667
1075	0.109167
1076	0.098125
1077	0.097583
1078	0.095542
1079	0.095875
1080	0.096083
1081	0.098209
1082	0.101084
1083	0.096333
1084	0.105166
1085	0.085125
1086	0.046958
1087	0.043
1088	0.047458
1089	0.040959
1090	0.042167
1091	0.041583
1092	0.039625
1093	0.047625
1094	0.042084
1095	0.041166
1096	0.04025
1097	0.042583
1098	0.040292
1099	0.042041
1100	0.0395
1101	0.148583
1102	0.124333
1103	0.125292
1104	0.061416
1105	0.042917
1106	0.044417
1107	0.042792
1108	0.041292
1109	0.043833
1110	0.041208
1111	0.039792
1112	0.05425
1113	0.043042
1114	0.041666
1115	0.043125
1116	0.040458
1117	0.063167
1118	0.040459
1119	0.0405
1120	0.039666
1121	0.040875
1122	0.041208
1123	0.040291
1124	0.039625
1125	0.04075
1126	0.052875
1127	0.042958
1128	0.040417
1129	0.060042
1130	0.042458
1131	0.042875
1132	0.041083
1133	0.041458
1134	0.039541
1135	0.041459
1136	0.042666
1137	0.0405
1138	0.04925
1139	0.043125
1140	0.041958
1141	0.0405
1142	0.078209
1143	0.043583
1144	0.083875
1145	0.04025
1146	0.04025
1147	0.046667
1148	0.038959
1149	0.03925
1150	0.041375
1151	0.040625
1152	0.044459
1153	0.039792
1154	0.041
1155	0.042417
1156	0.041042
1157	0.039625
1158	0.04075
1159	0.040417
1160	0.041166
1161	0.041083
1162	0.040042
1163	0.045167
1164	0.040583
1165	0.040541
1166	0.04175
1167	0.041167
1168	0.041583
1169	0.041958
1170	0.041917
1171	0.041083
1172	0.04125
1173	0.092292
1174	0.041833
1175	0.041542
1176	0.039334
1177	0.056416
1178	0.048041
1179	0.041292
1180	0.041167
1181	0.0435
1182	0.04125
1183	0.040125
1184	0.041417
1185	0.061375
1186	0.045916
1187	0.044458
1188	0.041958
1189	0.039667
1190	0.046125
1191	0.049209
1192	0.043792
1193	0.04325
1194	0.0425
1195	0.048583
1196	0.039625
1197	0.050167
1198	0.043125
1199	0.043542
1200	0.04025
1201	0.041375
1202	0.045542
1203	0.0405
1204	0.041541
1205	0.040209
1206	0.041708
1207	0.040334
1208	0.042333
1209	0.042708
1210	0.042042
1211	0.042917
1212	0.041042
1213	0.040792
1214	0.04225
1215	0.041042
1216	0.065541
1217	0.140583
1218	0.0595
1219	0.047417
1220	0.043
1221	0.050167
1222	0.041375
1223	0.042375
1224	0.039709
1225	0.043208
1226	0.040875
1227	0.040583
1228	0.040625
1229	0.041834
1230	0.041625
1231	0.14725
1232	0.190375
1233	0.131833
1234	0.109875
1235	0.158708
1236	0.108458
1237	0.1185
1238	0.053042
1239	0.042791
1240	0.041542
1241	0.041375
1242	0.05325
1243	0.047666
1244	0.043916
1245	0.043
1246	0.042542
1247	0.041583
1248	0.05975
1249	0.044625
1250	0.040833
1251	0.040958
1252	0.043042
1253	0.043667
1254	0.041375
1255	0.040666
1256	0.042459
1257	0.04375
1258	0.041125
1259	0.041541
1260	0.039708
1261	0.042209
1262	0.041167
1263	0.046125
1264	0.043083
1265	0.040875
1266	0.040708
1267	0.04575
1268	0.042542
1269	0.040959
1270	0.040833
1271	0.039916
1272	0.041083
1273	0.042166
1274	0.058208
1275	0.040292
1276	0.072333
1277	0.056333
1278	0.23675
1279	0.066833
1280	0.045458
1281	0.04275
1282	0.042417
1283	0.043042
1284	0.042875
1285	0.041417
1286	0.041959
1287	0.040542
1288	0.04175
1289	0.053833
1290	0.044333
1291	0.063792
1292	0.041625
1293	0.047
1294	0.078
1295	0.043292
1296	0.041208
1297	0.041042
1298	0.041042
1299	0.055583
1300	0.0415
1301	0.0395
1302	0.039166
1303	0.039584
1304	0.039083
1305	0.182042
1306	0.048875
1307	0.063375
1308	0.040459
1309	0.040542
1310	0.040416
1311	0.040875
1312	0.039417
1313	0.03975
1314	0.040709
1315	0.040291
1316	0.039125
1317	0.096584
1318	0.234459
1319	0.08525
1320	0.042667
1321	0.040917
1322	0.040958
1323	0.041083
1324	0.038583
1325	0.0445
1326	0.057583
1327	0.176709
1328	0.059167
1329	0.043916
1330	0.046208
1331	0.040583
1332	0.039917
1333	0.039042
1334	0.038625
1335	0.03925
1336	0.038083
1337	0.037792
1338	0.039125
1339	0.037917
1340	0.038166
1341	0.037959
1342	0.0385
1343	0.037416
1344	0.037584
1345	0.038333
1346	0.038792
1347	0.03975
1348	0.040042
1349	0.037334
1350	0.037166
1351	0.038334
1352	0.036583
1353	0.037542
1354	0.037
1355	0.037917
1356	0.0385
1357	0.039458
1358	0.037583
1359	0.038167
1360	0.03675
1361	0.03775
1362	0.038
1363	0.038083
1364	0.037834
1365	0.037542
1366	0.039333
1367	0.038083
1368	0.037542
1369	0.037875
1370	0.038291
1371	0.03775
1372	0.037333
1373	0.037666
1374	0.036625
1375	0.039083
1376	0.038125
1377	0.038083
1378	0.039042
1379	0.039917
1380	0.037
1381	0.038125
1382	0.037791
1383	0.037834
1384	0.03725
1385	0.037375
1386	0.039167
1387	0.036833
1388	0.037709
1389	0.038333
1390	0.037
1391	0.0385
1392	0.038458
1393	0.038334
1394	0.037375
1395	0.038792
1396	0.037917
1397	0.038708
1398	0.037958
1399	0.038375
1400	0.037833
1401	0.036917
1402	0.038584
1403	0.037625
1404	0.0375
1405	0.038083
1406	0.037459
1407	0.037875
1408	0.03725
1409	0.038292
1410	0.038334
1411	0.039833
1412	0.038792
1413	0.037958
1414	0.039292
1415	0.038208
1416	0.038916
1417	0.038166
1418	0.039209
1419	0.04375
1420	0.038166
1421	0.039416
1422	0.037458
1423	0.039375
1424	0.041959
1425	0.037625
1426	0.038958
1427	0.037459
1428	0.037333
1429	0.038083
1430	0.055334
1431	0.048792
1432	0.042125
1433	0.039375
1434	0.039542
1435	0.038833
1436	0.039208
1437	0.039833
1438	0.038625
1439	0.038417
1440	0.039959
1441	0.039416
1442	0.039708
1443	0.038625
1444	0.037542
1445	0.038125
1446	0.039833
1447	0.038208
1448	0.038375
1449	0.038458
1450	0.038667
1451	0.039541
1452	0.037416
1453	0.037458
1454	0.037917
1455	0.038792
1456	0.03825
1457	0.038416
1458	0.037875
1459	0.038084
1460	0.038417
1461	0.038917
1462	0.037917
1463	0.037709
1464	0.038834
1465	0.03825
1466	0.04175
1467	0.037834
1468	0.038
1469	0.038208
1470	0.038625
1471	0.038542
1472	0.038166
1473	0.038625
1474	0.203792
1475	0.145958
1476	0.090708
1477	0.08
1478	0.108625
1479	0.085208
1480	0.078833
1481	0.077875
1482	0.071542
1483	0.069459
1484	0.071125
1485	0.073417
1486	0.071708
1487	0.071417
1488	0.070083
1489	0.07475
1490	0.07075
1491	0.073458
1492	0.071791
1493	0.070333
1494	0.07225
1495	0.070792
1496	0.072709
1497	0.072375
1498	0.070709
1499	0.073
1500	0.072
1501	0.071292
1502	0.070334
1503	0.070375
1504	0.068667
1505	0.070166
1506	0.0695
1507	0.071
1508	0.087417
1509	0.0765
1510	0.073584
1511	0.071208
1512	0.070625
1513	0.06875
1514	0.067375
1515	0.069209
1516	0.065667
1517	0.065958
1518	0.068458
1519	0.074791
1520	0.07025
1521	0.069584
1522	0.071375
1523	0.068333
1524	0.071875
1525	0.069958
1526	0.067458
1527	0.067083
1528	0.066334
1529	0.070292
1530	0.066167
1531	0.066958
1532	0.069208
1533	0.067542
1534	0.069125
1535	0.067583
1536	0.0895
1537	0.07275
1538	0.070459
1539	0.08425
1540	0.069917
1541	0.067417
1542	0.070458
1543	0.068916
1544	0.069542
1545	0.069792
1546	0.07
1547	0.067792
1548	0.078291
1549	0.073792
1550	0.068833
1551	0.067958
1552	0.066417
1553	0.068666
1554	0.069208
1555	0.070167
1556	0.067959
1557	0.075959
1558	0.068
1559	0.069542
1560	0.073458
1561	0.067125
1562	0.065458
1563	0.065166
1564	0.066459
1565	0.063667
1566	0.064166
1567	0.081042
1568	0.0785
1569	0.067375
1570	0.062709
1571	0.064125
1572	0.063541
1573	0.063917
1574	0.065875
1575	0.065667
1576	0.063084
1577	0.062
1578	0.064042
1579	0.062417
1580	0.061833
1581	0.072417
1582	0.063792
1583	0.0625
1584	0.061458
1585	0.063417
1586	0.062625
1587	0.065834
1588	0.063
1589	0.062792
1590	0.063375
1591	0.062917
1592	0.0655
1593	0.062584
1594	0.064375
1595	0.063375
1596	0.0615
1597	0.064833
1598	0.1025
1599	0.065917
1600	0.065125
1601	0.06475
1602	0.064417
1603	0.064166
1604	0.07425
1605	0.063
1606	0.069542
1607	0.085458
1608	0.087125
1609	0.095708
1610	0.082458
1611	0.046292
1612	0.034084
1613	0.030792
1614	0.031
1615	0.051959
1616	0.031625
1617	0.031875
1618	0.030167
1619	0.02975
1620	0.04125
1621	0.0305
1622	0.02825
1623	0.030959
1624	0.029583
1625	0.028917
1626	0.029667
1627	0.026541
1628	0.026959
1629	0.028791
1630	0.0285
1631	0.03175
1632	0.028708
1633	0.030042
1634	0.030584
1635	0.030458
1636	0.027292
1637	0.027833
1638	0.029375
1639	0.027375
1640	0.036083
1641	0.02925
1642	0.029584
1643	0.027333
1644	0.028625
1645	0.030792
1646	0.030125
1647	0.032
1648	0.034417
1649	0.030709
1650	0.029417
1651	0.030208
1652	0.029709
1653	0.031583
1654	0.03575
1655	0.029208
1656	0.030916
1657	0.029917
1658	0.02625
1659	0.02875
1660	0.030208
1661	0.029041
1662	0.035875
1663	0.028708
1664	0.027209
1665	0.027416
1666	0.029042
1667	0.03075
1668	0.029042
1669	0.0305
1670	0.029041
1671	0.02975
1672	0.030084
1673	0.037666
1674	0.028917
1675	0.030541
1676	0.028792
1677	0.030042
1678	0.029708
1679	0.026708
1680	0.029916
1681	0.0275
1682	0.027417
1683	0.026958
1684	0.026917
1685	0.029917
1686	0.028667
1687	0.030292
1688	0.029541
1689	0.0295
1690	0.026625
1691	0.028167
1692	0.030125
1693	0.028
1694	0.028875
1695	0.027333
1696	0.02775
1697	0.028667
1698	0.030167
1699	0.027834
1700	0.0285
1701	0.028458
1702	0.029292
1703	0.028875
1704	0.03175
1705	0.027916
1706	0.02875
1707	0.030084
1708	0.029583
1709	0.029125
1710	0.0285
1711	0.0305
1712	0.027875
1713	0.031459
1714	0.029
1715	0.029333
1716	0.028084
1717	0.029791
1718	0.027084
1719	0.027708
1720	0.027917
1721	0.028792
1722	0.029458
1723	0.029209
1724	0.028916
1725	0.029334
1726	0.0295
1727	0.028375
1728	0.026833
1729	0.027917
1730	0.02775
1731	0.029333
1732	0.0275
1733	0.034792
1734	0.028834
1735	0.027292
1736	0.02875
1737	0.029167
1738	0.02775
1739	0.028583
1740	0.027416
1741	0.028125
1742	0.028292
1743	0.024291
1744	0.0285
1745	0.028208
1746	0.028
1747	0.030333
1748	0.028167
1749	0.028416
1750	0.027375
1751	0.027167
1752	0.028458
1753	0.027083
1754	0.0285
1755	0.028625
1756	0.0285
1757	0.02975
1758	0.030041
1759	0.028166
1760	0.029416
1761	0.0285
1762	0.025208
1763	0.028209
1764	0.030292
1765	0.027333
1766	0.028042
1767	0.026875
1768	0.029583
1769	0.02675
1770	0.027625
1771	0.029417
1772	0.029292
1773	0.028625
1774	0.028083
1775	0.027041
1776	0.027833
1777	0.049291
1778	0.029542
1779	0.027917
1780	0.025708
1781	0.028333
1782	0.028
1783	0.027916
1784	0.028625
1785	0.027583
1786	0.027459
1787	0.029083
1788	0.027583
1789	0.028875
1790	0.027541
1791	0.030209
1792	0.029541
1793	0.028291
1794	0.028542
1795	0.031167
1796	0.027834
1797	0.02825
1798	0.032333
1799	0.029583
1800	0.028584
1801	0.029542
1802	0.029083
1803	0.029584
1804	0.027167
1805	0.03
1806	0.027792
1807	0.028708
1808	0.029792
1809	0.028625
1810	0.028417
1811	0.027458
1812	0.029
1813	0.0275
1814	0.029458
1815	0.027625
1816	0.029625
1817	0.026292
1818	0.027166
1819	0.0275
1820	0.029208
1821	0.029417
1822	0.028792
1823	0.028541
1824	0.029833
1825	0.029916
1826	0.027916
1827	0.029209
1828	0.029542
1829	0.028875
1830	0.029291
1831	0.02925
1832	0.029667
1833	0.029292
1834	0.028167
1835	0.029166
1836	0.058167
1837	0.030708
1838	0.0305
1839	0.02825
1840	0.028333
1841	0.025542
1842	0.031083
1843	0.026167
1844	0.033333
1845	0.028666
1846	0.030125
1847	0.029833
1848	0.028542
1849	0.031375
1850	0.027958
1851	0.029
1852	0.029
1853	0.025625
1854	0.030125
1855	0.029333
1856	0.026958
1857	0.027333
1858	0.028209
1859	0.029125
1860	0.029167
1861	0.028917
1862	0.027542
1863	0.028417
1864	0.027334
1865	0.047625
1866	0.030875
1867	0.02775
1868	0.02675
1869	0.0425
1870	0.030292
1871	0.029458
1872	0.028333
1873	0.029167
1874	0.02675
1875	0.0285
1876	0.028291
1877	0.028333
1878	0.030333
1879	0.030459
1880	0.029208
1881	0.028417
1882	0.030459
1883	0.028625
1884	0.029542
1885	0.164208
1886	0.179458
1887	0.089916
1888	0.070667
1889	0.067084
1890	0.065167
1891	0.062958
1892	0.06325
1893	0.035458
1894	0.030459
1895	0.028666
1896	0.029542
1897	0.029209
1898	0.034667
1899	0.027833
1900	0.032542
1901	0.026792
1902	0.028917
1903	0.028917
1904	0.026708
1905	0.02875
1906	0.027541
1907	0.029125
1908	0.02825
1909	0.030166
1910	0.028
1911	0.028
1912	0.03125
1913	0.033792
1914	0.0335
1915	0.031916
1916	0.032875
1917	0.027333
1918	0.051333
1919	0.033417
1920	0.0305
1921	0.031167
1922	0.028042
1923	0.030166
1924	0.028667
1925	0.027583
1926	0.033667
1927	0.0285
1928	0.026709
1929	0.036917
1930	0.028542
1931	0.027958
1932	0.028833
1933	0.029417
1934	0.026916
1935	0.027875
1936	0.032542
1937	0.051166
1938	0.047125
1939	0.030791
1940	0.03025
1941	0.032625
1942	0.027791
1943	0.027125
1944	0.074
1945	0.028041
1946	0.030209
1947	0.028958
1948	0.029291
1949	0.028292
1950	0.029167
1951	0.02825
1952	0.028334
1953	0.029
1954	0.030375
1955	0.035417
1956	0.030875
1957	0.030584
1958	0.028958
1959	0.029916
1960	0.03825
1961	0.028209
1962	0.028041
1963	0.029084
1964	0.02875
1965	0.026625
1966	0.06325
1967	0.029334
1968	0.028833
1969	0.028584
1970	0.029333
1971	0.035209
1972	0.029542
1973	0.031666
1974	0.02975
1975	0.030959
1976	0.028125
1977	0.028959
1978	0.032417
1979	0.027
1980	0.031084
1981	0.028792
1982	0.028125
1983	0.029667
1984	0.032
1985	0.030084
1986	0.02925
1987	0.037042
1988	0.0325
1989	0.036042
1990	0.0335
1991	0.032583
1992	0.032042
1993	0.036542
1994	0.029
1995	0.0295
1996	0.030167
1997	0.028292
1998	0.026709
1999	0.030292
2000	0.02875
2001	0.536708
2002	0.289292
2003	0.100875
2004	0.045042
2005	0.033917
2006	0.034042
2007	0.032333
2008	0.034458
2009	0.044125
2010	0.033791
2011	0.029375
2012	0.033917
2013	0.032667
2014	0.031417
2015	0.032083
2016	0.0325
2017	0.033542
2018	0.030583
2019	0.033958
2020	0.031166
2021	0.029166
2022	0.032417
2023	0.033042
2024	0.03325
2025	0.031334
2026	0.029834
2027	0.038708
2028	0.031541
2029	0.035333
2030	0.032334
2031	0.030958
2032	0.033042
2033	0.037416
2034	0.034208
2035	0.033
2036	0.030458
2037	0.031791
2038	0.034791
2039	0.03375
2040	0.034084
2041	0.031708
2042	0.032333
2043	0.032292
2044	0.035541
2045	0.030458
2046	0.029833
2047	0.037708
2048	0.032958
2049	0.033584
2050	0.031917
2051	0.035334
2052	0.033417
2053	0.039708
2054	0.035292
2055	0.037375
2056	0.338375
2057	0.132541
2058	0.286708
2059	0.049917
2060	0.110125
2061	0.063459
2062	0.0785
2063	0.039167
2064	0.038167
2065	0.037042
2066	0.035375
2067	0.031541
2068	0.034667
2069	0.03325
2070	0.03225
2071	0.03625
2072	0.3195
2073	0.041625
2074	0.033167
2075	0.032167
2076	0.0345
2077	0.035042
2078	0.033708
2079	0.033833
2080	0.032625
2081	0.0365
2082	0.033166
2083	0.034042
2084	0.031959
2085	0.033209
2086	0.033
2087	0.033083
2088	0.032
2089	0.034458
2090	0.031291
2091	0.033167
2092	0.032834
2093	0.032041
2094	0.032333
2095	0.031708
2096	0.030416
2097	0.07975
2098	0.166667
2099	0.100375
2100	0.081
2101	0.072791
2102	0.069708
2103	0.075292
2104	0.134042
2105	0.074334
2106	0.070958
2107	0.069667
2108	0.07025
2109	0.070125
2110	0.067042
2111	0.069708
2112	0.0685
2113	0.071667
2114	0.039917
2115	0.076708
2116	0.033291
2117	0.03175
2118	0.028375
2119	0.038708
2120	0.03375
2121	0.031208
2122	0.036
2123	0.03225
2124	0.028
2125	0.029042
2126	0.029667
2127	0.030625
2128	0.029834
2129	0.029834
2130	0.030459
2131	0.031625
2132	0.032208
2133	0.0285
2134	0.028167
2135	0.030792
2136	0.03075
2137	0.132
2138	0.054125
2139	0.047083
2140	0.030917
2141	0.035167
2142	0.030416
2143	0.031917
2144	0.030667
2145	0.031542
2146	0.030416
2147	0.031
2148	0.030333
2149	0.031
2150	0.031125
2151	0.028166
2152	0.029333
2153	0.029958
2154	0.028625
2155	0.030208
2156	0.029209
2157	0.029
2158	0.029792
2159	0.028917
2160	0.029583
2161	0.027167
2162	0.030209
2163	0.028667
2164	0.02925
2165	0.030875
2166	0.031125
2167	0.029083
2168	0.036791
2169	0.028666
2170	0.03025
2171	0.029916
2172	0.027583
2173	0.029833
2174	0.029875
2175	0.029166
2176	0.034583
2177	0.028708
2178	0.03125
2179	0.029
2180	0.047834
2181	0.035334
2182	0.032042
2183	0.029458
2184	0.031125
2185	0.03
2186	0.035875
2187	0.032958
2188	0.031
2189	0.032291
2190	0.02925
2191	0.052375
2192	0.031959
2193	0.028792
2194	0.029458
2195	0.030416
2196	0.029167
2197	0.0305
2198	0.037083
2199	0.030125
2200	0.027959
2201	0.029709
2202	0.028375
2203	0.029833
2204	0.032958
2205	0.0285
2206	0.031333
2207	0.026333
2208	0.030583
2209	0.029083
2210	0.031542
2211	0.030708
2212	0.029
2213	0.026125
2214	0.03
2215	0.029167
2216	0.029542
2217	0.026083
2218	0.030917
2219	0.0335
2220	0.03175
2221	0.03125
2222	0.030083
2223	0.029125
2224	0.027458
2225	0.028791
2226	0.027834
2227	0.030125
2228	0.028583
2229	0.02925
2230	0.036208
2231	0.032333
2232	0.0335
2233	0.028667
2234	0.028208
2235	0.028
2236	0.027208
2237	0.029125
2238	0.058917
2239	0.147792
2240	0.041333
2241	0.043041
2242	0.030083
2243	0.030334
2244	0.028541
2245	0.026917
2246	0.028
2247	0.029667
2248	0.028584
2249	0.027792
2250	0.030458
2251	0.02975
2252	0.030584
2253	0.028834
2254	0.028625
2255	0.0305
2256	0.027292
2257	0.030084
2258	0.031834
2259	0.028458
2260	0.029875
2261	0.029208
2262	0.029708
2263	0.031042
2264	0.028209
2265	0.028458
2266	0.02875
2267	0.026542
2268	0.027584
2269	0.029209
2270	0.030625
2271	0.027792
2272	0.030084
2273	0.029625
2274	0.028708
2275	0.026583
2276	0.028125
2277	0.033875
2278	0.051375
2279	0.027291
2280	0.030292
2281	0.027916
2282	0.029208
2283	0.029
2284	0.028333
2285	0.027917
2286	0.02725
2287	0.025958
2288	0.028291
2289	0.028125
2290	0.028666
2291	0.029958
2292	0.026875
2293	0.0295
2294	0.029042
2295	0.028792
2296	0.029375
2297	0.028333
2298	0.029375
2299	0.02775
2300	0.028042
2301	0.029833
2302	0.027333
2303	0.029292
2304	0.029667
2305	0.028708
2306	0.028417
2307	0.029416
2308	0.046375
2309	0.028084
2310	0.033792
2311	0.026834
2312	0.026042
2313	0.029333
2314	0.02525
2315	0.030375
2316	0.029917
2317	0.025875
2318	0.028625
2319	0.02825
2320	0.153834
2321	0.048209
2322	0.0285
2323	0.030333
2324	0.028375
2325	0.028875
2326	0.029791
2327	0.029
2328	0.027667
2329	0.029417
2330	0.029167
2331	0.029125
2332	0.028333
2333	0.028416
2334	0.031
2335	0.030334
2336	0.026208
2337	0.028375
2338	0.029833
2339	0.028
2340	0.029166
2341	0.032542
2342	0.0305
2343	0.028042
2344	0.04
2345	0.033583
2346	0.032167
2347	0.030667
2348	0.028959
2349	0.030458
2350	0.032333
2351	0.031
2352	0.029917
2353	0.028083
2354	0.028042
2355	0.029583
2356	0.027834
2357	0.027667
2358	0.028041
2359	0.029958
2360	0.028125
2361	0.027458
2362	0.02975
2363	0.025083
2364	0.026209
2365	0.029375
2366	0.02925
2367	0.029292
2368	0.050125
2369	0.095667
2370	0.032208
2371	0.029083
2372	0.026084
2373	0.029875
2374	0.029417
2375	0.0285
2376	0.031458
2377	0.029375
2378	0.0285
2379	0.027042
2380	0.027958
2381	0.031167
2382	0.026083
2383	0.030417
2384	0.028333
2385	0.02875
2386	0.027584
2387	0.030417
2388	0.029417
2389	0.029291
2390	0.029958
2391	0.028083
2392	0.027167
2393	0.028667
2394	0.029958
2395	0.028708
2396	0.027791
2397	0.029875
2398	0.026958
2399	0.028
2400	0.031042
2401	0.03375
2402	0.028541
2403	0.028792
2404	0.026084
2405	0.030334
2406	0.029625
2407	0.030291
2408	0.030458
2409	0.027334
2410	0.028208
2411	0.029583
2412	0.027791
2413	0.029375
2414	0.027875
2415	0.030917
2416	0.033125
2417	0.03125
2418	0.0275
2419	0.029375
2420	0.027833
2421	0.033667
2422	0.03375
2423	0.026292
2424	0.029541
2425	0.028625
2426	0.027875
2427	0.027334
2428	0.028791
2429	0.031542
2430	0.029125
2431	0.028583
2432	0.031125
2433	0.030167
2434	0.0275
2435	0.0295
2436	0.047917
2437	0.03525
2438	0.028334
2439	0.028666
2440	0.027375
2441	0.027792
2442	0.027458
2443	0.028292
2444	0.026042
2445	0.050667
2446	0.027292
2447	0.02625
2448	0.024667
2449	0.02725
2450	0.027958
2451	0.027708
2452	0.028292
2453	0.027333
2454	0.027541
2455	0.027542
2456	0.031792
2457	0.027708
2458	0.026542
2459	0.026125
2460	0.027416
2461	0.027167
2462	0.028083
2463	0.027916
2464	0.032875
2465	0.025958
2466	0.026875
2467	0.026042
2468	0.026666
2469	0.026042
2470	0.026542
2471	0.027625
2472	0.02575
2473	0.025709
2474	0.026292
2475	0.026416
2476	0.028167
2477	0.027042
2478	0.025667
2479	0.026792
2480	0.027708
2481	0.027917
2482	0.026459
2483	0.027334
2484	0.027541
2485	0.027334
2486	0.028333
2487	0.027542
2488	0.026416
2489	0.026167
2490	0.027875
2491	0.030958
2492	0.027041
2493	0.025959
2494	0.025334
2495	0.025291
2496	0.026625
2497	0.027583
2498	0.026417
2499	0.025667
2500	0.026083
2501	0.027625
2502	0.026667
2503	0.026625
2504	0.027209
2505	0.028916
2506	0.027167
2507	0.026875
2508	0.028791
2509	0.026791
2510	0.028209
2511	0.026916
2512	0.02475
2513	0.028041
2514	0.027
2515	0.025917
2516	0.026625
2517	0.027209
2518	0.026875
2519	0.027291
2520	0.027458
2521	0.029667
2522	0.027375
2523	0.030666
2524	0.028583
2525	0.02775
2526	0.028167
2527	0.027583
2528	0.029333
2529	0.027375
2530	0.026417
2531	0.090292
2532	0.1715
2533	0.052334
2534	0.030875
2535	0.029792
2536	0.028875
2537	0.027708
2538	0.029625
2539	0.053541
2540	0.027917
2541	0.027584
2542	0.028167
2543	0.028333
2544	0.05825
2545	0.121208
2546	0.07275
2547	0.0685
2548	0.036625
2549	0.02925
2550	0.028291
2551	0.025667
2552	0.030083
2553	0.024916
2554	0.026834
2555	0.028916
2556	0.028375
2557	0.027459
2558	0.02575
2559	0.026791
2560	0.035292
2561	0.0295
2562	0.027292
2563	0.028875
2564	0.03375
2565	0.029375
2566	0.033125
2567	0.036833
2568	0.030042
2569	0.027833
2570	0.027625
2571	0.0665
2572	0.112834
2573	0.063875
2574	0.059417
2575	0.0885
2576	0.061
2577	0.129667
2578	0.099042
2579	0.080167
2580	0.039625
2581	0.0285
2582	0.02875
2583	0.027917
2584	0.027291
2585	0.027917
2586	0.02825
2587	0.026833
2588	0.026875
2589	0.026458
2590	0.026084
2591	0.025292
2592	0.026125
2593	0.026791
2594	0.026417
2595	0.027083
2596	0.02625
2597	0.024458
2598	0.027875
2599	0.048667
2600	0.035084
2601	0.026709
2602	0.026208
2603	0.025292
2604	0.033625
2605	0.026333
2606	0.026542
2607	0.026333
2608	0.026708
2609	0.025917
2610	0.025125
2611	0.026375
2612	0.027958
2613	0.026917
2614	0.026458
2615	0.025083
2616	0.024166
2617	0.024042
2618	0.025542
2619	0.026208
2620	0.024916
2621	0.024375
2622	0.025625
2623	0.025792
2624	0.026084
2625	0.027292
2626	0.033125
2627	0.031833
2628	0.027042
2629	0.029083
2630	0.027458
2631	0.026375
2632	0.026791
2633	0.026167
2634	0.025917
2635	0.0265
2636	0.025375
2637	0.026458
2638	0.026375
2639	0.026625
2640	0.025583
2641	0.025709
2642	0.026458
2643	0.025667
2644	0.026208
2645	0.02625
2646	0.027042
2647	0.025458
2648	0.0275
2649	0.026333
2650	0.025375
2651	0.024875
2652	0.026166
2653	0.025416
2654	0.025625
2655	0.025792
2656	0.024458
2657	0.023666
2658	0.025875
2659	0.026584
2660	0.026875
2661	0.026541
2662	0.027125
2663	0.026834
2664	0.024
2665	0.026
2666	0.026125
2667	0.025833
2668	0.025125
2669	0.02625
2670	0.025791
2671	0.02525
2672	0.023375
2673	0.025208
2674	0.025167
2675	0.025708
2676	0.024875
2677	0.024917
2678	0.025334
2679	0.024541
2680	0.026667
2681	0.026458
2682	0.025334
2683	0.025458
2684	0.025459
2685	0.026083
2686	0.024625
2687	0.026167
2688	0.027167
2689	0.024875
2690	0.026084
2691	0.027083
2692	0.025959
2693	0.026375
2694	0.025459
2695	0.026166
2696	0.028
2697	0.033417
2698	0.026541
2699	0.027292
2700	0.027542
2701	0.0265
2702	0.02675
2703	0.024542
2704	0.026166
2705	0.026042
2706	0.02575
2707	0.027
2708	0.025917
2709	0.026667
2710	0.039167
2711	0.026834
2712	0.026083
2713	0.026208
2714	0.026625
2715	0.023209
2716	0.025542
2717	0.025458
2718	0.025959
2719	0.024458
2720	0.026
2721	0.026667
2722	0.025417
2723	0.027375
2724	0.026584
2725	0.026584
2726	0.025583
2727	0.026208
2728	0.025125
2729	0.027042
2730	0.023959
2731	0.027166
2732	0.0255
2733	0.144709
2734	0.087292
2735	0.109042
2736	0.061417
2737	0.057917
2738	0.056291
2739	0.057209
2740	0.057791
2741	0.251666
2742	0.179375
2743	0.058459
2744	0.055792
2745	0.053709
2746	0.054042
2747	0.055125
2748	0.066542
2749	0.03975
2750	0.027583
2751	0.029
2752	0.028625
2753	0.025792
2754	0.028542
2755	0.028209
2756	0.025125
2757	0.025125
2758	0.023459
2759	0.026709
2760	0.026125
2761	0.024542
2762	0.025208
2763	0.02525
2764	0.025667
2765	0.026792
2766	0.026584
2767	0.025958
2768	0.024167
2769	0.027334
2770	0.027084
2771	0.024916
2772	0.025625
2773	0.02575
2774	0.026625
2775	0.025125
2776	0.024583
2777	0.02625
2778	0.025708
2779	0.026125
2780	0.025417
2781	0.026458
2782	0.027084
2783	0.026417
2784	0.025541
2785	0.026084
2786	0.02625
2787	0.02575
2788	0.024833
2789	0.025417
2790	0.220583
2791	0.054042
2792	0.02725
2793	0.027917
2794	0.026375
2795	0.025125
2796	0.029667
2797	0.027084
2798	0.024625
2799	0.025916
2800	0.029667
2801	0.029167
2802	0.02775
2803	0.028791
2804	0.028125
2805	0.027458
2806	0.026666
2807	0.024875
2808	0.027083
2809	0.027417
2810	0.027458
2811	0.023875
2812	0.02875
2813	0.026541
2814	0.027375
2815	0.024541
2816	0.028083
2817	0.029542
2818	0.029041
2819	0.027708
2820	0.02875
2821	0.030667
2822	0.027875
2823	0.026208
2824	0.024958
2825	0.025458
2826	0.028959
2827	0.027333
2828	0.027042
2829	0.0265
2830	0.043916
2831	0.032917
2832	0.028416
2833	0.027583
2834	0.027875
2835	0.026583
2836	0.026792
2837	0.023292
2838	0.029667
2839	0.029708
2840	0.025875
2841	0.027292
2842	0.027625
2843	0.025583
2844	0.028208
2845	0.028084
2846	0.025083
2847	0.027
2848	0.025042
2849	0.027542
2850	0.02775
2851	0.028791
2852	0.029375
2853	0.027792
2854	0.025542
2855	0.028667
2856	0.031875
2857	0.029042
2858	0.034875
2859	0.032291
2860	0.027625
2861	0.027125
2862	0.026375
2863	0.028291
2864	0.02775
2865	0.026917
2866	0.027292
2867	0.027333
2868	0.027667
2869	0.02825
2870	0.025792
2871	0.024625
2872	0.027958
2873	0.026791
2874	0.026209
2875	0.026458
2876	0.027042
2877	0.027583
2878	0.025292
2879	0.02575
2880	4.482042
2881	0.03375
2882	0.027125
2883	0.0275
2884	0.024958
2885	0.029167
2886	0.027042
2887	0.025
2888	0.025958
2889	0.026125
2890	0.023667
2891	0.025167
2892	0.024959
2893	0.025833
2894	0.026583
2895	0.025917
2896	0.026375
2897	0.026584
2898	0.075833
2899	0.036083
2900	0.027333
2901	0.028625
2902	0.029375
2903	0.03775
2904	0.025917
2905	0.026375
2906	0.02525
2907	0.025958
2908	0.027
2909	0.026458
2910	0.027083
2911	0.026875
2912	0.023625
2913	0.026875
2914	0.026375
2915	0.0265
2916	0.028541
2917	0.028167
2918	0.0285
2919	0.079209
2920	0.030458
2921	0.030375
2922	0.02975
2923	0.055875
2924	0.027958
2925	0.048375
2926	0.030167
2927	0.027333
2928	0.028333
2929	0.028792
2930	0.028583
2931	0.029458
2932	0.027125
2933	0.045875
2934	0.031167
2935	0.027333
2936	0.025
2937	0.027167
2938	0.067875
2939	0.14725
2940	0.0805
2941	0.064417
2942	0.030791
2943	0.029875
2944	0.024667
2945	0.02425
2946	0.035958
2947	0.028167
2948	0.026
2949	0.025833
2950	0.026084
2951	0.025458
2952	0.025167
2953	0.02575
2954	0.025
2955	0.0255
2956	0.025958
2957	0.02725
2958	0.038083
2959	0.026917
2960	0.026042
2961	0.025209
2962	0.026834
2963	0.027958
2964	0.026792
2965	0.025917
2966	0.022917
2967	0.023042
2968	0.024833
2969	0.024291
2970	0.025458
2971	0.024291
2972	0.033
2973	0.027709
2974	0.026125
2975	0.026166
2976	0.02425
2977	0.0255
2978	0.024416
2979	0.02625
2980	0.025459
2981	0.025166
2982	0.026792
2983	0.030708
2984	0.028917
2985	0.03875
2986	0.027417
2987	0.0305
2988	0.024
2989	0.026708
2990	0.023792
2991	0.026292
2992	0.02525
2993	0.023167
2994	0.024625
2995	0.025333
2996	0.025334
2997	0.024583
2998	0.02525
2999	0.025625
3000	0.026542
3001	0.024667
3002	0.027125
3003	0.023709
3004	0.025333
3005	0.02575
3006	0.026042
3007	0.027292
3008	0.024833
3009	0.024375
3010	0.026708
3011	0.026709
3012	0.026125
3013	0.026208
3014	0.024917
3015	0.027625
3016	0.024125
3017	0.025083
3018	0.025292
3019	0.026542
3020	0.025334
3021	0.025208
3022	0.027125
3023	0.025041
3024	0.024959
3025	0.025583
3026	0.026833
3027	0.023834
3028	0.026458
3029	0.024583
3030	0.025417
3031	0.025833
3032	0.024917
3033	0.025417
3034	0.02625
3035	0.026
3036	0.02875
3037	0.025875
3038	0.026417
3039	0.113292
3040	0.033583
3041	0.027541
3042	0.02725
3043	0.025916
3044	0.026041
3045	0.033333
3046	0.026583
3047	0.028042
3048	0.026875
3049	0.025208
3050	0.027125
3051	0.021334
3052	0.024708
3053	0.025375
3054	0.026959
3055	0.026375
3056	0.025667
3057	0.02775
3058	0.023042
3059	0.024708
3060	0.025667
3061	0.0275
3062	0.0255
3063	0.02425
3064	0.027542
3065	0.026666
3066	0.0275
3067	0.025291
3068	0.026833
3069	0.024792
3070	0.026084
3071	0.023333
3072	0.025584
3073	0.02575
3074	0.024375
3075	0.025958
3076	0.024791
3077	0.024875
3078	0.025459
3079	0.026625
3080	0.026542
3081	0.026042
3082	0.024125
3083	0.024667
3084	0.020958
3085	0.023416
3086	0.026333
3087	0.025792
3088	0.023625
3089	0.027
3090	0.025875
3091	0.025417
3092	0.023875
3093	0.024959
3094	0.025375
3095	0.024625
3096	0.026458
3097	0.02575
3098	0.025292
3099	0.025708
3100	0.024959
3101	0.021916
3102	0.025709
3103	0.024583
3104	0.02275
3105	0.026291
3106	0.025125
3107	0.046416
3108	0.028083
3109	0.025458
3110	0.028917
3111	0.023958
3112	0.027792
3113	0.024334
3114	0.024916
3115	0.025709
3116	0.024375
3117	0.025125
3118	0.026375
3119	0.023458
3120	0.027334
3121	0.027083
3122	0.025541
3123	0.025334
3124	0.025708
3125	0.025
3126	0.023083
3127	0.026208
3128	0.025167
3129	0.0245
3130	0.026833
3131	0.025125
3132	0.024
3133	0.02675
3134	0.024708
3135	0.025792
3136	0.025625
3137	0.026833
3138	0.028
3139	0.025667
3140	0.024167
3141	0.02625
3142	0.024167
3143	0.024041
3144	0.026084
3145	0.027042
3146	0.026458
3147	0.025125
3148	0.0255
3149	0.026542
3150	0.023
3151	0.050583
3152	0.026292
3153	0.024875
3154	0.027
3155	0.025083
3156	0.024167
3157	0.025042
3158	0.023417
3159	0.0255
3160	0.025375
3161	0.023333
3162	0.025875
3163	0.025375
3164	0.025917
3165	0.026833
3166	0.02275
3167	0.026541
3168	0.023833
3169	0.025292
3170	0.024459
3171	0.026666
3172	0.025709
3173	0.02325
3174	0.023375
3175	0.026
3176	0.027084
3177	0.0265
3178	0.024917
3179	0.042584
3180	0.025542
3181	0.025167
3182	0.023875
3183	0.025042
3184	0.032583
3185	0.032083
3186	0.027709
3187	0.022583
3188	0.025958
3189	0.02325
3190	0.024084
3191	0.025833
3192	0.026959
3193	0.025791
3194	0.027792
3195	0.026125
3196	0.027917
3197	0.0225
3198	0.026292
3199	0.026958
3200	0.025417
3201	0.0275
3202	0.022166
3203	0.026667
3204	0.026
3205	0.025458
3206	0.026209
3207	0.02625
3208	0.023541
3209	0.026209
3210	0.025708
3211	0.024458
3212	0.023875
3213	0.025166
3214	0.026125
3215	0.025958
3216	0.0445
3217	0.030667
3218	0.02525
3219	0.026584
3220	0.023917
3221	0.0245
3222	0.025333
3223	0.023083
3224	0.02525
3225	0.024667
3226	0.025041
3227	0.022333
3228	0.023417
3229	0.025208
3230	0.025625
3231	0.02325
3232	0.025917
3233	0.031417
3234	0.024292
3235	0.025
3236	0.027959
3237	0.105334
3238	0.097459
3239	0.063875
3240	0.056666
3241	0.065125
3242	0.054375
3243	0.06175
3244	0.052583
3245	0.051875
3246	0.054375
3247	0.056333
3248	0.0525
3249	0.051709
3250	0.051708
3251	0.05225
3252	0.050708
3253	0.050833
3254	0.051959
3255	0.051541
3256	0.051792
3257	0.056291
3258	0.062542
3259	0.053167
3260	0.052542
3261	0.070708
3262	0.0445
3263	0.029042
3264	0.029541
3265	0.026125
3266	0.026792
3267	0.022875
3268	0.024125
3269	0.025666
3270	0.025458
3271	0.025834
3272	0.084958
3273	0.084833
3274	0.065083
3275	0.0945
3276	0.09525
3277	0.030292
3278	0.0235
3279	0.032333
3280	0.026042
3281	0.028125
3282	0.029584
3283	0.025125
3284	0.0265
3285	0.029416
3286	0.024417
3287	0.025666
3288	0.027792
3289	0.02825
3290	0.027334
3291	0.025208
3292	0.028625
3293	0.026083
3294	0.036458
3295	0.02975
3296	0.027458
3297	0.028708
3298	0.0435
3299	0.035625
3300	0.03
3301	0.0315
3302	0.027334
3303	0.027334
3304	0.028208
3305	0.023583
3306	0.0265
3307	0.028291
3308	0.0245
3309	0.024958
3310	0.025875
3311	0.022542
3312	0.026958
3313	0.025584
3314	0.0275
3315	0.024375
3316	0.024958
3317	0.025625
3318	0.045583
3319	0.028208
3320	0.025958
3321	0.025208
3322	0.0265
3323	0.0245
3324	0.026625
3325	0.026084
3326	0.025958
3327	0.024333
3328	0.027125
3329	0.033792
3330	0.027125
3331	0.02975
3332	0.02425
3333	0.027667
3334	0.026458
3335	0.032042
3336	0.025167
3337	0.025083
3338	0.023833
3339	0.02525
3340	0.022792
3341	0.027667
3342	0.026167
3343	0.026292
3344	0.026542
3345	0.023625
3346	0.024208
3347	0.022792
3348	0.0255
3349	0.094
3350	0.027041
3351	0.023833
3352	0.025917
3353	0.024667
3354	0.02525
3355	0.026584
3356	0.026625
3357	0.024375
3358	0.025417
3359	0.023666
3360	0.023209
3361	0.025125
3362	0.027125
3363	0.025792
3364	0.022291
3365	0.022167
3366	0.025583
3367	0.025541
3368	0.026667
3369	0.026542
3370	0.026292
3371	0.025875
3372	0.024459
3373	0.027833
3374	0.026292
3375	0.026125
3376	0.026166
3377	0.025834
3378	0.025625
3379	0.027375
3380	0.023417
3381	0.025208
3382	0.023417
3383	0.026
3384	0.023375
3385	0.025458
3386	0.02525
3387	0.024166
3388	0.025584
3389	0.024833
3390	0.024208
3391	0.025875
3392	0.026875
3393	0.020791
3394	0.027084
3395	0.028875
3396	0.026834
3397	0.025667
3398	0.02775
3399	0.027542
3400	0.029
3401	0.027291
3402	0.025458
3403	0.025959
3404	0.026041
3405	0.024709
3406	0.028166
3407	0.027667
3408	0.026125
3409	0.026542
3410	0.024709
3411	0.026625
3412	0.026667
3413	0.028958
3414	0.027209
3415	0.023791
3416	0.094416
3417	0.113958
3418	0.070833
3419	0.081167
3420	0.03025
3421	0.034875
3422	0.03125
3423	0.03
3424	0.032708
3425	0.031583
3426	0.025084
3427	0.025209
3428	0.025583
3429	0.027459
3430	0.025459
3431	0.025125
3432	0.026666
3433	0.027625
3434	0.024584
3435	0.027458
3436	0.024917
3437	0.025083
3438	0.024333
3439	0.025459
3440	0.026333
3441	0.023958
3442	0.02525
3443	0.024292
3444	0.022917
3445	0.026958
3446	0.026166
3447	0.025292
3448	0.022916
3449	0.041584
3450	0.026209
3451	0.025208
3452	0.025917
3453	0.024333
3454	0.024584
3455	0.024667
3456	0.121375
3457	0.077
3458	0.056334
3459	0.054291
3460	0.053333
3461	0.056375
3462	0.05125
3463	0.051958
3464	0.055292
3465	0.055
3466	0.065791
3467	0.057833
3468	0.053959
3469	0.05075
3470	0.052958
3471	0.058125
3472	0.053291
3473	0.054167
3474	0.030209
3475	0.023667
3476	0.024875
3477	0.0255
3478	0.023459
3479	0.024625
3480	0.024084
3481	0.024542
3482	0.023083
3483	0.023292
3484	0.024416
3485	0.021875
3486	0.024417
3487	0.024041
3488	0.02625
3489	0.025666
3490	0.024833
3491	0.025292
3492	0.025208
3493	0.026125
3494	0.023416
3495	0.027208
3496	0.023666
3497	0.022334
3498	0.025541
3499	0.026542
3500	0.025542
3501	0.023625
3502	0.022125
3503	0.026458
3504	0.073375
3505	0.070458
3506	0.050875
3507	0.026209
3508	0.027167
3509	0.027833
3510	0.025833
3511	0.025042
3512	0.024916
3513	0.024959
3514	0.024458
3515	0.024875
3516	0.025917
3517	0.022667
3518	0.025416
3519	0.027416
3520	0.0225
3521	0.025084
3522	0.0245
3523	0.024208
3524	0.024541
3525	0.02575
3526	0.025625
3527	0.025542
3528	0.024208
3529	0.024167
3530	0.024875
3531	0.026083
3532	0.025
3533	0.033208
3534	0.025417
3535	0.024875
3536	0.025542
3537	0.025
3538	0.025875
3539	0.025333
3540	0.0245
3541	0.030584
3542	0.026541
3543	0.025292
3544	0.025
3545	0.0245
3546	0.025042
3547	0.024458
3548	0.022959
3549	0.024375
3550	0.02525
3551	0.02525
3552	0.026083
3553	0.025375
3554	0.027042
3555	0.024667
3556	0.024125
3557	0.022041
3558	0.023583
3559	0.024792
3560	0.024583
3561	0.02525
3562	0.025708
3563	0.025291
3564	0.025959
3565	0.026833
3566	0.026959
3567	0.055333
3568	0.039625
3569	0.0275
3570	0.03425
3571	0.024583
3572	0.026542
3573	0.025167
3574	0.025041
3575	0.029459
3576	0.030375
3577	0.025125
3578	0.023625
3579	0.022083
3580	0.02475
3581	0.026083
3582	0.036792
3583	0.023666
3584	0.024625
3585	0.028458
3586	0.024542
3587	0.02775
3588	0.024958
3589	0.0255
3590	0.0255
3591	0.025583
3592	0.025458
3593	0.024459
3594	0.025666
3595	0.026
3596	0.024416
3597	0.0255
3598	0.02325
3599	0.024917
3600	0.024
3601	0.022792
3602	0.027292
3603	0.026167
3604	0.02425
3605	0.0245
3606	0.02425
3607	0.023042
3608	0.027542
3609	0.025958
3610	0.024958
3611	0.025167
3612	0.024917
3613	0.024542
3614	0.022791
3615	0.034458
3616	0.025291
3617	0.024083
3618	0.024083
3619	0.025666
3620	0.025542
3621	0.026167
3622	0.024083
3623	0.025125
3624	0.024916
3625	0.022833
3626	0.024958
3627	0.024
3628	0.023666
3629	0.023375
3630	0.023
3631	0.024583
3632	0.024333
3633	0.02325
3634	0.024709
3635	0.025208
3636	0.0245
3637	0.02325
3638	0.024583
3639	0.0255
3640	0.023417
3641	0.046708
3642	0.026084
3643	0.023584
3644	0.023958
3645	0.024375
3646	0.023083
3647	0.025083
3648	0.025375
3649	0.024042
3650	0.022083
3651	0.025042
3652	0.023541
3653	0.027542
3654	0.02475
3655	0.024
3656	0.025292
3657	0.023125
3658	0.024292
3659	0.024542
3660	0.024375
3661	0.024833
3662	0.025375
3663	0.025334
3664	0.023833
3665	0.129209
3666	0.075333
3667	0.055208
3668	0.053667
3669	0.05325
3670	0.05425
3671	0.0545
3672	0.054667
3673	0.052541
3674	0.05275
3675	0.051625
3676	0.051875
3677	0.056
3678	0.052833
3679	0.0505
3680	0.052083
3681	0.049792
3682	0.050375
3683	0.054625
3684	0.106459
3685	0.083833
3686	0.054209
3687	0.05225
3688	0.051709
3689	0.051334
3690	0.052292
3691	0.050416
3692	0.051042
3693	0.049792
3694	0.0505
3695	0.05075
3696	0.0525
3697	0.054
3698	0.054625
3699	0.051291
3700	0.052875
3701	0.052375
3702	0.052708
3703	0.050375
3704	0.06575
3705	0.052083
3706	0.052125
3707	0.050792
3708	0.052125
3709	0.05375
3710	0.051875
3711	0.052417
3712	0.053667
3713	0.052458
3714	0.048958
3715	0.051166
3716	0.047834
3717	0.050584
3718	0.049417
3719	0.051459
3720	0.05125
3721	0.049375
3722	0.051667
3723	0.050209
3724	0.052292
3725	0.050792
3726	0.050958
3727	0.052625
3728	0.054083
3729	0.052916
3730	0.052958
3731	0.053334
3732	0.061458
3733	0.030167
3734	0.02775
3735	0.025875
3736	0.025542
3737	0.024125
3738	0.024625
3739	0.023833
3740	0.028292
3741	0.024583
3742	0.021458
3743	0.025083
3744	0.024666
3745	0.024958
3746	0.025167
3747	0.02675
3748	0.02425
3749	0.025166
3750	0.026541
3751	0.025667
3752	0.024708
3753	0.026417
3754	0.025584
3755	0.0265
3756	0.029209
3757	0.029917
3758	0.024708
3759	0.029625
3760	0.026625
3761	0.027209
3762	0.025125
3763	0.026458
3764	0.024166
3765	0.027958
3766	0.028208
3767	0.025708
3768	0.025625
3769	0.023916
3770	0.023
3771	0.026041
3772	0.02175
3773	0.024083
3774	0.023667
3775	0.024042
3776	0.026833
3777	0.025666
3778	0.024625
3779	0.024
3780	0.023666
3781	0.026083
3782	0.02675
3783	0.024625
3784	0.024334
3785	0.025167
3786	0.025125
3787	0.026583
3788	0.024959
3789	0.0245
3790	0.025291
3791	0.026333
3792	0.025
3793	0.024375
3794	0.025
3795	0.048333
3796	0.102125
3797	0.027917
3798	0.088625
3799	0.0465
3800	0.029125
3801	0.027791
3802	0.024292
3803	0.028958
3804	0.026667
3805	0.026833
3806	0.036
3807	0.025167
3808	0.024458
3809	0.023625
3810	0.024375
3811	0.026333
3812	0.031
3813	0.028458
3814	0.026625
3815	0.02625
3816	0.026917
3817	0.029583
3818	0.027625
3819	0.028958
3820	0.026292
3821	0.02875
3822	0.026125
3823	0.024791
3824	0.02775
3825	0.024583
3826	0.030875
3827	0.026083
3828	0.025667
3829	0.024625
3830	0.027208
3831	0.02575
3832	0.023417
3833	0.03075
3834	0.028083
3835	0.0305
3836	0.031875
3837	0.03125
3838	0.042125
3839	0.042834
3840	0.023041
3841	0.028583
3842	0.025875
3843	0.022083
3844	0.025542
3845	0.052042
3846	0.029042
3847	0.025083
3848	0.024041
3849	0.026042
3850	0.025917
3851	0.026084
3852	0.024292
3853	0.022917
3854	0.024542
3855	0.025166
3856	0.025084
3857	0.025125
3858	0.025541
3859	0.022833
3860	0.022625
3861	0.023583
3862	0.022583
3863	0.025583
3864	0.024625
3865	0.02325
3866	0.023667
3867	0.0225
3868	0.023417
3869	0.024708
3870	0.024042
3871	0.0235
3872	0.025625
3873	0.023709
3874	0.024416
3875	0.02375
3876	0.025292
3877	0.025792
3878	0.024792
3879	0.022083
3880	0.07625
3881	0.026875
3882	0.024292
3883	0.024959
3884	0.025042
3885	0.020625
3886	0.025292
3887	0.024
3888	0.024584
3889	0.024
3890	0.023417
3891	0.025708
3892	0.024083
3893	0.023709
3894	0.02375
3895	0.021416
3896	0.024708
3897	0.024333
3898	0.025875
3899	0.025041
3900	0.029459
3901	0.024416
3902	0.022416
3903	0.023417
3904	0.025125
3905	0.023917
3906	0.0245
3907	0.026667
3908	0.024542
3909	0.023958
3910	0.025375
3911	0.022459
3912	0.024333
3913	0.025
3914	0.025375
3915	0.022958
3916	0.023875
3917	0.023458
3918	0.025708
3919	0.023209
3920	0.02125
3921	0.022875
3922	0.023458
3923	0.023875
3924	0.024625
3925	0.025667
3926	0.02425
3927	0.026875
3928	0.022958
3929	0.022708
3930	0.023458
3931	0.021209
3932	0.023958
3933	0.023417
3934	0.023083
3935	0.022333
3936	0.023041
3937	0.022792
3938	0.023167
3939	0.023083
3940	0.022709
3941	0.022625
3942	0.021
3943	0.024417
3944	0.025125
3945	0.02425
3946	0.023917
3947	0.024542
3948	0.023208
3949	0.0225
3950	0.024208
3951	0.023208
3952	0.02275
3953	0.022083
3954	0.021875
3955	0.025125
3956	0.023708
3957	0.024417
3958	0.023792
3959	0.021666
3960	0.022959
3961	0.025875
3962	0.02225
3963	0.023166
3964	0.022584
3965	0.02425
3966	0.023125
3967	0.023625
3968	0.023292
3969	0.024166
3970	0.025167
3971	0.024333
3972	0.024833
3973	0.025041
3974	0.0255
3975	0.023709
3976	0.023208
3977	0.021375
3978	0.022625
3979	0.023125
3980	0.02375
3981	0.027959
3982	0.069708
3983	0.033667
3984	0.027291
3985	0.023167
3986	0.025375
3987	0.045125
3988	0.11075
3989	0.037875
3990	0.025958
3991	0.025208
3992	0.027833
3993	0.034333
3994	0.023083
3995	0.024084
3996	0.0255
3997	0.021
3998	0.035625
3999	0.022541
4000	0.023583
4001	0.028292
4002	0.046916
4003	0.102708
4004	0.069541
4005	0.061459
4006	0.030375
4007	0.024333
4008	0.026042
4009	0.022791
4010	0.023459
4011	0.023416
4012	0.0195
4013	0.03
4014	0.02625
4015	0.02125
4016	0.023209
4017	0.026583
4018	0.023666
4019	0.030709
4020	0.021125
4021	0.023084
4022	0.028792
4023	0.023208
4024	0.023292
4025	0.021958
4026	0.021292
4027	0.020791
4028	0.023792
4029	0.022417
4030	0.020041
4031	0.021917
4032	0.021792
4033	0.023166
4034	0.022292
4035	0.024125
4036	0.021
4037	0.022375
4038	0.022708
4039	0.022667
4040	0.021792
4041	0.021875
4042	0.022875
4043	0.021167
4044	0.022125
4045	0.019292
4046	0.021542
4047	0.023792
4048	0.021833
4049	0.021625
4050	0.023875
4051	0.024084
4052	0.022792
4053	0.023916
4054	0.0215
4055	0.022917
4056	0.023875
4057	0.0235
4058	0.023875
4059	0.022916
4060	0.021917
4061	0.023542
4062	0.020791
4063	0.029792
4064	0.047125
4065	0.02225
4066	0.030708
4067	0.028291
4068	0.022667
4069	0.022916
4070	0.021417
4071	0.019625
4072	0.022541
4073	0.021334
4074	0.025625
4075	0.024375
4076	0.021292
4077	0.021334
4078	0.021666
4079	0.01975
4080	0.021792
4081	0.022208
4082	0.022292
4083	0.020833
4084	0.022
4085	0.028375
4086	0.023167
4087	0.020666
4088	0.023292
4089	0.020583
4090	0.021584
4091	0.019791
4092	0.022458
4093	0.020792
4094	0.022083
4095	0.02275
4096	0.020792
4097	0.0225
4098	0.023875
4099	0.023542
4100	0.02175
4101	0.021958
4102	0.027
4103	0.021875
4104	0.022541
4105	0.022375
4106	0.023292
4107	0.022292
4108	0.02225
4109	0.022291
4110	0.021583
4111	0.041542
4112	0.022125
4113	0.021208
4114	0.023625
4115	0.023458
4116	0.027667
4117	0.020666
4118	0.022334
4119	0.023709
4120	0.025166
4121	0.024042
4122	0.020916
4123	0.020417
4124	0.021333
4125	0.022625
4126	0.021834
4127	0.021875
4128	0.021084
4129	0.022791
4130	0.028042
4131	0.02425
4132	0.02225
4133	0.021833
4134	0.022458
4135	0.022334
4136	0.02675
4137	0.020583
4138	0.02175
4139	0.022042
4140	0.02175
4141	0.023791
4142	0.022209
4143	0.02075
4144	0.021625
4145	0.022792
4146	0.021833
4147	0.021959
4148	0.029292
4149	0.019833
4150	0.021708
4151	0.021125
4152	0.021917
4153	0.022625
4154	0.021834
4155	0.021542
4156	0.020667
4157	0.02025
4158	0.020375
4159	0.022334
4160	0.021208
4161	0.022041
4162	0.023125
4163	0.06825
4164	0.064125
4165	0.023417
4166	0.020542
4167	0.020458
4168	0.021
4169	0.020125
4170	0.0205
4171	0.020375
4172	0.021541
4173	0.020542
4174	0.020292
4175	0.031833
4176	0.019917
4177	0.021
4178	0.019375
4179	0.021958
4180	0.029333
4181	0.024209
4182	0.020166
4183	0.019459
4184	0.021167
4185	0.021417
4186	0.02
4187	0.020625
4188	0.019583
4189	0.022375
4190	0.021625
4191	0.016833
4192	0.018792
4193	0.020834
4194	0.020041
4195	0.021709
4196	0.020708
4197	0.020459
4198	0.021083
4199	0.022375
4200	0.019917
4201	0.020709
4202	0.022041
4203	0.027417
4204	0.02125
4205	0.020458
4206	0.021417
4207	0.02125
4208	0.021292
4209	0.021958
4210	0.019875
4211	0.020375
4212	0.020709
4213	0.020084
4214	0.01925
4215	0.026375
4216	0.019292
4217	0.030792
4218	0.031708
4219	0.023583
4220	0.021959
4221	0.022208
4222	0.018667
4223	0.020583
4224	0.021334
4225	0.031375
4226	0.019292
4227	0.022542
4228	0.021875
4229	0.020875
4230	0.019042
4231	0.022458
4232	0.022542
4233	0.021667
4234	0.022084
4235	0.021375
4236	0.022334
4237	0.022708
4238	0.023834
4239	0.022292
4240	0.020334
4241	0.021833
4242	0.022708
4243	0.021167
4244	0.023625
4245	0.021
4246	0.020041
4247	0.020375
4248	0.02375
4249	0.018625
4250	0.023292
4251	0.020209
4252	0.02275
4253	0.02125
4254	0.020917
4255	0.019667
4256	0.022042
4257	0.022333
4258	0.022167
4259	0.023417
4260	0.021917
4261	0.02
4262	0.028208
4263	0.022083
4264	0.019917
4265	0.021791
4266	0.02125
4267	0.02075
4268	0.0205
4269	0.022417
4270	0.023292
4271	0.021
4272	0.02575
4273	0.020542
4274	0.020291
4275	0.019459
4276	0.02275
4277	0.022125
4278	0.020667
4279	0.021875
4280	0.064166
4281	0.063875
4282	0.048167
4283	0.046584
4284	0.045708
4285	0.044042
4286	0.100208
4287	0.053792
4288	0.050667
4289	0.056833
4290	0.046334
4291	0.045875
4292	0.044041
4293	0.044833
4294	0.044667
4295	0.044
4296	0.045459
4297	0.044708
4298	0.043875
4299	0.044417
4300	0.045
4301	0.043584
4302	0.043208
4303	0.043666
4304	0.043416
4305	0.043958
4306	0.044875
4307	0.046209
4308	0.046958
4309	0.054833
4310	0.033292
4311	0.023958
4312	0.021625
4313	0.021084
4314	0.021291
4315	0.022292
4316	0.021792
4317	0.02025
4318	0.021334
4319	0.020542
4320	0.019167
4321	0.019834
4322	0.020084
4323	0.021
4324	0.021541
4325	0.019834
4326	0.021416
4327	0.015708
4328	0.020208
4329	0.018792
4330	0.030834
4331	0.022458
4332	0.023541
4333	0.020166
4334	0.021416
4335	0.020917
4336	0.021583
4337	0.02025
4338	0.020291
4339	0.03475
4340	0.025291
4341	0.023209
4342	0.019708
4343	0.022459
4344	0.019042
4345	0.0215
4346	0.0215
4347	0.019917
4348	0.022
4349	0.023334
4350	0.022458
4351	0.020667
4352	0.020042
4353	0.024167
4354	0.019291
4355	0.020167
4356	0.070917
4357	0.062083
4358	0.064208
4359	0.026958
4360	0.022167
4361	0.021375
4362	0.020833
4363	0.022459
4364	0.021709
4365	0.021625
4366	0.02175
4367	0.022375
4368	0.02075
4369	0.018917
4370	0.019834
4371	0.021166
4372	0.019833
4373	0.022875
4374	0.021917
4375	0.022708
4376	0.02125
4377	0.0225
4378	0.021125
4379	0.021083
4380	0.01825
4381	0.022167
4382	0.022292
4383	0.022709
4384	0.024125
4385	0.021625
4386	0.021208
4387	0.021375
4388	0.019167
4389	0.024167
4390	0.021333
4391	0.0235
4392	0.022958
4393	0.023792
4394	0.022791
4395	0.025083
4396	0.023166
4397	0.019042
4398	0.022625
4399	0.019916
4400	0.0205
4401	0.020041
4402	0.019334
4403	0.019625
4404	0.020417
4405	0.020083
4406	0.022209
4407	0.019542
4408	0.018958
4409	0.019292
4410	0.018625
4411	0.022167
4412	0.018875
4413	0.017792
4414	0.019375
4415	0.018833
4416	0.021083
4417	0.020625
4418	0.018291
4419	0.019167
4420	0.021833
4421	0.015583
4422	0.017167
4423	0.021083
4424	0.020292
4425	0.019542
4426	0.021583
4427	0.02
4428	0.019833
4429	0.020917
4430	0.020792
4431	0.016209
4432	0.02275
4433	0.022417
4434	0.021833
4435	0.018666
4436	0.030541
4437	0.027834
4438	0.017958
4439	0.020875
4440	0.019
4441	0.02175
4442	0.020542
4443	0.023458
4444	0.020292
4445	0.021125
4446	0.022792
4447	0.022625
4448	0.02
4449	0.019916
4450	0.022375
4451	0.023333
4452	0.021542
4453	0.030875
4454	0.018458
4455	0.019667
4456	0.020042
4457	0.022084
4458	0.020583
4459	0.02125
4460	0.022583
4461	0.020958
4462	0.053833
4463	0.0205
4464	0.022666
4465	0.028459
4466	0.02375
4467	0.021916
4468	0.025666
4469	0.021584
4470	0.021333
4471	0.022
4472	0.017875
4473	0.018958
4474	0.020875
4475	0.020417
4476	0.019417
4477	0.021541
4478	0.021292
4479	0.019458
4480	0.023291
4481	0.024041
4482	0.021959
4483	0.023875
4484	0.020041
4485	0.019334
4486	0.02325
4487	0.021
4488	0.0235
4489	0.019458
4490	0.01975
4491	0.021042
4492	0.022167
4493	0.024125
4494	0.024583
4495	0.018584
4496	0.020333
4497	0.01925
4498	0.018958
4499	0.020375
4500	0.022167
4501	0.021916
4502	0.018625
4503	0.01975
4504	0.019333
4505	0.020417
4506	0.020416
4507	0.02
4508	0.022333
4509	0.020042
4510	0.025
4511	0.020583
4512	0.020125
4513	0.043541
4514	0.074917
4515	0.061208
4516	0.027291
4517	0.021417
4518	0.0215
4519	0.022333
4520	0.019917
4521	0.0215
4522	0.023709
4523	0.019
4524	0.020291
4525	0.019458
4526	0.019125
4527	0.02025
4528	0.019333
4529	0.018125
4530	0.022583
4531	0.019875
4532	0.020583
4533	0.029417
4534	0.020375
4535	0.026875
4536	0.027959
4537	0.019458
4538	0.0205
4539	0.023375
4540	0.025083
4541	0.021333
4542	0.020916
4543	0.020875
4544	0.027459
4545	0.022917
4546	0.016666
4547	0.020833
4548	0.019834
4549	0.018375
4550	0.021416
4551	0.020709
4552	0.0185
4553	0.021542
4554	0.020833
4555	0.017459
4556	0.017083
4557	0.020792
4558	0.0225
4559	0.019625
4560	0.018875
4561	0.019042
4562	0.021084
4563	0.019833
4564	0.021791
4565	0.020459
4566	0.016958
4567	0.019292
4568	0.021875
4569	0.020875
4570	0.022
4571	0.020917
4572	0.017834
4573	0.020667
4574	0.017458
4575	0.020417
4576	0.019167
4577	0.0195
4578	0.019041
4579	0.017875
4580	0.02075
4581	0.019959
4582	0.019375
4583	0.022333
4584	0.020333
4585	0.018584
4586	0.023459
4587	0.019458
4588	0.018042
4589	0.0175
4590	0.027584
4591	0.020375
4592	0.021458
4593	0.02725
4594	0.020459
4595	0.020792
4596	0.019291
4597	0.020667
4598	0.018417
4599	0.017958
4600	0.022792
4601	0.019666
4602	0.023917
4603	0.019
4604	0.02925
4605	0.020458
4606	0.021208
4607	0.023583
4608	0.01625
4609	0.023708
4610	0.019667
4611	0.017292
4612	0.1675
4613	0.072625
4614	0.065333
4615	0.056333
4616	0.051875
4617	0.050708
4618	0.05675
4619	0.0525
4620	0.058791
4621	0.044917
4622	0.045041
4623	0.048041
4624	0.046125
4625	0.0465
4626	0.163959
4627	0.039833
4628	0.023333
4629	0.021833
4630	0.020083
4631	0.022584
4632	0.091666
4633	0.036
4634	0.024625
4635	0.020458
4636	0.020833
4637	0.018709
4638	0.019125
4639	0.020958
4640	0.018833
4641	0.03875
4642	0.027084
4643	0.027166
4644	0.021625
4645	0.022625
4646	0.019083
4647	0.022708
4648	0.018833
4649	0.021042
4650	0.025791
4651	0.020667
4652	0.018667
4653	0.018417
4654	0.017458
4655	0.019958
4656	0.02275
4657	0.023125
4658	0.029167
4659	0.022
4660	0.019875
4661	0.028792
4662	0.021625
4663	0.029208
4664	0.01975
4665	0.019583
4666	0.022166
4667	0.092167
4668	0.149916
4669	0.078625
4670	0.055917
4671	0.049792
4672	0.045334
4673	0.044333
4674	0.044042
4675	0.043125
4676	0.044625
4677	0.044458
4678	0.043083
4679	0.042375
4680	0.050291
4681	0.049
4682	0.043666
4683	0.044292
4684	0.044042
4685	0.044584
4686	0.045583
4687	0.0445
4688	0.045917
4689	0.044917
4690	0.045125
4691	0.045292
4692	0.047625
4693	0.045292
4694	0.045416
4695	0.050959
4696	0.045667
4697	0.050416
4698	0.024583
4699	0.019708
4700	0.021667
4701	0.023583
4702	0.028791
4703	0.023292
4704	0.022459
4705	0.020833
4706	0.0185
4707	0.021625
4708	0.022333
4709	0.02025
4710	0.02175
4711	0.0195
4712	0.021125
4713	0.024375
4714	0.017458
4715	0.018541
4716	0.020459
4717	0.018333
4718	0.019834
4719	0.017792
4720	0.022375
4721	0.021583
4722	0.018083
4723	0.018791
4724	0.018541
4725	0.020375
4726	0.019708
4727	0.020375
4728	0.019083
4729	0.019166
4730	0.017917
4731	0.018375
4732	0.017416
4733	0.020875
4734	0.020834
4735	0.020125
4736	0.02
4737	0.020875
4738	0.019
4739	0.021584
4740	0.020375
4741	0.020834
4742	0.020042
4743	0.021167
4744	0.026083
4745	0.017708
4746	0.0205
4747	0.019833
4748	0.016917
4749	0.020125
4750	0.022334
4751	0.020208
4752	0.02125
4753	0.020292
4754	0.020792
4755	0.016791
4756	0.021875
4757	0.019084
4758	0.018834
4759	0.019583
4760	0.019209
4761	0.019292
4762	0.022125
4763	0.020542
4764	0.018333
4765	0.020542
4766	0.018
4767	0.019375
4768	0.016875
4769	0.019834
4770	0.018875
4771	0.021708
4772	0.018917
4773	0.017584
4774	0.019042
4775	0.018542
4776	0.021875
4777	0.021916
4778	0.0185
4779	0.018167
4780	0.025958
4781	0.020041
4782	0.021208
4783	0.018875
4784	0.018625
4785	0.022292
4786	0.06575
4787	0.0315
4788	0.021542
4789	0.02225
4790	0.023291
4791	0.026916
4792	0.020334
4793	0.021708
4794	0.023084
4795	0.020667
4796	0.021875
4797	0.01925
4798	0.019125
4799	0.022917
4800	0.022375
4801	0.019833
4802	0.021167
4803	0.02
4804	0.021167
4805	0.021708
4806	0.020959
4807	0.020167
4808	0.019875
4809	0.021375
4810	0.021708
4811	0.020125
4812	0.019459
4813	0.023208
4814	0.021709
4815	0.021083
4816	0.019834
4817	0.018917
4818	0.017417
4819	0.01875
4820	0.022167
4821	0.021375
4822	0.020708
4823	0.018833
4824	0.018875
4825	0.020084
4826	0.017834
4827	0.018375
4828	0.019458
4829	0.021875
4830	0.020625
4831	0.020542
4832	0.022375
4833	0.021125
4834	0.017709
4835	0.018541
4836	0.02
4837	0.022042
4838	0.020958
4839	0.020334
4840	0.042125
4841	0.022333
4842	0.019667
4843	0.020583
4844	0.017416
4845	0.043125
4846	0.02125
4847	0.020083
4848	0.019084
4849	0.01925
4850	0.019625
4851	0.021583
4852	0.020708
4853	0.02075
4854	0.020375
4855	0.017875
4856	0.01975
4857	0.018
4858	0.0185
4859	0.020291
4860	0.018792
4861	0.019042
4862	0.019791
4863	0.02025
4864	0.018375
4865	0.019
4866	0.018125
4867	0.019166
4868	0.066
4869	0.074209
4870	0.048875
4871	0.046291
4872	0.045292
4873	0.043125
4874	0.047625
4875	0.04475
4876	0.043458
4877	0.178375
4878	0.052959
4879	0.04575
4880	0.042542
4881	0.042667
4882	0.043209
4883	0.045791
4884	0.043542
4885	0.042667
4886	0.041375
4887	0.042209
4888	0.0425
4889	0.041458
4890	0.054291
4891	0.047209
4892	0.042541
4893	0.041542
4894	0.044417
4895	0.042708
4896	0.043041
4897	0.042
4898	0.040667
4899	0.041208
4900	0.042416
4901	0.042292
4902	0.042709
4903	0.044042
4904	0.054625
4905	0.048625
4906	0.350125
4907	0.046583
4908	0.045167
4909	0.044917
4910	0.043459
4911	0.041708
4912	0.042375
4913	0.046042
4914	0.07875
4915	0.046625
4916	0.068292
4917	0.042792
4918	0.041666
4919	0.057542
4920	0.041833
4921	0.041667
4922	0.042709
4923	0.042208
4924	0.042875
4925	0.060625
4926	0.042292
4927	0.042292
4928	0.042875
4929	0.041458
4930	0.041625
4931	0.041792
4932	0.042959
4933	0.044875
4934	0.043292
4935	0.0425
4936	0.042125
4937	0.041875
4938	0.041
4939	0.041458
4940	0.040916
4941	0.0415
4942	0.041584
4943	0.041417
4944	0.040167
4945	0.04025
4946	0.041125
4947	0.043541
4948	0.041666
4949	0.04075
4950	0.04175
4951	0.044917
4952	0.045583
4953	0.046792
4954	0.045708
4955	0.047
4956	0.046333
4957	0.045667
4958	0.045042
4959	0.042708
4960	0.041042
4961	0.051084
4962	0.027209
4963	0.020125
4964	0.020042
4965	0.022083
4966	0.02025
4967	0.017458
4968	0.021875
4969	0.020625
4970	0.020417
4971	0.021542
4972	0.020042
4973	0.019833
4974	0.020875
4975	0.020333
4976	0.022417
4977	0.021167
4978	0.022958
4979	0.027458
4980	0.019375
4981	0.020417
4982	0.019041
4983	0.021333
4984	0.020417
4985	0.021417
4986	0.018959
4987	0.0185
4988	0.05925
4989	0.059167
4990	0.023208
4991	0.020541
4992	0.01725
4993	0.019667
4994	0.020333
4995	0.017333
4996	0.01925
4997	0.019458
4998	0.019
4999	0.01775
5000	1.088375
5001	0.090625
5002	0.048208
5003	0.04325
5004	0.038083
5005	0.03475
5006	0.032459
5007	0.037291
5008	0.0315
5009	0.035333
5010	0.035291
5011	0.032
5012	0.03025
5013	0.033167
5014	0.0315
5015	0.032542
5016	0.031292
5017	0.059625
5018	0.033541
5019	0.036042
5020	0.032833
5021	0.027542
5022	0.029166
5023	0.02925
5024	0.028708
5025	0.029292
5026	0.029041
5027	0.189417
5028	0.12475
5029	0.096625
5030	0.094542
5031	0.078083
5032	0.075625
5033	0.074125
5034	0.076166
5035	0.0725
5036	0.072833
5037	0.072
5038	0.073333
5039	0.071584
5040	0.08625
5041	0.095041
5042	0.074084
5043	0.073333
5044	0.088834
5045	0.080834
5046	0.072625
5047	0.071958
5048	0.070292
5049	0.110791
5050	0.071625
5051	0.075916
5052	0.071125
5053	0.071459
5054	0.082709
5055	0.149209
5056	0.062084
5057	0.033958
5058	0.030167
5059	0.0285
5060	0.029292
5061	0.029833
5062	0.055083
5063	0.0705
5064	0.027375
5065	0.026084
5066	0.025417
5067	0.065458
5068	0.047125
5069	0.031917
5070	0.029792
5071	0.033125
5072	0.028916
5073	0.028459
5074	0.028125
5075	0.028375
5076	0.028625
5077	0.030208
5078	0.02825
5079	0.026791
5080	0.029333
5081	0.02775
5082	0.028958
5083	0.031125
5084	0.03025
5085	0.028375
5086	0.026667
5087	0.026
5088	0.028125
5089	0.108708
5090	0.027625
5091	0.028209
5092	0.027
5093	0.032084
5094	0.025208
5095	0.031792
5096	0.027333
5097	0.028
5098	0.028084
5099	0.027167
5100	0.02625
5101	0.027334
5102	0.028209
5103	0.028167
5104	0.027
5105	0.028042
5106	0.027083
5107	0.026292
5108	0.026917
5109	0.028459
5110	0.027583
5111	0.027625
5112	0.02625
5113	0.027042
5114	0.027458
5115	0.026875
5116	0.027458
5117	0.026666
5118	0.027166
5119	0.028458
5120	0.025917
5121	0.027041
5122	0.026458
5123	0.031458
5124	0.03825
5125	0.028667
5126	0.0295
5127	0.032083
5128	0.028
5129	0.027833
5130	0.027334
5131	0.027667
5132	0.027291
5133	0.053542
5134	0.027292
5135	0.026792
5136	0.02625
5137	0.025042
5138	0.028
5139	0.025875
5140	0.025583
5141	0.026375
5142	0.027125
5143	0.025917
5144	0.026291
5145	0.02525
5146	0.024958
5147	0.0265
5148	0.025708
5149	0.026125
5150	0.026416
5151	0.025666
5152	0.02575
5153	0.025667
5154	0.025292
5155	0.025041
5156	0.025334
5157	0.025958
5158	0.025833
5159	0.025833
5160	0.037583
5161	0.025792
5162	0.026
5163	0.028584
5164	0.024917
5165	0.025583
5166	0.024
5167	0.024416
5168	0.022333
5169	0.022584
5170	0.027875
5171	0.025584
5172	0.023459
5173	0.023875
5174	0.023917
5175	0.024625
5176	0.023792
5177	0.024375
5178	0.024208
5179	0.022541
5180	0.024334
5181	0.0235
5182	0.0245
5183	0.024875
5184	0.024625
5185	0.024042
5186	0.024666
5187	0.023541
5188	0.024417
5189	0.024334
5190	0.024666
5191	0.025417
5192	0.027375
5193	0.024584
5194	0.024708
5195	0.031083
5196	0.025667
5197	0.024917
5198	0.023958
5199	0.023083
5200	0.022667
5201	0.023
5202	0.024375
5203	0.023042
5204	0.023292
5205	0.023875
5206	0.023708
5207	0.024167
5208	0.021959
5209	0.022667
5210	0.022208
5211	0.024791
5212	0.023708
5213	0.023
5214	0.025208
5215	0.024458
5216	0.023
5217	0.023916
5218	0.023917
5219	0.0245
5220	0.0245
5221	0.023125
5222	0.02325
5223	0.023375
5224	0.022584
5225	0.024416
5226	0.024
5227	0.022917
5228	0.02425
5229	0.023833
5230	0.024
5231	0.022958
5232	0.022042
5233	0.024
5234	0.022792
5235	0.02125
5236	0.0225
5237	0.023042
5238	0.021958
5239	0.022375
5240	0.0245
5241	0.023917
5242	0.02525
5243	0.028417
5244	0.023542
5245	0.022792
5246	0.022833
5247	0.026875
5248	0.024417
5249	0.022292
5250	0.023375
5251	0.022292
5252	0.025833
5253	0.027459
5254	0.023125
5255	0.0325
5256	0.023083
5257	0.024709
5258	0.022041
5259	0.023625
5260	0.026833
5261	0.024417
5262	0.023958
5263	0.021417
5264	0.024375
5265	0.02425
5266	0.023667
5267	0.0215
5268	0.023292
5269	0.026166
5270	0.023959
5271	0.024
5272	0.023084
5273	0.023458
5274	0.024084
5275	0.036417
5276	0.049666
5277	0.0365
5278	0.025208
5279	0.030667
5280	0.023209
5281	0.023333
5282	0.023959
5283	0.022917
5284	0.024666
5285	0.023666
5286	0.025625
5287	0.025958
5288	0.027709
5289	0.029875
5290	0.022667
5291	0.023583
5292	0.02425
5293	0.023875
5294	0.024
5295	0.025167
5296	0.038583
5297	0.02425
5298	0.023125
5299	0.031417
5300	0.024042
5301	0.024334
5302	0.028958
5303	0.026375
5304	0.04
5305	0.023375
5306	0.03425
5307	0.024917
5308	0.027417
5309	0.0245
5310	0.023834
5311	0.038041
5312	0.024958
5313	0.0225
5314	0.024
5315	0.023125
5316	0.024667
5317	0.024167
5318	0.025083
5319	0.023333
5320	0.023292
5321	0.023125
5322	0.023958
5323	0.021708
5324	0.024
5325	0.024042
5326	0.024208
5327	0.022792
5328	0.022875
5329	0.117292
5330	0.118167
5331	0.045333
5332	0.023042
5333	0.022125
5334	0.02175
5335	0.022333
5336	0.021583
5337	0.01975
5338	0.020959
5339	0.020542
5340	0.019875
5341	0.022042
5342	0.022333
5343	0.023083
5344	0.02225
5345	0.02125
5346	0.020292
5347	0.021209
5348	0.021458
5349	0.021208
5350	0.020792
5351	0.021458
5352	0.019625
5353	0.022458
5354	0.0215
5355	0.020291
5356	0.021334
5357	0.021167
5358	0.021083
5359	0.020708
5360	0.02075
5361	0.021625
5362	0.020667
5363	0.021291
5364	0.021875
5365	0.01975
5366	0.021333
5367	0.021167
5368	0.021833
5369	0.02475
5370	0.022834
5371	0.020666
5372	0.021292
5373	0.021875
5374	0.020834
5375	0.022708
5376	0.020084
5377	0.020459
5378	0.020833
5379	0.021833
5380	0.020583
5381	0.02125
5382	0.01925
5383	0.030875
5384	0.049334
5385	0.022416
5386	0.020334
5387	0.024333
5388	0.023084
5389	0.022208
5390	0.029541
5391	0.02125
5392	0.021708
5393	0.021458
5394	0.021459
5395	0.020791
5396	0.022209
5397	0.022291
5398	0.020792
5399	0.019958
5400	0.021667
5401	0.024542
5402	0.022083
5403	0.021292
5404	0.022584
5405	0.020333
5406	0.021042
5407	0.0205
5408	0.019084
5409	0.021125
5410	0.021708
5411	0.020583
5412	0.021542
5413	0.020292
5414	0.020959
5415	0.022125
5416	0.02025
5417	0.021375
5418	0.021208
5419	0.021708
5420	0.022292
5421	0.022417
5422	0.022
5423	0.021167
5424	0.020875
5425	0.022583
5426	0.021666
5427	0.021709
5428	0.020625
5429	0.02275
5430	0.021458
5431	0.022959
5432	0.022
5433	0.021916
5434	0.02125
5435	0.021542
5436	0.021583
5437	0.035416
5438	0.02125
5439	0.022208
5440	0.02175
5441	0.021125
5442	0.021125
5443	0.022083
5444	0.021209
5445	0.02025
5446	0.020542
5447	0.020125
5448	0.022
5449	0.022333
5450	0.023459
5451	0.021416
5452	0.0225
5453	0.021958
5454	0.022083
5455	0.023292
5456	0.020875
5457	0.020375
5458	0.020959
5459	0.020208
5460	0.019166
5461	0.021667
5462	0.021042
5463	0.023458
5464	0.023208
5465	0.020041
5466	0.02425
5467	0.025333
5468	0.02225
5469	0.02475
5470	0.021584
5471	0.022958
5472	0.025083
5473	0.024125
5474	0.022083
5475	0.023292
5476	0.020667
5477	0.023916
5478	0.022625
5479	0.021083
5480	0.025042
5481	0.021334
5482	0.021041
5483	0.02075
5484	0.021
5485	0.021458
5486	0.022459
5487	0.020208
5488	0.020958
5489	0.020917
5490	0.021583
5491	0.020042
5492	0.020875
5493	0.021375
5494	0.020709
5495	0.02425
5496	0.022166
5497	0.020375
5498	0.021167
5499	0.020666
5500	0.020917
5501	0.021375
5502	0.021208
5503	0.021166
5504	0.022834
5505	0.024292
5506	0.021583
5507	0.022709
5508	0.020583
5509	0.022334
5510	0.020875
5511	0.0515
5512	0.023625
5513	0.021625
5514	0.023958
5515	0.021542
5516	0.022458
5517	0.0225
5518	0.021292
5519	0.019917
5520	0.020542
5521	0.020375
5522	0.022833
5523	0.021042
5524	0.020458
5525	0.021625
5526	0.0205
5527	0.024125
5528	0.02275
5529	0.021458
5530	0.0235
5531	0.022667
5532	0.022333
5533	0.022208
5534	0.023083
5535	0.0205
5536	0.021083
5537	0.023209
5538	0.02
5539	0.021375
5540	0.020334
5541	0.021625
5542	0.020667
5543	0.021167
5544	0.019875
5545	0.02125
5546	0.021541
5547	0.021083
5548	0.023792
5549	0.025958
5550	0.024125
5551	0.023584
5552	0.02525
5553	0.02125
5554	0.02375
5555	0.022375
5556	0.021958
5557	0.020667
5558	0.021833
5559	0.021833
5560	0.0215
5561	0.021416
5562	0.022291
5563	0.021417
5564	0.020667
5565	0.022833
5566	0.022333
5567	0.023042
5568	0.02475
5569	0.024833
5570	0.021833
5571	0.02275
5572	0.025
5573	0.023125
5574	0.021167
5575	0.024541
5576	0.028959
5577	0.024583
5578	0.020875
5579	0.020792
5580	0.021666
5581	0.023125
5582	0.0235
5583	0.036
5584	0.022916
5585	0.02225
5586	0.074916
5587	0.025625
5588	0.021917
5589	0.020625
5590	0.021583
5591	0.020916
5592	0.019917
5593	0.01975
5594	0.021375
5595	0.020541
5596	0.021834
5597	0.021375
5598	0.02
5599	0.020458
5600	0.022625
5601	0.02175
5602	0.028208
5603	0.023
5604	0.022167
5605	0.019625
5606	0.021167
5607	0.020083
5608	0.021458
5609	0.020625
5610	0.021834
5611	0.020041
5612	0.020708
5613	0.0205
5614	0.022833
5615	0.02325
5616	0.023958
5617	0.022209
5618	0.021416
5619	0.0195
5620	0.107833
5621	0.102083
5622	0.063417
5623	0.054208
5624	0.052625
5625	0.055
5626	0.050167
5627	0.052917
5628	0.053167
5629	0.050666
5630	0.049709
5631	0.055
5632	0.050417
5633	0.050125
5634	0.047875
5635	0.023083
5636	0.02175
5637	0.020708
5638	0.019625
5639	0.026625
5640	0.285792
5641	0.027333
5642	0.019958
5643	0.020791
5644	0.020459
5645	0.023125
5646	0.020208
5647	0.021125
5648	0.018584
5649	0.131042
5650	0.083375
5651	0.058042
5652	0.050292
5653	0.047833
5654	0.053792
5655	0.048958
5656	0.16875
5657	0.048333
5658	0.048959
5659	0.045292
5660	0.046834
5661	0.045792
5662	0.044708
5663	0.045125
5664	0.045833
5665	0.075875
5666	0.046667
5667	0.063583
5668	0.026792
5669	0.021875
5670	0.019291
5671	0.021375
5672	0.021625
5673	0.019291
5674	0.020042
5675	0.048959
5676	0.025417
5677	0.02
5678	0.022334
5679	0.020417
5680	0.019
5681	0.020959
5682	0.018917
5683	0.019833
5684	0.104083
5685	0.021709
5686	0.021041
5687	0.019666
5688	0.019416
5689	0.018583
5690	0.027792
5691	0.019916
5692	0.021041
5693	0.020125
5694	0.019458
5695	0.019167
5696	0.020291
5697	0.019459
5698	0.023333
5699	0.02075
5700	0.025583
5701	0.022875
5702	0.017791
5703	0.021209
5704	0.032125
5705	0.019833
5706	0.027
5707	0.020042
5708	0.018458
5709	0.018
5710	0.019875
5711	0.019625
5712	0.01775
5713	0.019625
5714	0.018291
5715	0.019041
5716	0.018916
5717	0.0195
5718	0.019292
5719	0.018833
5720	0.020959
5721	0.020083
5722	0.018875
5723	0.01875
5724	0.019875
5725	0.01925
5726	0.01975
5727	0.019959
5728	0.017542
5729	0.020125
5730	0.022375
5731	0.019333
5732	0.01975
5733	0.019583
5734	0.0195
5735	0.019333
5736	0.02
5737	0.041084
5738	0.019625
5739	0.019208
5740	0.100792
5741	0.18025
5742	0.075417
5743	0.040584
5744	0.023958
5745	0.020167
5746	0.021334
5747	0.020916
5748	0.018625
5749	0.019125
5750	0.018542
5751	0.0195
5752	0.019625
5753	0.019625
5754	0.020708
5755	0.020625
5756	0.017542
5757	0.017625
5758	0.018375
5759	0.018875
5760	0.018292
5761	0.017916
5762	0.017792
5763	0.018375
5764	0.018792
5765	0.017833
5766	0.01925
5767	0.025291
5768	0.019542
5769	0.0195
5770	0.019041
5771	0.018917
5772	0.017125
5773	0.017458
5774	0.018458
5775	0.018375
5776	0.017334
5777	0.017958
5778	0.017917
5779	0.027708
5780	0.019625
5781	0.016625
5782	0.019083
5783	0.016959
5784	0.018125
5785	0.018375
5786	0.017042
5787	0.019291
5788	0.017458
5789	0.0195
5790	0.022291
5791	0.0185
5792	0.017667
5793	0.019333
5794	0.017417
5795	0.0175
5796	0.019
5797	0.016041
5798	0.017167
5799	0.105791
5800	0.078042
5801	0.023333
5802	0.017833
5803	0.019834
5804	0.019792
5805	0.019292
5806	0.018375
5807	0.018208
5808	0.019583
5809	0.020459
5810	0.018834
5811	0.018875
5812	0.018708
5813	0.023208
5814	0.019583
5815	0.017542
5816	0.018209
5817	0.019042
5818	0.019125
5819	0.018125
5820	0.018583
5821	0.0185
5822	0.0195
5823	0.020667
5824	0.01775
5825	0.023583
5826	0.01825
5827	0.020125
5828	0.019708
5829	0.019
5830	0.018542
5831	0.019542
5832	0.018
5833	0.0225
5834	0.018625
5835	0.019584
5836	0.018416
5837	0.018959
5838	0.018541
5839	0.0185
5840	0.016375
5841	0.018167
5842	0.0185
5843	0.018166
5844	0.018209
5845	0.018833
5846	0.019666
5847	0.017542
5848	0.017625
5849	0.018625
5850	0.017083
5851	0.019833
5852	0.018667
5853	0.018792
5854	0.018875
5855	0.018791
5856	0.017375
5857	0.018375
5858	0.019084
5859	0.018125
5860	0.018625
5861	0.018916
5862	0.018417
5863	0.019
5864	0.02025
5865	0.019083
5866	0.018042
5867	0.018625
5868	0.018708
5869	0.017167
5870	0.018542
5871	0.019
5872	0.018375
5873	0.018916
5874	0.018833
5875	0.018084
5876	0.019666
5877	0.019
5878	0.020792
5879	0.017708
5880	0.017292
5881	0.019209
5882	0.017875
5883	0.018625
5884	0.017333
5885	0.017625
5886	0.018
5887	0.018375
5888	0.019083
5889	0.017709
5890	0.01825
5891	0.018375
5892	0.018375
5893	0.017792
5894	0.018583
5895	0.01875
5896	0.019667
5897	0.017792
5898	0.018833
5899	0.018708
5900	0.017667
5901	0.018792
5902	0.017833
5903	0.018542
5904	0.017708
5905	0.018917
5906	0.020375
5907	0.018625
5908	0.018625
5909	0.019125
5910	0.019583
5911	0.016083
5912	0.017584
5913	0.017417
5914	0.01825
5915	0.018042
5916	0.018166
5917	0.017334
5918	0.019375
5919	0.018708
5920	0.016625
5921	0.0195
5922	0.018625
5923	0.018166
5924	0.01875
5925	0.017542
5926	0.016667
5927	0.017875
5928	0.017875
5929	0.018583
5930	0.01975
5931	0.038791
5932	0.017792
5933	0.018375
5934	0.016791
5935	0.018667
5936	0.018125
5937	0.018041
5938	0.018375
5939	0.017625
5940	0.018083
5941	0.018166
5942	0.017167
5943	0.017583
5944	0.018417
5945	0.019083
5946	0.017375
5947	0.018583
5948	0.01775
5949	0.018125
5950	0.019125
5951	0.017917
5952	0.017542
5953	0.018333
5954	0.01925
5955	0.016458
5956	0.018167
5957	0.018958
5958	0.017416
5959	0.018917
5960	0.019333
5961	0.019584
5962	0.018708
5963	0.019042
5964	0.019416
5965	0.018375
5966	0.01825
5967	0.018958
5968	0.019125
5969	0.019209
5970	0.0185
5971	0.016791
5972	0.018834
5973	0.017416
5974	0.01875
5975	0.019209
5976	0.018041
5977	0.019042
5978	0.019
5979	0.019375
5980	0.020125
5981	0.017334
5982	0.018583
5983	0.018709
5984	0.018792
5985	0.019209
5986	0.018042
5987	0.018167
5988	0.018666
5989	0.01925
5990	0.01775
5991	0.018542
5992	0.019292
5993	0.018083
5994	0.018208
5995	0.019334
5996	0.019208
5997	0.018958
5998	0.019041
5999	0.019083
6000	0.018417
6001	0.018833
6002	0.018625
6003	0.018708
6004	0.018334
6005	0.015625
6006	0.018917
6007	0.019375
6008	0.019083
6009	0.111584
6010	0.09725
6011	0.056375
6012	0.04825
6013	0.0455
6014	0.043625
6015	0.042375
6016	0.06775
6017	0.050167
6018	0.044167
6019	0.04375
6020	0.042542
6021	0.041833
6022	0.041375
6023	0.045042
6024	0.042375
6025	0.0415
6026	0.043667
6027	0.040625
6028	0.040667
6029	0.046167
6030	0.041542
6031	0.0415
6032	0.088459
6033	0.052125
6034	0.073791
6035	0.023667
6036	0.019959
6037	0.020541
6038	0.017875
6039	0.018209
6040	0.019625
6041	0.019917
6042	0.017875
6043	0.020875
6044	0.021417
6045	0.0185
6046	0.018334
6047	0.019208
6048	0.019333
6049	0.018833
6050	0.019167
6051	0.019208
6052	0.01975
6053	0.019625
6054	0.018542
6055	0.01825
6056	0.019333
6057	0.02
6058	0.019208
6059	0.018875
6060	0.018333
6061	0.017875
6062	0.018542
6063	0.018041
6064	0.018833
6065	0.018417
6066	0.018125
6067	0.018834
6068	0.018958
6069	0.018959
6070	0.017375
6071	0.019833
6072	0.018708
6073	0.017417
6074	0.019084
6075	0.019041
6076	0.018625
6077	0.018959
6078	0.018
6079	0.0195
6080	0.016917
6081	0.017917
6082	0.017958
6083	0.018333
6084	0.019084
6085	0.018
6086	0.019333
6087	0.017417
6088	0.01925
6089	0.017917
6090	0.016792
6091	0.016417
6092	0.019917
6093	0.020416
6094	0.019292
6095	0.019958
6096	0.019459
6097	0.01925
6098	0.018708
6099	0.019458
6100	0.019834
6101	0.017666
6102	0.019875
6103	0.018917
6104	0.09825
6105	0.096541
6106	0.057917
6107	0.050167
6108	0.046375
6109	0.044917
6110	0.043875
6111	0.042375
6112	0.05275
6113	0.043542
6114	0.059542
6115	0.055459
6116	0.046541
6117	0.045958
6118	0.048416
6119	0.045584
6120	0.044792
6121	0.045125
6122	0.046417
6123	0.045583
6124	0.0455
6125	0.042291
6126	0.048208
6127	0.056584
6128	0.029
6129	0.021916
6130	0.019791
6131	0.020458
6132	0.019541
6133	0.019417
6134	0.020208
6135	0.018208
6136	0.02025
6137	0.019166
6138	0.017917
6139	0.0205
6140	0.019792
6141	0.019541
6142	0.017709
6143	0.018667
6144	0.02025
6145	0.019375
6146	0.019583
6147	0.020167
6148	0.017333
6149	0.017625
6150	0.017875
6151	0.018834
6152	0.017416
6153	0.020334
6154	0.017625
6155	0.018458
6156	0.018542
6157	0.019209
6158	0.019667
6159	0.018041
6160	0.016375
6161	0.016958
6162	0.0185
6163	0.016833
6164	0.01825
6165	0.019208
6166	0.019167
6167	0.020292
6168	0.020125
6169	0.019375
6170	0.019417
6171	0.018916
6172	0.018875
6173	0.018708
6174	0.019541
6175	0.020042
6176	0.01825
6177	0.018459
6178	0.017916
6179	0.018417
6180	0.019292
6181	0.017417
6182	0.017584
6183	0.018417
6184	0.01875
6185	0.018416
6186	0.01975
6187	0.018792
6188	0.016791
6189	0.016709
6190	0.017375
6191	0.018458
6192	0.018292
6193	0.018375
6194	0.018834
6195	0.018666
6196	0.020834
6197	0.0205
6198	0.018417
6199	0.020417
6200	0.019541
6201	0.019
6202	0.020625
6203	0.019625
6204	0.018583
6205	0.018458
6206	0.019791
6207	0.016834
6208	0.021708
6209	0.0185
6210	0.01825
6211	0.017791
6212	0.018125
6213	0.017833
6214	0.018792
6215	0.017958
6216	0.018958
6217	0.0195
6218	0.022292
6219	0.021791
6220	0.020709
6221	0.0205
6222	0.023542
6223	0.019583
6224	0.020333
6225	0.020833
6226	0.025042
6227	0.020542
6228	0.02325
6229	0.019666
6230	0.027417
6231	0.107916
6232	0.071125
6233	0.050667
6234	0.047583
6235	0.049334
6236	0.042958
6237	0.04325
6238	0.044083
6239	0.043833
6240	0.044417
6241	0.044166
6242	0.045333
6243	0.117459
6244	0.047167
6245	0.045959
6246	0.040709
6247	0.042125
6248	0.040958
6249	0.04475
6250	0.043
6251	0.042
6252	0.041167
6253	0.040792
6254	0.040125
6255	0.040458
6256	0.040542
6257	0.04125
6258	0.043375
6259	0.041958
6260	0.042708
6261	0.04125
6262	0.03975
6263	0.041833
6264	0.042208
6265	0.040417
6266	0.040333
6267	0.040208
6268	0.098291
6269	0.043458
6270	0.019625
6271	0.017583
6272	0.017833
6273	0.0185
6274	0.017125
6275	0.017083
6276	0.0175
6277	0.021042
6278	0.01825
6279	0.01725
6280	0.017958
6281	0.028125
6282	0.01975
6283	0.016375
6284	0.017666
6285	0.01825
6286	0.018292
6287	0.015584
6288	0.016083
6289	0.018417
6290	0.01925
6291	0.016833
6292	0.018792
6293	0.019083
6294	0.017416
6295	0.017459
6296	0.016791
6297	0.018667
6298	0.017666
6299	0.017875
6300	0.018875
6301	0.017292
6302	0.017958
6303	0.017792
6304	0.018
6305	0.016291
6306	0.017917
6307	0.016292
6308	0.017917
6309	0.016959
6310	0.01825
6311	0.016834
6312	0.018583
6313	0.017292
6314	0.018083
6315	0.017167
6316	0.016833
6317	0.017334
6318	0.019084
6319	0.018333
6320	0.018708
6321	0.018792
6322	0.019416
6323	0.017208
6324	0.016375
6325	0.016625
6326	0.017875
6327	0.018125
6328	0.019792
6329	0.017708
6330	0.028083
6331	0.061458
6332	0.0605
6333	0.045542
6334	0.046375
6335	0.045166
6336	0.04125
6337	0.055833
6338	0.08675
6339	0.042958
6340	0.043125
6341	0.044416
6342	0.055417
6343	0.032459
6344	0.023792
6345	0.021416
6346	0.017083
6347	0.018541
6348	0.019167
6349	0.018042
6350	0.01975
6351	0.041625
6352	0.04325
6353	0.024792
6354	0.020958
6355	0.02025
6356	0.021917
6357	0.019708
6358	0.018333
6359	0.021958
6360	0.016625
6361	0.020417
6362	0.019416
6363	0.017875
6364	0.018042
6365	0.01925
6366	0.018625
6367	0.017917
6368	0.017458
6369	0.018541
6370	0.015708
6371	0.0185
6372	0.018583
6373	0.01775
6374	0.017292
6375	0.042125
6376	0.019792
6377	0.015833
6378	0.017584
6379	0.01775
6380	0.020334
6381	0.01875
6382	0.02225
6383	0.018208
6384	0.018208
6385	0.017625
6386	0.018125
6387	3.783667
6388	0.060458
6389	0.047125
6390	0.044083
6391	0.043333
6392	0.042542
6393	0.042209
6394	0.041833
6395	0.040375
6396	0.040833
6397	0.040583
6398	0.042875
6399	0.042375
6400	0.048958
6401	0.040959
6402	0.041125
6403	0.044208
6404	0.044083
6405	0.041833
6406	0.04325
6407	0.040583
6408	0.040334
6409	0.0395
6410	0.042125
6411	0.040209
6412	0.040625
6413	0.048417
6414	0.047458
6415	0.042667
6416	0.04125
6417	0.041792
6418	0.040792
6419	0.040542
6420	0.0405
6421	0.0415
6422	0.040667
6423	0.041292
6424	0.040834
6425	0.04175
6426	0.043167
6427	0.040542
6428	0.042
6429	0.042084
6430	0.0405
6431	0.040875
6432	0.042833
6433	0.040583
6434	0.041083
6435	0.040833
6436	0.040542
6437	0.0405
6438	0.041208
6439	0.040667
6440	0.040583
6441	0.040334
6442	0.042792
6443	0.041541
6444	0.040125
6445	0.044667
6446	0.041333
6447	0.041875
6448	0.042167
6449	0.039917
6450	0.042458
6451	0.039333
6452	0.040083
6453	0.040333
6454	0.0405
6455	0.040625
6456	0.039959
6457	0.040875
6458	0.040333
6459	0.041
6460	0.039875
6461	0.03925
6462	0.040375
6463	0.039084
6464	0.03975
6465	0.03875
6466	0.039416
6467	0.039792
6468	0.039125
6469	0.042916
6470	0.039
6471	0.039458
6472	0.085375
6473	0.0415
6474	0.039708
6475	0.039083
6476	0.039125
6477	0.039459
6478	0.040791
6479	0.040333
6480	0.040292
6481	0.040083
6482	0.04
6483	0.039875
6484	0.040125
6485	0.040459
6486	0.039625
6487	0.040375
6488	0.039875
6489	0.039333
6490	0.039166
6491	0.0405
6492	0.039708
6493	0.040042
6494	0.039625
6495	0.039667
6496	0.039792
6497	0.044417
6498	0.042084
6499	0.040542
6500	0.042209
6501	0.041875
6502	0.039833
6503	0.039917
6504	0.039458
6505	0.038625
6506	0.039875
6507	0.03925
6508	0.039292
6509	0.039792
6510	0.039625
6511	0.041459
6512	0.039167
6513	0.039167
6514	0.038833
6515	0.05375
6516	0.0405
6517	0.045583
6518	0.040583
6519	0.042583
6520	0.042875
6521	0.044208
6522	0.053084
6523	0.041791
6524	0.045834
6525	0.043208
6526	0.075375
6527	0.044375
6528	0.079083
6529	0.035542
6530	0.024708
6531	0.021208
6532	0.019041
6533	0.019542
6534	0.018084
6535	0.023625
6536	0.016708
6537	0.017542
6538	0.020833
6539	0.019042
6540	0.01725
6541	0.01825
6542	0.071459
6543	0.063416
6544	0.04425
6545	0.044417
6546	0.042792
6547	0.048667
6548	0.042583
6549	0.041958
6550	0.040708
6551	0.042583
6552	0.049666
6553	0.046417
6554	0.047959
6555	0.041875
6556	0.043292
6557	0.041875
6558	0.040625
6559	0.041
6560	0.038709
6561	0.044375
6562	0.040541
6563	0.039792
6564	0.040125
6565	0.044209
6566	0.0445
6567	0.042083
6568	0.042666
6569	0.041708
6570	0.0415
6571	0.039875
6572	0.042209
6573	0.0425
6574	0.041291
6575	0.042875
6576	0.086167
6577	0.024834
6578	0.02275
6579	0.028291
6580	0.0905
6581	0.110458
6582	0.022
6583	0.016459
6584	0.017208
6585	0.017792
6586	0.017166
6587	0.01825
6588	0.016834
6589	0.017917
6590	0.027958
6591	0.021833
6592	0.018709
6593	0.017333
6594	0.018
6595	0.018292
6596	0.018
6597	0.017833
6598	0.018042
6599	0.017958
6600	0.017125
6601	0.018166
6602	0.015917
6603	0.017417
6604	0.018875
6605	0.017459
6606	0.020417
6607	0.01675
6608	0.017209
6609	0.047208
6610	0.0325
6611	0.083333
6612	0.069
6613	0.048208
6614	0.044166
6615	0.043541
6616	0.04125
6617	0.039916
6618	0.0465
6619	0.040875
6620	0.046292
6621	0.041208
6622	0.043
6623	0.040416
6624	0.043083
6625	0.041375
6626	0.039208
6627	0.04125
6628	0.039958
6629	0.039708
6630	0.039291
6631	0.050958
6632	0.0255
6633	0.0185
6634	0.019625
6635	0.017083
6636	0.0175
6637	0.0185
6638	0.018916
6639	0.018042
6640	0.01725
6641	0.01725
6642	0.015917
6643	0.017833
6644	0.016667
6645	0.017417
6646	0.016542
6647	0.016375
6648	0.017833
6649	0.046125
6650	0.017791
6651	0.018041
6652	0.016417
6653	0.015375
6654	0.017916
6655	0.017834
6656	0.018666
6657	0.014584
6658	0.017083
6659	0.016875
6660	0.017083
6661	0.020208
6662	0.016375
6663	0.017792
6664	0.01825
6665	0.0185
6666	0.015583
6667	0.017917
6668	0.018625
6669	0.019417
6670	0.016875
6671	0.018791
6672	0.018916
6673	0.0185
6674	0.016959
6675	0.017333
6676	0.017042
6677	0.015625
6678	0.01725
6679	0.018625
6680	0.017666
6681	0.0175
6682	0.0175
6683	0.017209
6684	0.019375
6685	0.017458
6686	0.018333
6687	0.017334
6688	0.017
6689	0.018375
6690	0.016833
6691	0.016916
6692	0.019416
6693	0.017208
6694	0.018625
6695	0.017084
6696	0.015208
6697	0.0175
6698	0.017833
6699	0.01625
6700	0.039041
6701	0.018833
6702	0.03025
6703	0.019209
6704	0.019375
6705	0.015792
6706	0.017708
6707	0.016292
6708	0.018042
6709	0.016333
6710	0.016792
6711	0.018333
6712	0.038791
6713	0.0875
6714	0.047667
6715	0.043042
6716	0.049167
6717	0.043541
6718	0.043125
6719	0.171041
6720	0.027917
6721	0.018166
6722	0.018417
6723	0.017667
6724	0.017292
6725	0.018083
6726	0.018125
6727	0.016417
6728	0.017083
6729	0.017083
6730	0.017333
6731	0.01575
6732	0.018292
6733	0.01475
6734	0.018208
6735	0.017417
6736	0.017792
6737	0.017458
6738	0.016708
6739	0.01575
6740	0.017166
6741	0.018834
6742	0.017958
6743	0.01625
6744	0.022125
6745	0.017625
6746	0.01725
6747	0.017208
6748	0.018042
6749	0.016417
6750	0.018208
6751	0.017917
6752	0.016708
6753	0.01775
6754	0.018041
6755	0.016417
6756	0.017292
6757	0.017333
6758	0.01825
6759	0.016959
6760	0.01675
6761	0.017875
6762	0.017709
6763	0.018666
6764	0.016167
6765	0.017167
6766	0.018291
6767	0.020084
6768	0.023541
6769	0.0195
6770	0.017375
6771	0.0175
6772	0.016417
6773	0.017083
6774	0.017625
6775	0.088333
6776	0.048417
6777	0.041
6778	0.047625
6779	0.043375
6780	0.040042
6781	0.0405
6782	0.040083
6783	0.039625
6784	0.040125
6785	0.041625
6786	0.043042
6787	0.0395
6788	0.060167
6789	0.047125
6790	0.041625
6791	0.039958
6792	0.039333
6793	0.039791
6794	0.039292
6795	0.039875
6796	0.039625
6797	0.039459
6798	0.039833
6799	0.042292
6800	0.050083
6801	0.040041
6802	0.039708
6803	0.03875
6804	0.038708
6805	0.039084
6806	0.039583
6807	0.039458
6808	0.03975
6809	0.040334
6810	0.040583
6811	0.039125
6812	0.039
6813	0.040583
6814	0.038542
6815	0.040625
6816	0.03975
6817	0.0395
6818	0.039333
6819	0.039417
6820	0.039375
6821	0.038792
6822	0.039458
6823	0.039542
6824	0.039958
6825	0.039125
6826	0.041084
6827	0.039
6828	0.038667
6829	0.039083
6830	0.038084
6831	0.038667
6832	0.038833
6833	0.039958
6834	0.039334
6835	0.039541
6836	0.037916
6837	0.038541
6838	0.038917
6839	0.039375
6840	0.039417
6841	0.039334
6842	0.038417
6843	0.040208
6844	0.038292
6845	0.038125
6846	0.0385
6847	0.039291
6848	0.040166
6849	0.040125
6850	0.038708
6851	0.038875
6852	0.040333
6853	0.046875
6854	0.040625
6855	0.039042
6856	0.040625
6857	0.039708
6858	0.040375
6859	0.038208
6860	0.039167
6861	0.040208
6862	0.038583
6863	0.039125
6864	0.039125
6865	0.037959
6866	0.038125
6867	0.038791
6868	0.04025
6869	0.039042
6870	0.0385
6871	0.038958
6872	0.038792
6873	0.038916
6874	0.0395
6875	0.037875
6876	0.039625
6877	0.039084
6878	0.040375
6879	0.041666
6880	0.039708
6881	0.0425
6882	0.040125
6883	0.040042
6884	0.039625
6885	0.04025
6886	0.039333
6887	0.039125
6888	0.041833
6889	0.086458
6890	0.046208
6891	0.042208
6892	0.042292
6893	0.056458
6894	0.041958
6895	0.042791
6896	0.039792
6897	0.059667
6898	0.040125
6899	0.040625
6900	0.040958
6901	0.040917
6902	0.039916
6903	0.039834
6904	0.0395
6905	0.039917
6906	0.038916
6907	0.038541
6908	0.039792
6909	0.04325
6910	0.039459
6911	0.0395
6912	0.04
6913	0.039833
6914	0.039625
6915	0.038833
6916	0.038875
6917	0.039041
6918	0.041292
6919	0.039791
6920	0.038542
6921	0.039
6922	0.039708
6923	0.039959
6924	0.03925
6925	0.039542
6926	0.040416
6927	0.038667
6928	0.039083
6929	0.038417
6930	0.038375
6931	0.038958
6932	0.038792
6933	0.040791
6934	0.038959
6935	0.038708
6936	0.042333
6937	0.039958
6938	0.03925
6939	0.039125
6940	0.039584
6941	0.0395
6942	0.038417
6943	0.039416
6944	0.039459
6945	0.039
6946	0.039875
6947	0.039875
6948	0.038333
6949	0.039167
6950	0.039709
6951	0.038958
6952	0.045292
6953	0.039584
6954	0.041041
6955	0.06225
6956	0.032209
6957	0.02
6958	0.01925
6959	0.018875
6960	0.018125
6961	0.018375
6962	0.017333
6963	0.018625
6964	0.020292
6965	0.018
6966	0.01725
6967	0.017334
6968	0.018416
6969	0.018083
6970	0.017417
6971	0.016083
6972	0.017625
6973	0.0185
6974	0.020292
6975	0.018916
6976	0.020125
6977	0.0165
6978	0.02
6979	0.017834
6980	0.019875
6981	0.017625
6982	0.018208
6983	0.017208
6984	0.017584
6985	0.018125
6986	0.017583
6987	0.017042
6988	0.015708
6989	0.017792
6990	0.018042
6991	0.020541
6992	0.017542
6993	0.017875
6994	0.016625
6995	0.018542
6996	0.019
6997	0.016959
6998	0.016708
6999	0.018459
7000	0.017666
7001	0.017166
7002	0.017834
7003	0.016916
7004	0.019167
7005	0.020083
7006	0.017166
7007	0.019584
7008	0.018666
7009	0.018167
7010	0.015583
7011	0.018917
7012	0.018416
7013	0.017416
7014	0.017833
7015	0.019333
7016	0.017834
7017	0.017666
7018	0.017458
7019	0.02025
7020	0.017
7021	0.019542
7022	0.01775
7023	0.018292
7024	0.018292
7025	0.03325
7026	0.021417
7027	0.017041
7028	0.016292
7029	0.01825
7030	0.081375
7031	0.028
7032	0.022666
7033	0.018292
7034	0.018209
7035	0.01925
7036	0.01925
7037	0.014542
7038	0.018208
7039	0.018292
7040	0.01625
7041	0.017875
7042	0.018
7043	0.018292
7044	0.020041
7045	0.017042
7046	0.019667
7047	0.021542
7048	0.019791
7049	0.017875
7050	0.019375
7051	0.018583
7052	0.020125
7053	0.018625
7054	0.021
7055	0.01875
7056	0.018083
7057	0.0175
7058	0.018792
7059	0.017334
7060	0.019375
7061	0.017625
7062	0.016334
7063	0.01775
7064	0.017416
7065	0.020667
7066	0.020041
7067	0.021792
7068	0.018375
7069	0.087334
7070	0.081708
7071	0.055
7072	0.051209
7073	0.045042
7074	0.049166
7075	0.043166
7076	0.04175
7077	0.041458
7078	0.040375
7079	0.039042
7080	0.0395
7081	0.039459
7082	0.0425
7083	0.065916
7084	0.054584
7085	0.044959
7086	0.042542
7087	0.043083
7088	0.040791
7089	0.040625
7090	0.039167
7091	0.040042
7092	0.038958
7093	0.040375
7094	0.039333
7095	0.039291
7096	0.07425
7097	0.056458
7098	0.023958
7099	0.018667
7100	0.019292
7101	0.021
7102	0.018125
7103	0.016291
7104	0.018042
7105	0.016584
7106	0.016583
7107	0.016417
7108	0.016375
7109	0.018209
7110	0.016958
7111	0.017625
7112	0.017292
7113	0.017542
7114	0.017542
7115	0.0175
7116	0.016875
7117	0.015875
7118	0.01725
7119	0.016
7120	0.015875
7121	0.020417
7122	0.019041
7123	0.019
7124	0.018
7125	0.017917
7126	0.016167
7127	0.017917
7128	0.018542
7129	0.018583
7130	0.017166
7131	0.016459
7132	0.017291
7133	0.0195
7134	0.017375
7135	0.015292
7136	0.019042
7137	0.017042
7138	0.0165
7139	0.018292
7140	0.017333
7141	0.017459
7142	0.016292
7143	0.016375
7144	0.016542
7145	0.021792
7146	0.018167
7147	0.02125
7148	0.017625
7149	0.018708
7150	0.021125
7151	0.017834
7152	0.020958
7153	0.020208
7154	0.02
7155	0.021125
7156	0.021375
7157	0.018875
7158	0.015667
7159	0.018458
7160	0.019917
7161	0.018542
7162	0.0165
7163	0.018875
7164	0.017083
7165	0.019
7166	0.016083
7167	0.018542
7168	0.017167
7169	0.01775
7170	0.0175
7171	0.018666
7172	0.016791
7173	0.016333
7174	0.016958
7175	0.017875
7176	0.017666
7177	0.01775
7178	0.017125
7179	0.016584
7180	0.018333
7181	0.016
7182	0.01825
7183	0.0185
7184	0.02075
7185	0.017417
7186	0.017583
7187	0.017625
7188	0.017584
7189	0.015542
7190	0.017708
7191	0.018417
7192	0.017208
7193	0.016542
7194	0.01875
7195	0.017333
7196	0.017375
7197	0.017792
7198	0.017625
7199	0.017208
7200	0.017375
7201	0.016917
7202	0.018625
7203	0.016792
7204	0.018042
7205	0.017375
7206	0.015875
7207	0.017458
7208	0.073333
7209	0.085542
7210	0.049375
7211	0.04925
7212	0.043833
7213	0.042042
7214	0.04125
7215	0.040833
7216	0.043125
7217	0.040834
7218	0.04225
7219	0.041791
7220	0.045041
7221	0.039833
7222	0.042208
7223	0.041083
7224	0.055667
7225	0.027125
7226	0.020875
7227	0.018917
7228	0.017542
7229	0.017791
7230	0.017875
7231	0.017708
7232	0.018292
7233	0.016459
7234	0.016583
7235	0.01775
7236	0.055083
7237	0.049959
7238	0.043583
7239	0.046084
7240	0.040917
7241	0.041542
7242	0.04375
7243	0.0575
7244	0.040833
7245	0.048625
7246	0.040542
7247	0.041333
7248	0.054375
7249	0.034042
7250	0.02325
7251	0.019834
7252	0.020334
7253	0.018959
7254	0.017959
7255	0.018792
7256	0.019209
7257	0.017208
7258	0.0185
7259	0.019292
7260	0.017708
7261	0.018167
7262	0.018708
7263	0.015875
7264	0.03675
7265	0.044
7266	0.024416
7267	0.018959
7268	0.018041
7269	0.016708
7270	0.017542
7271	0.017625
7272	0.017792
7273	0.017291
7274	0.018708
7275	0.017375
7276	0.017833
7277	0.017375
7278	0.017625
7279	0.017584
7280	0.017667
7281	0.017125
7282	0.015833
7283	0.017709
7284	0.017208
7285	0.01725
7286	0.017291
7287	0.015875
7288	0.018
7289	0.017667
7290	0.016583
7291	0.01775
7292	0.016167
7293	0.016583
7294	0.018292
7295	0.015
7296	0.018167
7297	0.019167
7298	0.017916
7299	0.018417
7300	0.018208
7301	0.0175
7302	0.017125
7303	0.018
7304	0.019
7305	0.018917
7306	0.032875
7307	0.020417
7308	0.081333
7309	0.022959
7310	0.01825
7311	0.019125
7312	0.017041
7313	0.0185
7314	0.01625
7315	0.017042
7316	0.014917
7317	0.017458
7318	0.017792
7319	0.019333
7320	0.046375
7321	0.021208
7322	0.017792
7323	0.019084
7324	0.01725
7325	0.015167
7326	0.018375
7327	0.017375
7328	0.017625
7329	0.0165
7330	0.018
7331	0.017417
7332	0.016917
7333	0.017625
7334	0.017042
7335	0.018208
7336	0.016459
7337	0.018792
7338	0.017708
7339	0.017125
7340	0.017542
7341	0.018167
7342	0.016666
7343	0.018666
7344	0.017958
7345	0.016541
7346	0.0175
7347	0.0215
7348	0.020167
7349	0.026
7350	0.016875
7351	0.016291
7352	0.019667
7353	0.017709
7354	0.015958
7355	0.056583
7356	0.068792
7357	0.023375
7358	0.018708
7359	0.01775
7360	0.017542
7361	0.016708
7362	0.019209
7363	0.01675
7364	0.028709
7365	0.018959
7366	0.024125
7367	0.018917
7368	0.020208
7369	0.017583
7370	0.017083
7371	0.01875
7372	0.018375
7373	0.02375
7374	0.017625
7375	0.017375
7376	0.019625
7377	0.016958
7378	0.016375
7379	0.018292
7380	0.016917
7381	0.017209
7382	0.017708
7383	0.017042
7384	0.017292
7385	0.018
7386	0.018375
7387	0.018084
7388	0.015083
7389	0.014917
7390	0.016458
7391	0.017833
7392	0.017625
7393	0.0155
7394	0.016625
7395	0.017125
7396	0.017292
7397	0.017458
7398	0.017042
7399	0.017125
7400	0.017167
7401	0.021083
7402	0.017625
7403	0.018167
7404	0.018375
7405	0.018875
7406	0.017375
7407	0.016916
7408	0.017625
7409	0.016792
7410	0.017125
7411	0.017
7412	0.016584
7413	0.016958
7414	0.017125
7415	0.016875
7416	0.017125
7417	0.018208
7418	0.016
7419	0.016792
7420	0.016334
7421	0.017167
7422	0.017458
7423	0.0175
7424	0.016875
7425	0.016209
7426	0.017
7427	0.017417
7428	0.017292
7429	0.016958
7430	0.017084
7431	0.018583
7432	0.016625
7433	0.0165
7434	0.01825
7435	0.016666
7436	0.016833
7437	0.015792
7438	0.017042
7439	0.016292
7440	0.015916
7441	0.016167
7442	0.017709
7443	0.016125
7444	0.017333
7445	0.015875
7446	0.015875
7447	0.015875
7448	0.016958
7449	0.01625
7450	0.016916
7451	0.016875
7452	0.017
7453	0.016667
7454	0.017166
7455	0.016208
7456	0.0165
7457	0.016667
7458	0.017375
7459	0.016792
7460	0.016625
7461	0.016625
7462	0.017792
7463	0.015584
7464	0.016792
7465	0.016958
7466	0.017
7467	0.015958
7468	0.01725
7469	0.017792
7470	0.016292
7471	0.015208
7472	0.016542
7473	0.016667
7474	0.016375
7475	0.016917
7476	0.0155
7477	0.016959
7478	0.017458
7479	0.017292
7480	0.016083
7481	0.017291
7482	0.016834
7483	0.015458
7484	0.016583
7485	0.015833
7486	0.017375
7487	0.017333
7488	0.016917
7489	0.017416
7490	0.016458
7491	0.017209
7492	0.016292
7493	0.016667
7494	0.016292
7495	0.018375
7496	0.0165
7497	0.0175
7498	0.016875
7499	0.017334
7500	0.018083
7501	0.016959
7502	0.017375
7503	0.018083
7504	0.018083
7505	0.016375
7506	0.017125
7507	0.015708
7508	0.016542
7509	0.016916
7510	0.016375
7511	0.016917
7512	0.016584
7513	0.017958
7514	0.017333
7515	0.016667
7516	0.01675
7517	0.0165
7518	0.017
7519	0.0165
7520	0.017583
7521	0.017083
7522	0.017875
7523	0.017916
7524	0.017209
7525	0.016583
7526	0.018459
7527	0.014875
7528	0.016
7529	0.016125
7530	0.017834
7531	0.017167
7532	0.018167
7533	0.018333
7534	0.016916
7535	0.01675
7536	0.017375
7537	0.016291
7538	0.017333
7539	0.016667
7540	0.015833
7541	0.017125
7542	0.018208
7543	0.018125
7544	0.015875
7545	0.016833
7546	0.017458
7547	0.017375
7548	0.016625
7549	0.017291
7550	0.016709
7551	0.016917
7552	0.016417
7553	0.016334
7554	0.017333
7555	0.018459
7556	0.017916
7557	0.015916
7558	0.016583
7559	0.021375
7560	0.017792
7561	0.017084
7562	0.017709
7563	0.016958
7564	0.015958
7565	0.017125
7566	0.017
7567	0.016875
7568	0.016958
7569	0.016333
7570	0.015125
7571	0.017
7572	0.017375
7573	0.016708
7574	0.017042
7575	0.017458
7576	0.015583
7577	0.0165
7578	0.015541
7579	0.017416
7580	0.016834
7581	0.015541
7582	0.017459
7583	0.017875
7584	0.017875
7585	0.017875
7586	0.016084
7587	0.016958
7588	0.017083
7589	0.0175
7590	0.01775
7591	0.016291
7592	0.018583
7593	0.082375
7594	0.023542
7595	0.02
7596	0.018084
7597	0.018875
7598	0.0165
7599	0.016792
7600	0.016875
7601	0.01725
7602	0.016834
7603	0.016541
7604	0.016667
7605	0.017125
7606	0.015375
7607	0.016584
7608	0.016792
7609	0.017583
7610	0.017167
7611	0.016458
7612	0.017167
7613	0.016333
7614	0.0175
7615	0.016833
7616	0.017583
7617	0.015333
7618	0.017
7619	0.016209
7620	0.015916
7621	0.0165
7622	0.016958
7623	0.018833
7624	0.017375
7625	0.018292
7626	0.017625
7627	0.018709
7628	0.018333
7629	0.015875
7630	0.017875
7631	0.017709
7632	0.019125
7633	0.019042
7634	0.017583
7635	0.017708
7636	0.016583
7637	0.018291
7638	0.017084
7639	0.018125
7640	0.017709
7641	0.016708
7642	0.016375
7643	0.016834
7644	0.016625
7645	0.018167
7646	0.016708
7647	0.0165
7648	0.018083
7649	0.070958
7650	0.075458
7651	0.059708
7652	0.046875
7653	0.043792
7654	0.0425
7655	0.044459
7656	0.043417
7657	0.043958
7658	0.020834
7659	0.018041
7660	0.018084
7661	0.018208
7662	0.017875
7663	0.018542
7664	0.014625
7665	0.019458
7666	0.017042
7667	0.018375
7668	0.016
7669	0.0165
7670	0.017625
7671	0.017833
7672	0.015958
7673	0.018334
7674	0.015917
7675	0.018792
7676	0.017584
7677	0.018334
7678	0.020833
7679	0.020875
7680	0.018834
7681	0.017042
7682	0.018875
7683	0.017834
7684	0.018958
7685	0.019333
7686	0.018667
7687	0.018625
7688	0.019166
7689	0.020083
7690	0.019666
7691	0.018458
7692	0.018667
7693	0.018042
7694	0.017833
7695	0.017042
7696	0.018666
7697	0.019708
7698	0.018542
7699	0.017209
7700	0.017917
7701	0.018458
7702	0.017917
7703	0.017792
7704	0.017292
7705	0.019125
7706	0.018375
7707	0.017083
7708	0.017
7709	0.018875
7710	0.017375
7711	0.018042
7712	0.018042
7713	0.019
7714	0.018041
7715	0.018959
7716	0.019708
7717	0.018875
7718	0.019916
7719	0.016041
7720	0.018833
7721	0.016417
7722	0.016208
7723	0.018209
7724	0.016333
7725	0.017
7726	0.030708
7727	0.018709
7728	0.017375
7729	0.018042
7730	0.038667
7731	0.019208
7732	0.01925
7733	0.020334
7734	0.017708
7735	0.017584
7736	0.018291
7737	0.026667
7738	0.01675
7739	0.017333
7740	0.018042
7741	0.017583
7742	0.018417
7743	0.017208
7744	0.017958
7745	0.018542
7746	0.017291
7747	0.021209
7748	0.019125
7749	0.018291
7750	0.017708
7751	0.01725
7752	0.018958
7753	0.016459
7754	0.018375
7755	0.017542
7756	0.018167
7757	0.016917
7758	0.017292
7759	0.016917
7760	0.017458
7761	0.017625
7762	0.017291
7763	0.018083
7764	0.016833
7765	0.018584
7766	0.019
7767	0.016625
7768	0.01825
7769	0.019167
7770	0.018916
7771	0.018167
7772	0.017792
7773	0.019375
7774	0.019791
7775	0.020416
7776	0.01975
7777	0.018459
7778	0.018292
7779	0.016125
7780	0.018917
7781	0.018542
7782	0.017583
7783	0.017875
7784	0.018083
7785	0.016625
7786	0.016625
7787	0.018583
7788	0.018834
7789	0.016292
7790	0.019917
7791	0.018833
7792	0.01625
7793	0.016625
7794	0.0175
7795	0.018166
7796	0.018041
7797	0.018209
7798	0.018
7799	0.016667
7800	0.0195
7801	0.020292
7802	0.017375
7803	0.0185
7804	0.017209
7805	0.017625
7806	0.018458
7807	0.017417
7808	0.01775
7809	0.017125
7810	0.016041
7811	0.017333
7812	0.017584
7813	0.0175
7814	0.017
7815	0.018417
7816	0.018375
7817	0.018292
7818	0.017042
7819	0.018792
7820	0.018667
7821	0.019083
7822	0.018167
7823	0.017959
7824	0.018208
7825	0.017959
7826	0.017833
7827	0.016084
7828	0.017875
7829	0.018667
7830	0.016292
7831	0.016458
7832	0.01875
7833	0.017208
7834	0.018959
7835	0.022167
7836	0.019708
7837	0.018541
7838	0.017416
7839	0.017041
7840	0.017459
7841	0.018459
7842	0.016958
7843	0.020375
7844	0.017708
7845	0.018584
7846	0.017417
7847	0.017208
7848	0.017
7849	0.017167
7850	0.017625
7851	0.015958
7852	0.016375
7853	0.016959
7854	0.017916
7855	0.018625
7856	0.018583
7857	0.018125
7858	0.016875
7859	0.0185
7860	0.017042
7861	0.018625
7862	0.017625
7863	0.0335
7864	0.016875
7865	0.018375
7866	0.017542
7867	0.016833
7868	0.017959
7869	0.0185
7870	0.017125
7871	0.020041
7872	0.01725
7873	0.018166
7874	0.018458
7875	0.01825
7876	0.018708
7877	0.019125
7878	0.020167
7879	0.021083
7880	0.021666
7881	0.02075
7882	0.023708
7883	0.020834
7884	0.020208
7885	0.020083
7886	0.019458
7887	0.019458
7888	0.018875
7889	0.020625
7890	0.019916
7891	0.018542
7892	0.018417
7893	0.019667
7894	0.018125
7895	0.016958
7896	0.021417
7897	0.020625
7898	0.020542
7899	0.017792
7900	0.0215
7901	0.0215
7902	0.019708
7903	0.021833
7904	0.021791
7905	0.02075
7906	0.017167
7907	0.0195
7908	0.018
7909	0.020708
7910	0.019209
7911	0.019917
7912	0.01975
7913	0.021959
7914	0.0175
7915	0.01825
7916	0.017709
7917	0.016958
7918	0.01675
7919	0.018458
7920	0.017416
7921	0.018125
7922	0.015958
7923	0.021542
7924	0.015042
7925	0.018583
7926	0.018708
7927	0.017042
7928	0.018625
7929	0.018917
7930	0.019416
7931	0.016125
7932	0.01725
7933	0.016917
7934	0.018666
7935	0.017875
7936	0.018458
7937	0.017625
7938	0.017834
7939	0.018083
7940	0.017958
7941	0.019417
7942	0.019666
7943	0.018209
7944	0.018583
7945	0.018959
7946	0.017666
7947	0.017666
7948	0.018875
7949	0.019041
7950	0.022167
7951	0.020333
7952	0.018583
7953	0.022167
7954	0.018917
7955	0.018625
7956	0.019167
7957	0.017709
7958	0.018125
7959	0.016375
7960	0.016042
7961	0.018708
7962	0.016708
7963	0.015791
7964	0.017459
7965	0.016583
7966	0.017833
7967	0.016834
7968	0.018167
7969	0.017541
7970	0.018334
7971	0.017833
7972	0.095209
7973	0.020458
7974	0.017708
7975	0.017833
7976	0.018333
7977	0.016792
7978	0.0185
7979	0.016541
7980	0.018
7981	0.018958
7982	0.018083
7983	0.021167
7984	0.018042
7985	0.018208
7986	0.01675
7987	0.016708
7988	0.018708
7989	0.018417
7990	0.016625
7991	0.018291
7992	0.014375
7993	0.02025
7994	0.017834
7995	0.018959
7996	0.016458
7997	0.01775
7998	0.018375
7999	0.017458
8000	0.018459
8001	0.017
8002	0.017625
8003	0.0175
8004	0.017208
8005	0.020292
8006	0.021458
8007	0.01775
8008	0.019
8009	0.016833
8010	0.019
8011	0.017
8012	0.018459
8013	0.0175
8014	0.019833
8015	0.018041
8016	0.0195
8017	0.01625
8018	0.015666
8019	0.01775
8020	0.018666
8021	0.019125
8022	0.019042
8023	0.017333
8024	0.016583
8025	0.016375
8026	0.017584
8027	0.019375
8028	0.018916
8029	0.017416
8030	0.017917
8031	0.020834
8032	0.018792
8033	0.018917
8034	0.017709
8035	0.016375
8036	0.020125
8037	0.019333
8038	0.01825
8039	0.017625
8040	0.017208
8041	0.015334
8042	0.018166
8043	0.021916
8044	0.021375
8045	0.017459
8046	0.018416
8047	0.019875
8048	0.020041
8049	0.020625
8050	0.017541
8051	0.0185
8052	0.017708
8053	0.019708
8054	0.018125
8055	0.01925
8056	0.018958
8057	0.018791
8058	0.017125
8059	0.019042
8060	0.016334
8061	0.018208
8062	0.019167
8063	0.019042
8064	0.018125
8065	0.022458
8066	0.017584
8067	0.021041
8068	0.022292
8069	0.017292
8070	0.018667
8071	0.020416
8072	0.018417
8073	0.018917
8074	0.021625
8075	0.019959
8076	0.019708
8077	0.017416
8078	0.01875
8079	0.01875
8080	0.016625
8081	0.017709
8082	0.019667
8083	0.016208
8084	0.018291
8085	0.018709
8086	0.019334
8087	0.024042
8088	0.020708
8089	0.022833
8090	0.116417
8091	0.157584
8092	0.0945
8093	0.05125
8094	0.047625
8095	0.049041
8096	0.044958
8097	0.042583
8098	0.057084
8099	0.041917
8100	0.042958
8101	0.044209
8102	0.042708
8103	0.044125
8104	0.045125
8105	0.125458
8106	0.085709
8107	0.050667
8108	0.048209
8109	0.044042
8110	0.044791
8111	0.045292
8112	0.045958
8113	0.043291
8114	0.057167
8115	0.033666
8116	0.020292
8117	0.02
8118	0.020458
8119	0.020375
8120	0.018541
8121	0.017791
8122	0.018417
8123	0.016958
8124	0.018792
8125	0.018333
8126	0.017375
8127	0.018125
8128	0.017334
8129	0.015666
8130	0.017917
8131	0.018333
8132	0.018542
8133	0.017583
8134	0.017459
8135	0.018792
8136	0.017916
8137	0.016958
8138	0.017583
8139	0.016375
8140	0.01625
8141	0.017375
8142	0.016917
8143	0.018125
8144	0.017709
8145	0.018291
8146	0.018833
8147	0.016542
8148	0.016333
8149	0.016167
8150	0.016667
8151	0.017417
8152	0.017209
8153	0.016958
8154	0.017166
8155	0.016708
8156	0.018542
8157	0.016625
8158	0.017
8159	0.017917
8160	0.018042
8161	0.01525
8162	0.01625
8163	0.01725
8164	0.017542
8165	0.016417
8166	0.017583
8167	0.0175
8168	0.018375
8169	0.016625
8170	0.01775
8171	0.015833
8172	0.018417
8173	0.019792
8174	0.019
8175	0.017375
8176	0.016916
8177	0.017583
8178	0.016792
8179	0.018792
8180	0.042
8181	0.059333
8182	0.020042
8183	0.016
8184	0.017291
8185	0.016291
8186	0.016666
8187	0.017833
8188	0.016833
8189	0.018083
8190	0.016917
8191	0.018667
8192	0.016791
8193	0.015833
8194	0.018542
8195	0.016291
8196	0.0175
8197	0.016166
8198	0.017625
8199	0.018125
8200	0.017333
8201	0.019125
8202	0.077834
8203	0.062458
8204	0.031791
8205	0.020667
8206	0.018833
8207	0.0185
8208	0.017625
8209	0.019042
8210	0.018167
8211	0.016625
8212	0.018208
8213	0.018792
8214	0.021209
8215	0.016416
8216	0.018334
8217	0.019
8218	0.016458
8219	0.017541
8220	0.016542
8221	0.017625
8222	0.017
8223	0.017125
8224	0.017625
8225	0.016541
8226	0.027083
8227	0.021
8228	0.018125
8229	0.017167
8230	0.050541
8231	0.052709
8232	0.046791
8233	0.044292
8234	0.071625
8235	0.061959
8236	0.019084
8237	0.018375
8238	0.0155
8239	0.018458
8240	0.018792
8241	0.0185
8242	0.05725
8243	0.056417
8244	0.018959
8245	0.016208
8246	0.017542
8247	0.017458
8248	0.015709
8249	0.015833
8250	0.018542
8251	0.017334
8252	0.019416
8253	0.016916
8254	0.018791
8255	0.017333
8256	0.0185
8257	0.017291
8258	0.016959
8259	0.018333
8260	0.0185
8261	0.016834
8262	0.018625
8263	0.016833
8264	0.018583
8265	0.018584
8266	0.034125
8267	0.020583
8268	0.01975
8269	0.021667
8270	0.0255
8271	0.021958
8272	0.017375
8273	0.019041
8274	0.021
8275	0.01875
8276	0.018375
8277	0.016375
8278	0.033583
8279	0.019917
8280	0.018792
8281	0.018375
8282	0.017833
8283	0.018792
8284	0.018
8285	0.0175
8286	0.015709
8287	0.015
8288	0.015833
8289	0.017333
8290	0.015834
8291	0.018333
8292	0.017625
8293	0.01825
8294	0.016417
8295	0.016875
8296	0.016709
8297	0.017542
8298	0.018375
8299	0.019084
8300	0.01575
8301	0.016375
8302	0.015667
8303	0.017708
8304	0.016084
8305	0.016083
8306	0.017292
8307	0.018459
8308	0.016
8309	0.01725
8310	0.01675
8311	0.01625
8312	0.017584
8313	0.016375
8314	0.017208
8315	0.017
8316	0.016291
8317	0.01525
8318	0.016666
8319	0.016375
8320	0.017375
8321	0.01725
8322	0.016916
8323	0.018375
8324	0.018041
8325	0.017584
8326	0.017375
8327	0.017166
8328	0.017666
8329	0.019958
8330	0.01775
8331	0.017708
8332	0.016375
8333	0.017958
8334	0.014917
8335	0.017042
8336	0.0175
8337	0.018875
8338	0.017833
8339	0.017958
8340	0.01675
8341	0.017083
8342	0.017084
8343	0.016208
8344	0.017375
8345	0.017375
8346	0.016625
8347	0.017375
8348	0.015917
8349	0.017166
8350	0.016917
8351	0.017375
8352	0.017959
8353	0.016917
8354	0.016709
8355	0.017541
8356	0.017375
8357	0.015709
8358	0.016958
8359	0.017875
8360	0.017083
8361	0.01625
8362	0.016125
8363	0.016709
8364	0.01725
8365	0.017333
8366	0.018
8367	0.016208
8368	0.015875
8369	0.017459
8370	0.017792
8371	0.016375
8372	0.0425
8373	0.019583
8374	0.016875
8375	0.017959
8376	0.017583
8377	0.017833
8378	0.019167
8379	0.017958
8380	0.017333
8381	0.017791
8382	0.016375
8383	0.018417
8384	0.018542
8385	0.015667
8386	0.019291
8387	0.01775
8388	0.017042
8389	0.019333
8390	0.018375
8391	0.018541
8392	0.01725
8393	0.030208
8394	0.018667
8395	0.016583
8396	0.018292
8397	0.015625
8398	0.015709
8399	0.01775
8400	0.018
8401	0.018291
8402	0.017875
8403	0.173875
8404	0.072625
8405	0.050375
8406	0.04475
8407	0.046
8408	0.041417
8409	0.069166
8410	0.094917
8411	0.047041
8412	0.044541
8413	0.041958
8414	0.041417
8415	0.040917
8416	0.040666
8417	0.041666
8418	0.040667
8419	0.038875
8420	0.0465
8421	0.039584
8422	0.039
8423	0.039167
8424	0.045792
8425	0.04075
8426	0.039334
8427	0.038833
8428	0.039875
8429	0.039416
8430	0.038417
8431	0.038875
8432	0.041584
8433	0.040292
8434	0.043917
8435	0.040333
8436	0.039916
8437	0.039375
8438	0.039208
8439	0.038458
8440	0.0385
8441	0.038209
8442	0.039666
8443	0.040042
8444	0.03875
8445	0.03925
8446	0.039458
8447	0.038959
8448	0.044083
8449	0.039709
8450	0.039625
8451	0.040584
8452	0.041375
8453	0.039625
8454	0.039792
8455	0.038125
8456	0.040166
8457	0.047458
8458	0.044667
8459	0.039542
8460	0.0395
8461	0.039
8462	0.041583
8463	0.039583
8464	0.039166
8465	0.039084
8466	0.038583
8467	0.04
8468	0.03975
8469	0.039375
8470	0.038417
8471	0.038208
8472	0.03875
8473	0.03925
8474	0.039834
8475	0.041792
8476	0.040458
8477	0.054083
8478	0.026458
8479	0.01925
8480	0.018208
8481	0.018583
8482	0.017583
8483	0.016125
8484	0.018334
8485	0.017791
8486	0.016084
8487	0.018458
8488	0.017875
8489	0.01825
8490	0.018084
8491	0.018
8492	0.017333
8493	0.0175
8494	0.017625
8495	0.016958
8496	0.015916
8497	0.017583
8498	0.017459
8499	0.018083
8500	0.016709
8501	0.017875
8502	0.017625
8503	0.021375
8504	0.017458
8505	0.018125
8506	0.017834
8507	0.017166
8508	0.0165
8509	0.016958
8510	0.018375
8511	0.017542
8512	0.016875
8513	0.018667
8514	0.017625
8515	0.017584
8516	0.019292
8517	0.018917
8518	0.018708
8519	0.020125
8520	0.020334
8521	0.01775
8522	0.017875
8523	0.019167
8524	0.016292
8525	0.016708
8526	0.018917
8527	0.016833
8528	0.018208
8529	0.017125
8530	0.018333
8531	0.017709
8532	0.016916
8533	0.017792
8534	0.01775
8535	0.016792
8536	0.017458
8537	0.034208
8538	0.02475
8539	0.019167
8540	0.018083
8541	0.019125
8542	0.0175
8543	0.016959
8544	0.017834
8545	0.017584
8546	0.018583
8547	0.017208
8548	0.017667
8549	0.019542
8550	0.017458
8551	0.020959
8552	0.019916
8553	0.017875
8554	0.017875
8555	0.021375
8556	0.018291
8557	0.021084
8558	0.02075
8559	0.018083
8560	0.019875
8561	0.0195
8562	0.018917
8563	0.021542
8564	0.01975
8565	0.019334
8566	0.021166
8567	0.021958
8568	0.020083
8569	0.019
8570	0.018791
8571	0.018834
8572	0.017375
8573	0.016875
8574	0.018833
8575	0.018584
8576	0.018166
8577	0.017416
8578	0.014875
8579	0.018583
8580	0.01575
8581	0.017792
8582	0.016542
8583	0.02275
8584	0.018375
8585	0.018542
8586	0.019958
8587	0.017959
8588	0.01775
8589	0.015541
8590	0.019041
8591	0.018333
8592	0.016042
8593	0.016542
8594	0.017167
8595	0.02
8596	0.023125
8597	0.019958
8598	0.018709
8599	0.019917
8600	0.017166
8601	0.017959
8602	0.016833
8603	0.017667
8604	0.019042
8605	0.132375
8606	0.077791
8607	0.052375
8608	0.044416
8609	0.042292
8610	0.041417
8611	0.048792
8612	0.022167
8613	0.0195
8614	0.017
8615	0.017667
8616	0.017208
8617	0.017
8618	0.016916
8619	0.01575
8620	0.016541
8621	0.017916
8622	0.018583
8623	0.017042
8624	0.0185
8625	0.017042
8626	0.016417
8627	0.017458
8628	0.015541
8629	0.016917
8630	0.016709
8631	0.016833
8632	0.0165
8633	0.016542
8634	0.019208
8635	0.017625
8636	0.02225
8637	0.0175
8638	0.022
8639	0.019542
8640	0.020708
8641	0.019875
8642	0.016959
8643	0.016375
8644	0.01625
8645	0.018
8646	0.019625
8647	0.019291
8648	0.015709
8649	0.018
8650	0.017708
8651	0.018042
8652	0.016833
8653	0.017334
8654	0.016958
8655	0.015375
8656	0.017084
8657	0.020666
8658	0.019166
8659	0.018834
8660	0.019041
8661	0.020917
8662	0.01725
8663	0.018167
8664	0.018625
8665	0.021292
8666	0.020125
8667	0.020167
8668	0.023875
8669	0.02025
8670	0.02
8671	0.017458
8672	0.017542
8673	0.016625
8674	0.017292
8675	0.017667
8676	0.017542
8677	0.016291
8678	0.017167
8679	0.017583
8680	0.032083
8681	0.015792
8682	0.018459
8683	0.018041
8684	0.018709
8685	0.016
8686	0.017417
8687	0.018625
8688	0.018541
8689	0.016584
8690	0.016333
8691	0.016584
8692	0.085625
8693	0.053542
8694	0.021583
8695	0.01975
8696	0.018416
8697	0.018334
8698	0.018042
8699	0.017333
8700	0.018125
8701	0.018167
8702	0.0175
8703	0.017583
8704	0.017917
8705	0.017541
8706	0.018792
8707	0.017375
8708	0.016708
8709	0.018125
8710	0.016125
8711	0.016667
8712	0.016833
8713	0.017542
8714	0.016666
8715	0.01675
8716	0.017459
8717	0.017708
8718	0.016417
8719	0.015208
8720	0.017625
8721	0.016667
8722	0.016875
8723	0.019208
8724	0.017958
8725	0.017667
8726	0.017708
8727	0.015542
8728	0.016542
8729	0.016958
8730	0.016208
8731	0.017208
8732	0.018917
8733	0.018375
8734	0.016
8735	0.017708
8736	0.018
8737	0.017083
8738	0.016625
8739	0.016666
8740	0.016667
8741	0.016833
8742	0.017416
8743	0.017167
8744	0.01825
8745	0.016916
8746	0.018208
8747	0.016917
8748	0.017167
8749	0.015375
8750	0.01875
8751	0.018459
8752	0.016833
8753	0.018375
8754	0.017583
8755	0.017042
8756	0.017583
8757	0.017292
8758	0.014875
8759	0.016875
8760	0.016167
8761	0.018458
8762	0.016792
8763	0.01675
8764	0.014875
8765	0.01875
8766	0.017042
8767	0.016209
8768	0.017125
8769	0.01725
8770	0.016292
8771	0.01575
8772	0.016417
8773	0.017375
8774	0.016583
8775	0.016959
8776	0.016333
8777	0.017417
8778	0.018458
8779	0.017542
8780	0.017084
8781	0.015458
8782	0.017875
8783	0.015959
8784	0.016416
8785	0.017416
8786	0.017375
8787	0.016917
8788	0.017916
8789	0.01625
8790	0.016958
8791	0.017958
8792	0.028708
8793	0.020916
8794	0.016791
8795	0.018041
8796	0.01825
8797	0.017958
8798	0.017167
8799	0.017041
8800	0.017417
8801	0.017459
8802	0.017083
8803	0.017291
8804	0.017958
8805	0.017167
8806	0.016625
8807	0.017125
8808	0.017375
8809	0.076125
8810	0.065417
8811	0.022833
8812	0.020041
8813	0.018917
8814	0.017708
8815	0.016625
8816	0.019417
8817	0.018167
8818	0.017458
8819	0.017375
8820	0.018042
8821	0.017
8822	0.032333
8823	0.018083
8824	0.018042
8825	0.01875
8826	0.017834
8827	0.017375
8828	0.016708
8829	0.015416
8830	0.017583
8831	0.015959
8832	0.017833
8833	0.01925
8834	0.016792
8835	0.017042
8836	0.016375
8837	0.016041
8838	0.016958
8839	0.017166
8840	0.017167
8841	0.016209
8842	0.016292
8843	0.016708
8844	0.015875
8845	0.017709
8846	0.016417
8847	0.016916
8848	0.017042
8849	0.016125
8850	0.01875
8851	0.017834
8852	0.01625
8853	0.016959
8854	0.018708
8855	0.017
8856	0.02075
8857	0.017916
8858	0.015875
8859	0.01725
8860	0.020458
8861	0.020042
8862	0.018959
8863	0.017875
8864	0.015833
8865	0.1115
8866	0.023125
8867	0.019625
8868	0.018959
8869	0.017958
8870	0.017
8871	0.01725
8872	0.018792
8873	0.017292
8874	0.019583
8875	0.017542
8876	0.018292
8877	0.017083
8878	0.019042
8879	0.0205
8880	0.018375
8881	0.016792
8882	0.017042
8883	0.01725
8884	0.01775
8885	0.016916
8886	0.01775
8887	0.0215
8888	0.018375
8889	0.016666
8890	0.015417
8891	0.017209
8892	0.017666
8893	0.01775
8894	0.017833
8895	0.016542
8896	0.018083
8897	0.018583
8898	0.018583
8899	0.018333
8900	0.0265
8901	0.01925
8902	0.016084
8903	0.015791
8904	0.019959
8905	0.019292
8906	0.018833
8907	0.020125
8908	0.02
8909	0.019042
8910	0.018292
8911	0.019167
8912	0.019
8913	0.018334
8914	0.015208
8915	0.022583
8916	0.020125
8917	0.015084
8918	0.017583
8919	0.015959
8920	0.016042
8921	0.0175
8922	0.017792
8923	0.017333
8924	0.017208
8925	0.016625
8926	0.016709
8927	0.017667
8928	0.01675
8929	0.015833
8930	0.016917
8931	0.015917
8932	0.016542
8933	0.016542
8934	0.017416
8935	0.016542
8936	0.075167
8937	0.049166
8938	0.017917
8939	0.017833
8940	0.016625
8941	0.0165
8942	0.015875
8943	0.017875
8944	0.016583
8945	0.017583
8946	0.0165
8947	0.015875
8948	0.018
8949	0.016083
8950	0.01625
8951	0.017333
8952	0.017917
8953	0.01625
8954	0.016083
8955	0.016875
8956	0.018166
8957	0.015166
8958	0.016459
8959	0.016917
8960	0.016708
8961	0.015959
8962	0.017458
8963	0.016625
8964	0.017167
8965	0.017583
8966	0.016875
8967	0.015958
8968	0.017042
8969	0.016708
8970	0.017792
8971	0.018083
8972	0.017083
8973	0.016667
8974	0.016916
8975	0.017292
8976	0.01725
8977	0.015917
8978	0.015958
8979	0.017375
8980	0.016875
8981	0.018208
8982	0.017417
8983	0.016459
8984	0.016125
8985	0.016916
8986	0.017458
8987	0.017167
8988	0.017292
8989	0.015833
8990	0.016291
8991	0.016583
8992	0.016084
8993	0.017917
8994	0.017042
8995	0.017166
8996	0.017125
8997	0.016958
8998	0.01825
8999	0.017875
9000	0.016458
9001	0.016167
9002	0.017167
9003	0.018291
9004	0.017833
9005	0.016
9006	0.017959
9007	0.017166
9008	0.016292
9009	0.017583
9010	0.017542
9011	0.016625
9012	0.016542
9013	0.016542
9014	0.017083
9015	0.016583
9016	0.016417
9017	0.017458
9018	0.016583
9019	0.016833
9020	0.016666
9021	0.016
9022	0.017416
9023	0.01775
9024	0.017583
9025	0.018083
9026	0.015833
9027	0.016792
9028	0.016542
9029	0.017041
9030	0.01725
9031	0.016666
9032	0.016667
9033	0.017708
9034	0.018041
9035	0.015167
9036	0.015417
9037	0.0165
9038	0.016125
9039	0.017167
9040	0.016042
9041	0.016458
9042	0.016417
9043	0.016209
9044	0.01575
9045	0.017583
9046	0.017334
9047	0.017208
9048	0.015542
9049	0.015959
9050	0.017
9051	0.016458
9052	0.016667
9053	0.017791
9054	0.017416
9055	0.016042
9056	0.01675
9057	0.017875
9058	0.016
9059	0.017458
9060	0.017042
9061	0.017208
9062	0.016834
9063	0.015958
9064	0.015166
9065	0.015666
9066	0.018
9067	0.016084
9068	0.016916
9069	0.017458
9070	0.016625
9071	0.016125
9072	0.01625
9073	0.017833
9074	0.017542
9075	0.016292
9076	0.014875
9077	0.016292
9078	0.016917
9079	0.018208
9080	0.018125
9081	0.01675
9082	0.016833
9083	0.0175
9084	0.017334
9085	0.017041
9086	0.017125
9087	0.0165
9088	0.016875
9089	0.0165
9090	0.0165
9091	0.017958
9092	0.018209
9093	0.016
9094	0.016833
9095	0.031167
9096	0.018333
9097	0.0165
9098	0.017291
9099	0.01625
9100	0.016041
9101	0.017291
9102	0.016916
9103	0.01725
9104	0.016709
9105	0.016625
9106	0.016333
9107	0.018458
9108	0.016667
9109	0.015042
9110	0.016667
9111	0.017666
9112	0.01625
9113	0.015959
9114	0.0175
9115	0.017875
9116	0.017417
9117	0.018083
9118	0.017834
9119	0.072791
9120	0.020125
9121	0.018333
9122	0.0175
9123	0.0165
9124	0.016333
9125	0.016083
9126	0.015083
9127	0.015625
9128	0.015209
9129	0.017583
9130	0.017209
9131	0.018042
9132	0.018042
9133	0.016
9134	0.018083
9135	0.022875
9136	0.018375
9137	0.016583
9138	0.017625
9139	0.017833
9140	0.017125
9141	0.017375
9142	0.019167
9143	0.017
9144	0.018209
9145	0.016667
9146	0.016458
9147	0.016375
9148	0.015542
9149	0.01575
9150	0.015834
9151	0.016
9152	0.015833
9153	0.0165
9154	0.015875
9155	0.016667
9156	0.017917
9157	0.022625
9158	0.019167
9159	0.043458
9160	0.017125
9161	0.017166
9162	0.01825
9163	0.015542
9164	0.018167
9165	0.016833
9166	0.016959
9167	0.016208
9168	0.015875
9169	0.017625
9170	0.017291
9171	0.016416
9172	0.016334
9173	0.016125
9174	0.015875
9175	0.01625
9176	0.017833
9177	0.017084
9178	0.0175
9179	0.013792
9180	0.015583
9181	0.017667
9182	0.016958
9183	0.017958
9184	0.01775
9185	0.016667
9186	0.017125
9187	0.018125
9188	0.017
9189	0.01675
9190	0.017792
9191	0.017
9192	0.01725
9193	0.016292
9194	0.01525
9195	0.016125
9196	0.016708
9197	0.016792
9198	0.016583
9199	0.016791
9200	0.017708
9201	0.015334
9202	0.016792
9203	0.01775
9204	0.016667
9205	0.014917
9206	0.01675
9207	0.016791
9208	0.018083
9209	0.016833
9210	0.017292
9211	0.0325
9212	0.017375
9213	0.016459
9214	0.016708
9215	0.017917
9216	0.015
9217	0.017042
9218	0.015375
9219	0.017291
9220	0.018166
9221	0.01675
9222	0.018
9223	0.015625
9224	0.016833
9225	0.01525
9226	0.016167
9227	0.016833
9228	0.016167
9229	0.016833
9230	0.016667
9231	0.01825
9232	0.015584
9233	0.016792
9234	0.015875
9235	0.016458
9236	0.016875
9237	0.01575
9238	0.016958
9239	0.017959
9240	0.016666
9241	0.0165
9242	0.017125
9243	0.017375
9244	0.0155
9245	0.017166
9246	0.017083
9247	0.016667
9248	0.015417
9249	0.017083
9250	0.016083
9251	0.016084
9252	0.016292
9253	0.016583
9254	0.015959
9255	0.014667
9256	0.021916
9257	0.01825
9258	0.019167
9259	0.018375
9260	0.018375
9261	0.018084
9262	0.017208
9263	0.017375
9264	0.017958
9265	0.017
9266	0.017291
9267	0.01675
9268	0.017917
9269	0.016708
9270	0.017125
9271	0.015833
9272	0.018917
9273	0.016625
9274	0.016375
9275	0.015375
9276	0.016708
9277	0.016792
9278	0.017833
9279	0.017459
9280	0.015625
9281	0.016625
9282	0.016333
9283	0.016209
9284	0.017583
9285	0.017459
9286	0.017042
9287	0.01625
9288	0.017125
9289	0.016833
9290	0.017791
9291	0.015834
9292	0.017
9293	0.016917
9294	0.017083
9295	0.014125
9296	0.015625
9297	0.015917
9298	0.016542
9299	0.016666
9300	0.016958
9301	0.016083
9302	0.01875
9303	0.017875
9304	0.017375
9305	0.016667
9306	0.017666
9307	0.015708
9308	0.016667
9309	0.015583
9310	0.016208
9311	0.016625
9312	0.017417
9313	0.016333
9314	0.015208
9315	0.017166
9316	0.016458
9317	0.017
9318	0.015166
9319	0.015791
9320	0.016042
9321	0.016667
9322	0.02475
9323	0.043042
9324	0.020292
9325	0.018667
9326	0.01775
9327	0.019125
9328	0.017792
9329	0.016375
9330	0.016583
9331	0.017125
9332	0.014459
9333	0.016583
9334	0.016417
9335	0.016833
9336	0.017917
9337	0.017375
9338	0.017
9339	0.014666
9340	0.016375
9341	0.018042
9342	0.016875
9343	0.016917
9344	0.014791
9345	0.017125
9346	0.017917
9347	0.015583
9348	0.016833
9349	0.01775
9350	0.015375
9351	0.017583
9352	0.016458
9353	0.015167
9354	0.016875
9355	0.017208
9356	0.016042
9357	0.015584
9358	0.015375
9359	0.016833
9360	0.015334
9361	0.016625
9362	0.017875
9363	0.017042
9364	0.01675
9365	0.01525
9366	0.017084
9367	0.017208
9368	0.017167
9369	0.015542
9370	0.016042
9371	0.01775
9372	0.016625
9373	0.018167
9374	0.019292
9375	0.014208
9376	0.016875
9377	0.017791
9378	0.017292
9379	0.017125
9380	0.017
9381	0.018125
9382	0.063375
9383	0.025042
9384	0.0185
9385	0.018583
9386	0.016542
9387	0.01675
9388	0.017
9389	0.018167
9390	0.016416
9391	0.016958
9392	0.016709
9393	0.015458
9394	0.016709
9395	0.017833
9396	0.0185
9397	0.016792
9398	0.016666
9399	0.015416
9400	0.017584
9401	0.016
9402	0.016125
9403	0.014667
9404	0.015709
9405	0.01825
9406	0.0175
9407	0.015584
9408	0.017208
9409	0.016583
9410	0.01825
9411	0.016125
9412	0.017083
9413	0.019209
9414	0.015542
9415	0.017792
9416	0.020542
9417	0.016083
9418	0.018667
9419	0.019292
9420	0.01825
9421	0.020792
9422	0.016333
9423	0.017375
9424	0.018417
9425	0.022208
9426	0.016041
9427	0.014125
9428	0.019333
9429	0.019458
9430	0.015834
9431	0.020792
9432	0.014875
9433	0.0205
9434	0.019041
9435	0.0185
9436	0.015833
9437	0.017084
9438	0.016125
9439	0.017208
9440	0.016
9441	0.015625
9442	0.015167
9443	0.01625
9444	0.017792
9445	0.016333
9446	0.016041
9447	0.014625
9448	0.017
9449	0.016291
9450	0.015292
9451	0.016417
9452	0.016792
9453	0.017
9454	0.016167
9455	0.016042
9456	0.017958
9457	0.017916
9458	0.015541
9459	0.015875
9460	0.016125
9461	0.017875
9462	0.016958
9463	0.020125
9464	0.017625
9465	0.020875
9466	0.021709
9467	0.017583
9468	0.018292
9469	0.017041
9470	0.01725
9471	0.016666
9472	0.01775
9473	0.01675
9474	0.016542
9475	0.091208
9476	0.050083
9477	0.019
9478	0.017458
9479	0.016542
9480	0.01875
9481	0.016833
9482	0.01625
9483	0.016625
9484	0.016625
9485	0.015709
9486	0.017125
9487	0.016292
9488	0.01775
9489	0.016333
9490	0.017084
9491	0.01725
9492	0.018834
9493	0.016375
9494	0.018333
9495	0.016042
9496	0.015584
9497	0.017334
9498	0.017292
9499	0.084416
9500	0.062292
9501	0.045917
9502	0.055708
9503	0.025584
9504	0.01875
9505	0.017458
9506	0.018834
9507	0.019125
9508	0.016333
9509	0.016833
9510	0.017375
9511	0.016375
9512	0.017583
9513	0.018375
9514	0.019583
9515	0.017625
9516	0.015584
9517	0.017167
9518	0.017958
9519	0.016084
9520	0.016083
9521	0.017083
9522	0.016958
9523	0.015375
9524	0.025583
9525	0.016917
9526	0.020042
9527	0.021792
9528	0.017958
9529	0.021209
9530	0.01975
9531	0.018083
9532	0.017292
9533	0.022917
9534	0.021334
9535	0.022583
9536	0.019333
9537	0.017375
9538	0.016417
9539	0.015458
9540	0.015875
9541	0.0325
9542	0.024292
9543	0.020875
9544	0.02
9545	0.018833
9546	0.019958
9547	0.021375
9548	0.020042
9549	0.01775
9550	0.016667
9551	0.020209
9552	0.018584
9553	0.018333
9554	0.016625
9555	0.017125
9556	0.019875
9557	0.017792
9558	0.018084
9559	0.018416
9560	0.018209
9561	0.019583
9562	0.017209
9563	0.01725
9564	0.017417
9565	0.017916
9566	0.016875
9567	0.015125
9568	0.0165
9569	0.017041
9570	0.017084
9571	0.016917
9572	0.018
9573	0.01875
9574	0.018
9575	0.017666
9576	0.016625
9577	0.0145
9578	0.030375
9579	0.021416
9580	0.019167
9581	0.017708
9582	0.016458
9583	0.016959
9584	0.015458
9585	0.016667
9586	0.017042
9587	0.01775
9588	0.016333
9589	0.017459
9590	0.017
9591	0.018916
9592	0.021583
9593	0.017917
9594	0.020208
9595	0.01825
9596	0.016541
9597	0.0175
9598	0.017333
9599	0.018084
9600	0.018291
9601	0.017667
9602	0.019416
9603	0.017875
9604	0.018042
9605	0.015459
9606	0.017125
9607	0.02375
9608	0.016041
9609	0.017417
9610	0.017917
9611	0.016375
9612	0.016042
9613	0.016083
9614	0.01675
9615	0.017709
9616	0.018375
9617	0.016333
9618	0.018458
9619	0.016125
9620	0.016334
9621	0.016625
9622	0.015167
9623	0.017625
9624	0.015209
9625	0.017083
9626	0.017375
9627	0.016625
9628	0.017584
9629	0.016083
9630	0.016291
9631	0.016875
9632	0.017
9633	0.0185
9634	0.018166
9635	0.016209
9636	0.016458
9637	0.01625
9638	0.017916
9639	0.016916
9640	0.015834
9641	0.016833
9642	0.015917
9643	0.016125
9644	0.017042
9645	0.0175
9646	0.015667
9647	0.017
9648	0.016792
9649	0.016875
9650	0.016666
9651	0.017125
9652	0.017708
9653	0.016708
9654	0.016333
9655	0.016292
9656	0.016875
9657	0.015917
9658	0.017167
9659	0.01475
9660	0.018333
9661	0.016584
9662	0.016375
9663	0.014542
9664	0.018292
9665	0.01625
9666	0.017333
9667	0.017166
9668	0.016667
9669	0.01775
9670	0.01725
9671	0.017833
9672	0.0155
9673	0.017792
9674	0.016292
9675	0.016667
9676	0.016042
9677	0.016667
9678	0.016333
9679	0.016375
9680	0.015666
9681	0.01625
9682	0.015583
9683	0.014875
9684	0.016125
9685	0.017209
9686	0.096833
9687	0.082042
9688	0.050667
9689	0.082208
9690	0.050458
9691	0.044209
9692	0.042083
9693	0.040708
9694	0.167917
9695	0.030958
9696	0.021958
9697	0.019708
9698	0.0155
9699	0.019958
9700	0.017041
9701	0.016416
9702	0.018291
9703	0.01725
9704	0.018208
9705	0.015959
9706	0.017291
9707	0.017209
9708	0.017333
9709	0.017709
9710	0.017333
9711	0.018
9712	0.018167
9713	0.018416
9714	0.015375
9715	0.016958
9716	0.017375
9717	0.018333
9718	0.017125
9719	0.017417
9720	0.017042
9721	0.01725
9722	0.0165
9723	0.032458
9724	0.01875
9725	0.014917
9726	0.017875
9727	0.016834
9728	0.018291
9729	0.018583
9730	0.01625
9731	0.016042
9732	0.015917
9733	0.017
9734	0.016833
9735	0.018292
9736	0.017167
9737	0.016709
9738	0.017042
9739	0.027208
9740	0.030583
9741	0.043417
9742	0.0165
9743	0.01625
9744	0.017875
9745	0.017625
9746	0.032958
9747	0.017417
9748	0.018042
9749	0.01675
9750	0.018292
9751	0.018292
9752	0.031583
9753	0.017042
9754	0.014625
9755	0.016541
9756	0.021584
9757	0.02275
9758	0.020125
9759	0.019792
9760	0.018
9761	0.017083
9762	0.01575
9763	0.01625
9764	0.017083
9765	0.016958
9766	0.041042
9767	0.026167
9768	0.021292
9769	0.018458
9770	0.018125
9771	0.018042
9772	0.017792
9773	0.014958
9774	0.016541
9775	0.017709
9776	0.018625
9777	0.015875
9778	0.016958
9779	0.014708
9780	0.018042
9781	0.146541
9782	0.081125
9783	0.049958
9784	0.048333
9785	0.051375
9786	0.021458
9787	0.017958
9788	0.016416
9789	0.016834
9790	0.017125
9791	0.016542
9792	0.015708
9793	0.014958
9794	0.034125
9795	0.018291
9796	0.015917
9797	0.016417
9798	0.018166
9799	0.016541
9800	0.0165
9801	0.017792
9802	0.016625
9803	0.016458
9804	0.01525
9805	0.017875
9806	0.017458
9807	0.018084
9808	0.016625
9809	0.018625
9810	0.015917
9811	0.017167
9812	0.016666
9813	0.017791
9814	0.01725
9815	0.016792
9816	0.016958
9817	0.01675
9818	0.016083
9819	0.017667
9820	0.017416
9821	0.016833
9822	0.0175
9823	0.016875
9824	0.015792
9825	0.017666
9826	0.016375
9827	0.016209
9828	0.016792
9829	0.017125
9830	0.017333
9831	0.01625
9832	0.015417
9833	0.015917
9834	0.016583
9835	0.017625
9836	0.017458
9837	0.017792
9838	0.017542
9839	0.0165
9840	0.018084
9841	0.016083
9842	0.015958
9843	0.015583
9844	0.017417
9845	0.017083
9846	0.015834
9847	0.015958
9848	0.017459
9849	0.017
9850	0.018208
9851	0.016292
9852	0.018666
9853	0.017958
9854	0.016792
9855	0.016417
9856	0.018042
9857	0.016917
9858	0.017167
9859	0.01625
9860	0.017542
9861	0.014083
9862	0.015333
9863	0.016
9864	0.01825
9865	0.015791
9866	0.018
9867	0.017125
9868	0.0165
9869	0.017708
9870	0.016333
9871	0.015083
9872	0.017583
9873	0.017667
9874	0.017917
9875	0.016958
9876	0.016167
9877	0.017792
9878	0.018042
9879	0.015958
9880	0.017125
9881	0.017459
9882	0.017375
9883	0.016958
9884	0.017334
9885	0.014334
9886	0.019416
9887	0.019791
9888	0.017708
9889	0.017542
9890	0.01775
9891	0.018542
9892	0.015
9893	0.024083
9894	0.019167
9895	0.016458
9896	0.015666
9897	0.018584
9898	0.0165
9899	0.017542
9900	0.016333
9901	0.017792
9902	0.016459
9903	0.016584
9904	0.016208
9905	0.018042
9906	0.016458
9907	0.017417
9908	0.018084
9909	0.0165
9910	0.017291
9911	0.017875
9912	0.015125
9913	0.018375
9914	0.017375
9915	0.016875
9916	0.0165
9917	0.017334
9918	0.018084
9919	0.018792
9920	0.017
9921	0.016167
9922	0.017125
9923	0.01725
9924	0.016625
9925	0.016708
9926	0.016209
9927	0.017791
9928	0.018
9929	0.01575
9930	0.016334
9931	0.014958
9932	0.01725
9933	0.0185
9934	0.017708
9935	0.017166
9936	0.018
9937	0.015917
9938	0.017792
9939	0.017292
9940	0.016208
9941	0.017166
9942	0.017375
9943	0.0165
9944	0.017416
9945	0.017917
9946	0.017917
9947	0.016833
9948	0.017583
9949	0.016125
9950	0.018375
9951	0.015834
9952	0.016709
9953	0.017458
9954	0.018125
9955	0.016458
9956	0.016334
9957	0.017458
9958	0.01675
9959	0.017375
9960	0.018417
9961	0.017791
9962	0.017292
9963	0.016084
9964	0.017042
9965	0.016708
9966	0.015458
9967	0.01925
9968	0.018125
9969	0.016083
9970	0.01625
9971	0.016
9972	0.015917
9973	0.018208
9974	0.015667
9975	0.016083
9976	0.020917
9977	0.017458
9978	0.0165
9979	0.017333
9980	0.017667
9981	0.017083
9982	0.016084
9983	0.017208
9984	0.017792
9985	0.016333
9986	0.015958
9987	0.016292
9988	0.018208
9989	0.016334
9990	0.017458
9991	0.016959
9992	0.016375
9993	0.016791
9994	0.016667
9995	0.016833
9996	0.016375
9997	0.016458
9998	0.017542
9999	0.016666
