index	elapsed_ms
0	20.689167
1	1.002208
2	0.438083
3	0.416125
4	0.466459
5	0.43825
6	0.428792
7	0.664667
8	0.36625
9	0.439792
10	0.345917
11	0.499792
12	0.412125
13	0.437459
14	0.277917
15	0.294083
16	0.253583
17	0.427542
18	0.275542
19	0.259208
20	0.331666
21	0.232708
22	0.231542
23	0.186958
24	0.124291
25	0.126709
26	0.114583
27	0.111459
28	0.158292
29	0.11925
30	0.115042
31	0.117541
32	0.143875
33	0.14525
34	0.12925
35	0.115042
36	0.335458
37	0.113667
38	0.110834
39	0.11425
40	0.107208
41	0.135458
42	0.132583
43	0.108625
44	0.249125
45	0.110083
46	0.105459
47	0.109458
48	0.102041
49	0.101292
50	0.102583
51	0.109166
52	0.104666
53	0.106833
54	0.10675
55	0.151417
56	0.101792
57	0.105916
58	0.317292
59	0.227625
60	0.125958
61	0.108625
62	0.122416
63	0.719583
64	0.216708
65	0.102958
66	0.1165
67	0.111625
68	0.136583
69	0.223125
70	0.112166
71	0.108417
72	0.099166
73	0.096167
74	0.096792
75	0.093542
76	0.189083
77	0.111958
78	0.09725
79	0.093
80	0.089791
81	0.089625
82	0.088667
83	0.091791
84	0.091833
85	0.096
86	0.090958
87	0.229542
88	0.12225
89	0.102417
90	0.139667
91	0.103625
92	0.093084
93	0.093708
94	0.096416
95	0.183625
96	0.097458
97	0.099041
98	0.199125
99	0.109167
100	0.094167
101	0.093
102	0.158166
103	0.093333
104	0.091375
105	0.08825
106	0.086375
107	0.089583
108	0.087292
109	0.089541
110	0.087166
111	0.102792
112	0.096083
113	0.087375
114	0.115833
115	0.083958
116	0.366416
117	0.241792
118	0.083208
119	0.078458
120	0.073583
121	0.099458
122	0.071875
123	0.074875
124	0.091583
125	0.069875
126	0.073166
127	0.106667
128	0.16525
129	0.101209
130	0.087708
131	0.075666
132	0.149125
133	0.081708
134	0.072834
135	0.073417
136	0.070458
137	0.069
138	0.129042
139	0.089083
140	0.075
141	0.074125
142	0.1185
143	0.089459
144	0.280167
145	0.273208
146	0.189709
147	0.191042
148	0.106708
149	0.07675
150	0.071875
151	0.072208
152	0.067166
153	0.092125
154	0.0825
155	0.072584
156	0.068959
157	0.067167
158	0.098791
159	0.239291
160	0.226709
161	0.190583
162	0.137583
163	0.0885
164	0.09825
165	0.075792
166	0.0665
167	0.089291
168	0.0655
169	0.065834
170	0.064125
171	0.068667
172	0.066167
173	0.072833
174	0.065125
175	0.063875
176	0.076042
177	0.067125
178	0.069875
179	0.061625
180	0.069208
181	0.062959
182	0.067625
183	0.065917
184	0.064041
185	0.072667
186	0.126167
187	0.130792
188	0.074584
189	0.065
190	0.065125
191	0.111625
192	0.077792
193	0.069083
194	0.073375
195	0.068875
196	0.06675
197	0.064083
198	0.063541
199	0.082209
200	0.102083
201	0.100583
202	0.071375
203	0.063417
204	0.063834
205	0.116958
206	0.093667
207	0.0755
208	0.068458
209	0.0715
210	0.088584
211	0.126625
212	0.07
213	0.071583
214	0.062542
215	0.090458
216	0.062375
217	0.061709
218	0.061834
219	0.061708
220	0.061625
221	0.063125
222	0.066875
223	0.061625
224	0.062208
225	0.061542
226	0.066875
227	0.0795
228	0.074791
229	0.071834
230	0.068834
231	0.086625
232	0.063541
233	0.064459
234	0.063791
235	0.067125
236	0.063334
237	0.217083
238	0.101083
239	0.064917
240	0.073875
241	0.061916
242	0.090041
243	0.191834
244	0.074416
245	0.065083
246	0.083667
247	0.069083
248	0.062208
249	0.074792
250	0.062583
251	0.13625
252	0.076542
253	0.066792
254	0.064625
255	0.290167
256	0.074791
257	0.065042
258	0.071167
259	0.072708
260	0.075333
261	0.063334
262	0.060791
263	0.067667
264	0.078958
265	0.063125
266	0.059625
267	0.06025
268	0.05925
269	0.072084
270	0.080917
271	0.063916
272	0.15525
273	0.076833
274	0.059417
275	0.05925
276	0.062917
277	0.057917
278	0.059041
279	0.066917
280	0.061167
281	0.059875
282	0.063083
283	0.063333
284	0.062125
285	0.058583
286	0.071875
287	0.058875
288	0.060167
289	0.058583
290	0.140083
291	0.074541
292	0.064041
293	0.058958
294	0.058541
295	0.083417
296	0.058625
297	0.063584
298	0.059208
299	0.058084
300	0.058292
301	0.057916
302	0.058458
303	0.068542
304	0.088792
305	0.054042
306	0.0525
307	0.054166
308	0.051916
309	0.050417
310	0.050417
311	0.057166
312	0.051792
313	0.049916
314	0.134667
315	0.062041
316	0.052708
317	0.05075
318	0.050416
319	0.064792
320	0.051958
321	0.049875
322	0.049417
323	0.050375
324	0.051375
325	0.051625
326	0.050541
327	0.054958
328	0.052209
329	0.048916
330	0.049458
331	0.050208
332	0.050292
333	0.048708
334	0.050542
335	0.053625
336	0.05575
337	0.049
338	0.081833
339	0.05025
340	0.051084
341	0.0495
342	0.049042
343	0.088375
344	0.05075
345	0.0495
346	0.049292
347	0.047667
348	0.049208
349	0.050792
350	0.143208
351	0.081291
352	0.049167
353	0.048542
354	0.049292
355	0.049583
356	0.063042
357	0.0485
358	0.050708
359	0.0545
360	0.052458
361	0.053208
362	0.076625
363	0.175792
364	0.052916
365	0.05175
366	0.0495
367	0.048125
368	0.056834
369	0.064833
370	0.050708
371	0.047417
372	0.100417
373	0.153084
374	0.163167
375	0.058625
376	0.048
377	0.071541
378	0.13725
379	0.121125
380	0.096459
381	0.054875
382	0.051042
383	0.06075
384	0.0495
385	0.047917
386	0.0485
387	0.051
388	0.053667
389	0.048084
390	0.047125
391	0.052209
392	0.047416
393	0.049
394	0.046125
395	0.046292
396	0.0475
397	0.047084
398	0.048292
399	0.048334
400	0.051
401	0.056917
402	0.046417
403	0.046833
404	0.047666
405	0.04775
406	0.046125
407	0.0585
408	0.046917
409	0.046708
410	0.047292
411	0.047042
412	0.049917
413	0.046042
414	0.047041
415	0.048459
416	0.04875
417	0.050791
418	0.047333
419	0.051584
420	0.047041
421	0.046667
422	0.047375
423	0.061084
424	0.09425
425	0.046917
426	0.046125
427	0.071083
428	0.046666
429	0.046958
430	0.053
431	0.047
432	0.048792
433	0.045167
434	0.044583
435	0.046084
436	0.052667
437	0.046375
438	0.0465
439	0.04825
440	0.045834
441	0.106375
442	0.049666
443	0.04325
444	0.045834
445	0.045166
446	0.045417
447	0.049125
448	0.045
449	0.045
450	0.045708
451	0.069208
452	0.050583
453	0.04575
454	0.078375
455	0.075167
456	0.046833
457	0.044542
458	0.04375
459	0.044208
460	0.05625
461	0.043209
462	0.045084
463	0.042959
464	0.043209
465	0.043125
466	0.045958
467	0.043542
468	0.044583
469	0.044
470	0.043291
471	0.047459
472	0.04325
473	0.125792
474	0.046041
475	0.046708
476	0.0435
477	0.043791
478	0.043917
479	0.04425
480	0.048667
481	0.043125
482	0.042542
483	0.042625
484	0.043375
485	0.044041
486	0.043917
487	0.050833
488	0.04325
489	0.043375
490	0.044417
491	0.043875
492	0.073584
493	0.112916
494	0.051917
495	0.043041
496	0.044375
497	0.042666
498	0.043708
499	0.043083
500	0.043834
501	0.042417
502	0.043
503	0.046209
504	0.042667
505	0.042292
506	0.042708
507	0.052792
508	0.066916
509	0.048292
510	0.046209
511	0.078042
512	0.044084
513	0.043208
514	0.051583
515	0.045959
516	0.1095
517	0.046541
518	0.04375
519	0.148459
520	0.062083
521	0.058708
522	0.048792
523	0.043375
524	0.06525
525	0.070459
526	0.050667
527	0.086291
528	0.043125
529	0.041833
530	0.0415
531	0.04275
532	0.046208
533	0.042584
534	0.043166
535	0.122416
536	0.142667
537	0.044375
538	0.042542
539	0.042417
540	0.042417
541	0.042541
542	0.043167
543	0.041666
544	0.042708
545	0.057208
546	0.045083
547	0.043375
548	0.044584
549	0.042292
550	0.042375
551	0.045083
552	0.041542
553	0.042167
554	0.045917
555	0.041125
556	0.0435
557	0.042
558	0.04275
559	0.043333
560	0.041792
561	0.043125
562	0.041833
563	0.044166
564	0.043709
565	0.0425
566	0.043375
567	0.051167
568	0.054416
569	0.062458
570	0.047208
571	0.044958
572	0.047542
573	0.043208
574	0.0445
575	0.04575
576	0.043625
577	0.043666
578	0.042125
579	0.04275
580	0.0855
581	0.149959
582	0.1
583	0.051083
584	0.043875
585	0.043042
586	0.042667
587	0.042208
588	0.0425
589	0.042958
590	0.043583
591	0.043542
592	0.042666
593	0.042792
594	0.041833
595	0.042875
596	0.041875
597	0.064209
598	0.042875
599	0.044917
600	0.045083
601	0.041708
602	0.042
603	0.042
604	0.063875
605	0.04325
606	0.04225
607	0.043625
608	0.041416
609	0.043125
610	0.041792
611	0.043792
612	0.042542
613	0.042875
614	0.043
615	0.063208
616	0.04025
617	0.039708
618	0.04075
619	0.039666
620	0.040292
621	0.038625
622	0.0405
623	0.040666
624	0.043
625	0.039958
626	0.039375
627	0.040458
628	0.138709
629	0.043708
630	0.039459
631	0.041916
632	0.041166
633	0.040083
634	0.039334
635	0.039667
636	0.04025
637	5.142917
638	0.056959
639	0.043833
640	0.041458
641	0.040708
642	0.042583
643	0.041458
644	0.041708
645	0.039792
646	0.0395
647	0.044291
648	0.039875
649	0.0405
650	0.039
651	0.040792
652	0.04025
653	0.039
654	0.039792
655	0.141625
656	0.045
657	0.031375
658	0.032375
659	0.034083
660	0.031792
661	0.033042
662	0.033917
663	0.033417
664	0.030666
665	0.029959
666	0.030417
667	0.032333
668	0.0325
669	0.032125
670	0.084917
671	0.033542
672	0.03325
673	0.0325
674	0.033375
675	0.033625
676	0.033083
677	0.031833
678	0.031458
679	0.033416
680	0.031459
681	0.032583
682	0.032041
683	0.032625
684	0.03375
685	0.032333
686	0.032834
687	0.032166
688	0.030791
689	0.03275
690	0.0325
691	0.056
692	0.087958
693	0.034208
694	0.032917
695	0.031791
696	0.031291
697	0.033708
698	0.031375
699	0.030375
700	0.032625
701	0.033042
702	0.031125
703	0.0315
704	0.033833
705	0.033958
706	0.033291
707	0.032333
708	0.033041
709	0.030417
710	0.031792
711	0.033959
712	0.033584
713	0.030792
714	0.030916
715	0.031291
716	0.034041
717	0.032375
718	0.032
719	0.031625
720	0.032125
721	0.032583
722	0.032875
723	0.033125
724	0.040292
725	0.036584
726	0.032958
727	0.032625
728	0.032083
729	0.03075
730	0.031916
731	0.032167
732	0.031667
733	0.031375
734	0.032125
735	0.032792
736	0.032042
737	0.039667
738	0.032125
739	0.032875
740	0.030375
741	0.035
742	0.031458
743	0.031959
744	0.030292
745	0.031208
746	0.034375
747	0.032208
748	0.032167
749	0.031125
750	0.040417
751	0.032916
752	0.032458
753	0.031542
754	0.032958
755	0.032708
756	0.032167
757	0.031208
758	0.07875
759	0.108
760	0.076708
761	0.079541
762	0.038458
763	0.032791
764	0.031875
765	0.033583
766	0.032417
767	0.033167
768	0.034125
769	0.033792
770	0.0315
771	0.031541
772	0.032167
773	0.032625
774	0.030042
775	0.03375
776	0.031958
777	0.032459
778	0.032458
779	0.031875
780	0.032333
781	0.031541
782	0.030708
783	0.032833
784	0.031834
785	0.032375
786	0.032833
787	0.031791
788	0.032417
789	0.032458
790	0.033
791	0.03175
792	0.031834
793	0.032167
794	0.030875
795	0.031917
796	0.031583
797	0.031458
798	0.033584
799	0.030792
800	0.032542
801	0.032416
802	0.031875
803	0.030833
804	0.033167
805	0.031042
806	0.031833
807	0.035209
808	0.032083
809	0.031459
810	0.032875
811	0.03225
812	0.0295
813	0.032
814	0.032167
815	0.030958
816	0.032417
817	0.030667
818	0.032208
819	0.030416
820	0.032458
821	0.03175
822	0.03175
823	0.034
824	0.033084
825	0.033917
826	0.031083
827	0.032583
828	0.033041
829	0.04125
830	0.0315
831	0.031708
832	0.03275
833	0.031709
834	0.031792
835	0.031042
836	0.032
837	0.032375
838	0.030667
839	0.032292
840	0.03075
841	0.031416
842	0.031916
843	0.03225
844	0.032792
845	0.031791
846	0.032458
847	0.032667
848	0.033209
849	0.032458
850	0.03225
851	0.032958
852	0.031833
853	0.03125
854	0.031041
855	0.033125
856	0.030917
857	0.031167
858	0.031583
859	0.032041
860	0.031625
861	0.029833
862	0.03225
863	0.032833
864	0.031959
865	0.031708
866	0.031958
867	0.031834
868	0.031042
869	0.031167
870	0.033584
871	0.032042
872	0.032041
873	0.030208
874	0.031416
875	0.032292
876	0.041083
877	0.036417
878	0.030958
879	0.0315
880	0.030834
881	0.032292
882	0.031458
883	0.031916
884	0.032084
885	0.031417
886	0.030167
887	0.03175
888	0.030583
889	0.029375
890	0.03025
891	0.0315
892	0.034459
893	0.02975
894	0.031292
895	0.032792
896	0.031625
897	0.031916
898	0.03625
899	0.031417
900	0.032375
901	0.031083
902	0.031208
903	0.03225
904	0.0305
905	0.044667
906	0.032875
907	0.037667
908	0.03
909	0.030375
910	0.031292
911	0.030459
912	0.0315
913	0.0305
914	0.031333
915	0.031458
916	0.028958
917	0.030959
918	0.029625
919	0.03075
920	0.032083
921	0.029916
922	0.029541
923	0.0305
924	0.030458
925	0.032125
926	0.030542
927	0.031709
928	0.029792
929	0.029125
930	0.03025
931	0.03
932	0.031
933	0.029083
934	0.030375
935	0.02975
936	0.030208
937	0.029708
938	0.028916
939	0.030458
940	0.030625
941	0.030291
942	0.029666
943	0.028291
944	0.030791
945	0.03025
946	0.030417
947	0.029667
948	0.030208
949	0.031375
950	0.103916
951	0.033125
952	0.030333
953	0.029708
954	0.030084
955	0.029459
956	0.031208
957	0.031291
958	0.030958
959	0.030166
960	0.030459
961	0.030625
962	0.030208
963	0.035959
964	0.029833
965	0.030666
966	0.029791
967	0.032
968	0.03
969	0.035667
970	0.030125
971	0.029667
972	0.030625
973	0.030083
974	0.030958
975	0.029458
976	0.029167
977	0.029459
978	0.029875
979	0.030084
980	0.030458
981	0.03025
982	0.03075
983	0.031
984	0.030208
985	0.031333
986	0.031209
987	0.031333
988	0.030917
989	0.0295
990	0.031333
991	0.030125
992	0.028541
993	0.030375
994	0.030667
995	0.0315
996	0.031084
997	0.029167
998	0.03075
999	0.031541
1000	0.029291
1001	0.029375
1002	0.029833
1003	0.030208
1004	0.030833
1005	0.029833
1006	0.031
1007	0.027959
1008	0.029833
1009	0.030958
1010	0.029709
1011	0.030542
1012	0.031667
1013	0.029875
1014	0.031625
1015	0.0305
1016	0.030625
1017	0.03125
1018	0.030958
1019	0.030875
1020	0.03125
1021	0.030875
1022	0.029666
1023	0.0305
1024	0.036375
1025	0.030875
1026	0.030292
1027	0.031
1028	0.031083
1029	0.02975
1030	0.031125
1031	0.039917
1032	0.030167
1033	0.030834
1034	0.030708
1035	0.030541
1036	0.029041
1037	0.030041
1038	0.031
1039	0.029583
1040	0.027833
1041	0.030708
1042	0.030625
1043	0.030167
1044	0.04
1045	0.029708
1046	0.031292
1047	0.03025
1048	0.030875
1049	0.031084
1050	0.029833
1051	0.030625
1052	0.032
1053	0.03075
1054	0.030625
1055	0.029417
1056	0.030334
1057	0.038667
1058	0.030583
1059	0.030417
1060	0.031833
1061	0.032208
1062	0.03
1063	0.03125
1064	0.031292
1065	0.029625
1066	0.032541
1067	0.032459
1068	0.030333
1069	0.030709
1070	0.029792
1071	0.031708
1072	0.029416
1073	0.031375
1074	0.031333
1075	0.029083
1076	0.032042
1077	0.031125
1078	0.029083
1079	0.031709
1080	0.030833
1081	0.032
1082	0.030625
1083	0.032208
1084	0.029792
1085	0.030208
1086	0.0555
1087	0.037875
1088	0.035375
1089	0.032167
1090	0.032208
1091	0.033084
1092	0.031708
1093	0.04225
1094	0.031833
1095	0.038833
1096	0.031208
1097	0.0315
1098	0.030833
1099	0.031042
1100	0.030958
1101	0.03625
1102	0.031208
1103	0.030291
1104	0.034791
1105	0.032
1106	0.031458
1107	0.031084
1108	0.031458
1109	0.030958
1110	0.031833
1111	0.031541
1112	0.032083
1113	0.030625
1114	0.031
1115	0.031292
1116	0.030917
1117	0.031417
1118	0.030833
1119	0.032292
1120	0.031
1121	0.031166
1122	0.031125
1123	0.030333
1124	0.030584
1125	0.031125
1126	0.032166
1127	0.032334
1128	0.030625
1129	0.030958
1130	0.03
1131	0.03175
1132	0.031667
1133	0.03125
1134	0.036833
1135	0.032875
1136	0.032291
1137	0.031166
1138	0.0315
1139	0.066208
1140	0.030083
1141	0.080459
1142	0.032125
1143	0.030666
1144	0.031334
1145	0.03225
1146	0.032042
1147	0.030208
1148	0.029583
1149	0.029125
1150	0.032084
1151	0.032292
1152	0.030875
1153	0.032042
1154	0.076458
1155	0.03475
1156	0.03225
1157	0.03175
1158	0.032083
1159	0.031041
1160	0.031541
1161	0.032208
1162	0.033125
1163	0.033125
1164	0.02925
1165	0.031333
1166	0.030667
1167	0.029791
1168	0.033208
1169	0.031875
1170	0.044833
1171	0.033917
1172	0.030459
1173	0.028708
1174	0.030666
1175	0.036916
1176	0.030708
1177	0.036208
1178	0.03425
1179	0.030875
1180	0.035875
1181	0.03375
1182	0.031792
1183	0.036333
1184	0.032583
1185	0.031333
1186	0.032
1187	0.029125
1188	0.033709
1189	0.036042
1190	0.032167
1191	0.029208
1192	0.03275
1193	0.038375
1194	0.031916
1195	0.030625
1196	0.030583
1197	0.033
1198	0.031167
1199	0.031583
1200	0.030583
1201	0.030042
1202	0.032208
1203	0.031125
1204	0.031083
1205	0.031542
1206	0.030959
1207	0.0315
1208	0.030834
1209	0.030416
1210	0.030875
1211	0.03175
1212	0.031583
1213	0.02975
1214	0.031209
1215	0.032333
1216	0.031334
1217	0.043
1218	0.034
1219	0.031667
1220	0.031625
1221	0.031292
1222	0.033125
1223	0.032583
1224	0.031708
1225	0.029875
1226	0.030917
1227	0.030625
1228	0.031792
1229	0.031166
1230	0.030167
1231	0.066792
1232	0.1525
1233	0.051791
1234	0.041083
1235	0.032291
1236	0.03075
1237	0.029959
1238	0.031958
1239	0.033166
1240	0.031542
1241	0.029
1242	0.030875
1243	0.029666
1244	0.029875
1245	0.030625
1246	0.02925
1247	0.030083
1248	0.032042
1249	0.030542
1250	0.031167
1251	0.031334
1252	0.029958
1253	0.03125
1254	0.031958
1255	0.028125
1256	0.03125
1257	0.032041
1258	0.032208
1259	0.030625
1260	0.034541
1261	0.029125
1262	0.030292
1263	0.027417
1264	0.029791
1265	0.035667
1266	0.033584
1267	0.028
1268	0.026708
1269	0.02725
1270	0.028417
1271	0.027667
1272	0.032042
1273	0.028667
1274	0.028917
1275	0.030875
1276	0.0285
1277	0.029458
1278	0.026125
1279	0.028791
1280	0.02925
1281	0.02925
1282	0.02975
1283	0.030792
1284	0.044958
1285	0.029417
1286	0.028584
1287	0.030083
1288	0.074833
1289	0.029917
1290	0.037416
1291	0.030125
1292	0.031791
1293	0.030958
1294	0.026958
1295	0.028416
1296	0.035
1297	0.029458
1298	0.030208
1299	0.028166
1300	0.028625
1301	0.02825
1302	0.041417
1303	0.033875
1304	0.050458
1305	0.051625
1306	0.027959
1307	0.036542
1308	0.027958
1309	0.028958
1310	0.030959
1311	0.028625
1312	0.028667
1313	0.029125
1314	0.026166
1315	0.058416
1316	0.031375
1317	0.028083
1318	0.028042
1319	0.030709
1320	0.02825
1321	0.029209
1322	0.040667
1323	0.027708
1324	0.028209
1325	0.026833
1326	0.027167
1327	0.027
1328	0.028542
1329	0.029334
1330	0.026625
1331	0.027584
1332	0.026083
1333	0.028791
1334	0.029375
1335	0.030166
1336	0.029666
1337	0.030625
1338	0.028916
1339	0.026792
1340	0.030167
1341	0.028333
1342	0.030292
1343	0.02975
1344	0.029041
1345	0.028167
1346	0.027083
1347	0.028334
1348	0.028291
1349	0.027334
1350	0.030333
1351	0.04375
1352	0.029208
1353	0.030417
1354	0.027958
1355	0.028083
1356	0.027875
1357	0.029416
1358	0.028708
1359	0.02775
1360	0.028167
1361	0.026708
1362	0.0285
1363	0.029292
1364	0.028542
1365	0.027375
1366	0.029042
1367	0.029041
1368	0.028916
1369	0.027208
1370	0.027917
1371	0.02825
1372	0.026334
1373	0.026458
1374	0.029125
1375	0.028958
1376	0.027375
1377	0.028667
1378	0.028541
1379	0.026416
1380	0.028542
1381	0.029625
1382	0.029792
1383	0.027958
1384	0.029584
1385	0.028875
1386	0.029375
1387	0.02825
1388	0.027417
1389	0.031166
1390	0.028666
1391	0.028709
1392	0.027791
1393	0.028959
1394	0.029083
1395	0.029
1396	0.028125
1397	0.031083
1398	0.0295
1399	0.029958
1400	0.029334
1401	0.028833
1402	0.027583
1403	0.029334
1404	0.027958
1405	0.028208
1406	0.028625
1407	0.031375
1408	0.030166
1409	0.028125
1410	0.02775
1411	0.029375
1412	0.028292
1413	0.027917
1414	0.029375
1415	0.035042
1416	0.030083
1417	0.028708
1418	0.026959
1419	0.029333
1420	0.028417
1421	0.029125
1422	0.029917
1423	0.028542
1424	0.035625
1425	0.027417
1426	0.025708
1427	0.026834
1428	0.028583
1429	0.029417
1430	0.03
1431	0.029042
1432	0.027083
1433	0.027667
1434	0.028708
1435	0.028875
1436	0.030041
1437	0.028291
1438	0.029583
1439	0.028459
1440	0.0295
1441	0.027958
1442	0.028875
1443	0.030208
1444	0.027959
1445	0.02875
1446	0.027459
1447	0.029333
1448	0.027792
1449	0.02875
1450	0.025875
1451	0.028
1452	0.0275
1453	0.028459
1454	0.028917
1455	0.028875
1456	0.027917
1457	0.028875
1458	0.029083
1459	0.027792
1460	0.0285
1461	0.026625
1462	0.03
1463	0.027833
1464	0.027959
1465	0.028208
1466	0.028375
1467	0.02775
1468	0.029667
1469	0.027833
1470	0.027083
1471	0.029959
1472	0.029667
1473	0.0295
1474	0.02975
1475	0.030083
1476	0.028916
1477	0.028416
1478	0.025667
1479	0.035625
1480	0.027708
1481	0.02775
1482	0.02925
1483	0.027625
1484	0.029
1485	0.028625
1486	0.030459
1487	0.028416
1488	0.03
1489	0.027916
1490	0.028083
1491	0.026125
1492	0.027584
1493	0.028583
1494	0.029875
1495	0.029041
1496	0.028667
1497	0.029459
1498	0.0265
1499	0.028333
1500	0.0255
1501	0.027125
1502	0.029334
1503	0.026875
1504	0.025583
1505	0.030416
1506	0.028167
1507	0.026708
1508	0.029208
1509	0.036333
1510	0.030042
1511	0.028958
1512	0.029291
1513	0.029416
1514	0.0285
1515	0.027375
1516	0.028708
1517	0.028542
1518	0.02875
1519	0.028916
1520	0.045833
1521	0.037875
1522	0.041292
1523	0.031583
1524	0.029708
1525	0.033666
1526	0.031166
1527	0.035916
1528	0.030333
1529	0.032708
1530	0.033125
1531	0.030791
1532	0.031625
1533	0.032958
1534	0.03225
1535	0.0315
1536	0.028709
1537	0.031875
1538	0.031292
1539	0.031833
1540	0.032541
1541	0.030583
1542	0.03175
1543	0.030833
1544	0.034042
1545	0.035792
1546	0.031
1547	0.029375
1548	0.0325
1549	0.030459
1550	0.031916
1551	0.032875
1552	0.030625
1553	0.02975
1554	0.032
1555	0.031291
1556	0.031584
1557	0.029291
1558	0.031958
1559	0.033375
1560	0.033
1561	0.032417
1562	0.029959
1563	0.032875
1564	0.031834
1565	0.03225
1566	0.032708
1567	0.030417
1568	0.032667
1569	0.03125
1570	0.028708
1571	0.030958
1572	0.031375
1573	0.0335
1574	0.032875
1575	0.032625
1576	0.030875
1577	0.029292
1578	0.030125
1579	0.029083
1580	0.031
1581	0.032583
1582	0.033333
1583	0.03075
1584	0.0325
1585	0.031625
1586	0.032125
1587	0.031792
1588	0.05
1589	0.032875
1590	0.0325
1591	0.033792
1592	0.036959
1593	0.032875
1594	0.03375
1595	0.031041
1596	0.032083
1597	0.030834
1598	0.029417
1599	0.032459
1600	0.03325
1601	0.030917
1602	0.03075
1603	0.030833
1604	0.032042
1605	0.032792
1606	0.031292
1607	0.030875
1608	0.031
1609	0.032
1610	0.031584
1611	0.030709
1612	0.030959
1613	0.031083
1614	0.03025
1615	0.033125
1616	0.03325
1617	0.032291
1618	0.031666
1619	0.032291
1620	0.029333
1621	0.042083
1622	0.029167
1623	0.031375
1624	0.02975
1625	0.032375
1626	0.035875
1627	0.031417
1628	0.033583
1629	0.03175
1630	0.031
1631	0.032458
1632	0.032291
1633	0.029584
1634	0.03
1635	0.030292
1636	0.031542
1637	0.02975
1638	0.030833
1639	0.034459
1640	0.031375
1641	0.02875
1642	0.027792
1643	0.0295
1644	0.029542
1645	0.029709
1646	0.037958
1647	0.027292
1648	0.028542
1649	0.028458
1650	0.028792
1651	0.027417
1652	0.029625
1653	0.029459
1654	0.028875
1655	0.028459
1656	0.028375
1657	0.029417
1658	0.028542
1659	0.02675
1660	0.026458
1661	0.029125
1662	0.027542
1663	0.028875
1664	0.02875
1665	0.028584
1666	0.027375
1667	0.031583
1668	0.030292
1669	0.028083
1670	0.029416
1671	0.029125
1672	0.028041
1673	0.0285
1674	0.029333
1675	0.029792
1676	0.029417
1677	0.03
1678	0.028
1679	0.0285
1680	0.027834
1681	0.028708
1682	0.0275
1683	0.029875
1684	0.029459
1685	0.034125
1686	0.029708
1687	0.028542
1688	0.028542
1689	0.028709
1690	0.028958
1691	0.029709
1692	0.028416
1693	0.030292
1694	0.024709
1695	0.031083
1696	0.028583
1697	0.029583
1698	0.028917
1699	0.027292
1700	0.029208
1701	0.029625
1702	0.026834
1703	0.027334
1704	0.027583
1705	0.026625
1706	0.028291
1707	0.028
1708	0.027666
1709	0.028625
1710	0.029208
1711	0.029875
1712	0.028875
1713	0.026584
1714	0.028791
1715	0.030541
1716	0.028167
1717	0.027792
1718	0.028333
1719	0.029583
1720	0.027167
1721	0.028667
1722	0.028542
1723	0.028583
1724	0.028333
1725	0.028916
1726	0.028459
1727	0.028084
1728	0.028875
1729	0.028166
1730	0.029084
1731	0.028667
1732	0.029583
1733	0.027417
1734	0.025166
1735	0.029416
1736	0.028166
1737	0.030458
1738	0.029084
1739	0.0285
1740	0.029875
1741	0.029875
1742	0.029041
1743	0.028209
1744	0.027875
1745	0.029584
1746	0.029333
1747	0.028375
1748	0.026792
1749	0.0395
1750	0.032583
1751	0.0275
1752	0.028625
1753	0.02675
1754	0.0255
1755	0.027375
1756	0.027333
1757	0.026625
1758	0.027667
1759	0.027334
1760	0.028541
1761	0.028042
1762	0.026833
1763	0.0285
1764	0.027416
1765	0.034417
1766	0.029584
1767	0.027
1768	0.028667
1769	0.02875
1770	0.046542
1771	0.02925
1772	0.024292
1773	0.026334
1774	0.026083
1775	0.063208
1776	0.02875
1777	0.028417
1778	0.026291
1779	0.029334
1780	0.025833
1781	0.02725
1782	0.026834
1783	0.026042
1784	0.028375
1785	0.0265
1786	0.026917
1787	0.029042
1788	0.031584
1789	0.030792
1790	0.0285
1791	0.025666
1792	0.02725
1793	0.026583
1794	0.02675
1795	0.026542
1796	0.028417
1797	0.0275
1798	0.026625
1799	0.025708
1800	0.027459
1801	0.025792
1802	0.025583
1803	0.025959
1804	0.026375
1805	0.023792
1806	0.027083
1807	0.027208
1808	0.030166
1809	0.028166
1810	0.025666
1811	0.026583
1812	0.026833
1813	0.027625
1814	0.027625
1815	0.025333
1816	0.025625
1817	0.028041
1818	0.027625
1819	0.028542
1820	0.026917
1821	0.027958
1822	0.027333
1823	0.034334
1824	0.0275
1825	0.02575
1826	0.028166
1827	0.027625
1828	0.031542
1829	0.026042
1830	0.028042
1831	0.025416
1832	0.025792
1833	0.027708
1834	0.028291
1835	0.026917
1836	0.026625
1837	0.028584
1838	0.02825
1839	0.034625
1840	0.035625
1841	0.026792
1842	0.025833
1843	0.024042
1844	0.027125
1845	0.027042
1846	0.03275
1847	0.028708
1848	0.024917
1849	0.030667
1850	0.026875
1851	0.026958
1852	0.026459
1853	0.026292
1854	0.026708
1855	0.026417
1856	0.025917
1857	0.026542
1858	0.027416
1859	0.026583
1860	0.03325
1861	0.027458
1862	0.02675
1863	0.027042
1864	0.028042
1865	0.025417
1866	0.027083
1867	0.0275
1868	0.026458
1869	0.027292
1870	0.026334
1871	0.025958
1872	0.030916
1873	0.026292
1874	0.027167
1875	0.027084
1876	0.027333
1877	0.029292
1878	0.026833
1879	0.028167
1880	0.027541
1881	0.027833
1882	0.027167
1883	0.027792
1884	0.026792
1885	0.028167
1886	0.026666
1887	0.025417
1888	0.027542
1889	0.026333
1890	0.025791
1891	0.024541
1892	0.026583
1893	0.026209
1894	0.02825
1895	0.025958
1896	0.026583
1897	0.025875
1898	0.026917
1899	0.026917
1900	0.0265
1901	0.029834
1902	0.028417
1903	0.025292
1904	0.026583
1905	0.02675
1906	0.026458
1907	0.0265
1908	0.026125
1909	0.026875
1910	0.02675
1911	0.026542
1912	0.027125
1913	0.025875
1914	0.028833
1915	0.042875
1916	0.026375
1917	0.025375
1918	0.026541
1919	0.028166
1920	0.026458
1921	0.025958
1922	0.026959
1923	0.026041
1924	0.02575
1925	0.02825
1926	0.02775
1927	0.024917
1928	0.026041
1929	0.027833
1930	0.027959
1931	0.027458
1932	0.026458
1933	0.026791
1934	0.027334
1935	0.025583
1936	0.028541
1937	0.02725
1938	0.028125
1939	0.03125
1940	0.024417
1941	0.028125
1942	0.025709
1943	0.027167
1944	0.027792
1945	0.027416
1946	0.024791
1947	0.027708
1948	0.027167
1949	0.026792
1950	0.02625
1951	0.0255
1952	0.026792
1953	0.025375
1954	0.025958
1955	0.025209
1956	0.025542
1957	0.026417
1958	0.025583
1959	0.027084
1960	0.026792
1961	0.027291
1962	0.027834
1963	0.0275
1964	0.026417
1965	0.026542
1966	0.027459
1967	0.026959
1968	0.026292
1969	0.02675
1970	0.025708
1971	0.026125
1972	0.024791
1973	0.025125
1974	0.02675
1975	0.025542
1976	0.0265
1977	0.023083
1978	0.025791
1979	0.026292
1980	0.027042
1981	0.026042
1982	0.0265
1983	0.02525
1984	0.029208
1985	0.026292
1986	0.02525
1987	0.026375
1988	0.02625
1989	0.025333
1990	0.0275
1991	0.026416
1992	0.028208
1993	0.027375
1994	0.026833
1995	0.02675
1996	0.024958
1997	0.026292
1998	0.026917
1999	0.027042
2000	0.024959
2001	0.025833
2002	0.026333
2003	0.025875
2004	0.02775
2005	0.027292
2006	0.026417
2007	0.025916
2008	0.027375
2009	0.026208
2010	0.024333
2011	0.0275
2012	0.026459
2013	0.027375
2014	0.02725
2015	0.02575
2016	0.026334
2017	0.025208
2018	0.027167
2019	0.027791
2020	0.024166
2021	0.026667
2022	0.025584
2023	0.026625
2024	0.026916
2025	0.02825
2026	0.024625
2027	0.029667
2028	0.029292
2029	0.026
2030	0.026208
2031	0.032625
2032	0.02725
2033	0.028375
2034	0.026083
2035	0.029792
2036	0.025417
2037	0.027292
2038	0.024208
2039	0.0295
2040	0.034833
2041	0.028
2042	0.02325
2043	0.025875
2044	0.026166
2045	0.026916
2046	0.025875
2047	0.029833
2048	0.025166
2049	0.027709
2050	0.031833
2051	0.139958
2052	0.085584
2053	0.070042
2054	0.060958
2055	0.058792
2056	0.05775
2057	0.081208
2058	0.050042
2059	0.027792
2060	0.027875
2061	0.026417
2062	0.03
2063	0.02775
2064	0.028584
2065	0.027208
2066	0.025
2067	0.026917
2068	0.027416
2069	0.02675
2070	0.027416
2071	0.025917
2072	0.025667
2073	0.026375
2074	0.129083
2075	0.030833
2076	0.027875
2077	0.029084
2078	0.028
2079	0.028542
2080	0.027125
2081	0.028375
2082	0.028416
2083	0.028417
2084	0.028541
2085	0.02525
2086	0.02625
2087	0.0275
2088	0.026708
2089	0.02825
2090	0.027708
2091	0.02675
2092	0.028083
2093	0.026666
2094	0.023625
2095	0.027084
2096	0.026459
2097	0.037
2098	0.02875
2099	0.0275
2100	0.026
2101	0.027666
2102	0.026042
2103	0.027875
2104	0.029042
2105	0.027541
2106	0.0255
2107	0.02575
2108	0.028542
2109	0.02625
2110	0.025959
2111	0.028042
2112	0.0275
2113	0.027167
2114	0.028125
2115	0.028208
2116	0.025542
2117	0.026541
2118	0.027958
2119	0.046875
2120	0.030416
2121	0.02775
2122	0.027333
2123	0.025416
2124	0.0255
2125	0.027708
2126	0.025333
2127	0.0265
2128	0.026917
2129	0.027375
2130	0.024583
2131	0.027791
2132	0.0275
2133	0.027375
2134	0.028125
2135	0.0275
2136	0.025291
2137	0.025833
2138	0.025833
2139	0.026333
2140	0.02625
2141	0.028458
2142	0.026458
2143	0.0255
2144	0.026958
2145	0.029042
2146	0.026708
2147	0.058791
2148	0.030167
2149	0.025333
2150	0.033208
2151	0.028666
2152	0.027333
2153	0.027542
2154	0.026
2155	0.026625
2156	0.025583
2157	0.0275
2158	0.038667
2159	0.033541
2160	0.028666
2161	0.028875
2162	0.027042
2163	0.025375
2164	0.029792
2165	0.026166
2166	0.025709
2167	0.031125
2168	0.032834
2169	0.032583
2170	0.034083
2171	0.031833
2172	0.028167
2173	0.03225
2174	0.026416
2175	0.027334
2176	0.028958
2177	0.027584
2178	0.027708
2179	0.025333
2180	0.026958
2181	0.026833
2182	0.027542
2183	0.028291
2184	0.025875
2185	0.024792
2186	0.028334
2187	0.027542
2188	0.027
2189	0.027166
2190	0.027958
2191	0.027583
2192	0.026334
2193	0.026458
2194	0.025791
2195	0.026042
2196	0.02325
2197	0.028041
2198	0.026375
2199	0.028
2200	0.028875
2201	0.028875
2202	0.027625
2203	0.025875
2204	0.027
2205	0.028
2206	0.025958
2207	0.036958
2208	0.028208
2209	0.0275
2210	0.026375
2211	0.026791
2212	0.028209
2213	0.026209
2214	0.02775
2215	0.025833
2216	0.031125
2217	0.027833
2218	0.027208
2219	0.029125
2220	0.026875
2221	0.028084
2222	0.026667
2223	0.027125
2224	0.027333
2225	0.027084
2226	0.027625
2227	0.025834
2228	0.0275
2229	0.027459
2230	0.026791
2231	0.028
2232	0.02675
2233	0.025625
2234	0.027584
2235	0.027208
2236	0.025625
2237	0.028875
2238	0.026958
2239	0.029708
2240	0.02525
2241	0.026042
2242	0.026917
2243	0.028667
2244	0.028
2245	0.027209
2246	0.025792
2247	0.029
2248	0.025792
2249	0.0275
2250	0.0295
2251	0.028959
2252	0.027167
2253	0.028583
2254	0.02825
2255	0.036875
2256	0.029417
2257	0.027042
2258	0.028709
2259	0.028375
2260	0.025875
2261	0.028958
2262	0.024458
2263	0.03725
2264	0.026792
2265	0.027375
2266	0.0255
2267	0.02475
2268	0.025417
2269	0.037167
2270	0.027208
2271	0.026833
2272	0.026042
2273	0.027084
2274	0.027084
2275	0.026792
2276	0.0255
2277	0.025834
2278	0.026542
2279	0.033833
2280	0.028
2281	0.023625
2282	0.027958
2283	0.026125
2284	0.026292
2285	0.027292
2286	0.02725
2287	0.026667
2288	0.027
2289	0.026708
2290	0.027083
2291	0.024917
2292	0.026125
2293	0.027
2294	0.024917
2295	0.026875
2296	0.026792
2297	0.027833
2298	0.025709
2299	0.025458
2300	0.026458
2301	0.027459
2302	0.027209
2303	0.027
2304	0.023958
2305	0.02725
2306	0.028166
2307	0.02475
2308	0.028208
2309	0.026917
2310	0.024792
2311	0.027583
2312	0.026958
2313	0.027834
2314	0.025667
2315	0.024833
2316	0.025542
2317	0.026334
2318	0.027667
2319	0.026666
2320	0.027417
2321	0.026625
2322	0.02525
2323	0.027625
2324	0.024875
2325	0.026458
2326	0.027333
2327	0.026666
2328	0.027458
2329	0.026958
2330	0.024917
2331	0.025583
2332	0.025666
2333	0.0265
2334	0.032542
2335	0.024542
2336	0.027084
2337	0.026625
2338	0.027333
2339	0.0265
2340	0.026875
2341	0.026333
2342	0.02675
2343	0.02475
2344	0.027666
2345	0.025792
2346	0.025792
2347	0.025958
2348	0.026625
2349	0.0255
2350	0.027292
2351	0.025708
2352	0.024875
2353	0.026834
2354	0.0265
2355	0.025667
2356	0.028709
2357	0.0295
2358	0.027208
2359	0.026417
2360	0.02825
2361	0.025958
2362	0.02675
2363	0.026542
2364	0.026166
2365	0.027375
2366	0.0285
2367	0.026875
2368	0.043375
2369	0.026833
2370	0.027667
2371	0.026667
2372	0.02625
2373	0.025792
2374	0.025459
2375	0.026209
2376	0.028042
2377	0.025833
2378	0.02575
2379	0.027208
2380	0.0275
2381	0.026709
2382	0.025917
2383	0.024875
2384	0.026667
2385	0.0255
2386	0.027458
2387	0.028833
2388	0.026
2389	0.025709
2390	0.0265
2391	0.025875
2392	0.025542
2393	0.025917
2394	0.02625
2395	0.027166
2396	0.02625
2397	0.026
2398	0.0245
2399	0.027542
2400	0.115083
2401	0.051667
2402	0.032708
2403	0.0285
2404	0.029292
2405	0.028667
2406	0.027834
2407	0.02825
2408	0.027667
2409	0.025791
2410	0.028167
2411	0.034583
2412	0.026458
2413	0.032958
2414	0.026667
2415	0.027584
2416	0.027
2417	0.027209
2418	0.027542
2419	0.026
2420	0.026917
2421	0.027625
2422	0.024375
2423	0.025542
2424	0.024792
2425	0.02675
2426	0.027542
2427	0.0245
2428	0.026292
2429	0.027167
2430	0.026958
2431	0.027334
2432	0.025959
2433	0.027084
2434	0.028417
2435	0.026917
2436	0.02725
2437	0.025875
2438	0.026542
2439	0.027208
2440	0.026333
2441	0.027083
2442	0.025333
2443	0.027083
2444	0.026041
2445	0.025417
2446	0.025917
2447	0.027292
2448	0.026375
2449	0.026625
2450	0.025125
2451	0.027375
2452	0.027625
2453	0.02625
2454	0.027667
2455	0.0245
2456	0.027584
2457	0.027667
2458	0.026708
2459	0.026917
2460	0.026583
2461	0.027292
2462	0.025583
2463	0.025625
2464	0.02625
2465	0.026583
2466	0.027375
2467	0.026125
2468	0.025583
2469	0.026
2470	0.026709
2471	0.025709
2472	0.027459
2473	0.02625
2474	0.022166
2475	0.027375
2476	0.027541
2477	0.025917
2478	0.027584
2479	0.027584
2480	0.03275
2481	0.027833
2482	0.025833
2483	0.025542
2484	0.024083
2485	0.02825
2486	0.025708
2487	0.027
2488	0.025875
2489	0.025125
2490	0.027167
2491	0.028291
2492	0.026917
2493	0.027666
2494	0.025
2495	0.027375
2496	0.026125
2497	0.026666
2498	0.024125
2499	0.027125
2500	0.02375
2501	0.0255
2502	0.027083
2503	0.027125
2504	0.029583
2505	0.02575
2506	0.028167
2507	0.026042
2508	0.027625
2509	0.027167
2510	0.027334
2511	0.026083
2512	0.026333
2513	0.025292
2514	0.026333
2515	0.027417
2516	0.027375
2517	0.028
2518	0.027375
2519	0.026083
2520	0.025917
2521	0.027542
2522	0.025208
2523	0.026458
2524	0.026125
2525	0.026625
2526	0.025375
2527	0.026375
2528	0.026583
2529	0.022333
2530	0.026
2531	0.026792
2532	0.025792
2533	0.0275
2534	0.028167
2535	0.024
2536	0.024792
2537	0.026
2538	0.025333
2539	0.028083
2540	0.027625
2541	0.027583
2542	0.027667
2543	0.026417
2544	0.023666
2545	0.026333
2546	0.02825
2547	0.02525
2548	0.025666
2549	0.028
2550	0.026208
2551	0.026542
2552	0.028625
2553	0.024167
2554	0.025708
2555	0.025583
2556	0.0265
2557	0.025667
2558	0.027667
2559	0.0255
2560	0.024667
2561	0.027083
2562	0.027375
2563	0.02425
2564	0.024584
2565	0.025959
2566	0.025125
2567	0.042291
2568	0.027833
2569	0.027208
2570	0.026375
2571	0.023291
2572	0.02525
2573	0.026542
2574	0.026458
2575	0.022834
2576	0.024958
2577	0.024958
2578	0.025417
2579	0.024541
2580	0.024667
2581	0.025
2582	0.02725
2583	0.026834
2584	0.027292
2585	0.026916
2586	0.024833
2587	0.026333
2588	0.025458
2589	0.027458
2590	0.02725
2591	0.027416
2592	0.028375
2593	0.027166
2594	0.02675
2595	0.026541
2596	0.027083
2597	0.024416
2598	0.025208
2599	0.022583
2600	0.026541
2601	0.025792
2602	0.025667
2603	0.027542
2604	0.025709
2605	0.025458
2606	0.0245
2607	0.027583
2608	0.027167
2609	0.027833
2610	0.028417
2611	0.026375
2612	0.026625
2613	0.024166
2614	0.026
2615	0.024667
2616	0.027709
2617	0.024208
2618	0.0255
2619	0.027125
2620	0.026583
2621	0.026166
2622	0.024833
2623	0.025333
2624	0.026667
2625	0.024792
2626	0.026375
2627	0.025083
2628	0.025875
2629	0.026041
2630	0.026958
2631	0.024791
2632	0.02475
2633	0.026166
2634	0.02625
2635	0.02525
2636	0.027709
2637	0.026375
2638	0.026208
2639	0.027792
2640	0.025834
2641	0.026417
2642	0.024875
2643	0.027375
2644	0.027208
2645	0.028083
2646	0.026583
2647	0.02525
2648	0.024916
2649	0.026375
2650	0.027
2651	0.026375
2652	0.0265
2653	0.024625
2654	0.027458
2655	0.025958
2656	0.029167
2657	0.026708
2658	0.028291
2659	0.027333
2660	0.02975
2661	0.025917
2662	0.039834
2663	0.027167
2664	0.028083
2665	0.025708
2666	0.026583
2667	0.025916
2668	0.0235
2669	0.026875
2670	0.026042
2671	0.027084
2672	0.026125
2673	0.030083
2674	0.026959
2675	0.024334
2676	0.025625
2677	0.027
2678	0.02525
2679	0.026625
2680	0.025167
2681	0.025375
2682	0.0235
2683	0.024041
2684	0.025292
2685	0.029958
2686	0.026166
2687	0.026708
2688	0.02625
2689	0.031458
2690	0.027125
2691	0.023625
2692	0.024125
2693	0.030125
2694	0.026792
2695	0.025
2696	0.026292
2697	0.027291
2698	0.026542
2699	0.025666
2700	0.026792
2701	0.025458
2702	0.023833
2703	0.0275
2704	0.026834
2705	0.025709
2706	0.0245
2707	0.024541
2708	0.02675
2709	0.026208
2710	0.026875
2711	0.026292
2712	0.027208
2713	0.025417
2714	0.025541
2715	0.0265
2716	0.024417
2717	0.025167
2718	0.024958
2719	0.025125
2720	0.026292
2721	0.0265
2722	0.0255
2723	0.025667
2724	0.02725
2725	0.025792
2726	0.02375
2727	0.024958
2728	0.026042
2729	0.026084
2730	0.026667
2731	0.023625
2732	0.026292
2733	0.025875
2734	0.025458
2735	0.025458
2736	0.027833
2737	0.025292
2738	0.025
2739	0.025583
2740	0.026875
2741	0.02675
2742	0.024625
2743	0.02575
2744	0.026333
2745	0.026083
2746	0.026792
2747	0.027
2748	0.024875
2749	0.025625
2750	0.025875
2751	0.022458
2752	0.027083
2753	0.025958
2754	0.025958
2755	0.02375
2756	0.025334
2757	0.027292
2758	0.025417
2759	0.025
2760	0.025459
2761	0.025417
2762	0.025542
2763	0.027292
2764	0.026
2765	0.025875
2766	0.023917
2767	0.0285
2768	0.02675
2769	0.025042
2770	0.025459
2771	0.025458
2772	0.026417
2773	0.025542
2774	0.025792
2775	0.026667
2776	0.027417
2777	0.025458
2778	0.024333
2779	0.025459
2780	0.0245
2781	0.025834
2782	0.026041
2783	0.027
2784	0.025334
2785	0.026917
2786	0.027083
2787	0.027042
2788	0.026
2789	0.025583
2790	0.024667
2791	0.027417
2792	0.025708
2793	0.026583
2794	0.027584
2795	0.024166
2796	0.0255
2797	0.027417
2798	0.024667
2799	0.027583
2800	0.026084
2801	0.026834
2802	0.027125
2803	0.024125
2804	0.025834
2805	0.026792
2806	0.026208
2807	0.026875
2808	0.0265
2809	0.025375
2810	0.025625
2811	0.026916
2812	0.0235
2813	0.025
2814	0.023833
2815	0.025125
2816	0.024333
2817	0.02475
2818	0.025083
2819	0.025375
2820	0.02675
2821	0.0265
2822	0.025458
2823	0.026625
2824	0.025834
2825	0.02625
2826	0.023041
2827	0.024
2828	0.025375
2829	0.024042
2830	0.024625
2831	0.02575
2832	0.026792
2833	0.024208
2834	0.025416
2835	0.025416
2836	0.02775
2837	0.027167
2838	0.026083
2839	0.104083
2840	0.034667
2841	0.02925
2842	0.029041
2843	0.027333
2844	0.028166
2845	0.027875
2846	0.028584
2847	0.027625
2848	0.027083
2849	0.03425
2850	0.027583
2851	0.0275
2852	0.028958
2853	0.030208
2854	0.027709
2855	0.026791
2856	0.0265
2857	0.030291
2858	0.027125
2859	0.028584
2860	0.028584
2861	0.028375
2862	0.025708
2863	0.024959
2864	0.028542
2865	0.029958
2866	0.028375
2867	0.028375
2868	0.028917
2869	0.025542
2870	0.028292
2871	0.028917
2872	0.029125
2873	0.029583
2874	0.028
2875	0.028875
2876	0.028583
2877	0.026167
2878	0.029625
2879	0.029417
2880	0.027208
2881	0.026042
2882	0.028083
2883	0.04175
2884	0.02525
2885	0.026084
2886	0.028041
2887	0.028041
2888	0.030833
2889	0.029292
2890	0.02825
2891	0.027417
2892	0.023584
2893	0.027125
2894	0.025625
2895	0.025291
2896	0.028125
2897	0.033334
2898	0.028292
2899	0.0285
2900	0.027292
2901	0.025292
2902	0.0275
2903	0.026083
2904	0.027291
2905	0.027333
2906	0.022375
2907	0.026042
2908	0.023209
2909	0.026833
2910	0.025458
2911	0.027583
2912	0.026291
2913	0.025875
2914	0.026417
2915	0.026292
2916	0.026958
2917	0.025833
2918	0.02525
2919	0.032042
2920	0.026625
2921	0.024083
2922	0.027334
2923	0.0245
2924	0.028
2925	0.025167
2926	0.027416
2927	0.026042
2928	0.027125
2929	0.025541
2930	0.026167
2931	0.024917
2932	0.031583
2933	0.036834
2934	0.027709
2935	0.024625
2936	0.026833
2937	0.023959
2938	0.025333
2939	0.025291
2940	0.025375
2941	0.023458
2942	0.027208
2943	0.027833
2944	0.026041
2945	0.026916
2946	0.028334
2947	0.024083
2948	0.028458
2949	0.024875
2950	0.02575
2951	0.027417
2952	0.027084
2953	0.027042
2954	0.027166
2955	0.02525
2956	0.024875
2957	0.027
2958	0.024541
2959	0.026791
2960	0.023875
2961	0.024625
2962	0.026292
2963	0.027375
2964	0.024833
2965	0.026333
2966	0.026417
2967	0.029333
2968	0.025083
2969	0.026625
2970	0.027541
2971	0.025917
2972	0.038792
2973	0.026084
2974	0.025375
2975	0.025917
2976	0.026542
2977	0.028375
2978	0.02725
2979	0.025833
2980	0.026292
2981	0.025208
2982	0.0245
2983	0.024792
2984	0.029708
2985	0.025167
2986	0.025417
2987	0.023416
2988	0.024542
2989	0.025167
2990	0.022333
2991	0.02525
2992	0.024
2993	0.025959
2994	0.025084
2995	0.025125
2996	0.024
2997	0.025375
2998	0.025458
2999	0.025667
3000	0.022542
3001	0.024125
3002	0.027542
3003	0.025584
3004	0.022125
3005	0.023083
3006	0.023958
3007	0.0255
3008	0.0215
3009	0.023542
3010	0.024417
3011	0.022584
3012	0.023584
3013	0.020583
3014	0.023208
3015	0.024541
3016	0.023833
3017	0.025958
3018	0.025459
3019	0.023958
3020	0.024375
3021	0.024208
3022	0.025125
3023	0.024416
3024	0.025458
3025	0.025375
3026	0.023042
3027	0.024708
3028	0.024458
3029	0.024375
3030	0.022208
3031	0.026
3032	0.023875
3033	0.026792
3034	0.024708
3035	0.026042
3036	0.025834
3037	0.026083
3038	0.023416
3039	0.021625
3040	0.024792
3041	0.031875
3042	0.027208
3043	0.023625
3044	0.025667
3045	0.026834
3046	0.023542
3047	0.022583
3048	0.024541
3049	0.023792
3050	0.024625
3051	0.024041
3052	0.023208
3053	0.024959
3054	0.025334
3055	0.024334
3056	0.025
3057	0.0255
3058	0.026667
3059	0.0265
3060	0.024667
3061	0.023708
3062	0.023291
3063	0.022166
3064	0.024625
3065	0.02275
3066	0.026708
3067	0.025
3068	0.023458
3069	0.02325
3070	0.02375
3071	0.024792
3072	0.023416
3073	0.02425
3074	0.025416
3075	0.025166
3076	0.025041
3077	0.024
3078	0.0245
3079	0.024291
3080	0.022792
3081	0.026333
3082	0.02525
3083	0.021542
3084	0.024292
3085	0.024958
3086	0.024416
3087	0.025416
3088	0.024167
3089	0.024917
3090	0.025458
3091	0.022834
3092	0.024917
3093	0.024458
3094	0.02325
3095	0.024583
3096	0.022
3097	0.025208
3098	0.024291
3099	0.022167
3100	0.021959
3101	0.026584
3102	0.025917
3103	0.025417
3104	0.023
3105	0.024625
3106	0.023167
3107	0.022958
3108	0.026125
3109	0.021625
3110	0.023833
3111	0.022667
3112	0.02225
3113	0.023
3114	0.025375
3115	0.028833
3116	0.022458
3117	0.020042
3118	0.027583
3119	0.023792
3120	0.025375
3121	0.026167
3122	0.02675
3123	0.025583
3124	0.024916
3125	0.024416
3126	0.023542
3127	0.025917
3128	0.023958
3129	0.026
3130	0.024125
3131	0.022791
3132	0.021
3133	0.025458
3134	0.024541
3135	0.024208
3136	0.024666
3137	0.023625
3138	0.024667
3139	0.025041
3140	0.025958
3141	0.025458
3142	0.024833
3143	0.025
3144	0.023791
3145	0.022916
3146	0.025083
3147	0.023291
3148	0.025834
3149	0.02375
3150	0.02475
3151	0.024417
3152	0.022833
3153	0.022459
3154	0.023833
3155	0.0255
3156	0.023416
3157	0.024292
3158	0.022792
3159	0.023459
3160	0.027542
3161	0.024
3162	0.0235
3163	0.024083
3164	0.024042
3165	0.024667
3166	0.026166
3167	0.024167
3168	0.023166
3169	0.021291
3170	0.023709
3171	0.023
3172	0.025667
3173	0.02425
3174	0.024291
3175	0.023458
3176	0.024334
3177	0.022542
3178	0.024541
3179	0.025458
3180	0.025708
3181	0.024625
3182	0.022583
3183	0.022458
3184	0.022333
3185	0.02525
3186	0.024042
3187	0.024667
3188	0.026583
3189	0.023292
3190	0.022375
3191	0.022459
3192	0.020292
3193	0.024084
3194	0.024584
3195	0.02275
3196	0.025292
3197	0.024958
3198	0.023667
3199	0.032792
3200	0.023792
3201	0.025875
3202	0.023541
3203	0.024
3204	0.022959
3205	0.023583
3206	0.025292
3207	0.026042
3208	0.024625
3209	0.024
3210	0.026083
3211	0.027583
3212	0.025875
3213	0.022958
3214	0.0235
3215	0.024334
3216	0.022542
3217	0.022625
3218	0.022917
3219	0.025917
3220	0.024916
3221	0.02225
3222	0.024541
3223	0.025042
3224	0.025209
3225	0.0235
3226	0.022583
3227	0.023208
3228	0.020708
3229	0.023208
3230	0.023875
3231	0.024833
3232	0.02375
3233	0.0245
3234	0.021167
3235	0.024292
3236	0.025125
3237	0.02275
3238	0.024167
3239	0.026334
3240	0.025583
3241	0.023666
3242	0.0235
3243	0.023458
3244	0.024958
3245	0.021291
3246	0.02425
3247	0.024417
3248	0.024583
3249	0.02325
3250	0.023833
3251	0.024625
3252	0.022292
3253	0.024834
3254	0.0225
3255	0.024833
3256	0.02425
3257	0.025541
3258	0.024917
3259	0.024292
3260	0.025583
3261	0.025917
3262	0.025167
3263	0.042041
3264	0.024875
3265	0.02375
3266	0.023709
3267	0.024084
3268	0.024709
3269	0.023667
3270	0.023542
3271	0.023583
3272	0.023333
3273	0.025917
3274	0.023333
3275	0.025208
3276	0.02575
3277	0.023083
3278	0.022625
3279	0.025583
3280	0.02575
3281	0.026333
3282	0.023292
3283	0.027584
3284	0.023042
3285	0.02375
3286	0.022459
3287	0.024667
3288	0.024084
3289	0.023542
3290	0.022334
3291	0.021042
3292	0.025292
3293	0.022833
3294	0.025833
3295	0.023125
3296	0.021875
3297	0.025208
3298	0.021916
3299	0.0255
3300	0.02475
3301	0.024875
3302	0.023333
3303	0.026375
3304	0.025792
3305	0.023667
3306	0.022833
3307	0.024625
3308	0.024291
3309	0.023291
3310	0.024667
3311	0.025084
3312	0.024417
3313	0.022083
3314	0.023833
3315	0.024042
3316	0.02125
3317	0.022834
3318	0.0255
3319	0.023167
3320	0.021792
3321	0.023125
3322	0.024083
3323	0.024292
3324	0.0235
3325	0.02425
3326	0.024708
3327	0.025125
3328	0.022833
3329	0.023667
3330	0.024875
3331	0.023125
3332	0.023333
3333	0.024125
3334	0.0255
3335	0.025125
3336	0.021459
3337	0.024959
3338	0.022208
3339	0.022708
3340	0.022667
3341	0.02075
3342	0.023
3343	0.021708
3344	0.024583
3345	0.024583
3346	0.02325
3347	0.021792
3348	0.02475
3349	0.022958
3350	0.0255
3351	0.0245
3352	0.023416
3353	0.020875
3354	0.023167
3355	0.024334
3356	0.020959
3357	0.02575
3358	0.027334
3359	0.0255
3360	0.026208
3361	0.023542
3362	0.025125
3363	0.031458
3364	0.022542
3365	0.02325
3366	0.023583
3367	0.022833
3368	0.023875
3369	0.024333
3370	0.025583
3371	0.024208
3372	0.022084
3373	0.024208
3374	0.0245
3375	0.022833
3376	0.022875
3377	0.02275
3378	0.024833
3379	0.02425
3380	0.020958
3381	0.023417
3382	0.025167
3383	0.023333
3384	0.024334
3385	0.025333
3386	0.02525
3387	0.024542
3388	0.023542
3389	0.023208
3390	0.023792
3391	0.024917
3392	0.024125
3393	0.025959
3394	0.024583
3395	0.025542
3396	0.024458
3397	0.025375
3398	0.026125
3399	0.022959
3400	0.024083
3401	0.022333
3402	0.022584
3403	0.024291
3404	0.022583
3405	0.024917
3406	0.025416
3407	0.024458
3408	0.025
3409	0.023125
3410	0.024667
3411	0.02325
3412	0.024708
3413	0.024667
3414	0.026167
3415	0.0225
3416	0.023875
3417	0.02275
3418	0.025042
3419	0.023333
3420	0.025208
3421	0.025625
3422	0.02525
3423	0.0215
3424	0.024083
3425	0.022084
3426	0.024375
3427	0.023167
3428	0.022708
3429	0.023792
3430	0.026833
3431	0.022834
3432	0.022542
3433	0.022208
3434	0.023208
3435	0.024375
3436	0.022792
3437	0.031375
3438	0.024042
3439	0.020292
3440	0.023167
3441	0.024459
3442	0.024208
3443	0.022458
3444	0.02475
3445	0.02475
3446	0.024
3447	0.022625
3448	0.024958
3449	0.024375
3450	0.022416
3451	0.024208
3452	0.024333
3453	0.025125
3454	0.023042
3455	0.023583
3456	0.024542
3457	0.037042
3458	0.02375
3459	0.023917
3460	0.02025
3461	0.024875
3462	0.02425
3463	0.023084
3464	0.024583
3465	0.02275
3466	0.024542
3467	0.023333
3468	0.022167
3469	0.024708
3470	0.023333
3471	0.021583
3472	0.022083
3473	0.024792
3474	0.020959
3475	0.020291
3476	0.024625
3477	0.025333
3478	0.025541
3479	0.020209
3480	0.02375
3481	0.02175
3482	0.022459
3483	0.022916
3484	0.025041
3485	0.025541
3486	0.024958
3487	0.0215
3488	0.023708
3489	0.022666
3490	0.026875
3491	0.020458
3492	0.023583
3493	0.023375
3494	0.021625
3495	0.025542
3496	0.024458
3497	0.02375
3498	0.020958
3499	0.021833
3500	0.023208
3501	0.02075
3502	0.02375
3503	0.019291
3504	0.024
3505	0.024834
3506	0.023417
3507	0.023333
3508	0.023833
3509	0.021042
3510	0.023958
3511	0.01825
3512	0.02225
3513	0.023417
3514	0.040667
3515	0.023
3516	3.466083
3517	0.0765
3518	0.025125
3519	0.026791
3520	0.025042
3521	0.024292
3522	0.020667
3523	0.02
3524	0.024
3525	0.024375
3526	0.0225
3527	0.032417
3528	0.023375
3529	0.022291
3530	0.024625
3531	0.025584
3532	0.022208
3533	0.022667
3534	0.022
3535	0.021958
3536	0.024791
3537	0.022375
3538	0.02375
3539	0.019917
3540	0.023583
3541	0.021166
3542	0.02375
3543	0.022333
3544	0.022584
3545	0.023375
3546	0.021417
3547	0.022625
3548	0.021041
3549	0.023
3550	0.020292
3551	0.023917
3552	0.024375
3553	0.022666
3554	0.021667
3555	0.02325
3556	0.024208
3557	0.022917
3558	0.024292
3559	0.023833
3560	0.021208
3561	0.022375
3562	0.024334
3563	0.025
3564	0.022333
3565	0.022958
3566	0.022208
3567	0.023417
3568	0.024084
3569	0.023
3570	0.024208
3571	0.036208
3572	0.02425
3573	0.021875
3574	0.020334
3575	0.020708
3576	0.020459
3577	0.023625
3578	0.020375
3579	0.023833
3580	0.021584
3581	0.023375
3582	0.02425
3583	0.024625
3584	0.021625
3585	0.021833
3586	0.024792
3587	0.020292
3588	0.021375
3589	0.022583
3590	0.023041
3591	0.022333
3592	0.022416
3593	0.0225
3594	0.023375
3595	0.020417
3596	0.020166
3597	0.023333
3598	0.024042
3599	0.0215
3600	0.020792
3601	0.020958
3602	0.020959
3603	0.022417
3604	0.02
3605	0.022625
3606	0.020458
3607	0.021833
3608	0.02175
3609	0.024375
3610	0.02325
3611	0.02075
3612	0.022292
3613	0.023083
3614	0.021875
3615	0.022
3616	0.02325
3617	0.022916
3618	0.023666
3619	0.022292
3620	0.024334
3621	0.02125
3622	0.023083
3623	0.02075
3624	0.022208
3625	0.020541
3626	0.022083
3627	0.021792
3628	0.021209
3629	0.022834
3630	0.023584
3631	0.023458
3632	0.022667
3633	0.021792
3634	0.021917
3635	0.028416
3636	0.024709
3637	0.021542
3638	0.02125
3639	0.023959
3640	0.023084
3641	0.023667
3642	0.022417
3643	0.02075
3644	0.021625
3645	0.022625
3646	0.022875
3647	0.019084
3648	0.020292
3649	0.026875
3650	0.020333
3651	0.0225
3652	0.023167
3653	0.021542
3654	0.023875
3655	0.025916
3656	0.026125
3657	0.022875
3658	0.022583
3659	0.023083
3660	0.0235
3661	0.020958
3662	0.019583
3663	0.02325
3664	0.024334
3665	0.022042
3666	0.021625
3667	0.02225
3668	0.02325
3669	0.022708
3670	0.021292
3671	0.021042
3672	0.02175
3673	0.022167
3674	0.021375
3675	0.024208
3676	0.024625
3677	0.024916
3678	0.024208
3679	0.019458
3680	0.021542
3681	0.022542
3682	0.019
3683	0.021333
3684	0.023625
3685	0.019583
3686	0.023291
3687	0.02325
3688	0.022166
3689	0.021417
3690	0.021167
3691	0.035834
3692	0.0235
3693	0.022584
3694	0.021709
3695	0.021333
3696	0.021917
3697	0.022709
3698	0.027833
3699	0.021917
3700	0.0215
3701	0.022084
3702	0.02225
3703	0.0225
3704	0.027417
3705	0.023458
3706	0.02225
3707	0.02375
3708	0.020083
3709	0.021375
3710	0.021209
3711	0.023375
3712	0.02225
3713	0.0225
3714	0.02325
3715	0.021
3716	0.023333
3717	0.021333
3718	0.023292
3719	0.021209
3720	0.020875
3721	0.020958
3722	0.022125
3723	0.030167
3724	0.02475
3725	0.022209
3726	0.021833
3727	0.020875
3728	0.021542
3729	0.01975
3730	0.020458
3731	0.023042
3732	0.022041
3733	0.027417
3734	0.025792
3735	0.02225
3736	0.02075
3737	0.021292
3738	0.02275
3739	0.023167
3740	0.0235
3741	0.023292
3742	0.02375
3743	0.020917
3744	0.021333
3745	0.018667
3746	0.022417
3747	0.021042
3748	0.024125
3749	0.023167
3750	0.019208
3751	0.02225
3752	0.021292
3753	0.018
3754	0.022708
3755	0.022959
3756	0.025958
3757	0.023708
3758	0.020708
3759	0.023041
3760	0.022458
3761	0.020167
3762	0.022542
3763	0.021416
3764	0.021625
3765	0.022708
3766	0.020334
3767	0.024583
3768	0.022542
3769	0.025875
3770	0.020333
3771	0.022042
3772	0.022084
3773	0.021875
3774	0.023875
3775	0.021167
3776	0.021583
3777	0.023458
3778	0.02075
3779	0.021916
3780	0.022375
3781	0.02175
3782	0.022333
3783	0.0225
3784	0.023541
3785	0.02275
3786	0.023458
3787	0.020542
3788	0.020625
3789	0.020541
3790	0.022792
3791	0.02125
3792	0.023584
3793	0.0245
3794	0.021167
3795	0.022167
3796	0.022
3797	0.02125
3798	0.020875
3799	0.021625
3800	0.022292
3801	0.018166
3802	0.020167
3803	0.020125
3804	0.022459
3805	0.019542
3806	0.021625
3807	0.020834
3808	0.020875
3809	0.023417
3810	0.021833
3811	0.021875
3812	0.021792
3813	0.02125
3814	0.020667
3815	0.019583
3816	0.021833
3817	0.020666
3818	0.022958
3819	0.023542
3820	0.024792
3821	0.021125
3822	0.018125
3823	0.021083
3824	0.020958
3825	0.019625
3826	0.022125
3827	0.022625
3828	0.022583
3829	0.021959
3830	0.021417
3831	0.022875
3832	0.020417
3833	0.023667
3834	0.023709
3835	0.020541
3836	0.022584
3837	0.02175
3838	0.021292
3839	0.022166
3840	0.02225
3841	0.026667
3842	0.02275
3843	0.022791
3844	0.023166
3845	0.022083
3846	0.019333
3847	0.02075
3848	0.019959
3849	0.018042
3850	0.022083
3851	0.02325
3852	0.021291
3853	0.0235
3854	0.022375
3855	0.0215
3856	0.019792
3857	0.022833
3858	0.022291
3859	0.024
3860	0.024041
3861	0.021
3862	0.021375
3863	0.0195
3864	0.020083
3865	0.021458
3866	0.020708
3867	0.021625
3868	0.0225
3869	0.019542
3870	0.019125
3871	0.021917
3872	0.021334
3873	0.022334
3874	0.021625
3875	0.021958
3876	0.023041
3877	0.023958
3878	0.019875
3879	0.01925
3880	0.021459
3881	0.022875
3882	0.022833
3883	0.021959
3884	0.023708
3885	0.021583
3886	0.021167
3887	0.021459
3888	0.020375
3889	0.020333
3890	0.022542
3891	0.023417
3892	0.022416
3893	0.021666
3894	0.022917
3895	0.022667
3896	0.022
3897	0.021083
3898	0.022667
3899	0.023375
3900	0.020584
3901	0.021125
3902	0.022625
3903	0.019333
3904	0.022084
3905	0.022792
3906	0.0225
3907	0.022333
3908	0.018625
3909	0.019458
3910	0.022167
3911	0.02025
3912	0.022542
3913	0.021458
3914	0.022583
3915	0.018625
3916	0.022291
3917	0.023708
3918	0.022292
3919	0.02375
3920	0.023333
3921	0.023375
3922	0.023708
3923	0.019333
3924	0.021459
3925	0.019417
3926	0.022583
3927	0.022208
3928	0.024458
3929	0.024375
3930	0.02325
3931	0.021042
3932	0.022334
3933	0.019125
3934	0.021542
3935	0.02225
3936	0.022125
3937	0.020584
3938	0.022459
3939	0.023209
3940	0.023167
3941	0.021333
3942	0.024166
3943	0.027
3944	0.023791
3945	0.022708
3946	0.023583
3947	0.021458
3948	0.021166
3949	0.02225
3950	0.022792
3951	0.022333
3952	0.023875
3953	0.021792
3954	0.0245
3955	0.019709
3956	0.021917
3957	0.022166
3958	0.019542
3959	0.022333
3960	0.020833
3961	0.022458
3962	0.02225
3963	0.019042
3964	0.020792
3965	0.022958
3966	0.022166
3967	0.02225
3968	0.022167
3969	0.020625
3970	0.022542
3971	0.024041
3972	0.02575
3973	0.026125
3974	0.021166
3975	0.021833
3976	0.0225
3977	0.022291
3978	0.021167
3979	0.023208
3980	0.020833
3981	0.021125
3982	0.022417
3983	0.024
3984	0.022959
3985	0.018709
3986	0.021541
3987	0.02075
3988	0.022458
3989	0.02025
3990	0.0235
3991	0.024125
3992	0.021542
3993	0.021291
3994	0.022333
3995	0.022458
3996	0.021333
3997	0.022584
3998	0.01925
3999	0.021541
4000	0.021792
4001	0.018375
4002	0.021375
4003	0.022167
4004	0.022583
4005	0.019958
4006	0.022875
4007	0.022167
4008	0.021875
4009	0.018709
4010	0.019709
4011	0.020709
4012	0.02325
4013	0.02225
4014	0.022209
4015	0.023792
4016	0.021541
4017	0.020916
4018	0.0225
4019	0.023667
4020	0.021791
4021	0.023042
4022	0.021375
4023	0.022083
4024	0.021833
4025	0.020916
4026	0.021542
4027	0.022834
4028	0.02325
4029	0.022583
4030	0.019625
4031	0.022875
4032	0.022875
4033	0.020375
4034	0.019209
4035	0.0215
4036	0.023625
4037	0.022125
4038	0.021458
4039	0.024
4040	0.021167
4041	0.0225
4042	0.022459
4043	0.022084
4044	0.023833
4045	0.022875
4046	0.022459
4047	0.02025
4048	0.020791
4049	0.021792
4050	0.022
4051	0.021834
4052	0.021667
4053	0.023125
4054	0.02275
4055	0.019875
4056	0.020709
4057	0.01975
4058	0.021292
4059	0.021417
4060	0.021208
4061	0.02225
4062	0.021792
4063	0.018625
4064	0.02125
4065	0.020917
4066	0.02175
4067	0.021541
4068	0.022583
4069	0.022542
4070	0.021917
4071	0.022916
4072	0.022167
4073	0.0225
4074	0.023708
4075	0.022666
4076	0.021458
4077	0.019541
4078	0.021625
4079	0.020291
4080	0.021375
4081	0.035833
4082	0.0225
4083	0.022875
4084	0.022208
4085	0.022459
4086	0.021959
4087	0.022708
4088	0.022583
4089	0.0185
4090	0.028
4091	0.022334
4092	0.022667
4093	0.023
4094	0.020875
4095	0.024042
4096	0.022542
4097	0.023042
4098	0.023625
4099	0.022625
4100	0.019542
4101	0.022791
4102	0.021583
4103	0.022667
4104	0.021417
4105	0.021208
4106	0.034875
4107	0.019542
4108	0.020916
4109	0.022791
4110	0.022333
4111	0.018959
4112	0.023917
4113	0.022208
4114	0.022333
4115	0.019666
4116	0.023333
4117	0.018708
4118	0.022959
4119	0.02025
4120	0.023583
4121	0.025166
4122	0.024291
4123	0.018791
4124	0.022375
4125	0.022792
4126	0.019625
4127	0.021875
4128	0.0215
4129	0.022625
4130	0.023583
4131	0.023542
4132	0.022584
4133	0.019709
4134	0.0225
4135	0.0215
4136	0.019708
4137	0.023875
4138	0.022709
4139	0.020959
4140	0.021125
4141	0.020209
4142	0.020625
4143	0.020959
4144	0.021667
4145	0.022416
4146	0.022042
4147	0.022125
4148	0.020292
4149	0.020959
4150	0.023959
4151	0.02275
4152	0.023084
4153	0.022042
4154	0.021417
4155	0.026666
4156	0.022291
4157	0.03275
4158	0.021916
4159	0.020375
4160	0.02075
4161	0.023834
4162	0.018708
4163	0.0225
4164	0.019458
4165	0.020125
4166	0.023292
4167	0.01925
4168	0.02175
4169	0.021458
4170	0.021667
4171	0.022791
4172	0.020542
4173	0.021
4174	0.022167
4175	0.021959
4176	0.02175
4177	0.021958
4178	0.020708
4179	0.020458
4180	0.021417
4181	0.018083
4182	0.02025
4183	0.020959
4184	0.020458
4185	0.022625
4186	0.021125
4187	0.022167
4188	0.020459
4189	0.0235
4190	0.02375
4191	0.023667
4192	0.020917
4193	0.020792
4194	0.020667
4195	0.024458
4196	0.023291
4197	0.02075
4198	0.021583
4199	0.021083
4200	0.019041
4201	0.01875
4202	0.021041
4203	0.019958
4204	0.021834
4205	0.024875
4206	0.023791
4207	0.0205
4208	0.021625
4209	0.022125
4210	0.020625
4211	0.022125
4212	0.022459
4213	0.020167
4214	0.019416
4215	0.020708
4216	0.023125
4217	0.020625
4218	0.021125
4219	0.021458
4220	0.018083
4221	0.021958
4222	0.035416
4223	0.021541
4224	0.02075
4225	0.0205
4226	0.021375
4227	0.024375
4228	0.021125
4229	0.022416
4230	0.020292
4231	0.020542
4232	0.023375
4233	0.021542
4234	0.021666
4235	0.022583
4236	0.022458
4237	0.022167
4238	0.022459
4239	0.022917
4240	0.020834
4241	0.023791
4242	0.017833
4243	0.023292
4244	0.020458
4245	0.023125
4246	0.020792
4247	0.023458
4248	0.0205
4249	0.023042
4250	0.020459
4251	0.018834
4252	0.022875
4253	0.024625
4254	0.0275
4255	0.022041
4256	0.023458
4257	0.020792
4258	0.020083
4259	0.020083
4260	0.020083
4261	0.054917
4262	0.024333
4263	0.02275
4264	0.021959
4265	0.019667
4266	0.020416
4267	0.021458
4268	0.028292
4269	0.026458
4270	0.023167
4271	0.022625
4272	0.018916
4273	0.019833
4274	0.0205
4275	0.021625
4276	0.019
4277	0.020167
4278	0.023458
4279	0.022916
4280	0.020875
4281	0.021792
4282	0.022291
4283	0.021542
4284	0.021042
4285	0.022417
4286	0.035708
4287	0.018333
4288	0.021583
4289	0.019416
4290	0.021875
4291	0.022792
4292	0.032333
4293	0.022792
4294	0.019834
4295	0.020709
4296	0.023042
4297	0.024292
4298	0.021917
4299	0.01975
4300	0.037583
4301	0.029416
4302	0.025625
4303	0.019833
4304	0.022208
4305	0.025667
4306	0.021041
4307	0.022667
4308	0.0215
4309	0.019041
4310	0.017541
4311	0.0195
4312	0.020041
4313	0.019875
4314	0.019333
4315	0.020291
4316	0.020292
4317	0.020417
4318	0.017416
4319	0.022458
4320	0.021334
4321	0.025584
4322	0.020583
4323	0.021917
4324	0.019916
4325	0.022
4326	0.020291
4327	0.02125
4328	0.02125
4329	0.018958
4330	0.021416
4331	0.0215
4332	0.020541
4333	0.022458
4334	0.020833
4335	0.019292
4336	0.022166
4337	0.020958
4338	0.021458
4339	0.020208
4340	0.01825
4341	0.019625
4342	0.019417
4343	0.021458
4344	0.01975
4345	0.018959
4346	0.0185
4347	0.020708
4348	0.023
4349	0.02175
4350	0.018917
4351	0.018708
4352	0.021041
4353	0.021041
4354	0.020916
4355	0.022083
4356	0.02225
4357	0.022792
4358	0.020709
4359	0.018584
4360	0.021625
4361	0.019083
4362	0.020792
4363	0.021625
4364	0.021709
4365	0.020084
4366	0.018584
4367	0.019875
4368	0.020167
4369	0.022792
4370	0.020292
4371	0.020958
4372	0.022584
4373	0.018875
4374	0.020792
4375	0.020917
4376	0.021666
4377	0.019625
4378	0.022458
4379	0.021458
4380	0.018958
4381	0.023167
4382	0.01875
4383	0.020459
4384	0.022042
4385	0.021292
4386	0.020417
4387	0.017958
4388	0.023458
4389	0.019166
4390	0.0215
4391	0.020708
4392	0.020833
4393	0.01925
4394	0.022041
4395	0.019833
4396	0.019958
4397	0.021
4398	0.019291
4399	0.019
4400	0.020166
4401	0.019125
4402	0.02025
4403	0.020833
4404	0.016041
4405	0.018375
4406	0.023416
4407	0.021625
4408	0.021542
4409	0.0205
4410	0.020208
4411	0.022166
4412	0.02125
4413	0.020417
4414	0.020917
4415	0.017209
4416	0.018959
4417	0.020583
4418	0.019416
4419	0.020458
4420	0.021583
4421	0.020542
4422	0.020459
4423	0.020375
4424	0.020792
4425	0.019959
4426	0.021709
4427	0.021834
4428	0.020375
4429	0.02075
4430	0.02075
4431	0.020417
4432	0.025833
4433	0.024709
4434	0.023
4435	0.022375
4436	0.021125
4437	0.024
4438	0.022042
4439	0.022042
4440	0.020834
4441	0.020292
4442	0.020791
4443	0.020333
4444	0.022
4445	0.021417
4446	0.019416
4447	0.021208
4448	0.017541
4449	0.022041
4450	0.022334
4451	0.021709
4452	0.02125
4453	0.020375
4454	0.026208
4455	0.02225
4456	0.021125
4457	0.020041
4458	0.021292
4459	0.020583
4460	0.021875
4461	0.022583
4462	0.020125
4463	0.017708
4464	0.021625
4465	0.016375
4466	0.021125
4467	0.022167
4468	0.02225
4469	0.021416
4470	0.019042
4471	0.021958
4472	0.0205
4473	0.017375
4474	0.019
4475	0.025042
4476	0.023834
4477	0.0225
4478	0.019417
4479	0.01925
4480	0.021042
4481	0.02175
4482	0.019417
4483	0.021208
4484	0.021416
4485	0.0205
4486	0.020625
4487	0.021042
4488	0.022
4489	0.020042
4490	0.02075
4491	0.023208
4492	0.019208
4493	0.0205
4494	0.028666
4495	0.019791
4496	0.0205
4497	0.02225
4498	0.01975
4499	0.02075
4500	0.022125
4501	0.022125
4502	0.020958
4503	0.017834
4504	0.02125
4505	0.020208
4506	0.021708
4507	0.023208
4508	0.022125
4509	0.022041
4510	0.02225
4511	0.020583
4512	0.018667
4513	0.020583
4514	0.023292
4515	0.017792
4516	0.020541
4517	0.021833
4518	0.021083
4519	0.0185
4520	0.019083
4521	0.019834
4522	0.02
4523	0.020334
4524	0.020542
4525	0.021416
4526	0.018375
4527	0.026708
4528	0.023834
4529	0.019375
4530	0.028125
4531	0.024125
4532	0.01875
4533	0.0215
4534	0.026041
4535	0.020416
4536	0.020084
4537	0.019833
4538	0.019
4539	0.020459
4540	0.020625
4541	0.018459
4542	0.019709
4543	0.020167
4544	0.021625
4545	0.020875
4546	0.023708
4547	0.020583
4548	0.01975
4549	0.021417
4550	0.019791
4551	0.020625
4552	0.021667
4553	0.020625
4554	0.042583
4555	0.046291
4556	0.024084
4557	0.019958
4558	0.02
4559	0.016125
4560	0.020958
4561	0.021167
4562	0.017041
4563	0.021708
4564	0.023
4565	0.021875
4566	0.02225
4567	0.018375
4568	0.019375
4569	0.020542
4570	0.019875
4571	0.01825
4572	0.019792
4573	0.021916
4574	0.019
4575	0.017667
4576	0.019125
4577	0.020625
4578	0.020375
4579	0.020833
4580	0.018542
4581	0.01825
4582	0.020541
4583	0.018417
4584	0.016375
4585	0.0185
4586	0.021083
4587	0.021917
4588	0.031291
4589	0.021125
4590	0.021042
4591	0.020333
4592	0.021875
4593	0.020584
4594	0.020125
4595	0.02475
4596	0.022875
4597	0.021708
4598	0.02175
4599	0.019334
4600	0.021959
4601	0.020417
4602	0.019958
4603	0.020208
4604	0.019875
4605	0.022333
4606	0.020917
4607	0.026333
4608	0.020209
4609	0.018958
4610	0.026709
4611	0.020625
4612	0.022541
4613	0.021458
4614	0.01975
4615	0.021125
4616	0.02
4617	0.020375
4618	0.01925
4619	0.020125
4620	0.020916
4621	0.02
4622	0.022458
4623	0.020166
4624	0.021125
4625	0.021834
4626	0.027417
4627	0.020667
4628	0.020875
4629	0.019791
4630	0.020709
4631	0.020208
4632	0.018417
4633	0.016417
4634	0.021958
4635	0.02075
4636	0.01925
4637	0.043
4638	0.026708
4639	0.021791
4640	0.029292
4641	0.020583
4642	0.022541
4643	0.022208
4644	0.022
4645	0.022417
4646	0.019375
4647	0.021167
4648	0.019208
4649	0.01825
4650	0.019042
4651	0.020333
4652	0.019042
4653	0.018833
4654	0.020291
4655	0.020541
4656	0.019417
4657	0.021292
4658	0.021333
4659	0.020083
4660	0.017834
4661	0.019209
4662	0.02175
4663	0.018583
4664	0.0235
4665	0.0225
4666	0.018792
4667	0.022959
4668	0.025209
4669	0.021834
4670	0.019791
4671	0.020209
4672	0.020625
4673	0.023209
4674	0.020833
4675	0.022125
4676	0.018625
4677	0.020625
4678	0.021667
4679	0.01925
4680	0.018
4681	0.021917
4682	0.020167
4683	0.022125
4684	0.018375
4685	0.021792
4686	0.022
4687	0.018459
4688	0.020834
4689	0.020917
4690	0.018583
4691	0.020333
4692	0.019917
4693	0.019166
4694	0.018792
4695	0.0205
4696	0.016875
4697	0.016875
4698	0.018084
4699	0.018334
4700	0.021542
4701	0.021166
4702	0.0205
4703	0.019542
4704	0.021541
4705	0.022291
4706	0.01925
4707	0.021583
4708	0.023416
4709	0.020542
4710	0.021042
4711	0.019708
4712	0.02075
4713	0.0185
4714	0.0215
4715	0.019875
4716	0.019667
4717	0.019375
4718	0.017709
4719	0.021334
4720	0.019333
4721	0.019666
4722	0.020625
4723	0.020583
4724	0.029208
4725	0.021417
4726	0.020083
4727	0.022292
4728	0.022584
4729	0.018834
4730	0.022458
4731	0.029334
4732	0.020875
4733	0.017625
4734	0.023625
4735	0.0225
4736	0.020167
4737	0.019292
4738	0.022125
4739	0.018958
4740	0.021208
4741	0.019208
4742	0.02075
4743	0.017458
4744	0.019833
4745	0.020167
4746	0.02125
4747	0.018833
4748	0.020583
4749	0.019917
4750	0.018292
4751	0.017625
4752	0.016333
4753	0.02125
4754	0.023083
4755	0.022083
4756	0.0235
4757	0.020041
4758	0.017875
4759	0.018208
4760	0.018
4761	0.01975
4762	0.018958
4763	0.021667
4764	0.021
4765	0.020959
4766	0.020583
4767	0.021542
4768	0.01675
4769	0.019834
4770	0.021375
4771	0.018375
4772	0.020416
4773	0.02075
4774	0.02375
4775	0.018334
4776	0.0195
4777	0.018125
4778	0.017208
4779	0.018833
4780	0.019
4781	0.018625
4782	0.02
4783	0.018584
4784	0.022708
4785	0.019833
4786	0.019958
4787	0.020666
4788	0.02075
4789	0.019959
4790	0.019958
4791	0.019917
4792	0.02175
4793	0.019375
4794	0.019
4795	0.020875
4796	0.018417
4797	0.019833
4798	0.021458
4799	0.018667
4800	0.020458
4801	0.019667
4802	0.020833
4803	0.020625
4804	0.020334
4805	0.020209
4806	0.018625
4807	0.01975
4808	0.0205
4809	0.018625
4810	0.018709
4811	0.021208
4812	0.020417
4813	0.019208
4814	0.021042
4815	0.018834
4816	0.021291
4817	0.02275
4818	0.017792
4819	0.0205
4820	0.022167
4821	0.020042
4822	0.017583
4823	0.020833
4824	0.020375
4825	0.020542
4826	0.020417
4827	0.017375
4828	0.017958
4829	0.0195
4830	0.018959
4831	0.021416
4832	0.021667
4833	0.021584
4834	0.022291
4835	0.019
4836	0.021292
4837	0.020333
4838	0.021208
4839	0.020417
4840	0.0225
4841	0.019583
4842	0.02
4843	0.021875
4844	0.021459
4845	0.022709
4846	0.019875
4847	0.021375
4848	0.019042
4849	0.018958
4850	0.019834
4851	0.018917
4852	0.017958
4853	0.020208
4854	0.018833
4855	0.016042
4856	0.018584
4857	0.022208
4858	0.021458
4859	0.022458
4860	0.021333
4861	0.019625
4862	0.029583
4863	0.020791
4864	0.020375
4865	0.022417
4866	0.020667
4867	0.020625
4868	0.021208
4869	0.019958
4870	0.021792
4871	0.015708
4872	0.018333
4873	0.021125
4874	0.02025
4875	0.019417
4876	0.019875
4877	0.02
4878	0.020458
4879	0.019917
4880	0.022875
4881	0.020625
4882	0.017917
4883	0.023708
4884	0.020292
4885	0.01975
4886	0.020083
4887	0.020583
4888	0.020292
4889	0.016708
4890	0.019916
4891	0.018459
4892	0.0205
4893	0.019542
4894	0.019958
4895	0.019834
4896	0.022583
4897	0.017708
4898	0.020625
4899	0.021084
4900	0.022
4901	0.0225
4902	0.017542
4903	0.018833
4904	0.019917
4905	0.018083
4906	0.018542
4907	0.021125
4908	0.02
4909	0.021209
4910	0.019916
4911	0.016459
4912	0.020791
4913	0.017834
4914	0.01825
4915	0.019042
4916	0.021708
4917	0.018042
4918	0.016917
4919	0.020458
4920	0.020791
4921	0.017
4922	0.022041
4923	0.023667
4924	0.020458
4925	0.020208
4926	0.020125
4927	0.019209
4928	0.019916
4929	0.022292
4930	0.018875
4931	0.019833
4932	0.019292
4933	0.021334
4934	0.02025
4935	0.018834
4936	0.019583
4937	0.022209
4938	0.020333
4939	0.017917
4940	0.021
4941	0.017708
4942	0.020209
4943	0.019916
4944	0.025958
4945	0.021834
4946	0.017833
4947	0.021125
4948	0.017333
4949	0.017209
4950	0.021333
4951	0.022583
4952	0.019708
4953	0.021167
4954	0.017875
4955	0.017542
4956	0.017917
4957	0.021875
4958	0.020042
4959	0.017125
4960	0.020792
4961	0.019334
4962	0.021958
4963	0.022375
4964	0.02025
4965	0.028166
4966	0.022667
4967	0.020083
4968	0.019917
4969	0.020042
4970	0.019708
4971	0.018125
4972	0.021084
4973	0.01875
4974	0.019208
4975	0.021833
4976	0.018417
4977	0.021292
4978	0.0185
4979	0.019459
4980	0.0185
4981	0.022083
4982	0.020959
4983	0.018042
4984	0.022125
4985	0.02275
4986	0.02225
4987	0.018791
4988	0.018458
4989	0.019584
4990	0.021709
4991	0.0215
4992	0.02025
4993	0.018542
4994	0.019875
4995	0.02025
4996	0.022875
4997	0.01975
4998	0.019291
4999	0.023334
5000	0.953583
5001	0.090167
5002	0.065084
5003	0.061416
5004	0.061166
5005	0.054208
5006	0.050708
5007	0.050292
5008	0.053458
5009	0.038417
5010	0.035
5011	0.034833
5012	0.034875
5013	0.0335
5014	0.03475
5015	0.033958
5016	0.0365
5017	0.0355
5018	0.036333
5019	0.034125
5020	0.035417
5021	0.035125
5022	0.03475
5023	0.048959
5024	0.033916
5025	0.032375
5026	0.033041
5027	0.033166
5028	0.032792
5029	0.034291
5030	0.031792
5031	0.032917
5032	0.032375
5033	0.033209
5034	0.0335
5035	0.033708
5036	0.032208
5037	0.031458
5038	0.032375
5039	0.031584
5040	0.03425
5041	0.030958
5042	0.034458
5043	0.055417
5044	0.037917
5045	0.033458
5046	0.030167
5047	0.03175
5048	0.038542
5049	0.032209
5050	0.029791
5051	0.034125
5052	0.029292
5053	0.028417
5054	0.030542
5055	0.029417
5056	0.03225
5057	0.029667
5058	0.02925
5059	0.027292
5060	0.0285
5061	0.031416
5062	0.029792
5063	0.0305
5064	0.028417
5065	0.032375
5066	0.032334
5067	0.028958
5068	0.030625
5069	0.029667
5070	0.028625
5071	0.0295
5072	0.0285
5073	0.031
5074	0.028917
5075	0.031083
5076	0.027209
5077	0.028916
5078	0.028333
5079	0.02775
5080	0.028375
5081	0.028959
5082	0.027958
5083	0.028334
5084	0.031708
5085	0.029208
5086	0.028542
5087	0.028042
5088	0.029291
5089	0.028667
5090	0.029167
5091	0.028291
5092	0.028584
5093	0.028041
5094	0.028541
5095	0.031666
5096	0.028792
5097	0.030041
5098	0.029042
5099	0.029375
5100	0.028834
5101	0.02875
5102	0.028125
5103	0.02925
5104	0.027708
5105	0.028334
5106	0.028958
5107	0.029667
5108	0.02825
5109	0.027458
5110	0.027167
5111	0.027791
5112	0.028708
5113	0.027792
5114	0.028583
5115	0.027667
5116	0.0285
5117	0.028
5118	0.028417
5119	0.029084
5120	0.02875
5121	0.0285
5122	0.027166
5123	0.027958
5124	0.027667
5125	0.02825
5126	0.028625
5127	0.035375
5128	0.04075
5129	0.030042
5130	0.028666
5131	0.027208
5132	0.0555
5133	0.029333
5134	0.027375
5135	0.028959
5136	0.02625
5137	0.027375
5138	0.027917
5139	0.026417
5140	0.028042
5141	0.027375
5142	0.028208
5143	0.028917
5144	0.027375
5145	0.218625
5146	0.057209
5147	0.036416
5148	0.032042
5149	0.03075
5150	0.02875
5151	0.025208
5152	0.029292
5153	0.029542
5154	0.028375
5155	0.027417
5156	0.028583
5157	0.028125
5158	0.027334
5159	0.028209
5160	0.029
5161	0.026875
5162	0.027834
5163	0.027541
5164	0.028666
5165	0.02725
5166	0.028125
5167	0.025209
5168	0.026833
5169	0.028667
5170	0.033958
5171	0.028834
5172	0.0275
5173	0.027667
5174	0.030375
5175	0.029167
5176	0.028667
5177	0.028125
5178	0.02875
5179	0.028375
5180	0.026125
5181	0.027333
5182	0.0285
5183	0.027709
5184	0.026333
5185	0.027125
5186	0.028041
5187	0.037416
5188	0.026958
5189	0.027292
5190	0.029167
5191	0.044791
5192	0.028583
5193	0.028709
5194	0.028
5195	0.027791
5196	0.027083
5197	0.027208
5198	0.027875
5199	0.025834
5200	0.02825
5201	0.027958
5202	0.02725
5203	0.028208
5204	0.026083
5205	0.026833
5206	0.026167
5207	0.027584
5208	0.028292
5209	0.027875
5210	0.0265
5211	0.026042
5212	0.028542
5213	0.027458
5214	0.028209
5215	0.027084
5216	0.026708
5217	0.026541
5218	0.026416
5219	0.027334
5220	0.026125
5221	0.027334
5222	0.027417
5223	0.027
5224	0.027083
5225	0.028542
5226	0.026458
5227	0.028041
5228	0.030625
5229	0.027167
5230	0.025292
5231	0.026291
5232	0.025917
5233	0.023958
5234	0.0265
5235	0.02675
5236	0.024458
5237	0.026375
5238	0.025125
5239	0.026625
5240	0.026042
5241	0.025541
5242	0.024125
5243	0.024625
5244	0.026166
5245	0.025791
5246	0.026041
5247	0.031709
5248	0.026416
5249	0.02525
5250	0.024791
5251	0.026584
5252	0.028042
5253	0.030542
5254	0.025792
5255	0.032542
5256	0.026833
5257	0.024667
5258	0.026417
5259	0.0285
5260	0.025542
5261	0.023875
5262	0.02575
5263	0.026291
5264	0.025416
5265	0.028208
5266	0.02525
5267	0.024667
5268	0.024417
5269	0.025083
5270	0.024458
5271	0.0235
5272	0.026042
5273	0.02475
5274	0.024791
5275	0.026041
5276	0.025667
5277	0.023958
5278	0.025834
5279	0.025583
5280	0.026125
5281	0.026084
5282	0.025875
5283	0.025041
5284	0.023375
5285	0.024792
5286	0.02475
5287	0.026042
5288	0.026541
5289	0.025542
5290	0.025166
5291	0.025208
5292	0.025209
5293	0.026125
5294	0.023458
5295	0.023916
5296	0.025458
5297	0.026125
5298	0.025459
5299	0.026208
5300	0.025583
5301	0.025542
5302	0.025
5303	0.023292
5304	0.026375
5305	0.023833
5306	0.025792
5307	0.025334
5308	0.023708
5309	0.025625
5310	0.024
5311	0.026083
5312	0.025708
5313	0.025916
5314	0.025958
5315	0.024167
5316	0.02625
5317	0.025417
5318	0.025542
5319	0.025625
5320	0.026292
5321	0.024583
5322	0.026208
5323	0.02525
5324	0.025708
5325	0.024
5326	0.024958
5327	0.023042
5328	0.026209
5329	0.025291
5330	0.025333
5331	0.02675
5332	0.026708
5333	0.023875
5334	0.025917
5335	0.025291
5336	0.026708
5337	0.025083
5338	0.024333
5339	0.025708
5340	0.024834
5341	0.0245
5342	0.024833
5343	0.026875
5344	0.025375
5345	0.02525
5346	0.028875
5347	0.0245
5348	0.026042
5349	0.024792
5350	0.025459
5351	0.024042
5352	0.027583
5353	0.026
5354	0.024833
5355	0.024875
5356	0.026584
5357	0.024458
5358	0.025042
5359	0.02575
5360	0.026041
5361	0.025167
5362	0.02425
5363	0.026375
5364	0.025916
5365	0.025125
5366	0.0245
5367	0.02375
5368	0.0255
5369	0.025375
5370	0.026541
5371	0.026417
5372	0.024875
5373	0.023959
5374	0.026042
5375	0.024667
5376	0.025375
5377	0.025459
5378	0.025
5379	0.026083
5380	0.025666
5381	0.025833
5382	0.025209
5383	0.035833
5384	0.025583
5385	0.024334
5386	0.028292
5387	0.028291
5388	0.031
5389	0.0255
5390	0.026625
5391	0.025042
5392	0.027208
5393	0.026458
5394	0.025083
5395	0.025958
5396	0.0285
5397	0.025667
5398	0.027083
5399	0.026417
5400	0.025042
5401	0.027125
5402	0.026333
5403	0.025584
5404	0.024458
5405	0.02575
5406	0.025375
5407	0.026167
5408	0.026458
5409	0.025667
5410	0.025583
5411	0.025416
5412	0.024833
5413	0.026083
5414	0.0255
5415	0.025041
5416	0.0245
5417	0.026208
5418	0.026834
5419	0.025292
5420	0.025125
5421	0.024459
5422	0.02575
5423	0.025792
5424	0.025166
5425	0.024042
5426	0.026666
5427	0.026125
5428	0.025416
5429	0.0275
5430	0.025334
5431	0.024042
5432	0.026375
5433	0.026334
5434	0.026583
5435	0.026666
5436	0.026416
5437	0.025041
5438	0.025333
5439	0.025708
5440	0.025167
5441	0.026291
5442	0.026125
5443	0.02425
5444	0.026708
5445	0.025584
5446	0.026375
5447	0.025666
5448	0.028416
5449	0.024333
5450	0.02525
5451	0.026166
5452	0.027
5453	0.025958
5454	0.025333
5455	0.025583
5456	0.026083
5457	0.0255
5458	0.026166
5459	0.0255
5460	0.025833
5461	0.026458
5462	0.025125
5463	0.026333
5464	0.025875
5465	0.025125
5466	0.025417
5467	0.025125
5468	0.026292
5469	0.026334
5470	0.025583
5471	0.025083
5472	0.026208
5473	0.024584
5474	0.026625
5475	0.02675
5476	0.026
5477	0.026375
5478	0.025541
5479	0.025458
5480	0.025833
5481	0.025417
5482	0.027042
5483	0.025917
5484	0.026459
5485	0.025667
5486	0.025375
5487	0.026291
5488	0.026625
5489	0.026458
5490	0.024625
5491	0.025666
5492	0.023459
5493	0.025541
5494	0.023791
5495	0.027875
5496	0.025083
5497	0.02325
5498	0.026333
5499	0.025666
5500	0.023708
5501	0.02725
5502	0.025416
5503	0.025
5504	0.025375
5505	0.024958
5506	0.025834
5507	0.023125
5508	0.025041
5509	0.026833
5510	0.026875
5511	0.054084
5512	0.024333
5513	0.0245
5514	0.024083
5515	0.024333
5516	0.026917
5517	0.0255
5518	0.025292
5519	0.025792
5520	0.026917
5521	0.02425
5522	0.025292
5523	0.026416
5524	0.025917
5525	0.025208
5526	0.026083
5527	0.026666
5528	0.026166
5529	0.022708
5530	0.024417
5531	0.025375
5532	0.025792
5533	0.024459
5534	0.026167
5535	0.029791
5536	0.025959
5537	0.025
5538	0.024709
5539	0.025292
5540	0.026
5541	0.026208
5542	0.026292
5543	0.024875
5544	0.024584
5545	0.024208
5546	0.026167
5547	0.026209
5548	0.026
5549	0.025292
5550	0.026333
5551	0.02475
5552	0.023958
5553	0.026459
5554	0.023917
5555	0.023917
5556	0.025
5557	0.02475
5558	0.026041
5559	0.026958
5560	0.025875
5561	0.022958
5562	0.0245
5563	0.023667
5564	0.025792
5565	0.025167
5566	0.026292
5567	0.02425
5568	0.027292
5569	0.038375
5570	0.036125
5571	0.027542
5572	0.022459
5573	0.021792
5574	0.025542
5575	0.025833
5576	0.022166
5577	0.024584
5578	0.024833
5579	0.024625
5580	0.022333
5581	0.02525
5582	0.024
5583	0.023791
5584	0.024125
5585	0.023667
5586	0.023959
5587	0.024958
5588	0.023666
5589	0.023709
5590	0.022375
5591	0.022042
5592	0.024333
5593	0.021916
5594	0.023792
5595	0.023667
5596	0.024
5597	0.023125
5598	0.023917
5599	0.023292
5600	0.02325
5601	0.023583
5602	0.022083
5603	0.021958
5604	0.021667
5605	0.023417
5606	0.0235
5607	0.024125
5608	0.024125
5609	0.022083
5610	0.022792
5611	0.024375
5612	0.025834
5613	0.0305
5614	0.02225
5615	0.023542
5616	0.023625
5617	0.023583
5618	0.021667
5619	0.022334
5620	0.023375
5621	0.022625
5622	0.022708
5623	0.0235
5624	0.022166
5625	0.022625
5626	0.024334
5627	0.021125
5628	0.022875
5629	0.025166
5630	0.022041
5631	0.02325
5632	0.023416
5633	0.0235
5634	0.0215
5635	0.022583
5636	0.021666
5637	0.021833
5638	0.023542
5639	0.24475
5640	0.128708
5641	0.637125
5642	0.183708
5643	0.045917
5644	0.030541
5645	0.023542
5646	0.022125
5647	0.022833
5648	0.019958
5649	0.021083
5650	0.021667
5651	0.020333
5652	0.021584
5653	0.020458
5654	0.020417
5655	0.023083
5656	0.0215
5657	0.021666
5658	0.027291
5659	0.019709
5660	0.037125
5661	0.021792
5662	0.020917
5663	0.020917
5664	0.0225
5665	0.020833
5666	0.0215
5667	0.021041
5668	0.022875
5669	0.021167
5670	0.020667
5671	0.021667
5672	0.020375
5673	0.01975
5674	0.018917
5675	0.027458
5676	0.019792
5677	0.027375
5678	0.020292
5679	0.019917
5680	0.019791
5681	0.018709
5682	0.020291
5683	0.020709
5684	0.021208
5685	0.019291
5686	0.020666
5687	0.020584
5688	0.021
5689	0.020583
5690	0.020166
5691	0.02
5692	0.019209
5693	0.020125
5694	0.019542
5695	0.020375
5696	0.020084
5697	0.018666
5698	0.0205
5699	0.020375
5700	0.019
5701	0.020167
5702	0.019917
5703	0.021208
5704	0.018583
5705	0.020375
5706	0.019458
5707	0.020417
5708	0.02
5709	0.019375
5710	0.019333
5711	0.020291
5712	0.021167
5713	0.0205
5714	0.021875
5715	0.026542
5716	0.021291
5717	0.019416
5718	0.021334
5719	0.020333
5720	0.020084
5721	0.020541
5722	0.020875
5723	0.020667
5724	0.021042
5725	0.019875
5726	0.020125
5727	0.018208
5728	0.02075
5729	0.019625
5730	0.020542
5731	0.019083
5732	0.020459
5733	0.021167
5734	0.0205
5735	0.021458
5736	0.020083
5737	0.019458
5738	0.019667
5739	0.020375
5740	0.018584
5741	0.020333
5742	0.020208
5743	0.020542
5744	0.020458
5745	0.0215
5746	0.019167
5747	0.020083
5748	0.018875
5749	0.020458
5750	0.019875
5751	0.020209
5752	0.020875
5753	0.021
5754	0.020291
5755	0.019791
5756	0.020625
5757	0.019042
5758	0.01925
5759	0.021125
5760	0.02075
5761	0.01875
5762	0.020666
5763	0.021584
5764	0.020291
5765	0.019667
5766	0.018875
5767	0.021084
5768	0.019
5769	0.019375
5770	0.021041
5771	0.0195
5772	0.02025
5773	0.019542
5774	0.01825
5775	0.021083
5776	0.020459
5777	0.019958
5778	0.020625
5779	0.019125
5780	0.021
5781	0.020375
5782	0.02025
5783	0.01875
5784	0.020084
5785	0.020833
5786	0.019709
5787	0.02075
5788	0.019958
5789	0.020083
5790	0.019
5791	0.019833
5792	0.020083
5793	0.018417
5794	0.021
5795	0.019209
5796	0.018833
5797	0.020459
5798	0.020458
5799	0.0175
5800	0.020208
5801	0.020667
5802	0.021208
5803	0.019084
5804	0.020125
5805	0.020291
5806	0.019291
5807	0.019167
5808	0.019917
5809	0.018125
5810	0.019625
5811	0.019916
5812	0.020708
5813	0.019084
5814	0.02
5815	0.020417
5816	0.021542
5817	0.019083
5818	0.020084
5819	0.019583
5820	0.020167
5821	0.019833
5822	0.018625
5823	0.019166
5824	0.019666
5825	0.024958
5826	0.036041
5827	0.021167
5828	0.022
5829	0.018833
5830	0.021083
5831	0.019291
5832	0.023083
5833	0.02075
5834	0.0205
5835	0.019791
5836	0.019583
5837	0.020625
5838	0.020334
5839	0.020208
5840	0.02025
5841	0.020375
5842	0.020375
5843	0.019917
5844	0.020333
5845	0.018708
5846	0.018916
5847	0.019041
5848	0.019833
5849	0.021583
5850	0.020167
5851	0.018208
5852	0.02025
5853	0.0205
5854	0.020334
5855	0.020583
5856	0.020542
5857	0.018625
5858	0.018875
5859	0.02
5860	0.0195
5861	0.019375
5862	0.018667
5863	0.01975
5864	0.021334
5865	0.018833
5866	0.019708
5867	0.018917
5868	0.020333
5869	0.019334
5870	0.018792
5871	0.020459
5872	0.021
5873	0.020208
5874	0.021125
5875	0.018875
5876	0.019625
5877	0.020125
5878	0.020583
5879	0.019542
5880	0.019875
5881	0.0225
5882	0.019541
5883	0.018084
5884	0.020084
5885	0.020958
5886	0.018166
5887	0.019458
5888	0.020083
5889	0.019458
5890	0.019541
5891	0.020209
5892	0.020667
5893	0.020875
5894	0.02075
5895	0.020458
5896	0.019542
5897	0.020833
5898	0.021417
5899	0.020208
5900	0.0205
5901	0.018416
5902	0.020792
5903	0.020792
5904	0.02
5905	0.019292
5906	0.020583
5907	0.018792
5908	0.022041
5909	0.020875
5910	0.01825
5911	0.017792
5912	0.01975
5913	0.018125
5914	0.020583
5915	0.020334
5916	0.02
5917	0.019583
5918	0.021041
5919	0.020084
5920	0.020166
5921	0.022459
5922	0.01875
5923	0.020042
5924	0.020083
5925	0.020209
5926	0.019291
5927	0.020791
5928	0.019
5929	0.021416
5930	0.024125
5931	0.0195
5932	0.02075
5933	0.02
5934	0.01975
5935	0.01925
5936	0.018875
5937	0.021
5938	0.020209
5939	0.020625
5940	0.020708
5941	0.020333
5942	0.01875
5943	0.018459
5944	0.019833
5945	0.019542
5946	0.020083
5947	0.020708
5948	0.0185
5949	0.020917
5950	0.019917
5951	0.019125
5952	0.020583
5953	0.020416
5954	0.019125
5955	0.020166
5956	0.019041
5957	0.019791
5958	0.020041
5959	0.019709
5960	0.019375
5961	0.020875
5962	0.019
5963	0.020667
5964	0.020416
5965	0.019334
5966	0.020666
5967	0.019625
5968	0.020125
5969	0.020208
5970	0.019875
5971	0.020833
5972	0.020208
5973	0.0215
5974	0.019875
5975	0.017541
5976	0.019959
5977	0.018333
5978	0.018916
5979	0.019459
5980	0.019625
5981	0.019542
5982	0.020333
5983	0.019916
5984	0.020916
5985	0.01975
5986	0.020208
5987	0.019958
5988	0.01975
5989	0.020083
5990	0.0205
5991	0.02025
5992	0.019916
5993	0.02075
5994	0.020917
5995	0.01975
5996	0.02
5997	0.0205
5998	0.020042
5999	0.025042
6000	0.020958
6001	0.020083
6002	0.018625
6003	0.019333
6004	0.020208
6005	0.020542
6006	0.01925
6007	0.018792
6008	0.020708
6009	0.01925
6010	0.021042
6011	0.02075
6012	0.019542
6013	0.019667
6014	0.020458
6015	0.019166
6016	0.01875
6017	0.019667
6018	0.019792
6019	0.02
6020	0.020667
6021	0.020583
6022	0.020375
6023	0.021667
6024	0.020083
6025	0.019625
6026	0.021041
6027	0.021333
6028	0.021166
6029	0.018833
6030	0.019334
6031	0.02
6032	0.017833
6033	0.020791
6034	0.020375
6035	0.02025
6036	0.0195
6037	0.018333
6038	0.020709
6039	0.019208
6040	0.020875
6041	0.021041
6042	0.018625
6043	0.01975
6044	0.019125
6045	0.020334
6046	0.020625
6047	0.02025
6048	0.020125
6049	0.018958
6050	0.020292
6051	0.019667
6052	0.020167
6053	0.01975
6054	0.01975
6055	0.018625
6056	0.020542
6057	0.019166
6058	0.018417
6059	0.020792
6060	0.020083
6061	0.018584
6062	0.019833
6063	0.0185
6064	0.020375
6065	0.020708
6066	0.019875
6067	0.02075
6068	0.020125
6069	0.021292
6070	0.021334
6071	0.020708
6072	0.022125
6073	0.017417
6074	0.01925
6075	0.020875
6076	0.0185
6077	0.019
6078	0.019083
6079	0.019375
6080	0.020125
6081	0.021042
6082	0.021667
6083	0.021666
6084	0.021333
6085	0.020666
6086	0.02
6087	0.02
6088	0.02075
6089	0.023125
6090	0.022291
6091	0.019
6092	0.02075
6093	0.019792
6094	0.019917
6095	0.019083
6096	0.019834
6097	0.020625
6098	0.022125
6099	0.019667
6100	0.02075
6101	0.019292
6102	0.019875
6103	0.02025
6104	0.024958
6105	0.019459
6106	0.020708
6107	0.01975
6108	0.020833
6109	0.02075
6110	0.020583
6111	0.018834
6112	0.020917
6113	0.021625
6114	0.018916
6115	0.018375
6116	0.039125
6117	0.02
6118	0.021333
6119	0.021084
6120	0.020583
6121	0.018459
6122	0.019083
6123	0.019334
6124	0.019208
6125	0.020333
6126	0.0185
6127	0.021167
6128	0.020459
6129	0.01975
6130	0.020167
6131	0.019667
6132	0.019084
6133	0.020666
6134	0.020625
6135	0.022
6136	0.01975
6137	0.018917
6138	0.020292
6139	0.019375
6140	0.020125
6141	0.020042
6142	0.019417
6143	0.019167
6144	0.022875
6145	0.020416
6146	0.019334
6147	0.019084
6148	0.020375
6149	0.020667
6150	0.020709
6151	0.026542
6152	0.03175
6153	0.0225
6154	0.019334
6155	0.020958
6156	0.019916
6157	0.020625
6158	0.019375
6159	0.020291
6160	0.019709
6161	0.019458
6162	0.019458
6163	0.02575
6164	0.020583
6165	0.02125
6166	0.019583
6167	0.022416
6168	0.021291
6169	0.019625
6170	0.021709
6171	0.0205
6172	0.021625
6173	0.02125
6174	0.018708
6175	0.020208
6176	0.021584
6177	0.020458
6178	0.020833
6179	0.039458
6180	0.036916
6181	0.025458
6182	0.023917
6183	0.023916
6184	0.019167
6185	0.0225
6186	0.019708
6187	0.019125
6188	0.021125
6189	0.018083
6190	0.02
6191	0.020667
6192	0.019791
6193	0.020833
6194	0.02025
6195	0.022125
6196	0.021166
6197	0.021375
6198	0.02025
6199	0.019958
6200	0.117125
6201	0.028834
6202	0.022709
6203	0.022625
6204	0.020666
6205	0.021667
6206	0.020291
6207	0.020458
6208	0.019875
6209	0.02325
6210	0.021333
6211	0.023042
6212	0.021709
6213	0.024417
6214	0.021084
6215	0.021625
6216	0.019833
6217	0.020125
6218	0.020083
6219	0.019
6220	0.020209
6221	0.037958
6222	0.021
6223	0.019542
6224	0.019625
6225	0.019166
6226	0.020125
6227	0.020209
6228	0.022583
6229	0.019
6230	0.0185
6231	0.022084
6232	0.020625
6233	0.022
6234	0.021125
6235	0.020584
6236	0.019458
6237	0.018167
6238	0.018791
6239	0.019667
6240	0.0205
6241	0.019208
6242	0.020834
6243	0.018375
6244	0.02075
6245	0.019416
6246	0.020875
6247	0.020166
6248	0.020459
6249	0.021833
6250	0.017917
6251	0.020708
6252	0.019
6253	0.020875
6254	0.020667
6255	0.020167
6256	0.021
6257	0.019916
6258	0.018584
6259	0.021709
6260	0.019542
6261	0.020791
6262	0.020417
6263	0.020125
6264	0.021416
6265	0.021291
6266	0.021708
6267	0.020625
6268	0.01875
6269	0.020583
6270	0.020084
6271	0.020875
6272	0.019917
6273	0.018791
6274	0.019834
6275	0.020583
6276	0.020083
6277	0.018375
6278	0.019959
6279	0.019666
6280	0.02075
6281	0.018167
6282	0.02075
6283	0.019792
6284	0.020791
6285	0.021417
6286	0.023
6287	0.0215
6288	0.020083
6289	0.020125
6290	0.02
6291	0.017542
6292	0.018917
6293	0.020916
6294	0.020417
6295	0.0205
6296	0.020458
6297	0.020708
6298	0.0195
6299	0.052834
6300	0.027292
6301	0.026125
6302	0.022084
6303	0.02225
6304	0.022375
6305	0.02
6306	0.019542
6307	0.022375
6308	0.024209
6309	0.02325
6310	0.023791
6311	0.021
6312	0.018834
6313	0.019333
6314	0.021083
6315	0.0205
6316	0.018875
6317	0.018041
6318	0.020333
6319	0.02025
6320	0.02075
6321	0.020125
6322	0.020292
6323	0.020291
6324	0.018792
6325	0.021291
6326	0.022167
6327	0.021042
6328	0.019334
6329	0.021
6330	0.019917
6331	0.020625
6332	0.021208
6333	0.019541
6334	0.020208
6335	0.019375
6336	0.029667
6337	0.020875
6338	0.020625
6339	0.018542
6340	0.018333
6341	0.021875
6342	0.017625
6343	0.019125
6344	0.020792
6345	0.020333
6346	0.019708
6347	0.019334
6348	0.020833
6349	0.019917
6350	0.020459
6351	0.020042
6352	0.019416
6353	0.020167
6354	0.018708
6355	0.018042
6356	0.021208
6357	0.018708
6358	0.019584
6359	0.018083
6360	0.021959
6361	0.020416
6362	0.020042
6363	0.020416
6364	0.020166
6365	0.01975
6366	0.020584
6367	0.020208
6368	0.019416
6369	0.0185
6370	0.018083
6371	0.020584
6372	0.020208
6373	0.019417
6374	0.021042
6375	0.020083
6376	0.021
6377	0.019667
6378	0.018625
6379	0.018834
6380	0.020917
6381	0.019541
6382	0.017625
6383	0.019292
6384	0.0195
6385	0.020292
6386	0.018083
6387	0.019042
6388	0.020417
6389	0.018375
6390	0.020375
6391	0.019833
6392	0.019375
6393	0.020042
6394	0.019333
6395	0.020166
6396	0.018875
6397	0.01875
6398	0.02
6399	0.021875
6400	0.020375
6401	0.021417
6402	0.020375
6403	0.019792
6404	0.02
6405	0.019
6406	0.020625
6407	0.020875
6408	0.019209
6409	0.020666
6410	0.020583
6411	0.0195
6412	0.02025
6413	0.019333
6414	0.019042
6415	0.020333
6416	0.020125
6417	0.020041
6418	0.018584
6419	0.02
6420	0.019125
6421	0.020541
6422	0.021125
6423	0.01925
6424	0.020125
6425	0.021584
6426	0.020708
6427	0.02025
6428	0.019125
6429	0.01975
6430	0.0195
6431	0.020541
6432	0.021875
6433	0.01975
6434	0.020208
6435	0.019833
6436	0.019542
6437	0.019791
6438	0.017459
6439	0.020791
6440	0.019375
6441	0.018125
6442	0.019958
6443	0.144834
6444	0.067792
6445	0.030459
6446	0.026125
6447	0.021917
6448	0.023541
6449	0.021541
6450	0.020541
6451	0.021083
6452	0.019292
6453	0.021417
6454	0.023458
6455	0.021125
6456	0.018875
6457	0.021333
6458	0.019958
6459	0.019167
6460	0.020417
6461	0.019208
6462	0.018
6463	0.021167
6464	0.021125
6465	0.020791
6466	0.020166
6467	0.020459
6468	0.021833
6469	0.020916
6470	0.049042
6471	0.020334
6472	0.023667
6473	0.022375
6474	0.01925
6475	0.018625
6476	0.021125
6477	0.0215
6478	0.021458
6479	0.018
6480	0.0195
6481	0.020667
6482	0.018583
6483	0.019459
6484	0.021
6485	0.02075
6486	0.019583
6487	0.021917
6488	0.020375
6489	0.023792
6490	0.019292
6491	0.019125
6492	0.020333
6493	0.019666
6494	0.020541
6495	0.019208
6496	0.020542
6497	0.018209
6498	0.020458
6499	0.021333
6500	0.0195
6501	0.020125
6502	0.018625
6503	0.019708
6504	0.020083
6505	0.020167
6506	0.020875
6507	0.020083
6508	0.019625
6509	0.018
6510	0.019375
6511	0.020625
6512	0.041
6513	0.018667
6514	0.021334
6515	0.023041
6516	0.020042
6517	0.02025
6518	0.017625
6519	0.02225
6520	0.020458
6521	0.020209
6522	0.024
6523	0.02175
6524	0.020875
6525	0.020917
6526	0.019333
6527	0.0205
6528	0.020666
6529	0.018792
6530	0.04525
6531	0.0585
6532	0.026208
6533	0.02275
6534	0.022625
6535	0.02725
6536	0.02125
6537	0.021791
6538	0.020458
6539	0.019625
6540	0.018833
6541	0.018875
6542	0.019125
6543	0.02025
6544	0.020625
6545	0.018334
6546	0.019875
6547	0.017916
6548	0.019041
6549	0.0185
6550	0.020041
6551	0.021292
6552	0.0205
6553	0.017541
6554	0.019542
6555	0.020625
6556	0.019958
6557	0.019917
6558	0.019417
6559	0.020792
6560	0.020458
6561	0.018167
6562	0.019584
6563	0.020125
6564	0.019125
6565	0.018959
6566	0.021125
6567	0.020125
6568	0.020458
6569	0.019958
6570	0.020042
6571	0.017875
6572	0.019833
6573	0.020291
6574	0.022167
6575	0.020292
6576	0.017125
6577	0.02075
6578	0.019417
6579	0.019167
6580	0.018208
6581	0.019667
6582	0.02025
6583	0.020333
6584	0.019667
6585	0.020667
6586	0.0185
6587	0.019458
6588	0.019708
6589	0.020125
6590	0.019292
6591	0.019708
6592	0.018875
6593	0.019459
6594	0.017666
6595	0.018792
6596	0.020458
6597	0.019459
6598	0.019958
6599	0.018875
6600	0.019792
6601	0.018583
6602	0.018375
6603	0.0215
6604	0.020417
6605	0.019208
6606	0.019958
6607	0.018625
6608	0.020166
6609	0.02075
6610	0.018334
6611	0.019583
6612	0.020208
6613	0.01975
6614	0.0195
6615	0.01975
6616	0.020292
6617	0.02025
6618	0.019084
6619	0.019166
6620	0.01975
6621	0.020459
6622	0.018458
6623	0.018583
6624	0.019625
6625	0.019291
6626	0.019625
6627	0.018
6628	0.019583
6629	0.020667
6630	0.02
6631	0.018042
6632	0.02
6633	0.018667
6634	0.018708
6635	0.016917
6636	0.01975
6637	0.019875
6638	0.020292
6639	0.0195
6640	0.020208
6641	0.018417
6642	0.019125
6643	0.019625
6644	0.018666
6645	0.020084
6646	0.025375
6647	0.019917
6648	0.020208
6649	0.019792
6650	0.019333
6651	0.018917
6652	0.018334
6653	0.018166
6654	0.019584
6655	0.019666
6656	0.021334
6657	0.019333
6658	0.02025
6659	0.018958
6660	0.020166
6661	0.019417
6662	0.019583
6663	0.019666
6664	0.019208
6665	0.017958
6666	0.019417
6667	0.019625
6668	0.019833
6669	0.0205
6670	0.019958
6671	0.019625
6672	0.018417
6673	0.019167
6674	0.019334
6675	0.019125
6676	0.019208
6677	0.018792
6678	0.020083
6679	0.018084
6680	0.019959
6681	0.018583
6682	0.021208
6683	0.019209
6684	0.021125
6685	0.019041
6686	0.018875
6687	0.019916
6688	0.019125
6689	0.021041
6690	0.019459
6691	0.021416
6692	0.019042
6693	0.018042
6694	0.01875
6695	0.01825
6696	0.019375
6697	0.018167
6698	0.021875
6699	0.021
6700	0.020167
6701	0.020042
6702	0.018458
6703	0.017084
6704	0.018708
6705	0.019625
6706	0.020958
6707	0.018
6708	0.019458
6709	0.020625
6710	0.020375
6711	0.021166
6712	0.02
6713	0.018959
6714	0.02075
6715	0.020959
6716	0.020625
6717	0.020667
6718	0.02025
6719	0.021
6720	0.019291
6721	0.02075
6722	0.018375
6723	0.01875
6724	0.019459
6725	0.020292
6726	0.021375
6727	0.020333
6728	0.018709
6729	0.020792
6730	0.0185
6731	0.019666
6732	0.0205
6733	0.021167
6734	0.020958
6735	0.020708
6736	0.019042
6737	0.019041
6738	0.019375
6739	0.021208
6740	0.020834
6741	0.020292
6742	0.019167
6743	0.02
6744	0.018375
6745	0.01925
6746	0.020708
6747	0.021125
6748	0.0215
6749	0.020458
6750	0.018875
6751	0.019125
6752	0.019333
6753	0.019583
6754	0.019291
6755	0.019375
6756	0.019875
6757	0.019541
6758	0.01975
6759	0.020625
6760	0.019084
6761	0.02125
6762	0.020833
6763	0.019584
6764	0.021416
6765	0.018791
6766	0.019667
6767	0.0185
6768	0.021541
6769	0.019958
6770	0.019375
6771	0.026959
6772	0.022916
6773	0.019291
6774	0.020459
6775	0.018666
6776	0.020375
6777	0.02375
6778	0.047834
6779	0.020417
6780	0.020375
6781	0.019375
6782	0.017
6783	0.020541
6784	0.019541
6785	0.019542
6786	0.019042
6787	0.020042
6788	0.018875
6789	0.019833
6790	0.018417
6791	0.01925
6792	0.018375
6793	0.017917
6794	0.02025
6795	0.0265
6796	0.020791
6797	0.018958
6798	0.019875
6799	0.019625
6800	0.017167
6801	0.019375
6802	0.018834
6803	0.019583
6804	0.0295
6805	0.02425
6806	0.024625
6807	0.018541
6808	0.019375
6809	0.019542
6810	0.019708
6811	0.019292
6812	0.018958
6813	0.019417
6814	0.019833
6815	0.01925
6816	0.016792
6817	0.019875
6818	0.020125
6819	0.01875
6820	0.018166
6821	0.019334
6822	0.019958
6823	0.01775
6824	0.019584
6825	0.018458
6826	0.018417
6827	0.018917
6828	0.016334
6829	0.019792
6830	0.01925
6831	0.019708
6832	0.020041
6833	0.019
6834	0.021292
6835	0.01875
6836	0.02025
6837	0.01975
6838	0.019292
6839	0.020959
6840	0.021167
6841	0.020916
6842	0.019042
6843	0.018208
6844	0.018666
6845	0.0195
6846	0.019417
6847	0.017625
6848	0.020291
6849	0.079375
6850	0.030917
6851	0.020959
6852	0.022333
6853	0.020833
6854	0.021458
6855	0.019625
6856	0.019708
6857	0.020334
6858	0.019417
6859	0.019792
6860	0.020041
6861	0.020125
6862	0.020167
6863	0.019292
6864	0.022125
6865	0.0185
6866	0.019875
6867	0.0195
6868	0.019125
6869	0.02
6870	0.0205
6871	0.020917
6872	0.021541
6873	0.021916
6874	0.019833
6875	0.020959
6876	0.020458
6877	0.019833
6878	0.019792
6879	0.034375
6880	0.023709
6881	0.019416
6882	0.020709
6883	0.020417
6884	0.020167
6885	0.01975
6886	0.018583
6887	0.019709
6888	0.019708
6889	0.019334
6890	0.020333
6891	0.019208
6892	0.020917
6893	0.020666
6894	0.018
6895	0.020125
6896	0.018875
6897	0.018417
6898	0.01775
6899	0.017958
6900	0.019209
6901	0.01925
6902	0.018541
6903	0.018792
6904	0.019459
6905	0.019667
6906	0.017375
6907	0.019958
6908	0.020375
6909	0.026833
6910	0.024417
6911	0.019667
6912	0.030417
6913	0.024625
6914	0.085583
6915	0.025625
6916	0.023375
6917	0.02025
6918	0.02625
6919	0.018459
6920	0.019708
6921	0.020417
6922	0.020291
6923	0.017917
6924	0.016542
6925	0.021334
6926	0.019166
6927	0.021625
6928	0.020458
6929	0.018541
6930	0.019375
6931	0.019833
6932	0.018333
6933	0.018833
6934	0.019417
6935	0.022292
6936	0.022125
6937	0.020875
6938	0.020208
6939	0.020666
6940	0.022167
6941	0.018958
6942	0.019792
6943	0.018792
6944	0.019
6945	0.019583
6946	0.032333
6947	0.019917
6948	0.019833
6949	0.02
6950	0.019333
6951	0.016458
6952	0.020958
6953	0.018209
6954	0.019083
6955	0.019834
6956	0.020125
6957	0.020541
6958	0.019375
6959	0.017875
6960	0.019917
6961	0.018417
6962	0.018042
6963	0.019792
6964	0.01875
6965	0.026917
6966	0.020291
6967	0.019458
6968	0.019333
6969	0.020208
6970	0.019917
6971	2.787709
6972	0.029833
6973	0.023542
6974	0.0205
6975	0.02175
6976	0.027541
6977	0.021083
6978	0.027042
6979	0.021917
6980	0.019667
6981	0.020166
6982	0.020041
6983	0.02025
6984	0.021625
6985	0.019209
6986	0.01825
6987	0.018208
6988	0.021375
6989	0.021875
6990	0.018666
6991	0.017166
6992	0.019083
6993	0.019333
6994	0.018584
6995	0.021708
6996	0.0375
6997	0.020667
6998	0.02
6999	0.017125
7000	0.018667
7001	0.019084
7002	0.019583
7003	0.016625
7004	0.017792
7005	0.020042
7006	0.016917
7007	0.020542
7008	0.018041
7009	0.01725
7010	0.018417
7011	0.017708
7012	0.0185
7013	0.019709
7014	0.01775
7015	0.019166
7016	0.019125
7017	0.024542
7018	0.01875
7019	0.162833
7020	0.025708
7021	0.02025
7022	0.018834
7023	0.021917
7024	0.018
7025	0.01975
7026	0.018625
7027	0.017
7028	0.019375
7029	0.019
7030	0.0185
7031	0.019833
7032	0.020084
7033	0.02075
7034	0.018875
7035	0.021583
7036	0.021417
7037	0.019083
7038	0.018042
7039	0.019
7040	0.019458
7041	0.018875
7042	0.025667
7043	0.017833
7044	0.018375
7045	0.020084
7046	0.019041
7047	0.021959
7048	0.019709
7049	0.021917
7050	0.0195
7051	0.018333
7052	0.020542
7053	0.017583
7054	0.018708
7055	0.019375
7056	0.020042
7057	0.019
7058	0.019417
7059	0.017917
7060	0.019333
7061	0.01825
7062	0.017833
7063	0.020042
7064	0.018875
7065	0.019875
7066	0.018709
7067	0.018416
7068	0.019541
7069	0.019334
7070	0.018875
7071	0.01875
7072	0.016667
7073	0.0175
7074	0.018458
7075	0.018834
7076	0.020084
7077	0.017666
7078	0.016625
7079	0.017333
7080	0.0185
7081	0.016625
7082	0.019917
7083	0.019792
7084	0.0185
7085	0.017834
7086	0.018
7087	0.019083
7088	0.0185
7089	0.019084
7090	0.017041
7091	0.019875
7092	0.019666
7093	0.020125
7094	0.018958
7095	0.018292
7096	0.017959
7097	0.01925
7098	0.019083
7099	0.023584
7100	0.018916
7101	0.017667
7102	0.018333
7103	0.019125
7104	0.018209
7105	0.018292
7106	0.018375
7107	0.017708
7108	0.020459
7109	0.0175
7110	0.01975
7111	0.019917
7112	0.018667
7113	0.019875
7114	0.018125
7115	0.018166
7116	0.017792
7117	0.018167
7118	0.01775
7119	0.017792
7120	0.019125
7121	0.019333
7122	0.018084
7123	0.016458
7124	0.017708
7125	0.017625
7126	0.019375
7127	0.019208
7128	0.019541
7129	0.019334
7130	0.019542
7131	0.023541
7132	0.019417
7133	0.019
7134	0.017459
7135	0.017833
7136	0.021208
7137	0.026417
7138	0.01925
7139	0.0185
7140	0.018792
7141	0.065625
7142	0.035917
7143	0.023625
7144	0.020167
7145	0.020875
7146	0.0195
7147	0.020208
7148	0.019916
7149	0.015959
7150	0.019375
7151	0.019458
7152	0.019208
7153	0.020667
7154	0.019709
7155	0.018625
7156	0.018958
7157	0.038458
7158	0.027959
7159	0.024125
7160	0.020917
7161	0.02075
7162	0.017875
7163	0.019667
7164	0.017875
7165	0.019666
7166	0.019917
7167	0.018625
7168	0.019541
7169	0.018
7170	0.023666
7171	0.023333
7172	0.023333
7173	0.081792
7174	0.02525
7175	0.019667
7176	0.018
7177	0.018083
7178	0.019875
7179	0.02
7180	0.018167
7181	0.023208
7182	0.018959
7183	0.017583
7184	0.02025
7185	0.019625
7186	0.018125
7187	0.022083
7188	0.019834
7189	0.018083
7190	0.018625
7191	0.019333
7192	0.01875
7193	0.02
7194	0.020375
7195	0.019542
7196	0.018041
7197	0.018375
7198	0.018166
7199	0.019084
7200	0.018708
7201	0.018458
7202	0.019125
7203	0.01875
7204	0.020125
7205	0.019459
7206	0.018166
7207	0.019042
7208	0.019083
7209	0.018292
7210	0.019375
7211	0.019208
7212	0.018875
7213	0.019125
7214	0.017708
7215	0.019167
7216	0.019917
7217	0.017875
7218	0.01775
7219	0.019292
7220	0.018958
7221	0.019958
7222	0.018375
7223	0.0175
7224	0.018292
7225	0.019125
7226	0.019292
7227	0.018917
7228	0.019125
7229	0.018417
7230	0.018625
7231	0.017959
7232	0.019541
7233	0.019709
7234	0.017458
7235	0.02025
7236	0.018291
7237	0.016209
7238	0.041083
7239	0.01875
7240	0.019875
7241	0.019666
7242	0.01775
7243	0.017875
7244	0.01925
7245	0.017792
7246	0.01975
7247	0.018542
7248	0.018125
7249	0.018208
7250	0.018834
7251	0.019041
7252	0.016875
7253	0.019167
7254	0.01875
7255	0.018666
7256	0.020417
7257	0.020792
7258	0.01975
7259	0.020084
7260	0.019166
7261	0.018
7262	0.019417
7263	0.01825
7264	0.018416
7265	0.018583
7266	0.01925
7267	0.018375
7268	0.019458
7269	0.017792
7270	0.018292
7271	0.017459
7272	0.019666
7273	0.019375
7274	0.018959
7275	0.019667
7276	0.02075
7277	0.019458
7278	0.018208
7279	0.020042
7280	0.019125
7281	0.017625
7282	0.019125
7283	0.019334
7284	0.018792
7285	0.017833
7286	0.020458
7287	0.017334
7288	0.019
7289	0.018625
7290	0.019083
7291	0.019792
7292	0.019584
7293	0.018708
7294	0.019959
7295	0.019083
7296	0.018709
7297	0.0195
7298	0.019042
7299	0.019458
7300	0.01925
7301	0.01975
7302	0.020583
7303	0.0205
7304	0.019834
7305	0.019541
7306	0.017834
7307	0.019625
7308	0.017917
7309	0.018708
7310	0.018958
7311	0.017334
7312	0.018625
7313	0.019084
7314	0.019459
7315	0.018958
7316	0.019625
7317	0.01875
7318	0.019833
7319	0.019
7320	0.019292
7321	0.019542
7322	0.018292
7323	0.0195
7324	0.018
7325	0.01775
7326	0.020083
7327	0.019791
7328	0.019375
7329	0.018084
7330	0.019375
7331	0.020291
7332	0.017708
7333	0.020417
7334	0.019167
7335	0.018916
7336	0.019625
7337	0.018833
7338	0.017875
7339	0.01925
7340	0.016833
7341	0.020292
7342	0.017208
7343	0.017625
7344	0.018708
7345	0.017333
7346	0.017792
7347	0.019417
7348	0.018625
7349	0.0185
7350	0.017667
7351	0.020375
7352	0.020292
7353	0.020125
7354	0.019
7355	0.017709
7356	0.019833
7357	0.017625
7358	0.018625
7359	0.019625
7360	0.117167
7361	0.058583
7362	0.046083
7363	0.046542
7364	0.049875
7365	0.042125
7366	0.04375
7367	0.0445
7368	0.041333
7369	0.041208
7370	0.041667
7371	0.042
7372	0.040792
7373	0.040084
7374	0.040709
7375	0.039292
7376	0.040291
7377	0.043042
7378	0.041083
7379	0.040375
7380	0.043125
7381	0.040125
7382	0.042375
7383	0.042042
7384	0.042458
7385	0.041417
7386	0.042208
7387	0.041125
7388	0.040458
7389	0.042416
7390	0.042042
7391	0.044375
7392	0.041583
7393	0.041292
7394	0.041
7395	0.040959
7396	0.0465
7397	0.041167
7398	0.041875
7399	0.040167
7400	0.041959
7401	0.042209
7402	0.042708
7403	0.039458
7404	0.055083
7405	0.027917
7406	0.0215
7407	0.019291
7408	0.021292
7409	0.019333
7410	0.019583
7411	0.019917
7412	0.018417
7413	0.016792
7414	0.020292
7415	0.017958
7416	0.019
7417	0.018542
7418	0.019583
7419	0.019
7420	0.019125
7421	0.02125
7422	0.02125
7423	0.019709
7424	0.018584
7425	0.019458
7426	0.017667
7427	0.022
7428	0.021125
7429	0.020417
7430	0.019166
7431	0.020667
7432	0.070333
7433	0.045916
7434	0.04325
7435	0.042833
7436	0.044458
7437	0.041958
7438	0.041167
7439	0.042417
7440	0.041333
7441	0.0405
7442	0.041833
7443	0.044125
7444	0.042125
7445	0.058875
7446	0.053541
7447	0.045042
7448	0.042666
7449	0.044209
7450	0.041666
7451	0.043875
7452	0.042417
7453	0.043875
7454	0.056417
7455	0.02175
7456	0.021625
7457	0.019709
7458	0.019667
7459	0.019
7460	0.0195
7461	0.020583
7462	0.01825
7463	0.021084
7464	0.017292
7465	0.017417
7466	0.019167
7467	0.017792
7468	0.018334
7469	0.022875
7470	0.018333
7471	0.021667
7472	0.02025
7473	0.018667
7474	0.019042
7475	0.02
7476	0.019291
7477	0.017583
7478	0.019917
7479	0.019833
7480	0.019041
7481	0.018041
7482	0.020542
7483	0.018917
7484	0.018958
7485	0.01925
7486	0.016875
7487	0.019416
7488	0.019791
7489	0.017583
7490	0.019834
7491	0.01925
7492	0.018792
7493	0.0195
7494	0.019333
7495	0.016583
7496	0.01975
7497	0.018292
7498	0.019167
7499	0.018125
7500	0.017708
7501	0.01825
7502	0.01875
7503	0.017791
7504	0.018084
7505	0.017542
7506	0.018792
7507	0.018333
7508	0.019417
7509	0.020292
7510	0.019459
7511	0.017958
7512	0.017833
7513	0.018917
7514	0.017542
7515	0.01675
7516	0.018709
7517	0.017958
7518	0.019833
7519	0.019125
7520	0.018916
7521	0.019291
7522	0.021541
7523	0.019125
7524	0.018542
7525	0.020833
7526	0.019709
7527	0.017375
7528	0.020958
7529	0.019375
7530	0.018583
7531	0.018167
7532	0.017792
7533	0.019459
7534	0.017458
7535	0.019875
7536	0.019625
7537	0.019042
7538	0.016208
7539	0.017917
7540	0.0185
7541	0.017458
7542	0.018125
7543	0.02325
7544	0.021542
7545	0.020083
7546	0.019166
7547	0.017333
7548	0.020167
7549	0.019
7550	0.022834
7551	0.019417
7552	0.021333
7553	0.02725
7554	0.025792
7555	0.020291
7556	0.01875
7557	0.018334
7558	0.019208
7559	0.025583
7560	0.019375
7561	0.017375
7562	0.019458
7563	0.018834
7564	0.018084
7565	0.020041
7566	0.018709
7567	0.020167
7568	0.02025
7569	0.018459
7570	0.018708
7571	0.018666
7572	0.019834
7573	0.01825
7574	0.02025
7575	0.019708
7576	0.096458
7577	0.021708
7578	0.019417
7579	0.018917
7580	0.018166
7581	0.021375
7582	0.018875
7583	0.017833
7584	0.0195
7585	0.020042
7586	0.018833
7587	0.01775
7588	0.017
7589	0.019625
7590	0.018917
7591	0.01875
7592	0.017916
7593	0.018209
7594	0.017792
7595	0.0185
7596	0.01925
7597	0.018875
7598	0.019375
7599	0.017958
7600	0.019333
7601	0.019666
7602	0.019
7603	0.017041
7604	0.018958
7605	0.020584
7606	0.019084
7607	0.031917
7608	0.095833
7609	0.02675
7610	0.02075
7611	0.018375
7612	0.019542
7613	0.02
7614	0.020375
7615	0.019458
7616	0.019875
7617	0.017959
7618	0.018916
7619	0.019709
7620	0.019291
7621	0.01775
7622	0.018709
7623	0.019333
7624	0.018833
7625	0.020333
7626	0.017
7627	0.018292
7628	0.018
7629	0.0205
7630	0.018625
7631	0.017042
7632	0.019958
7633	0.019
7634	0.018375
7635	0.018167
7636	0.02
7637	0.018542
7638	0.020291
7639	0.016834
7640	0.020541
7641	0.019459
7642	0.017292
7643	0.019333
7644	0.019708
7645	0.019
7646	0.0185
7647	0.019292
7648	0.020583
7649	0.018459
7650	0.016916
7651	0.018459
7652	0.017167
7653	0.0205
7654	0.017833
7655	0.018208
7656	0.019042
7657	0.017834
7658	0.019541
7659	0.01925
7660	0.017959
7661	0.017667
7662	0.018458
7663	0.019
7664	0.019834
7665	0.018541
7666	0.019541
7667	0.019625
7668	0.018708
7669	0.017583
7670	0.019125
7671	0.01925
7672	0.017541
7673	0.018
7674	0.017625
7675	0.018667
7676	0.019167
7677	0.017291
7678	0.036542
7679	0.020375
7680	0.017166
7681	0.017667
7682	0.018917
7683	0.018833
7684	0.019083
7685	0.0185
7686	0.019
7687	0.017917
7688	0.018792
7689	0.018708
7690	0.017291
7691	0.016959
7692	0.016833
7693	0.019833
7694	0.016666
7695	0.020084
7696	0.018583
7697	0.018875
7698	0.018042
7699	0.01925
7700	0.019417
7701	0.07175
7702	0.061584
7703	0.04625
7704	0.045125
7705	0.048
7706	0.061584
7707	0.046042
7708	0.046458
7709	0.054417
7710	0.028458
7711	0.021917
7712	0.021417
7713	0.019042
7714	0.018041
7715	0.020417
7716	0.019209
7717	0.019167
7718	0.018875
7719	0.019958
7720	0.019208
7721	0.020625
7722	0.019834
7723	0.02
7724	0.018541
7725	0.020125
7726	0.020167
7727	0.018625
7728	0.018792
7729	0.019584
7730	0.020833
7731	0.019291
7732	0.018833
7733	0.02025
7734	0.021417
7735	0.019625
7736	0.018875
7737	0.016083
7738	0.019875
7739	0.019334
7740	0.017375
7741	0.01925
7742	0.018541
7743	0.01775
7744	0.01825
7745	0.0195
7746	0.017291
7747	0.01875
7748	0.01825
7749	0.016917
7750	0.017042
7751	0.019667
7752	0.017875
7753	0.019583
7754	0.017917
7755	0.021584
7756	0.019083
7757	0.018
7758	0.02075
7759	0.02025
7760	0.018
7761	0.019833
7762	0.020625
7763	0.019958
7764	0.040333
7765	0.038833
7766	0.028292
7767	0.018625
7768	0.01975
7769	0.019167
7770	0.016583
7771	0.021
7772	0.018959
7773	0.025875
7774	0.017958
7775	0.019459
7776	0.0195
7777	0.020208
7778	0.019
7779	0.019042
7780	0.017959
7781	0.01875
7782	0.018458
7783	0.017333
7784	0.019541
7785	0.019666
7786	0.017459
7787	0.018709
7788	0.016959
7789	0.018584
7790	0.018958
7791	0.01825
7792	0.017708
7793	0.018625
7794	0.018667
7795	0.019166
7796	0.018917
7797	0.019167
7798	0.017042
7799	0.019041
7800	0.019334
7801	0.019208
7802	0.018417
7803	0.018167
7804	0.019875
7805	0.018125
7806	0.017375
7807	0.018542
7808	0.019458
7809	0.018334
7810	0.016708
7811	0.01975
7812	0.017916
7813	0.01875
7814	0.019042
7815	0.01725
7816	0.018125
7817	0.01925
7818	0.018458
7819	0.018458
7820	0.018875
7821	0.018875
7822	0.019208
7823	0.01825
7824	0.019708
7825	0.018042
7826	0.017916
7827	0.017834
7828	0.019291
7829	0.019
7830	0.019083
7831	0.019292
7832	0.018292
7833	0.017667
7834	0.01675
7835	0.01875
7836	0.0185
7837	0.019083
7838	0.01925
7839	0.019083
7840	0.017625
7841	0.017084
7842	0.018791
7843	0.019167
7844	0.017958
7845	0.018542
7846	0.01725
7847	0.017625
7848	0.019375
7849	0.018333
7850	0.018625
7851	0.018625
7852	0.019458
7853	0.018917
7854	0.019125
7855	0.019542
7856	0.016792
7857	0.018875
7858	0.018375
7859	0.017208
7860	0.018834
7861	0.0165
7862	0.020291
7863	0.019416
7864	0.019042
7865	0.018208
7866	0.018792
7867	0.018458
7868	0.0175
7869	0.018584
7870	0.019458
7871	0.018875
7872	0.017917
7873	0.018167
7874	0.018375
7875	0.019791
7876	0.0185
7877	0.018666
7878	0.017541
7879	0.02
7880	0.017542
7881	0.018125
7882	0.019042
7883	0.018416
7884	0.019333
7885	0.019292
7886	0.01925
7887	0.018583
7888	0.0185
7889	0.019333
7890	0.017917
7891	0.019625
7892	0.018959
7893	0.02
7894	0.019458
7895	0.019708
7896	0.01825
7897	0.018708
7898	0.017334
7899	0.018458
7900	0.01825
7901	0.01875
7902	0.01925
7903	0.017875
7904	0.019875
7905	0.018875
7906	0.01825
7907	0.018625
7908	0.019625
7909	0.018333
7910	0.019375
7911	0.01675
7912	0.018959
7913	0.019166
7914	0.018833
7915	0.017208
7916	0.019375
7917	0.0195
7918	0.017292
7919	0.01975
7920	0.019625
7921	0.016875
7922	0.018625
7923	0.0175
7924	0.019709
7925	0.019333
7926	0.019375
7927	0.019167
7928	0.019875
7929	0.019
7930	0.019208
7931	0.018667
7932	0.019208
7933	0.01975
7934	0.018209
7935	0.019667
7936	0.017125
7937	0.017959
7938	0.018833
7939	0.018667
7940	0.01875
7941	0.0185
7942	0.019208
7943	0.019208
7944	0.017334
7945	0.018667
7946	0.017834
7947	0.019334
7948	0.019083
7949	0.018292
7950	0.019334
7951	0.019209
7952	0.018791
7953	0.017875
7954	0.017708
7955	0.019208
7956	0.018375
7957	0.017583
7958	0.0185
7959	0.017875
7960	0.018417
7961	0.018417
7962	0.017125
7963	0.019792
7964	0.017917
7965	0.017666
7966	0.01925
7967	0.01875
7968	0.019084
7969	0.018542
7970	0.018459
7971	0.018333
7972	0.018792
7973	0.01925
7974	0.01925
7975	0.019292
7976	0.017083
7977	0.018708
7978	0.017833
7979	0.016791
7980	0.01975
7981	0.020667
7982	0.019208
7983	0.016875
7984	0.01925
7985	0.018
7986	0.019625
7987	0.019375
7988	0.018459
7989	0.017041
7990	0.019167
7991	0.017292
7992	0.01875
7993	0.018875
7994	0.019833
7995	0.019167
7996	0.019875
7997	0.016833
7998	0.01975
7999	0.019708
8000	0.018334
8001	0.017625
8002	0.017375
8003	0.019208
8004	0.019209
8005	0.019125
8006	0.018833
8007	0.019708
8008	0.018667
8009	0.019291
8010	0.01925
8011	0.019
8012	0.01825
8013	0.018917
8014	0.018125
8015	0.016958
8016	0.01925
8017	0.01825
8018	0.019583
8019	0.020542
8020	0.017708
8021	0.019375
8022	0.019167
8023	0.021208
8024	0.071375
8025	0.027667
8026	0.02175
8027	0.020125
8028	0.020583
8029	0.017959
8030	0.018125
8031	0.017833
8032	0.019458
8033	0.018959
8034	0.017916
8035	0.017708
8036	0.019292
8037	0.018292
8038	0.017875
8039	0.019292
8040	0.019083
8041	0.020042
8042	0.018042
8043	0.029333
8044	0.019917
8045	0.018875
8046	0.017958
8047	0.021125
8048	0.019958
8049	0.01775
8050	0.019
8051	0.018125
8052	0.017334
8053	0.01925
8054	0.017583
8055	0.018292
8056	0.018166
8057	0.027375
8058	0.019167
8059	0.020208
8060	0.018917
8061	0.019667
8062	0.019375
8063	0.019542
8064	0.018542
8065	0.018458
8066	0.018125
8067	0.019
8068	0.018917
8069	0.018334
8070	0.019625
8071	0.018
8072	0.019042
8073	0.018583
8074	0.019917
8075	0.017584
8076	0.019166
8077	0.018041
8078	0.019333
8079	0.019333
8080	0.017834
8081	0.017583
8082	0.018584
8083	0.018083
8084	0.018375
8085	0.017709
8086	0.019167
8087	0.018
8088	0.01675
8089	0.018
8090	0.017417
8091	0.019125
8092	0.017
8093	0.018667
8094	0.018375
8095	0.019208
8096	0.017583
8097	0.018166
8098	0.01725
8099	0.019708
8100	0.019167
8101	0.017625
8102	0.018459
8103	0.018291
8104	0.016708
8105	0.019083
8106	0.018416
8107	0.028292
8108	0.020208
8109	0.0185
8110	0.01925
8111	0.016875
8112	0.026584
8113	0.018375
8114	0.018291
8115	0.018
8116	0.018584
8117	0.024792
8118	0.018833
8119	0.018958
8120	0.019916
8121	0.018
8122	0.020875
8123	0.019792
8124	0.020125
8125	0.019833
8126	0.022333
8127	0.019084
8128	0.018791
8129	0.016917
8130	0.020125
8131	0.019167
8132	0.0205
8133	0.016792
8134	0.018667
8135	0.018625
8136	0.016625
8137	0.017667
8138	0.019583
8139	0.019667
8140	0.020666
8141	0.020208
8142	0.019334
8143	0.019042
8144	0.020167
8145	0.018083
8146	0.018792
8147	0.017708
8148	0.019083
8149	0.019583
8150	0.017166
8151	0.019375
8152	0.02
8153	0.019166
8154	0.018834
8155	0.017541
8156	0.0175
8157	0.019417
8158	0.019208
8159	0.019084
8160	0.018208
8161	0.019708
8162	0.019125
8163	0.018292
8164	0.019542
8165	0.017417
8166	0.017625
8167	0.019792
8168	0.023958
8169	0.017708
8170	0.01875
8171	0.018333
8172	0.019167
8173	0.018917
8174	0.018292
8175	0.018625
8176	0.023167
8177	0.019292
8178	0.019917
8179	0.018458
8180	0.018375
8181	0.019208
8182	0.018792
8183	0.019
8184	0.019292
8185	0.019333
8186	0.0175
8187	0.018958
8188	0.018625
8189	0.0185
8190	0.018875
8191	0.018791
8192	0.019084
8193	0.019333
8194	0.01775
8195	0.018958
8196	0.019709
8197	0.018083
8198	0.018709
8199	0.017958
8200	0.01725
8201	0.019125
8202	0.0185
8203	0.019708
8204	0.019458
8205	0.018459
8206	0.019583
8207	0.018542
8208	0.018417
8209	0.018208
8210	0.019333
8211	0.018459
8212	0.018667
8213	0.019458
8214	0.016125
8215	0.018584
8216	0.018333
8217	0.019167
8218	0.019958
8219	0.018375
8220	0.018083
8221	0.017833
8222	0.018209
8223	0.018333
8224	0.081333
8225	0.085417
8226	0.054875
8227	0.053125
8228	0.046042
8229	0.043292
8230	0.04925
8231	0.043
8232	0.052041
8233	0.042541
8234	0.043083
8235	0.045667
8236	0.04225
8237	0.048292
8238	0.040458
8239	0.040958
8240	0.043167
8241	0.043375
8242	0.043042
8243	0.053583
8244	0.030584
8245	0.022
8246	0.020625
8247	0.019166
8248	0.019667
8249	0.021917
8250	0.019583
8251	0.021208
8252	0.020791
8253	0.01925
8254	0.017
8255	0.017917
8256	0.01925
8257	0.019083
8258	0.018666
8259	0.019166
8260	0.019416
8261	0.020458
8262	0.020375
8263	0.019125
8264	0.017
8265	0.019458
8266	0.018458
8267	0.019167
8268	0.018875
8269	0.018292
8270	0.020292
8271	0.0185
8272	0.017417
8273	0.026333
8274	0.01875
8275	0.046375
8276	0.019792
8277	0.019041
8278	0.018083
8279	0.019625
8280	0.030208
8281	0.018125
8282	0.0195
8283	0.019708
8284	0.01775
8285	0.018583
8286	0.018458
8287	0.01975
8288	0.020292
8289	0.018584
8290	0.016916
8291	0.017125
8292	0.018
8293	0.0175
8294	0.016333
8295	0.016584
8296	0.0195
8297	0.018833
8298	0.019
8299	0.01875
8300	0.018625
8301	0.020291
8302	0.019916
8303	0.020334
8304	0.022708
8305	0.019417
8306	0.018041
8307	0.020167
8308	0.018333
8309	0.018625
8310	0.017625
8311	0.016417
8312	0.018917
8313	0.017958
8314	0.01875
8315	0.018416
8316	0.018667
8317	0.018542
8318	0.0175
8319	0.020708
8320	0.018084
8321	0.0175
8322	0.019458
8323	0.017042
8324	0.021167
8325	0.020958
8326	0.019125
8327	0.019084
8328	0.02175
8329	0.019292
8330	0.018917
8331	0.020917
8332	0.018792
8333	0.02
8334	0.02025
8335	0.021083
8336	0.019208
8337	0.017166
8338	0.018208
8339	0.017834
8340	0.017917
8341	0.019833
8342	0.01875
8343	0.016875
8344	0.0175
8345	0.020208
8346	0.018125
8347	0.021416
8348	0.020375
8349	0.01975
8350	0.022209
8351	0.019541
8352	0.017458
8353	0.020166
8354	0.018584
8355	0.02325
8356	0.021708
8357	0.019375
8358	0.0185
8359	0.02075
8360	0.019208
8361	0.01925
8362	0.020292
8363	0.017792
8364	0.018958
8365	0.019834
8366	0.017375
8367	0.035
8368	0.016458
8369	0.018083
8370	0.019125
8371	0.019125
8372	0.019958
8373	0.031875
8374	0.018542
8375	0.019292
8376	0.019375
8377	0.017291
8378	0.063292
8379	0.050834
8380	0.038375
8381	0.021416
8382	0.018666
8383	0.017166
8384	0.018209
8385	0.020709
8386	0.02025
8387	0.018917
8388	0.019583
8389	0.01775
8390	0.017459
8391	0.01725
8392	0.018416
8393	0.017708
8394	0.018625
8395	0.016708
8396	0.01875
8397	0.020292
8398	0.019333
8399	0.018542
8400	0.01975
8401	0.019958
8402	0.019167
8403	0.018708
8404	0.020959
8405	0.018916
8406	0.017583
8407	0.018458
8408	0.020542
8409	0.105
8410	0.021083
8411	0.017875
8412	0.019208
8413	0.020334
8414	0.020083
8415	0.019875
8416	0.02
8417	0.017417
8418	0.018834
8419	0.018041
8420	0.02
8421	0.019334
8422	0.019
8423	0.018125
8424	0.017834
8425	0.019958
8426	0.017833
8427	0.019084
8428	0.019333
8429	0.019042
8430	0.01875
8431	0.018708
8432	0.017208
8433	0.019291
8434	0.0195
8435	0.018917
8436	0.019375
8437	0.016542
8438	0.018084
8439	0.018917
8440	0.020041
8441	0.018875
8442	0.016708
8443	0.018583
8444	0.019083
8445	0.019542
8446	0.018875
8447	0.0195
8448	0.018875
8449	0.020208
8450	0.018416
8451	0.018833
8452	0.018459
8453	0.01875
8454	0.019292
8455	0.034417
8456	0.017
8457	0.0195
8458	0.01975
8459	0.01925
8460	0.020083
8461	0.018125
8462	0.019
8463	0.017583
8464	0.018125
8465	0.018375
8466	0.019292
8467	0.018834
8468	0.018
8469	0.019375
8470	0.019083
8471	0.018417
8472	0.018375
8473	0.019875
8474	0.018584
8475	0.018791
8476	0.0185
8477	0.017708
8478	0.021
8479	0.0205
8480	0.019375
8481	0.020667
8482	0.019208
8483	0.018875
8484	0.01875
8485	0.01825
8486	0.018167
8487	0.018583
8488	0.018708
8489	0.019042
8490	0.019167
8491	0.019
8492	0.018208
8493	0.017834
8494	0.020042
8495	0.018667
8496	0.01975
8497	0.017625
8498	0.019083
8499	0.01875
8500	0.0185
8501	0.017792
8502	0.018042
8503	0.0185
8504	0.018334
8505	0.025125
8506	0.018833
8507	0.01975
8508	0.020333
8509	0.017833
8510	0.017625
8511	0.040292
8512	0.037708
8513	0.021834
8514	0.019708
8515	0.021083
8516	0.020417
8517	0.020542
8518	0.018542
8519	0.02
8520	0.018792
8521	0.018041
8522	0.019709
8523	0.019042
8524	0.018125
8525	0.017291
8526	0.018792
8527	0.01875
8528	0.019125
8529	0.020208
8530	0.021792
8531	0.018416
8532	0.043917
8533	0.094917
8534	0.056
8535	0.049041
8536	0.110417
8537	0.048416
8538	0.020458
8539	0.01875
8540	0.017208
8541	0.017833
8542	0.018333
8543	0.017667
8544	0.018875
8545	0.020875
8546	0.016416
8547	0.019625
8548	0.018333
8549	0.019291
8550	0.019417
8551	0.017625
8552	0.018917
8553	0.020917
8554	0.020167
8555	0.019458
8556	0.017167
8557	0.019
8558	0.019458
8559	0.023834
8560	0.020167
8561	0.019417
8562	0.022292
8563	0.019583
8564	0.02425
8565	0.021542
8566	0.020792
8567	0.0215
8568	0.018167
8569	0.020625
8570	0.018625
8571	0.019625
8572	0.022709
8573	0.017708
8574	0.018625
8575	0.019792
8576	0.019458
8577	0.019125
8578	0.035666
8579	0.021125
8580	0.021166
8581	0.020167
8582	0.017792
8583	0.024291
8584	0.019583
8585	0.017584
8586	0.018708
8587	0.018583
8588	0.020375
8589	0.018042
8590	0.018916
8591	0.018209
8592	0.018791
8593	0.018833
8594	0.019875
8595	0.018708
8596	0.0205
8597	0.021
8598	0.019167
8599	0.036125
8600	0.028875
8601	0.018708
8602	0.019709
8603	0.01875
8604	0.018125
8605	0.017166
8606	0.017708
8607	0.019167
8608	0.018541
8609	0.017291
8610	0.019
8611	0.018458
8612	0.017209
8613	0.018125
8614	0.018
8615	0.017666
8616	0.016375
8617	0.016667
8618	0.018292
8619	0.018166
8620	0.018709
8621	0.018541
8622	0.018458
8623	0.017875
8624	0.018958
8625	0.018666
8626	0.018542
8627	0.018708
8628	0.01875
8629	0.018417
8630	0.019042
8631	0.018084
8632	0.017917
8633	0.018583
8634	0.017542
8635	0.017292
8636	0.018416
8637	0.019041
8638	0.017792
8639	0.017542
8640	0.018167
8641	0.019417
8642	0.017875
8643	0.018625
8644	0.019584
8645	0.018458
8646	0.0175
8647	0.017792
8648	0.018125
8649	0.019458
8650	0.018959
8651	0.017916
8652	0.017292
8653	0.018708
8654	0.017334
8655	0.018875
8656	0.018833
8657	0.01925
8658	0.019167
8659	0.017958
8660	0.020875
8661	0.02075
8662	0.022125
8663	0.019666
8664	0.018542
8665	0.018708
8666	0.017125
8667	0.019584
8668	0.019
8669	0.017542
8670	0.019084
8671	0.019875
8672	0.018416
8673	0.018
8674	0.018667
8675	0.019
8676	0.017791
8677	0.01975
8678	0.018834
8679	0.018542
8680	0.017
8681	0.017042
8682	0.018083
8683	0.016584
8684	0.0175
8685	0.017666
8686	0.015916
8687	0.018167
8688	0.017792
8689	0.017708
8690	0.0165
8691	0.019542
8692	0.017417
8693	0.020667
8694	0.017708
8695	0.019
8696	0.017125
8697	0.018417
8698	0.018292
8699	0.018625
8700	0.018709
8701	0.018125
8702	0.018208
8703	0.018208
8704	0.017042
8705	0.018167
8706	0.016958
8707	0.018542
8708	0.01875
8709	0.018375
8710	0.020125
8711	0.017417
8712	0.017833
8713	0.019292
8714	0.016958
8715	0.018791
8716	0.018375
8717	0.018833
8718	0.019042
8719	0.020042
8720	0.017083
8721	0.018084
8722	0.016708
8723	0.019042
8724	0.016458
8725	0.018375
8726	0.019042
8727	0.0175
8728	0.0175
8729	0.017333
8730	0.018042
8731	0.019
8732	0.01875
8733	0.018084
8734	0.018667
8735	0.018916
8736	0.016584
8737	0.017708
8738	0.017125
8739	0.019917
8740	0.019041
8741	0.018542
8742	0.019458
8743	0.018292
8744	0.017292
8745	0.018083
8746	0.01775
8747	0.018708
8748	0.018334
8749	0.020083
8750	0.021542
8751	0.019084
8752	0.018292
8753	0.018833
8754	0.018625
8755	0.018417
8756	0.018375
8757	0.017292
8758	0.018375
8759	0.018042
8760	0.017292
8761	0.017417
8762	0.018916
8763	0.018458
8764	0.01925
8765	0.017834
8766	0.019
8767	0.017917
8768	0.017167
8769	0.01925
8770	0.018292
8771	0.018833
8772	0.0185
8773	0.018375
8774	0.017417
8775	0.017667
8776	0.018375
8777	0.017541
8778	0.018791
8779	0.016875
8780	0.018958
8781	0.01925
8782	0.02025
8783	0.02
8784	0.018792
8785	0.01875
8786	0.015709
8787	0.017875
8788	0.018458
8789	0.018
8790	0.019042
8791	0.019125
8792	0.01925
8793	0.01675
8794	0.017584
8795	0.019667
8796	0.015958
8797	0.018833
8798	0.019333
8799	0.017167
8800	0.016667
8801	0.019167
8802	0.018459
8803	0.018
8804	0.018125
8805	0.0175
8806	0.016125
8807	0.019083
8808	0.016667
8809	0.019041
8810	0.018875
8811	0.017959
8812	0.017375
8813	0.018333
8814	0.019708
8815	0.016708
8816	0.018542
8817	0.095083
8818	0.025209
8819	0.019916
8820	0.018375
8821	0.01825
8822	0.018959
8823	0.019584
8824	0.018292
8825	0.017667
8826	0.017542
8827	0.016875
8828	0.019125
8829	0.017875
8830	0.018209
8831	0.02025
8832	0.018666
8833	0.016916
8834	0.020792
8835	0.017625
8836	0.016459
8837	0.018917
8838	0.016709
8839	0.019458
8840	0.018708
8841	0.020708
8842	0.018041
8843	0.019791
8844	0.018333
8845	0.019416
8846	0.01975
8847	0.019083
8848	0.017958
8849	0.017
8850	0.019
8851	0.017917
8852	0.018583
8853	0.019666
8854	0.017625
8855	0.017459
8856	0.019666
8857	0.017583
8858	0.018459
8859	0.017541
8860	0.021083
8861	0.0215
8862	0.018667
8863	0.018042
8864	0.017416
8865	0.019125
8866	0.016417
8867	0.016042
8868	0.017083
8869	0.019209
8870	0.020667
8871	0.019458
8872	0.018333
8873	0.016459
8874	0.019667
8875	0.018792
8876	0.018333
8877	0.019625
8878	0.019459
8879	0.01925
8880	0.019917
8881	0.017458
8882	0.017458
8883	0.020417
8884	0.017125
8885	0.017334
8886	0.018833
8887	0.018709
8888	0.01725
8889	0.01975
8890	0.020542
8891	0.019417
8892	0.020042
8893	0.0175
8894	0.019917
8895	0.016292
8896	0.020083
8897	0.016333
8898	0.019458
8899	0.020083
8900	0.019541
8901	0.022708
8902	0.019834
8903	0.018625
8904	0.020792
8905	0.019833
8906	0.018375
8907	0.018792
8908	0.019625
8909	0.01975
8910	0.019208
8911	0.019166
8912	0.01675
8913	0.021125
8914	0.019625
8915	0.016917
8916	0.0255
8917	0.01825
8918	0.018292
8919	0.019583
8920	0.016958
8921	0.020459
8922	0.017541
8923	0.017667
8924	0.018042
8925	0.018125
8926	0.018125
8927	0.017875
8928	0.01975
8929	0.01925
8930	0.017583
8931	0.017583
8932	0.018958
8933	0.017167
8934	0.018125
8935	0.019542
8936	0.017042
8937	0.018542
8938	0.018583
8939	0.01775
8940	0.018208
8941	0.01775
8942	0.018166
8943	0.019709
8944	0.019875
8945	0.018667
8946	0.018333
8947	0.019
8948	0.0175
8949	0.017459
8950	0.018458
8951	0.018416
8952	0.019041
8953	0.017541
8954	0.017208
8955	0.016167
8956	0.018458
8957	0.01825
8958	0.016
8959	0.017875
8960	0.018708
8961	0.01875
8962	0.019167
8963	0.019375
8964	0.019625
8965	0.019625
8966	0.017791
8967	0.017541
8968	0.017709
8969	0.018208
8970	0.019459
8971	0.019416
8972	0.019083
8973	0.019667
8974	0.017625
8975	0.020584
8976	0.018375
8977	0.01875
8978	0.018791
8979	0.019375
8980	0.019709
8981	0.017917
8982	0.017625
8983	0.018083
8984	0.017209
8985	0.020333
8986	0.018084
8987	0.018083
8988	0.017833
8989	0.017417
8990	0.019084
8991	0.019625
8992	0.019917
8993	0.019083
8994	0.019459
8995	0.019375
8996	0.017583
8997	0.01975
8998	0.019583
8999	0.016625
9000	0.018541
9001	0.0185
9002	0.018125
9003	0.018875
9004	0.018542
9005	0.01875
9006	0.017833
9007	0.017833
9008	0.017333
9009	0.018791
9010	0.018375
9011	0.019583
9012	0.019792
9013	0.016542
9014	0.017083
9015	0.018291
9016	0.018458
9017	0.02075
9018	0.0225
9019	0.018083
9020	0.020833
9021	0.01975
9022	0.01725
9023	0.019125
9024	0.017042
9025	0.02075
9026	0.01925
9027	0.018417
9028	0.020167
9029	0.018625
9030	0.018209
9031	0.018959
9032	0.020875
9033	0.01875
9034	0.019166
9035	0.020791
9036	0.01825
9037	0.018542
9038	0.020667
9039	0.018833
9040	0.019625
9041	0.019584
9042	0.019625
9043	0.036792
9044	0.026541
9045	0.021083
9046	0.02025
9047	0.017958
9048	0.019417
9049	0.018834
9050	0.018583
9051	0.018875
9052	0.017875
9053	0.017917
9054	0.017917
9055	0.019833
9056	0.019625
9057	0.020833
9058	0.017917
9059	0.019375
9060	0.018875
9061	0.018417
9062	0.01925
9063	0.018333
9064	0.019667
9065	0.017792
9066	0.017208
9067	0.018666
9068	0.018
9069	0.018792
9070	0.018667
9071	0.019334
9072	0.019291
9073	0.019459
9074	0.018083
9075	0.017375
9076	0.018208
9077	0.022292
9078	0.018083
9079	0.020667
9080	0.031458
9081	0.021208
9082	0.022791
9083	0.019958
9084	0.019042
9085	0.019875
9086	0.021542
9087	0.018958
9088	0.022292
9089	0.019792
9090	0.021375
9091	0.020584
9092	0.021167
9093	0.017416
9094	0.018875
9095	0.019375
9096	0.018791
9097	0.019167
9098	0.016583
9099	0.016958
9100	0.017833
9101	0.019333
9102	0.016583
9103	0.01875
9104	0.017916
9105	0.017667
9106	0.018625
9107	0.020209
9108	0.017917
9109	0.019625
9110	0.018083
9111	0.02
9112	0.018375
9113	0.016708
9114	0.01675
9115	0.017167
9116	0.017042
9117	0.018917
9118	0.018
9119	0.02025
9120	0.018583
9121	0.017917
9122	0.01925
9123	0.018834
9124	0.018042
9125	0.017666
9126	0.019125
9127	0.01975
9128	0.019459
9129	0.017167
9130	0.019375
9131	0.020333
9132	0.018875
9133	0.020542
9134	0.0195
9135	0.02
9136	0.019959
9137	0.019041
9138	0.019125
9139	0.020084
9140	0.019708
9141	0.018334
9142	0.020042
9143	0.020125
9144	0.019375
9145	0.016667
9146	0.0195
9147	0.02
9148	0.018917
9149	0.022542
9150	0.016916
9151	0.016375
9152	0.017875
9153	0.017959
9154	0.018125
9155	0.018917
9156	0.017083
9157	0.019
9158	0.019
9159	0.01925
9160	0.017292
9161	0.018166
9162	0.018875
9163	0.018583
9164	0.019459
9165	0.020125
9166	0.019417
9167	0.018167
9168	0.019166
9169	0.022542
9170	0.018833
9171	0.022459
9172	0.018
9173	0.018666
9174	0.022375
9175	0.021625
9176	0.020333
9177	0.017125
9178	0.020625
9179	0.01775
9180	0.017
9181	0.019709
9182	0.018292
9183	0.020084
9184	0.017542
9185	0.02
9186	0.01825
9187	0.019167
9188	0.018166
9189	0.020125
9190	0.017792
9191	0.02375
9192	0.022333
9193	0.019166
9194	0.019875
9195	0.020167
9196	0.021917
9197	0.020291
9198	0.0185
9199	0.019125
9200	0.024333
9201	0.022459
9202	0.025083
9203	0.01725
9204	0.018209
9205	0.016208
9206	0.017125
9207	0.018542
9208	0.018958
9209	0.0185
9210	0.019666
9211	0.017167
9212	0.137083
9213	0.032166
9214	0.022208
9215	0.02025
9216	0.017125
9217	0.018042
9218	0.018541
9219	0.0195
9220	0.020292
9221	0.018375
9222	0.019625
9223	0.017542
9224	0.018875
9225	0.017666
9226	0.019584
9227	0.01975
9228	0.018083
9229	0.035
9230	0.028125
9231	0.020875
9232	0.020125
9233	0.019375
9234	0.018875
9235	0.019375
9236	0.016625
9237	0.016583
9238	0.0185
9239	0.018709
9240	0.016584
9241	0.019333
9242	0.018958
9243	0.019125
9244	0.016666
9245	0.018041
9246	0.069083
9247	0.018791
9248	0.019208
9249	0.017
9250	0.018333
9251	0.016916
9252	0.016791
9253	0.018292
9254	0.020708
9255	0.018959
9256	0.017375
9257	0.017792
9258	0.016875
9259	0.017834
9260	0.02025
9261	0.02025
9262	0.017792
9263	0.018958
9264	0.018292
9265	0.017417
9266	0.017333
9267	0.021875
9268	0.016916
9269	0.017625
9270	0.016958
9271	0.020375
9272	0.01975
9273	0.017417
9274	0.019041
9275	0.017458
9276	0.017958
9277	0.018916
9278	0.02
9279	0.018291
9280	0.019334
9281	0.018916
9282	0.018917
9283	0.020167
9284	0.019042
9285	0.0185
9286	0.01675
9287	0.017791
9288	0.01875
9289	0.018583
9290	0.018208
9291	0.018959
9292	0.019708
9293	0.017083
9294	0.018375
9295	0.019
9296	0.016333
9297	0.017166
9298	0.01875
9299	0.017542
9300	0.017208
9301	0.0175
9302	0.017334
9303	0.016583
9304	0.019166
9305	0.019542
9306	0.019167
9307	0.01925
9308	0.017959
9309	0.018667
9310	0.018625
9311	0.016834
9312	0.01825
9313	0.026667
9314	0.018375
9315	0.017708
9316	0.02025
9317	0.01725
9318	0.018417
9319	0.026292
9320	0.0165
9321	0.019417
9322	0.019208
9323	0.019875
9324	0.02
9325	0.073
9326	0.025875
9327	0.018875
9328	0.01775
9329	0.019083
9330	0.01925
9331	0.017625
9332	0.029375
9333	0.018625
9334	0.01775
9335	0.017167
9336	0.017875
9337	0.017416
9338	0.018625
9339	0.017
9340	0.01775
9341	0.019291
9342	0.016917
9343	0.02025
9344	0.018542
9345	0.016875
9346	0.085792
9347	0.06575
9348	0.049958
9349	0.049083
9350	0.053625
9351	0.025209
9352	0.019083
9353	0.020542
9354	0.019084
9355	0.019541
9356	0.018791
9357	0.018958
9358	0.019917
9359	0.021417
9360	0.017458
9361	0.018458
9362	0.019542
9363	0.015666
9364	0.018916
9365	0.017792
9366	0.019167
9367	0.017709
9368	0.018083
9369	0.017958
9370	0.018041
9371	0.018125
9372	0.017792
9373	0.01675
9374	0.017792
9375	0.01675
9376	0.018
9377	0.018834
9378	0.015959
9379	0.017458
9380	0.019542
9381	0.018708
9382	0.020125
9383	0.016542
9384	0.020667
9385	0.018083
9386	0.018375
9387	0.01775
9388	0.018625
9389	0.019292
9390	0.017625
9391	0.017625
9392	0.019458
9393	0.019084
9394	0.01575
9395	0.019792
9396	0.017708
9397	0.017667
9398	0.016458
9399	0.018958
9400	0.018083
9401	0.016125
9402	0.016792
9403	0.016625
9404	0.016791
9405	0.018083
9406	0.019417
9407	0.017167
9408	0.019208
9409	0.034667
9410	0.019333
9411	0.021792
9412	0.023584
9413	0.020583
9414	0.017917
9415	0.017875
9416	0.018708
9417	0.017792
9418	0.082291
9419	0.027833
9420	0.02675
9421	0.019458
9422	0.018292
9423	0.018833
9424	0.017583
9425	0.018
9426	0.018959
9427	0.019208
9428	0.018833
9429	0.017709
9430	0.017833
9431	0.018458
9432	0.019625
9433	0.016708
9434	0.02025
9435	0.01775
9436	0.016708
9437	0.019041
9438	0.019667
9439	0.017209
9440	0.0165
9441	0.017542
9442	0.018125
9443	0.017791
9444	0.019
9445	0.016833
9446	0.01825
9447	0.017209
9448	0.01825
9449	0.01725
9450	0.017708
9451	0.016458
9452	0.018292
9453	0.017375
9454	0.017416
9455	0.017458
9456	0.020375
9457	0.0195
9458	0.018875
9459	0.015916
9460	0.018083
9461	0.018667
9462	0.01775
9463	0.0185
9464	0.019417
9465	0.018625
9466	0.0185
9467	0.016667
9468	0.01775
9469	0.01825
9470	0.01875
9471	0.019875
9472	0.018542
9473	0.019042
9474	0.017875
9475	0.017583
9476	0.018292
9477	0.01675
9478	0.017958
9479	0.02025
9480	0.01775
9481	0.018459
9482	0.018667
9483	0.018709
9484	0.017417
9485	0.018333
9486	0.01925
9487	0.019125
9488	0.016333
9489	0.016875
9490	0.018375
9491	0.017875
9492	0.017625
9493	0.018875
9494	0.019875
9495	0.017459
9496	0.018542
9497	0.0175
9498	0.017875
9499	0.016125
9500	0.018542
9501	0.019084
9502	0.019208
9503	0.018167
9504	0.019459
9505	0.017458
9506	0.017541
9507	0.016291
9508	0.018
9509	0.018917
9510	0.019
9511	0.019334
9512	0.017042
9513	0.01775
9514	0.018334
9515	0.01775
9516	0.019542
9517	0.020042
9518	0.020167
9519	0.018875
9520	0.019583
9521	0.017875
9522	0.017667
9523	0.018833
9524	0.018625
9525	0.0195
9526	0.020625
9527	0.017417
9528	0.019084
9529	0.018208
9530	0.019708
9531	0.018083
9532	0.018958
9533	0.01775
9534	0.017709
9535	0.01725
9536	0.019625
9537	0.018125
9538	0.017292
9539	0.021125
9540	0.019125
9541	0.019125
9542	0.019416
9543	0.019917
9544	0.017833
9545	0.018208
9546	0.018416
9547	0.018334
9548	0.018667
9549	0.0175
9550	0.018375
9551	0.018333
9552	0.018334
9553	0.018417
9554	0.017083
9555	0.0175
9556	0.01825
9557	0.018708
9558	0.018541
9559	0.017875
9560	0.0165
9561	0.017792
9562	0.018334
9563	0.018583
9564	0.017583
9565	0.018416
9566	0.01725
9567	0.018042
9568	0.017292
9569	0.019083
9570	0.017125
9571	0.0185
9572	0.017584
9573	0.019167
9574	0.017542
9575	0.016792
9576	0.0185
9577	0.015875
9578	0.018541
9579	0.017041
9580	0.019083
9581	0.018583
9582	0.01925
9583	0.017541
9584	0.016625
9585	0.018708
9586	0.016083
9587	0.0175
9588	0.01825
9589	0.019
9590	0.018667
9591	0.016833
9592	0.019666
9593	0.018333
9594	0.017875
9595	0.019625
9596	0.017959
9597	0.018
9598	0.016667
9599	0.018125
9600	0.015792
9601	0.01725
9602	0.01825
9603	0.017833
9604	0.019083
9605	0.018875
9606	0.018042
9607	0.02375
9608	0.019333
9609	0.02075
9610	0.019375
9611	0.019458
9612	0.079917
9613	0.02075
9614	0.017167
9615	0.017958
9616	0.016375
9617	0.01725
9618	0.018583
9619	0.017917
9620	0.0165
9621	0.016875
9622	0.017417
9623	0.015542
9624	0.016541
9625	0.016584
9626	0.01875
9627	0.018833
9628	0.017666
9629	0.019208
9630	0.017708
9631	0.017041
9632	0.018708
9633	0.018375
9634	0.017209
9635	0.017458
9636	0.015
9637	0.017917
9638	0.018
9639	0.017709
9640	0.01725
9641	0.017875
9642	0.016458
9643	0.017208
9644	0.017375
9645	0.016333
9646	0.018083
9647	0.017417
9648	0.017333
9649	0.016458
9650	0.017833
9651	0.01825
9652	0.017292
9653	0.017791
9654	0.018625
9655	0.017166
9656	0.031375
9657	0.023333
9658	0.019625
9659	0.018583
9660	0.017709
9661	0.01825
9662	0.019709
9663	0.016708
9664	0.018417
9665	0.017958
9666	0.016458
9667	0.017334
9668	0.045625
9669	0.018084
9670	0.016834
9671	0.01875
9672	0.018084
9673	0.018
9674	0.018041
9675	0.018125
9676	0.017
9677	0.018667
9678	0.018583
9679	0.017834
9680	0.019209
9681	0.018541
9682	0.017292
9683	0.01725
9684	0.019542
9685	0.019084
9686	0.016208
9687	0.017459
9688	0.017041
9689	0.01575
9690	0.01475
9691	0.017542
9692	0.017708
9693	0.01825
9694	0.018541
9695	0.015834
9696	0.020458
9697	0.017708
9698	0.018041
9699	0.017
9700	0.017542
9701	0.0185
9702	0.018292
9703	0.016792
9704	0.0175
9705	0.018417
9706	0.017708
9707	0.018416
9708	0.018083
9709	0.01975
9710	0.0185
9711	0.018
9712	0.0175
9713	0.016167
9714	0.016208
9715	0.018291
9716	0.019083
9717	0.017833
9718	0.018
9719	0.016291
9720	0.019
9721	0.017583
9722	0.016417
9723	0.018916
9724	0.016083
9725	0.015667
9726	0.017292
9727	0.017917
9728	0.017667
9729	0.016125
9730	0.01625
9731	0.026417
9732	0.019625
9733	0.017334
9734	0.017625
9735	0.0185
9736	0.018541
9737	0.040709
9738	0.016375
9739	0.020083
9740	0.017792
9741	0.017875
9742	0.017875
9743	0.018834
9744	0.018792
9745	0.01775
9746	0.018291
9747	0.016
9748	0.017959
9749	0.019792
9750	0.042417
9751	0.058167
9752	0.04325
9753	0.020083
9754	0.017542
9755	0.017666
9756	0.017333
9757	0.015792
9758	0.018875
9759	0.016125
9760	0.0155
9761	0.016541
9762	0.017042
9763	0.016708
9764	0.018208
9765	0.019666
9766	0.01875
9767	0.017625
9768	0.016
9769	0.018792
9770	0.017917
9771	0.016792
9772	0.016833
9773	0.018416
9774	0.018084
9775	0.015292
9776	0.016875
9777	0.019959
9778	0.019167
9779	0.016875
9780	0.017167
9781	0.016958
9782	0.016875
9783	0.01775
9784	0.017041
9785	0.018834
9786	0.01725
9787	0.01925
9788	0.017959
9789	0.018
9790	0.015417
9791	0.016583
9792	0.01775
9793	0.017541
9794	0.019042
9795	0.016833
9796	0.016917
9797	0.0165
9798	0.015708
9799	0.018041
9800	0.017792
9801	0.01825
9802	0.017833
9803	0.018625
9804	0.017708
9805	0.018792
9806	0.019042
9807	0.018666
9808	0.017709
9809	0.018792
9810	0.018125
9811	0.017125
9812	0.018916
9813	0.018042
9814	0.018958
9815	0.017
9816	0.018333
9817	0.017625
9818	0.018542
9819	0.018292
9820	0.019
9821	0.017
9822	0.016
9823	0.016083
9824	0.018667
9825	0.017584
9826	0.017583
9827	0.017125
9828	0.015458
9829	0.018417
9830	0.018333
9831	0.016375
9832	0.019667
9833	0.016834
9834	0.015209
9835	0.018958
9836	0.019375
9837	0.019417
9838	0.01875
9839	0.018
9840	0.016708
9841	0.018416
9842	0.016916
9843	0.01875
9844	0.015833
9845	0.016833
9846	0.017917
9847	0.0155
9848	0.018416
9849	0.01725
9850	0.017667
9851	0.018625
9852	0.018458
9853	0.017416
9854	0.016917
9855	0.016125
9856	0.054
9857	0.016083
9858	0.018834
9859	0.02025
9860	0.017958
9861	0.017167
9862	0.019625
9863	0.0715
9864	0.023958
9865	0.020541
9866	0.017333
9867	0.020167
9868	0.0165
9869	0.016625
9870	0.019625
9871	0.014916
9872	0.019333
9873	0.022375
9874	0.019875
9875	0.016084
9876	0.0165
9877	0.016459
9878	0.018625
9879	0.016875
9880	0.024125
9881	0.016708
9882	0.0185
9883	0.025875
9884	0.018667
9885	0.018458
9886	0.018083
9887	0.018042
9888	0.019625
9889	0.01975
9890	0.016542
9891	0.016708
9892	0.01725
9893	0.017583
9894	0.016459
9895	0.0155
9896	0.014917
9897	0.016167
9898	0.018458
9899	0.0175
9900	0.018125
9901	0.016083
9902	0.016375
9903	0.0185
9904	0.01575
9905	0.016875
9906	0.018667
9907	0.017458
9908	0.017125
9909	0.017
9910	0.0165
9911	0.018584
9912	0.017792
9913	0.018292
9914	0.017834
9915	0.017291
9916	0.018958
9917	0.018084
9918	0.019666
9919	0.0175
9920	0.021959
9921	0.017958
9922	0.03775
9923	0.019375
9924	0.019417
9925	0.016959
9926	0.018708
9927	0.020834
9928	0.019292
9929	0.015458
9930	0.018209
9931	0.019125
9932	0.020458
9933	0.016542
9934	0.019208
9935	0.016375
9936	0.01575
9937	0.016583
9938	0.017
9939	0.017291
9940	0.015833
9941	0.016625
9942	0.01775
9943	0.01875
9944	0.018042
9945	0.017583
9946	0.018334
9947	0.017083
9948	0.018083
9949	0.015875
9950	0.016
9951	0.0175
9952	0.017625
9953	0.015708
9954	0.017
9955	0.016583
9956	0.01575
9957	0.015792
9958	0.095125
9959	0.018792
9960	0.015125
9961	0.015292
9962	0.016625
9963	0.016459
9964	0.017417
9965	0.015458
9966	0.01575
9967	0.016625
9968	0.018041
9969	0.016709
9970	0.01625
9971	0.015625
9972	0.016792
9973	0.018542
9974	0.017583
9975	0.017125
9976	0.014958
9977	0.016042
9978	0.016458
9979	0.017833
9980	0.017334
9981	0.017625
9982	0.015792
9983	0.018833
9984	0.016167
9985	0.017125
9986	0.0175
9987	0.018708
9988	0.017125
9989	0.017291
9990	0.015917
9991	0.016875
9992	0.015208
9993	0.017125
9994	0.018
9995	0.015
9996	0.016709
9997	0.017042
9998	0.016958
9999	0.015375
