index	elapsed_ms
0	17.020125
1	0.581666
2	1.437958
3	0.498333
4	0.419416
5	0.431125
6	0.419292
7	0.414583
8	0.630958
9	0.985917
10	0.337166
11	0.302958
12	0.293084
13	0.282667
14	0.27225
15	0.305542
16	0.314583
17	0.254917
18	0.245208
19	0.236917
20	0.225375
21	0.198792
22	0.102125
23	0.154459
24	0.134625
25	0.095542
26	0.091125
27	0.089125
28	0.248041
29	0.110083
30	0.102875
31	0.233583
32	0.12225
33	0.094209
34	0.170417
35	0.092
36	0.090042
37	0.08675
38	0.101292
39	0.08925
40	0.090584
41	0.086458
42	0.194666
43	0.254291
44	0.102916
45	0.084417
46	0.123459
47	0.106709
48	0.089042
49	0.093292
50	0.093833
51	0.088292
52	0.092417
53	0.087458
54	0.097292
55	0.105709
56	0.090333
57	0.086625
58	0.085458
59	0.083833
60	0.09175
61	0.090125
62	0.089917
63	1.195542
64	0.460667
65	0.239708
66	0.268541
67	0.272541
68	0.300417
69	0.247
70	0.242917
71	0.250667
72	0.232208
73	0.25275
74	0.23375
75	0.22325
76	0.26725
77	0.263125
78	0.2415
79	0.241417
80	0.306667
81	0.229083
82	0.229583
83	0.214125
84	0.21175
85	0.235125
86	0.141167
87	0.2335
88	0.236959
89	0.49825
90	0.225667
91	0.225334
92	0.231709
93	0.287334
94	0.256167
95	0.131709
96	0.113625
97	0.091833
98	0.0925
99	0.088709
100	0.089791
101	0.087
102	0.271917
103	0.273541
104	0.106917
105	0.10425
106	0.087916
107	0.09025
108	0.0895
109	0.084166
110	0.085666
111	0.086125
112	0.084709
113	0.0985
114	5.562917
115	0.124208
116	0.105833
117	0.089875
118	0.087083
119	0.083375
120	0.090375
121	0.088083
122	0.082375
123	0.084584
124	0.08375
125	0.081708
126	0.084375
127	0.142125
128	0.089167
129	0.090125
130	0.083958
131	0.079208
132	0.081708
133	0.108167
134	0.08275
135	0.078417
136	0.085708
137	0.079583
138	0.076583
139	0.195041
140	0.092416
141	0.083083
142	0.08825
143	0.105792
144	0.082041
145	0.080416
146	0.080125
147	0.079417
148	0.079333
149	0.111667
150	0.081292
151	0.077333
152	0.079958
153	0.087666
154	0.101458
155	0.07775
156	0.077542
157	0.077
158	0.235375
159	0.10175
160	0.0855
161	0.0795
162	0.08475
163	0.077083
164	0.07625
165	0.076417
166	0.0985
167	0.075667
168	0.076417
169	0.080083
170	0.087666
171	0.08575
172	0.100583
173	0.076917
174	0.075709
175	0.075584
176	0.075417
177	0.096458
178	0.077625
179	0.274875
180	0.090209
181	0.080833
182	0.07725
183	0.078333
184	0.088042
185	0.098375
186	0.123
187	0.325125
188	0.24575
189	0.181416
190	0.1875
191	0.201625
192	0.174417
193	0.386
194	0.152667
195	0.069958
196	0.068708
197	0.064208
198	0.093958
199	0.072167
200	0.065
201	0.067375
202	0.063292
203	0.063875
204	0.063875
205	0.118417
206	0.085291
207	0.065292
208	0.065084
209	0.063291
210	0.064583
211	0.06375
212	0.06425
213	0.088958
214	0.066708
215	0.065125
216	0.064083
217	0.126041
218	0.079708
219	0.0685
220	0.063875
221	0.069583
222	0.063875
223	0.065541
224	0.13875
225	0.075417
226	0.067333
227	0.084667
228	0.063667
229	0.068666
230	0.062875
231	0.062083
232	0.063042
233	0.065333
234	0.062459
235	0.088167
236	0.064333
237	0.300875
238	0.065416
239	0.076875
240	0.06375
241	0.087792
242	0.114917
243	0.064584
244	0.067541
245	0.063375
246	0.096041
247	0.140417
248	0.079542
249	0.134375
250	0.069625
251	0.161
252	0.213958
253	0.09675
254	0.075917
255	0.222125
256	0.268333
257	0.142
258	0.079916
259	0.069834
260	0.08825
261	0.064709
262	0.065333
263	0.068333
264	0.064917
265	0.070583
266	0.094625
267	0.063416
268	0.08375
269	0.063334
270	0.0635
271	0.065917
272	0.147875
273	0.068084
274	0.064291
275	0.096791
276	0.062417
277	0.073792
278	0.068834
279	0.067542
280	0.068459
281	0.064125
282	0.062417
283	0.061291
284	0.072958
285	0.062167
286	0.062542
287	0.069375
288	0.063709
289	0.061291
290	0.061958
291	0.06175
292	0.06075
293	0.065125
294	0.061166
295	0.074583
296	0.061084
297	0.087917
298	0.064833
299	0.062334
300	0.060875
301	0.062292
302	0.062375
303	0.062875
304	0.062625
305	0.061917
306	0.080292
307	0.062917
308	0.061291
309	0.061541
310	0.061166
311	0.061333
312	0.063958
313	0.069125
314	0.062667
315	0.062084
316	0.100042
317	0.061375
318	0.062209
319	0.084417
320	0.2485
321	0.261542
322	0.12475
323	0.068833
324	0.065208
325	0.092666
326	0.06175
327	0.076625
328	0.063208
329	0.063959
330	0.061833
331	0.062333
332	0.110167
333	0.062333
334	0.064416
335	0.073917
336	0.060583
337	0.06025
338	0.076959
339	0.062042
340	0.059542
341	0.069375
342	0.3915
343	0.132209
344	0.095458
345	0.064417
346	0.059334
347	0.059792
348	0.141458
349	0.391
350	0.07525
351	0.063833
352	0.084375
353	0.059917
354	0.059167
355	0.059417
356	0.06075
357	0.059291
358	0.079833
359	0.058708
360	0.060125
361	0.061042
362	0.0595
363	0.060042
364	0.063584
365	0.083
366	0.14525
367	0.069792
368	0.069625
369	0.059958
370	0.059666
371	0.060583
372	0.081542
373	0.060667
374	0.059667
375	0.059125
376	0.059958
377	0.066417
378	0.058584
379	0.116125
380	0.246959
381	0.104666
382	0.104625
383	0.076334
384	0.062125
385	0.064959
386	0.066709
387	0.065792
388	0.084541
389	0.06325
390	0.06225
391	0.060334
392	0.084875
393	0.062417
394	0.058708
395	0.059459
396	0.0575
397	0.067333
398	0.060083
399	0.077833
400	0.069041
401	0.058333
402	0.06
403	0.057166
404	0.058333
405	0.058334
406	0.077666
407	0.07
408	0.071209
409	0.077459
410	0.063333
411	0.058209
412	0.098667
413	0.071792
414	0.06225
415	0.0615
416	0.058958
417	0.076
418	0.058167
419	0.0615
420	0.068208
421	0.063458
422	0.058333
423	0.05825
424	0.111625
425	0.063792
426	0.085084
427	0.095041
428	0.0615
429	0.058291
430	0.069167
431	0.060084
432	0.057833
433	0.080333
434	0.063541
435	0.05825
436	0.057375
437	0.059583
438	0.057208
439	0.119917
440	0.1
441	0.082875
442	0.057709
443	0.100291
444	0.068166
445	0.062167
446	0.058542
447	0.137542
448	0.062
449	0.058125
450	0.084417
451	0.069667
452	0.061125
453	0.095458
454	0.060917
455	0.057958
456	0.17475
457	0.066042
458	0.071584
459	0.055459
460	0.103667
461	0.060791
462	0.059958
463	0.097
464	0.056167
465	0.058667
466	0.0945
467	0.073041
468	0.058584
469	0.062334
470	0.05725
471	0.0555
472	0.055875
473	0.278666
474	0.311542
475	0.060625
476	0.056416
477	0.05775
478	0.055
479	0.05425
480	0.054375
481	0.065292
482	0.057416
483	0.056042
484	0.054917
485	0.083458
486	0.054583
487	0.054
488	0.195958
489	0.173083
490	0.080083
491	0.100083
492	0.176459
493	0.154208
494	0.076208
495	0.060166
496	0.055708
497	0.082958
498	0.055834
499	0.076583
500	0.06025
501	0.056083
502	0.093917
503	0.146458
504	0.065083
505	0.085209
506	0.058375
507	0.056209
508	0.056041
509	0.06
510	0.14675
511	0.09925
512	0.060292
513	0.071208
514	0.056583
515	0.084042
516	0.055542
517	0.057958
518	0.1435
519	0.158708
520	0.15625
521	0.153792
522	0.196334
523	0.159625
524	0.138459
525	0.13275
526	0.134167
527	0.13225
528	0.238417
529	0.128334
530	0.129583
531	0.163375
532	0.12775
533	0.126292
534	0.152291
535	0.128375
536	0.132959
537	0.1525
538	0.133333
539	0.135125
540	0.126375
541	0.128
542	0.128042
543	0.132833
544	0.445791
545	0.131583
546	0.133417
547	0.23925
548	0.128667
549	0.136667
550	0.127209
551	0.131542
552	0.129292
553	0.193458
554	0.19225
555	0.139542
556	0.142958
557	0.192167
558	0.094167
559	0.064709
560	0.057667
561	0.055667
562	0.068292
563	0.058334
564	0.055292
565	0.064083
566	0.055959
567	0.059667
568	0.066458
569	0.059541
570	0.057542
571	0.059542
572	0.069333
573	0.059
574	0.088292
575	0.058584
576	0.055417
577	0.056625
578	0.064875
579	0.05525
580	0.056417
581	0.054875
582	0.055791
583	0.053791
584	0.056541
585	0.057042
586	0.054834
587	0.084875
588	0.05625
589	0.055083
590	0.083084
591	0.05825
592	0.096666
593	0.056458
594	0.082791
595	0.056042
596	0.054292
597	0.052792
598	0.055042
599	0.053792
600	0.055625
601	0.059166
602	0.058083
603	0.05625
604	0.055417
605	0.05425
606	0.056417
607	0.077917
608	0.055167
609	0.05675
610	0.059084
611	0.12825
612	0.065916
613	0.058
614	0.056
615	0.096416
616	0.065792
617	0.061792
618	0.060708
619	0.066084
620	0.054875
621	0.05575
622	0.055458
623	0.056542
624	0.0895
625	0.056875
626	0.054833
627	0.103584
628	0.058625
629	0.056083
630	0.0795
631	0.068083
632	0.067458
633	0.0765
634	0.057083
635	0.05525
636	0.053959
637	0.072292
638	0.055958
639	0.055209
640	0.055875
641	0.07175
642	0.054833
643	0.054416
644	0.05775
645	0.054666
646	0.055417
647	0.055
648	0.054875
649	0.056125
650	0.054334
651	0.141875
652	0.063917
653	0.055167
654	0.072708
655	0.059709
656	0.054875
657	0.070292
658	0.057708
659	0.073375
660	0.054542
661	0.054167
662	0.055
663	0.069209
664	0.056333
665	0.057333
666	0.054708
667	0.056166
668	0.053375
669	0.054959
670	0.055041
671	0.062291
672	0.055334
673	0.056416
674	0.08775
675	0.060375
676	0.081833
677	0.063
678	0.055625
679	0.055791
680	0.064916
681	0.057791
682	0.056791
683	0.056209
684	0.056292
685	0.056667
686	0.056542
687	0.055875
688	0.055584
689	0.055666
690	0.055792
691	0.054084
692	0.055375
693	0.054
694	0.054416
695	0.054791
696	0.056375
697	0.155708
698	0.058375
699	0.054791
700	0.059708
701	0.058792
702	0.056083
703	0.055708
704	0.054791
705	0.05425
706	0.055459
707	0.054583
708	0.056167
709	0.068708
710	0.055291
711	0.054584
712	0.055083
713	0.0565
714	0.053875
715	0.054875
716	0.088958
717	0.0555
718	0.05425
719	0.059042
720	0.054917
721	0.054125
722	0.054833
723	0.054625
724	0.054709
725	0.053792
726	0.055041
727	0.0555
728	0.055291
729	0.056375
730	0.054417
731	0.07325
732	0.061666
733	0.056333
734	0.055584
735	0.056125
736	0.055208
737	0.056875
738	0.054042
739	0.054208
740	0.054417
741	0.055042
742	0.054042
743	0.054417
744	0.056041
745	0.056875
746	0.053917
747	0.056
748	0.053125
749	0.054
750	0.055458
751	0.054875
752	0.055084
753	0.0535
754	0.054083
755	0.054792
756	0.102916
757	0.204625
758	0.147667
759	0.130792
760	0.13
761	0.134375
762	0.125666
763	0.127667
764	0.125125
765	0.128084
766	0.128958
767	0.12525
768	0.127458
769	0.12725
770	0.135209
771	0.128125
772	0.128458
773	0.125166
774	0.13575
775	0.128834
776	0.131375
777	0.070958
778	0.0575
779	0.055625
780	0.054875
781	0.055667
782	0.055042
783	0.0555
784	0.054708
785	0.055334
786	0.05375
787	0.061625
788	0.055792
789	0.05675
790	0.055291
791	0.056916
792	0.061583
793	0.057208
794	0.055542
795	0.054875
796	0.055125
797	0.055209
798	0.055
799	0.056042
800	0.055292
801	0.054125
802	0.056042
803	0.055
804	0.054875
805	0.056459
806	0.0565
807	0.056292
808	0.055417
809	0.057958
810	0.054708
811	0.057125
812	0.053916
813	0.055083
814	0.055542
815	0.055208
816	0.055
817	0.054292
818	0.054166
819	0.054667
820	0.056333
821	0.055584
822	0.055583
823	0.054
824	0.055208
825	0.057833
826	0.054583
827	0.054875
828	0.0555
829	0.058416
830	0.057875
831	0.057125
832	0.054667
833	0.054042
834	0.119959
835	0.056292
836	0.057542
837	0.055042
838	0.053416
839	0.055083
840	0.05375
841	0.054875
842	0.052958
843	0.05475
844	0.05425
845	0.054125
846	0.054167
847	0.055541
848	0.054791
849	0.053917
850	0.055375
851	0.057708
852	0.053084
853	0.05425
854	0.056167
855	0.053917
856	0.054625
857	0.059291
858	0.055542
859	0.054875
860	0.057875
861	0.053875
862	0.055334
863	0.055416
864	0.054666
865	0.0545
866	0.055333
867	0.056084
868	0.054417
869	0.054666
870	0.053958
871	0.052542
872	0.054334
873	0.055792
874	0.055292
875	0.053792
876	0.053833
877	0.08025
878	0.062083
879	0.055958
880	0.055792
881	0.058541
882	0.053917
883	0.054209
884	0.055208
885	0.054541
886	0.055
887	0.055208
888	0.055125
889	0.074709
890	0.053833
891	0.052
892	0.053042
893	0.054375
894	0.168041
895	0.056875
896	0.052584
897	0.052083
898	0.052917
899	0.053041
900	0.054541
901	0.053708
902	0.052583
903	0.053292
904	0.052917
905	0.053792
906	0.053375
907	0.054583
908	0.052459
909	0.052417
910	0.072125
911	0.054375
912	0.0545
913	0.051834
914	0.070041
915	0.053958
916	0.051958
917	0.053209
918	0.051375
919	0.050792
920	0.052291
921	0.053875
922	0.053375
923	0.052209
924	0.0515
925	0.052875
926	0.0515
927	0.054583
928	0.053416
929	0.052459
930	0.052666
931	0.052125
932	0.053084
933	0.051625
934	0.052667
935	0.052209
936	0.052042
937	0.053917
938	0.0505
939	0.051916
940	0.051166
941	0.053333
942	0.053416
943	0.053875
944	0.053292
945	0.052375
946	0.052625
947	0.051708
948	0.05225
949	0.052084
950	0.053
951	0.063375
952	0.052458
953	0.0535
954	0.054417
955	0.05725
956	0.089
957	0.052333
958	0.052209
959	0.051916
960	0.058917
961	0.054667
962	0.051458
963	0.049834
964	0.0515
965	0.050875
966	0.051708
967	0.050417
968	0.050459
969	0.0515
970	0.051208
971	0.051541
972	0.051041
973	0.050708
974	0.051708
975	0.050833
976	0.050625
977	0.051333
978	0.052167
979	0.052042
980	0.051042
981	0.052125
982	0.051542
983	0.049958
984	0.051916
985	0.053083
986	0.051083
987	0.051042
988	0.051083
989	0.051166
990	0.05125
991	0.05
992	0.051625
993	0.049958
994	0.050291
995	0.051791
996	0.051209
997	0.053417
998	0.051792
999	0.050667
1000	0.051125
1001	0.079458
1002	0.056417
1003	0.05225
1004	0.051583
1005	0.051958
1006	0.054083
1007	0.053959
1008	0.053083
1009	0.050791
1010	0.051875
1011	0.050916
1012	0.051708
1013	0.051833
1014	0.051875
1015	0.050416
1016	0.054959
1017	0.055458
1018	0.053167
1019	0.051958
1020	0.051959
1021	0.052333
1022	0.059208
1023	0.0545
1024	0.056166
1025	0.054334
1026	0.053709
1027	0.065417
1028	0.053542
1029	0.101167
1030	0.052166
1031	0.053167
1032	0.058292
1033	0.076958
1034	0.057125
1035	0.053625
1036	0.055375
1037	0.052292
1038	0.110875
1039	0.054208
1040	0.054292
1041	0.061625
1042	0.054125
1043	0.050834
1044	0.051333
1045	0.05075
1046	0.051584
1047	0.061208
1048	0.051792
1049	0.054208
1050	0.053084
1051	0.051958
1052	0.061083
1053	0.051667
1054	0.054208
1055	0.051875
1056	0.051
1057	0.061917
1058	0.053625
1059	0.053333
1060	0.052292
1061	0.050875
1062	0.053167
1063	0.052708
1064	0.077583
1065	0.054625
1066	0.052875
1067	0.052292
1068	0.053167
1069	0.054167
1070	0.0555
1071	0.05225
1072	0.0555
1073	0.053
1074	0.092916
1075	0.06225
1076	0.056125
1077	0.052917
1078	0.052541
1079	0.053417
1080	0.054208
1081	0.055625
1082	0.0545
1083	0.053125
1084	0.05375
1085	0.052125
1086	0.061833
1087	0.0615
1088	0.056458
1089	0.051958
1090	0.053416
1091	0.056375
1092	0.056542
1093	0.061
1094	0.050875
1095	0.051666
1096	0.050958
1097	0.053417
1098	0.052542
1099	0.065334
1100	0.054917
1101	0.098916
1102	0.053042
1103	0.0515
1104	0.052
1105	0.094833
1106	0.055708
1107	0.053584
1108	0.054666
1109	0.053666
1110	0.05475
1111	0.052667
1112	0.053417
1113	0.05425
1114	0.052334
1115	0.070917
1116	0.057041
1117	0.058209
1118	0.0545
1119	0.056875
1120	0.054708
1121	0.053708
1122	0.052667
1123	0.053958
1124	0.053584
1125	0.052375
1126	0.054375
1127	0.051791
1128	0.055292
1129	0.056333
1130	0.054417
1131	0.059541
1132	0.101583
1133	0.140916
1134	0.055833
1135	0.052333
1136	0.054042
1137	0.050375
1138	0.052625
1139	0.052917
1140	0.056833
1141	0.054375
1142	0.05125
1143	0.05325
1144	0.052542
1145	0.0545
1146	0.052
1147	0.052541
1148	0.053167
1149	0.052333
1150	0.053584
1151	0.054375
1152	0.058917
1153	0.055334
1154	0.054292
1155	0.060417
1156	0.054708
1157	0.05375
1158	0.052625
1159	0.054375
1160	0.056625
1161	0.055833
1162	0.057333
1163	0.054708
1164	0.055667
1165	0.053708
1166	0.053417
1167	0.053584
1168	0.061542
1169	0.052458
1170	0.052792
1171	0.058042
1172	0.052041
1173	0.100375
1174	0.13125
1175	0.055916
1176	0.0935
1177	0.05525
1178	0.065042
1179	0.054459
1180	0.051333
1181	0.052583
1182	0.053
1183	0.053458
1184	0.061958
1185	0.134875
1186	0.084791
1187	0.059
1188	0.054
1189	0.053334
1190	0.055459
1191	0.052584
1192	0.054334
1193	0.07075
1194	0.057834
1195	0.053833
1196	0.058708
1197	0.053708
1198	0.054542
1199	0.051875
1200	0.060333
1201	0.065
1202	0.055041
1203	0.051541
1204	0.065833
1205	0.066417
1206	0.056708
1207	0.05375
1208	0.054584
1209	0.054417
1210	0.053416
1211	0.053417
1212	0.052167
1213	0.059416
1214	0.053833
1215	0.0525
1216	0.052333
1217	0.054042
1218	0.050583
1219	0.051917
1220	0.059583
1221	0.054042
1222	0.052458
1223	0.054208
1224	0.064667
1225	0.054208
1226	0.054041
1227	0.05325
1228	0.054875
1229	0.053583
1230	0.053208
1231	0.052792
1232	0.052708
1233	0.054375
1234	0.052792
1235	0.054
1236	0.053458
1237	0.052459
1238	0.053083
1239	0.053
1240	0.053708
1241	0.245542
1242	0.173125
1243	0.248166
1244	0.18475
1245	0.137208
1246	0.226458
1247	0.079041
1248	0.055459
1249	0.057708
1250	0.053583
1251	0.054167
1252	0.054958
1253	0.054458
1254	0.053416
1255	0.05425
1256	0.058125
1257	0.063
1258	0.05425
1259	0.053292
1260	0.053708
1261	0.053292
1262	0.052208
1263	0.052333
1264	0.0525
1265	0.053541
1266	0.052625
1267	0.052125
1268	0.054416
1269	0.079292
1270	0.053458
1271	0.051167
1272	0.052875
1273	0.054666
1274	0.053458
1275	0.054666
1276	0.051875
1277	0.057084
1278	0.052958
1279	0.05125
1280	0.161459
1281	0.154042
1282	0.180042
1283	0.144959
1284	0.131208
1285	0.139542
1286	0.124
1287	0.121
1288	0.1405
1289	0.140458
1290	0.120875
1291	0.120667
1292	0.127417
1293	0.126
1294	0.118333
1295	0.117958
1296	0.1185
1297	0.117709
1298	0.125416
1299	0.120291
1300	0.126
1301	0.123958
1302	0.114083
1303	0.126666
1304	0.124916
1305	0.12
1306	0.126708
1307	0.124666
1308	0.114625
1309	0.125625
1310	0.126208
1311	0.116959
1312	0.125791
1313	0.131666
1314	0.113625
1315	0.197042
1316	0.121
1317	0.116625
1318	0.120041
1319	0.135292
1320	0.071167
1321	0.058875
1322	0.055208
1323	0.053459
1324	0.077834
1325	0.0555
1326	0.054084
1327	0.054625
1328	0.052166
1329	0.050958
1330	0.051625
1331	0.051541
1332	0.0515
1333	0.066291
1334	0.106416
1335	0.054667
1336	0.054417
1337	0.055083
1338	0.050833
1339	0.0515
1340	0.051459
1341	0.053291
1342	0.064583
1343	0.053458
1344	0.052459
1345	0.051375
1346	0.05275
1347	0.05075
1348	0.053167
1349	0.052125
1350	0.052334
1351	0.061375
1352	0.057292
1353	0.054458
1354	0.053833
1355	0.051791
1356	0.051834
1357	0.051375
1358	0.051292
1359	0.051541
1360	0.052083
1361	0.052
1362	0.05
1363	0.052375
1364	0.052
1365	0.052875
1366	0.052166
1367	0.050458
1368	0.051917
1369	0.054958
1370	0.050917
1371	0.051875
1372	0.052625
1373	0.09175
1374	0.056584
1375	0.051791
1376	0.051667
1377	0.049709
1378	0.050667
1379	0.051542
1380	0.05225
1381	0.052
1382	0.051625
1383	0.052583
1384	0.052167
1385	0.055666
1386	0.051583
1387	0.05125
1388	0.065125
1389	0.05225
1390	0.051417
1391	0.051625
1392	0.052042
1393	0.052583
1394	0.052542
1395	0.051083
1396	0.051584
1397	0.061083
1398	0.051458
1399	0.059333
1400	0.111083
1401	0.051958
1402	0.043
1403	0.044209
1404	0.044541
1405	0.045542
1406	0.056791
1407	0.044833
1408	0.043125
1409	0.044541
1410	0.042459
1411	0.042667
1412	0.046333
1413	0.043375
1414	0.043459
1415	0.047917
1416	0.043042
1417	0.043209
1418	0.044375
1419	0.042625
1420	0.113542
1421	0.04625
1422	0.083542
1423	0.088208
1424	0.052042
1425	0.044459
1426	0.043291
1427	0.042667
1428	0.04425
1429	0.042625
1430	0.043708
1431	0.041917
1432	0.044833
1433	0.04375
1434	0.041667
1435	0.043125
1436	0.043125
1437	0.042
1438	0.044208
1439	0.042417
1440	0.050208
1441	0.041333
1442	0.042042
1443	0.065375
1444	0.043375
1445	0.04225
1446	0.042042
1447	0.043125
1448	0.042916
1449	0.042709
1450	0.041958
1451	0.0435
1452	0.056708
1453	0.043375
1454	0.0415
1455	0.039459
1456	0.041833
1457	0.041375
1458	0.042042
1459	0.040292
1460	0.041041
1461	0.052709
1462	0.044125
1463	0.04
1464	0.045375
1465	0.042708
1466	0.042416
1467	0.043625
1468	0.040542
1469	0.040042
1470	0.052
1471	0.044625
1472	0.041625
1473	0.043041
1474	0.040709
1475	0.041
1476	0.041875
1477	0.042042
1478	0.041875
1479	0.047375
1480	0.041625
1481	0.041292
1482	0.11125
1483	0.146708
1484	0.071708
1485	0.067834
1486	0.04375
1487	0.042334
1488	0.044458
1489	0.042292
1490	0.042625
1491	0.042042
1492	0.0415
1493	0.041125
1494	0.041875
1495	0.043042
1496	0.042083
1497	0.043458
1498	0.043625
1499	0.041833
1500	0.041084
1501	0.042584
1502	0.042375
1503	0.042083
1504	0.041292
1505	0.041083
1506	0.039541
1507	0.042125
1508	0.040667
1509	0.042375
1510	0.041291
1511	0.042125
1512	0.041875
1513	0.042958
1514	0.041459
1515	0.041667
1516	0.055375
1517	0.042875
1518	0.041125
1519	0.041292
1520	0.04325
1521	0.042875
1522	0.04075
1523	0.042375
1524	0.042417
1525	0.051375
1526	0.04225
1527	0.041458
1528	0.0415
1529	0.042
1530	0.043042
1531	0.042208
1532	0.039459
1533	0.042167
1534	0.051458
1535	0.040958
1536	0.042125
1537	0.043458
1538	0.044125
1539	0.042416
1540	0.04575
1541	0.043208
1542	0.056
1543	0.058459
1544	0.045417
1545	0.0465
1546	0.044083
1547	0.041792
1548	0.044459
1549	0.042208
1550	0.043292
1551	0.04475
1552	0.045042
1553	0.045958
1554	0.041625
1555	0.041
1556	0.04125
1557	0.038875
1558	0.043042
1559	0.041709
1560	0.043541
1561	0.042584
1562	0.040917
1563	0.042459
1564	0.044083
1565	0.042542
1566	0.040958
1567	0.041667
1568	0.041125
1569	0.042875
1570	0.041083
1571	0.063
1572	0.043292
1573	0.040917
1574	0.042125
1575	0.042125
1576	0.041875
1577	0.042292
1578	0.040917
1579	0.041958
1580	0.054125
1581	0.04275
1582	0.116125
1583	0.11775
1584	0.093334
1585	0.087208
1586	0.084541
1587	0.084583
1588	0.100292
1589	0.121625
1590	0.087042
1591	0.084875
1592	0.08525
1593	0.085917
1594	0.085459
1595	0.105208
1596	0.110084
1597	0.092083
1598	0.132333
1599	0.088625
1600	0.086417
1601	0.08575
1602	0.085792
1603	0.085542
1604	0.088167
1605	0.084291
1606	0.086791
1607	0.10925
1608	0.09025
1609	0.092959
1610	0.0845
1611	0.085042
1612	0.084042
1613	0.083292
1614	0.083
1615	0.084917
1616	0.099334
1617	0.096625
1618	0.085542
1619	0.087416
1620	0.085459
1621	0.083375
1622	0.084667
1623	0.085583
1624	0.085458
1625	0.142125
1626	0.119542
1627	0.109459
1628	0.074917
1629	0.045417
1630	0.045
1631	0.042333
1632	0.041375
1633	0.040708
1634	0.044458
1635	0.061959
1636	0.043375
1637	0.04175
1638	0.043667
1639	0.061083
1640	0.043209
1641	0.043792
1642	0.04325
1643	0.03875
1644	0.057916
1645	0.040709
1646	0.04
1647	0.041292
1648	0.0395
1649	0.038375
1650	0.038709
1651	0.0415
1652	0.04875
1653	0.055
1654	0.041
1655	0.038625
1656	0.040334
1657	0.043
1658	0.041416
1659	0.040416
1660	0.041084
1661	0.038125
1662	0.051417
1663	0.055417
1664	0.073583
1665	0.045792
1666	0.0415
1667	0.041125
1668	0.042667
1669	0.039208
1670	0.043042
1671	0.048208
1672	0.041917
1673	0.039875
1674	0.040708
1675	0.0395
1676	0.041583
1677	0.03975
1678	0.040833
1679	0.041292
1680	0.047209
1681	0.041458
1682	0.042209
1683	0.039792
1684	0.038125
1685	0.039917
1686	0.042583
1687	0.040916
1688	0.043417
1689	0.053708
1690	0.043334
1691	0.040083
1692	0.0405
1693	0.040792
1694	0.041709
1695	0.039084
1696	0.042083
1697	0.043292
1698	0.039875
1699	0.054042
1700	0.040417
1701	0.039458
1702	0.041667
1703	0.052833
1704	0.042083
1705	0.236417
1706	0.043584
1707	0.039625
1708	0.053125
1709	0.038375
1710	0.040375
1711	0.041708
1712	0.040375
1713	0.039792
1714	0.040375
1715	0.040875
1716	0.0405
1717	0.051208
1718	0.040292
1719	0.039792
1720	0.040625
1721	0.039084
1722	0.039
1723	0.039083
1724	0.040542
1725	0.0405
1726	0.055
1727	0.038875
1728	0.039
1729	0.038583
1730	0.039708
1731	0.041
1732	0.04075
1733	0.039708
1734	0.0385
1735	0.048292
1736	0.040375
1737	0.04025
1738	0.039791
1739	0.039208
1740	0.040834
1741	0.03975
1742	0.038834
1743	0.038583
1744	0.045916
1745	0.041084
1746	0.043666
1747	0.055667
1748	0.049542
1749	0.042708
1750	0.039584
1751	0.04325
1752	0.055709
1753	0.232583
1754	0.121875
1755	0.047375
1756	0.039958
1757	0.043459
1758	0.042417
1759	0.041708
1760	0.041042
1761	0.040583
1762	0.039375
1763	0.06
1764	0.039459
1765	0.044083
1766	0.04125
1767	0.042542
1768	0.042375
1769	0.050208
1770	0.032834
1771	0.033792
1772	0.032458
1773	0.031833
1774	0.031833
1775	0.033917
1776	0.031083
1777	0.033333
1778	0.030333
1779	0.028
1780	0.034666
1781	0.033291
1782	0.030958
1783	0.0315
1784	0.033083
1785	0.033334
1786	0.031875
1787	0.03175
1788	0.031292
1789	0.032458
1790	0.032125
1791	0.032667
1792	0.031917
1793	0.031834
1794	0.033375
1795	0.03275
1796	0.053041
1797	0.0345
1798	0.031792
1799	0.032292
1800	0.090209
1801	0.038417
1802	0.032625
1803	0.032333
1804	0.03425
1805	0.032291
1806	0.0305
1807	0.030333
1808	0.030875
1809	0.030416
1810	0.031
1811	0.030666
1812	0.03325
1813	0.028709
1814	0.032208
1815	0.0305
1816	0.032375
1817	0.030792
1818	0.031958
1819	0.032625
1820	0.033209
1821	0.02975
1822	0.032
1823	0.032292
1824	0.031042
1825	0.031417
1826	0.030125
1827	0.03225
1828	0.031709
1829	0.030375
1830	0.030583
1831	0.031792
1832	0.032125
1833	0.03925
1834	0.032209
1835	0.030917
1836	0.031416
1837	0.02975
1838	0.0305
1839	0.030459
1840	0.029916
1841	0.0325
1842	0.030208
1843	0.033292
1844	0.031208
1845	0.03225
1846	0.031625
1847	0.031333
1848	0.037292
1849	0.031625
1850	0.032875
1851	0.031542
1852	0.03125
1853	0.032125
1854	0.031042
1855	0.031125
1856	0.030708
1857	0.02975
1858	0.030667
1859	0.031875
1860	0.031917
1861	0.0315
1862	0.034
1863	0.038834
1864	0.03125
1865	0.031083
1866	0.037708
1867	0.032583
1868	0.034125
1869	0.030542
1870	0.031208
1871	0.030958
1872	0.030417
1873	0.028917
1874	0.032583
1875	0.032041
1876	0.02875
1877	0.032125
1878	0.0315
1879	0.030959
1880	0.031875
1881	0.032667
1882	0.032042
1883	0.030083
1884	0.036542
1885	0.032542
1886	0.099625
1887	0.037792
1888	0.031583
1889	0.030833
1890	0.032
1891	0.03225
1892	0.037167
1893	0.031958
1894	0.031834
1895	0.03325
1896	0.033083
1897	0.031709
1898	0.031958
1899	0.030417
1900	0.034375
1901	0.031916
1902	0.033833
1903	0.031958
1904	0.030958
1905	0.0315
1906	0.031709
1907	0.033041
1908	0.031709
1909	0.030208
1910	0.03375
1911	0.031959
1912	0.031125
1913	0.051375
1914	0.033584
1915	0.030334
1916	0.031792
1917	0.0325
1918	0.031083
1919	0.031959
1920	0.03075
1921	0.031375
1922	0.033667
1923	0.030917
1924	0.030834
1925	0.032291
1926	0.031417
1927	0.02975
1928	0.033583
1929	0.033042
1930	0.030958
1931	0.033541
1932	0.033459
1933	0.03225
1934	0.030916
1935	0.030417
1936	0.031333
1937	0.040416
1938	0.033125
1939	0.034875
1940	0.034459
1941	0.031125
1942	0.031417
1943	0.029875
1944	0.030333
1945	0.031709
1946	0.03175
1947	0.032833
1948	0.030625
1949	0.029666
1950	0.033083
1951	0.033125
1952	0.03
1953	0.039
1954	0.03125
1955	0.033333
1956	0.031417
1957	0.031458
1958	0.03225
1959	0.032125
1960	0.045209
1961	0.033042
1962	0.030833
1963	0.033291
1964	0.030917
1965	0.031292
1966	0.031208
1967	0.030875
1968	0.037958
1969	0.036834
1970	0.035584
1971	0.030792
1972	0.0295
1973	0.031291
1974	0.030791
1975	0.031542
1976	0.033792
1977	0.02875
1978	0.030292
1979	0.02975
1980	0.062875
1981	0.040917
1982	0.041583
1983	0.03525
1984	0.033375
1985	0.03425
1986	0.033583
1987	0.03475
1988	0.038666
1989	0.032792
1990	0.036917
1991	0.031208
1992	0.03325
1993	0.034291
1994	0.032417
1995	0.036167
1996	0.035042
1997	0.033625
1998	0.031666
1999	0.036334
2000	0.033166
2001	0.032542
2002	0.031417
2003	0.033583
2004	0.070916
2005	0.03625
2006	0.034542
2007	0.03325
2008	0.033875
2009	0.034875
2010	0.035875
2011	0.031375
2012	0.036417
2013	0.034083
2014	0.035375
2015	0.035459
2016	0.034209
2017	0.033667
2018	0.033625
2019	0.035792
2020	0.04
2021	0.034583
2022	0.034125
2023	0.035625
2024	0.034667
2025	0.036
2026	0.0365
2027	0.043292
2028	0.035541
2029	0.031291
2030	0.044875
2031	0.038291
2032	0.033708
2033	0.033167
2034	0.0345
2035	0.033334
2036	0.034375
2037	0.034
2038	0.033792
2039	0.034458
2040	0.037709
2041	0.033292
2042	0.030541
2043	0.032084
2044	0.035333
2045	0.033084
2046	0.034167
2047	0.038875
2048	0.037834
2049	0.03775
2050	0.041667
2051	0.03575
2052	0.038208
2053	0.037458
2054	0.040875
2055	0.078542
2056	0.036167
2057	0.036375
2058	0.03625
2059	0.033041
2060	0.035666
2061	0.0345
2062	0.033083
2063	0.034875
2064	0.034208
2065	0.033625
2066	0.035958
2067	0.058125
2068	0.036834
2069	0.034666
2070	0.033709
2071	0.036625
2072	0.034417
2073	0.077833
2074	0.037375
2075	0.034125
2076	0.037292
2077	0.03575
2078	0.042542
2079	0.037
2080	0.037333
2081	0.046583
2082	0.03725
2083	0.03275
2084	0.037375
2085	0.033917
2086	0.040417
2087	0.033292
2088	0.033666
2089	0.070209
2090	0.038208
2091	0.036
2092	0.034166
2093	0.033875
2094	0.035542
2095	0.035292
2096	0.033125
2097	0.035041
2098	0.040708
2099	0.032709
2100	0.191
2101	0.193834
2102	0.101834
2103	0.033667
2104	0.033292
2105	0.031792
2106	0.134958
2107	0.04975
2108	0.053166
2109	0.035167
2110	0.033083
2111	0.032125
2112	0.0315
2113	0.049417
2114	0.037333
2115	0.032541
2116	0.032833
2117	0.030709
2118	0.030292
2119	0.032166
2120	0.028542
2121	0.032125
2122	0.03225
2123	0.072458
2124	0.033583
2125	0.030083
2126	0.031167
2127	0.028375
2128	0.03175
2129	0.030083
2130	0.030542
2131	0.0315
2132	0.032167
2133	0.032167
2134	0.031375
2135	0.031
2136	0.032541
2137	0.101625
2138	0.0795
2139	0.036459
2140	0.033583
2141	0.03125
2142	0.032709
2143	0.03175
2144	0.032292
2145	0.030833
2146	0.031
2147	0.0325
2148	0.031458
2149	0.259375
2150	0.11175
2151	0.085791
2152	0.068625
2153	0.118208
2154	0.101125
2155	0.079875
2156	0.043458
2157	0.034667
2158	0.035625
2159	0.035958
2160	0.03725
2161	0.035625
2162	0.033042
2163	0.032625
2164	0.038042
2165	0.033292
2166	0.039167
2167	0.035458
2168	0.032417
2169	0.036708
2170	0.034833
2171	0.036375
2172	0.0355
2173	0.04125
2174	0.035791
2175	0.036917
2176	0.036417
2177	0.034125
2178	0.04875
2179	0.034042
2180	0.033
2181	0.032958
2182	0.033875
2183	0.035334
2184	0.034041
2185	0.033083
2186	0.057667
2187	0.044375
2188	0.034583
2189	0.032959
2190	0.030958
2191	0.031542
2192	0.032708
2193	0.031333
2194	0.032
2195	0.032125
2196	0.030166
2197	0.032
2198	0.031334
2199	0.028291
2200	0.031459
2201	0.032166
2202	0.029459
2203	0.030042
2204	0.030791
2205	0.030084
2206	0.03175
2207	0.032875
2208	0.030166
2209	0.030583
2210	0.03075
2211	0.031792
2212	0.031417
2213	0.031958
2214	0.031417
2215	0.0315
2216	0.028958
2217	0.031458
2218	0.0325
2219	0.032166
2220	0.029917
2221	0.029375
2222	0.030166
2223	0.031667
2224	0.031916
2225	0.031167
2226	0.028333
2227	0.031958
2228	0.032709
2229	0.032
2230	0.032542
2231	0.028541
2232	0.040709
2233	0.029458
2234	0.031417
2235	0.031291
2236	0.032208
2237	0.033583
2238	0.032
2239	0.033833
2240	0.032208
2241	0.030833
2242	0.03
2243	0.031542
2244	0.031041
2245	0.03075
2246	0.029875
2247	0.030583
2248	0.033541
2249	0.029792
2250	0.034541
2251	0.032209
2252	0.02925
2253	0.030916
2254	0.031209
2255	0.030208
2256	0.029792
2257	0.033208
2258	0.033583
2259	0.038459
2260	0.029458
2261	0.027667
2262	0.032459
2263	0.03025
2264	0.028417
2265	0.027208
2266	0.028125
2267	0.027958
2268	0.031167
2269	0.030584
2270	0.033209
2271	0.033667
2272	0.029667
2273	0.030333
2274	0.029458
2275	0.029375
2276	0.028791
2277	0.032709
2278	0.029375
2279	0.029583
2280	0.027834
2281	0.031125
2282	0.051584
2283	0.027541
2284	0.02925
2285	0.028875
2286	0.029333
2287	0.030625
2288	0.0285
2289	0.029125
2290	0.028875
2291	0.02875
2292	0.029667
2293	0.030125
2294	0.026708
2295	0.029
2296	0.029208
2297	0.033208
2298	0.030375
2299	0.029583
2300	0.032167
2301	0.028917
2302	0.031291
2303	0.029541
2304	0.040041
2305	0.030542
2306	0.029417
2307	0.028834
2308	0.028958
2309	0.0285
2310	0.030042
2311	0.030667
2312	0.030584
2313	0.029
2314	0.028833
2315	0.028667
2316	0.029084
2317	0.029833
2318	0.030542
2319	0.03075
2320	0.029083
2321	0.02725
2322	0.026291
2323	0.030625
2324	0.027917
2325	0.030958
2326	0.028958
2327	0.031291
2328	0.03
2329	0.04425
2330	0.028875
2331	0.028417
2332	0.02925
2333	0.029458
2334	0.031833
2335	0.0305
2336	0.030042
2337	0.02925
2338	0.03
2339	0.030583
2340	0.031333
2341	0.029709
2342	0.0285
2343	0.028334
2344	0.030916
2345	0.028917
2346	0.028375
2347	0.029583
2348	0.068583
2349	0.160084
2350	0.093125
2351	0.074875
2352	0.075875
2353	0.068
2354	0.065
2355	0.064125
2356	0.064084
2357	0.065167
2358	0.064083
2359	0.157541
2360	0.066541
2361	0.065792
2362	0.066458
2363	0.064208
2364	0.065833
2365	0.064208
2366	0.064125
2367	0.061709
2368	0.062792
2369	0.061959
2370	0.063125
2371	0.066625
2372	0.063833
2373	0.061375
2374	0.324917
2375	0.07375
2376	0.065584
2377	0.064958
2378	0.064666
2379	0.068167
2380	0.062375
2381	0.064166
2382	0.094708
2383	0.226667
2384	0.072042
2385	0.081375
2386	0.048542
2387	0.034375
2388	0.02975
2389	0.028375
2390	0.032083
2391	0.029334
2392	0.029167
2393	0.033125
2394	0.028833
2395	0.030208
2396	0.032125
2397	0.02975
2398	0.029542
2399	0.03025
2400	0.028209
2401	0.030959
2402	0.031334
2403	0.027917
2404	0.030083
2405	0.031
2406	0.030042
2407	0.030791
2408	0.030084
2409	0.031
2410	0.035292
2411	0.03075
2412	0.030375
2413	0.032083
2414	0.030916
2415	0.030667
2416	0.029167
2417	0.029333
2418	0.031125
2419	0.045541
2420	0.030083
2421	0.030209
2422	0.029834
2423	0.030083
2424	0.027375
2425	0.0315
2426	0.029167
2427	0.031333
2428	0.029583
2429	0.029667
2430	0.030792
2431	0.026709
2432	0.029667
2433	0.03025
2434	0.036833
2435	0.031167
2436	0.029416
2437	0.027875
2438	0.029875
2439	0.029541
2440	0.028125
2441	0.028667
2442	0.031458
2443	0.028208
2444	0.032333
2445	0.029667
2446	0.033125
2447	0.032667
2448	0.032375
2449	0.029583
2450	0.028917
2451	0.0295
2452	0.030916
2453	0.028625
2454	0.03275
2455	0.029542
2456	0.027833
2457	0.031125
2458	0.03125
2459	0.031083
2460	0.026792
2461	0.031917
2462	0.031542
2463	0.033041
2464	0.028084
2465	0.030708
2466	0.032041
2467	0.031666
2468	0.027333
2469	0.03075
2470	0.028459
2471	0.028166
2472	0.028625
2473	0.028875
2474	0.030083
2475	0.028291
2476	0.029792
2477	0.027625
2478	0.028542
2479	0.03025
2480	0.029958
2481	0.029292
2482	0.029833
2483	0.029291
2484	0.029542
2485	0.030208
2486	0.1035
2487	0.035959
2488	0.031834
2489	0.033042
2490	0.035625
2491	0.028167
2492	0.029958
2493	0.029208
2494	0.028875
2495	0.029542
2496	0.031625
2497	0.028417
2498	0.030083
2499	0.030542
2500	0.030458
2501	0.028083
2502	0.029042
2503	0.028166
2504	0.028417
2505	0.029458
2506	0.030417
2507	0.031541
2508	0.030708
2509	0.029083
2510	0.02975
2511	0.030792
2512	0.030125
2513	0.030208
2514	0.029042
2515	0.029417
2516	0.027334
2517	0.028416
2518	0.055
2519	0.026458
2520	0.026459
2521	0.027291
2522	0.024458
2523	0.029583
2524	0.027125
2525	0.037542
2526	0.031209
2527	0.027625
2528	0.03075
2529	0.02975
2530	0.027042
2531	0.027292
2532	0.0305
2533	0.030459
2534	0.0315
2535	0.028875
2536	0.026792
2537	0.028625
2538	0.035959
2539	0.030833
2540	0.027916
2541	0.026292
2542	0.029125
2543	0.035875
2544	0.028958
2545	0.03175
2546	0.034375
2547	0.031542
2548	0.031
2549	0.030084
2550	0.028334
2551	0.029084
2552	0.030583
2553	0.035542
2554	0.0315
2555	0.029083
2556	0.024792
2557	0.02725
2558	0.031
2559	0.029417
2560	0.031708
2561	0.028916
2562	0.032375
2563	0.028166
2564	0.029375
2565	0.028792
2566	0.030959
2567	0.0305
2568	0.032375
2569	0.032458
2570	0.029542
2571	0.107125
2572	0.096334
2573	0.03225
2574	0.035917
2575	0.03775
2576	0.029958
2577	0.031125
2578	0.029584
2579	0.028334
2580	0.031125
2581	0.034666
2582	0.028167
2583	0.030375
2584	0.033834
2585	0.029416
2586	0.029
2587	0.028833
2588	0.033208
2589	0.034458
2590	0.0285
2591	0.02825
2592	0.027125
2593	0.026375
2594	0.031333
2595	0.03325
2596	0.034542
2597	0.028
2598	0.029875
2599	0.030334
2600	0.029917
2601	0.028583
2602	0.026792
2603	0.031334
2604	0.030333
2605	0.0315
2606	0.029958
2607	0.130417
2608	0.030208
2609	0.027417
2610	0.030833
2611	0.030666
2612	0.030125
2613	0.02825
2614	0.026292
2615	0.029417
2616	0.030291
2617	0.026667
2618	0.029458
2619	0.026541
2620	0.026666
2621	0.028125
2622	0.026917
2623	0.027541
2624	0.028042
2625	0.028792
2626	0.030209
2627	0.027584
2628	0.029542
2629	0.027
2630	0.027375
2631	0.026791
2632	0.02725
2633	0.028083
2634	0.026458
2635	0.027958
2636	0.028667
2637	0.028625
2638	0.030792
2639	0.029583
2640	0.026542
2641	0.029583
2642	0.0295
2643	0.031625
2644	0.026875
2645	0.027833
2646	0.028959
2647	0.029792
2648	0.030917
2649	0.033
2650	0.026
2651	0.029041
2652	0.025917
2653	0.024875
2654	0.0295
2655	0.03
2656	0.029792
2657	0.027334
2658	0.027334
2659	0.027292
2660	0.027583
2661	0.027
2662	0.027791
2663	0.027667
2664	0.025958
2665	0.028416
2666	0.026125
2667	0.02825
2668	0.0285
2669	0.026542
2670	0.027208
2671	0.027625
2672	0.027708
2673	0.029
2674	0.026334
2675	0.028125
2676	0.047334
2677	0.029375
2678	0.027792
2679	0.029291
2680	0.026584
2681	0.0265
2682	0.028375
2683	0.029917
2684	0.032666
2685	0.033583
2686	0.027792
2687	0.027
2688	0.03775
2689	0.040208
2690	0.03275
2691	0.043166
2692	0.081459
2693	0.030792
2694	0.029416
2695	0.030167
2696	0.071125
2697	0.042542
2698	0.0285
2699	0.027916
2700	0.029959
2701	0.027542
2702	0.028875
2703	0.02475
2704	0.028667
2705	0.029583
2706	0.037292
2707	0.029584
2708	0.028334
2709	0.026584
2710	0.033875
2711	0.026875
2712	0.026708
2713	0.029375
2714	0.030208
2715	0.027917
2716	0.026583
2717	0.026375
2718	0.026584
2719	0.025291
2720	0.0255
2721	0.0295
2722	0.027208
2723	0.027791
2724	0.028458
2725	0.026583
2726	0.027708
2727	0.026083
2728	0.036541
2729	0.028083
2730	0.022709
2731	0.031666
2732	0.027125
2733	0.074083
2734	0.050125
2735	0.027416
2736	0.026917
2737	0.039709
2738	0.036333
2739	0.03
2740	0.027791
2741	0.025625
2742	0.027958
2743	0.026458
2744	0.027833
2745	0.028375
2746	0.027708
2747	0.026
2748	0.027875
2749	0.027041
2750	0.027834
2751	0.0275
2752	0.025459
2753	0.024459
2754	0.026125
2755	0.027375
2756	0.027417
2757	0.027875
2758	0.026791
2759	0.02775
2760	0.026417
2761	0.0245
2762	0.026417
2763	0.026417
2764	0.026333
2765	0.024041
2766	0.026542
2767	0.026792
2768	0.02575
2769	0.027375
2770	0.026667
2771	0.027542
2772	0.027625
2773	0.027
2774	0.026125
2775	0.026209
2776	0.027209
2777	0.02675
2778	0.026833
2779	0.026333
2780	0.0275
2781	0.027166
2782	0.032958
2783	0.027625
2784	0.028208
2785	0.027042
2786	0.025791
2787	0.027459
2788	0.026875
2789	0.024167
2790	0.024875
2791	0.027708
2792	0.032792
2793	0.02525
2794	0.02625
2795	0.024042
2796	0.026291
2797	0.027917
2798	0.0265
2799	0.02875
2800	0.025625
2801	0.025708
2802	0.02725
2803	0.027375
2804	0.027917
2805	0.025709
2806	0.026042
2807	0.027208
2808	0.024333
2809	0.070583
2810	0.045042
2811	0.030875
2812	0.029208
2813	0.027542
2814	0.029791
2815	0.026417
2816	0.026958
2817	0.024791
2818	0.029042
2819	0.028709
2820	0.027542
2821	0.029166
2822	0.025708
2823	0.027458
2824	0.027375
2825	0.024083
2826	0.025958
2827	0.025167
2828	0.028542
2829	0.037833
2830	0.02575
2831	0.026333
2832	0.028291
2833	0.0275
2834	0.026625
2835	0.026708
2836	0.026625
2837	0.027375
2838	0.026375
2839	0.033583
2840	0.026083
2841	0.027917
2842	0.03125
2843	0.027417
2844	0.026834
2845	0.0245
2846	0.025833
2847	0.026125
2848	0.028541
2849	0.027875
2850	0.02725
2851	0.027
2852	0.024584
2853	0.027584
2854	0.025792
2855	0.029084
2856	0.026416
2857	0.025375
2858	0.026625
2859	0.02275
2860	0.026583
2861	0.028583
2862	0.02575
2863	0.025625
2864	0.026458
2865	0.028542
2866	0.029125
2867	0.025042
2868	0.027708
2869	0.029125
2870	0.033666
2871	0.027125
2872	0.025084
2873	0.027334
2874	0.027375
2875	0.02475
2876	0.024583
2877	0.024792
2878	0.024167
2879	0.028666
2880	5.388959
2881	0.269292
2882	0.071708
2883	0.0385
2884	0.049625
2885	0.034833
2886	0.030583
2887	0.035417
2888	0.031917
2889	0.026875
2890	0.02925
2891	0.028209
2892	0.032584
2893	0.0275
2894	0.029708
2895	0.03
2896	0.026125
2897	0.028083
2898	0.029959
2899	0.028917
2900	0.036417
2901	0.027708
2902	0.026625
2903	0.025167
2904	0.0265
2905	0.03025
2906	0.026
2907	0.028083
2908	0.030458
2909	0.026208
2910	0.027834
2911	0.027125
2912	0.027167
2913	0.027125
2914	0.024833
2915	0.029708
2916	0.029625
2917	0.028833
2918	0.031209
2919	0.033125
2920	0.025042
2921	0.027792
2922	0.028125
2923	0.027125
2924	0.026833
2925	0.026709
2926	0.024667
2927	0.02775
2928	0.028541
2929	0.029667
2930	0.028208
2931	0.02975
2932	0.026083
2933	0.027
2934	0.026
2935	0.026416
2936	0.026917
2937	0.023917
2938	0.028458
2939	0.028708
2940	0.027459
2941	0.030667
2942	0.027833
2943	0.02875
2944	0.025708
2945	0.028459
2946	0.11325
2947	0.048459
2948	0.027625
2949	0.049625
2950	0.08425
2951	0.031667
2952	0.026958
2953	0.027708
2954	0.043541
2955	0.074083
2956	0.029458
2957	0.027084
2958	0.029667
2959	0.027
2960	0.030167
2961	0.027667
2962	0.024875
2963	0.025167
2964	0.024708
2965	0.027416
2966	0.027542
2967	0.026583
2968	0.02825
2969	0.02575
2970	0.08575
2971	0.073958
2972	0.03425
2973	0.028583
2974	0.034208
2975	0.03075
2976	0.034792
2977	0.029875
2978	0.037541
2979	0.026583
2980	0.027333
2981	0.026667
2982	0.025042
2983	0.029291
2984	0.026459
2985	0.027
2986	0.03
2987	0.029667
2988	0.026292
2989	0.030917
2990	0.037416
2991	0.0275
2992	0.026584
2993	0.025542
2994	0.029041
2995	0.027458
2996	0.025958
2997	0.029375
2998	0.031
2999	0.026167
3000	0.042834
3001	0.027792
3002	0.026416
3003	0.026333
3004	0.026542
3005	0.028542
3006	0.02875
3007	0.029125
3008	0.0285
3009	0.026125
3010	0.027458
3011	0.02925
3012	0.027042
3013	0.029291
3014	0.024375
3015	0.028
3016	0.025
3017	0.026
3018	0.101834
3019	0.051417
3020	0.028583
3021	0.024208
3022	0.025875
3023	0.024875
3024	0.0255
3025	0.026583
3026	0.025584
3027	0.026625
3028	0.026875
3029	0.025167
3030	0.024417
3031	0.027125
3032	0.026708
3033	0.026084
3034	0.027083
3035	0.026458
3036	0.026958
3037	0.024875
3038	0.023958
3039	0.027333
3040	0.026834
3041	0.024417
3042	0.027709
3043	0.026666
3044	0.026208
3045	0.027208
3046	0.026667
3047	0.027458
3048	0.025458
3049	0.025583
3050	0.026959
3051	0.025833
3052	0.026083
3053	0.026417
3054	0.027125
3055	0.026791
3056	0.027083
3057	0.027459
3058	0.0265
3059	0.024959
3060	0.026375
3061	0.028167
3062	0.022459
3063	0.027917
3064	0.026417
3065	0.027583
3066	0.02625
3067	0.024042
3068	0.02825
3069	0.026416
3070	0.026542
3071	0.0265
3072	0.026917
3073	0.028583
3074	0.02775
3075	0.025042
3076	0.029584
3077	0.026667
3078	0.028375
3079	0.0285
3080	0.025416
3081	0.027584
3082	0.027417
3083	0.027
3084	0.027917
3085	0.024375
3086	0.028208
3087	0.028
3088	0.026583
3089	0.027375
3090	0.025625
3091	0.026792
3092	0.025916
3093	0.026583
3094	0.027125
3095	0.027542
3096	0.027417
3097	0.026958
3098	0.028375
3099	0.027292
3100	0.026084
3101	0.027416
3102	0.024875
3103	0.025375
3104	0.027875
3105	0.02675
3106	0.025375
3107	0.023875
3108	0.02375
3109	0.025583
3110	0.024666
3111	0.026625
3112	0.026667
3113	0.028125
3114	0.027083
3115	0.026084
3116	0.027125
3117	0.025708
3118	0.02775
3119	0.023917
3120	0.024084
3121	0.025167
3122	0.026125
3123	0.025333
3124	0.023916
3125	0.025833
3126	0.025583
3127	0.026458
3128	0.024709
3129	0.026958
3130	0.026791
3131	0.026667
3132	0.0265
3133	0.027542
3134	0.026334
3135	0.027667
3136	0.025542
3137	0.024625
3138	0.02675
3139	0.027375
3140	0.024375
3141	0.025625
3142	0.0255
3143	0.024917
3144	0.02675
3145	0.026208
3146	0.026625
3147	0.026833
3148	0.025792
3149	0.02775
3150	0.025959
3151	0.026292
3152	0.027333
3153	0.02425
3154	0.025083
3155	0.026459
3156	0.026208
3157	0.0275
3158	0.025958
3159	0.026625
3160	0.027542
3161	0.025959
3162	0.027917
3163	0.025125
3164	0.025375
3165	0.02725
3166	0.024792
3167	0.027708
3168	0.026542
3169	0.027416
3170	0.024667
3171	0.027167
3172	0.024667
3173	0.027916
3174	0.029708
3175	0.027917
3176	0.024125
3177	0.024416
3178	0.023833
3179	0.026
3180	0.027334
3181	0.025541
3182	0.026459
3183	0.024708
3184	0.026292
3185	0.025459
3186	0.026292
3187	0.027
3188	0.048125
3189	0.036042
3190	0.023792
3191	0.026833
3192	0.026333
3193	0.0285
3194	0.025458
3195	0.025
3196	0.025541
3197	0.028584
3198	0.02675
3199	0.023875
3200	0.025667
3201	0.026333
3202	0.028458
3203	0.025417
3204	0.026084
3205	0.025791
3206	0.025542
3207	0.025792
3208	0.025042
3209	0.027166
3210	0.023375
3211	0.024625
3212	0.025292
3213	0.02575
3214	0.025709
3215	0.056083
3216	0.092709
3217	0.063041
3218	0.056958
3219	0.057334
3220	0.055875
3221	0.053417
3222	0.053125
3223	0.057083
3224	0.053458
3225	0.053167
3226	0.063542
3227	0.04225
3228	0.027833
3229	0.025125
3230	0.029958
3231	0.025083
3232	0.027542
3233	0.030208
3234	0.026958
3235	0.028667
3236	0.026625
3237	0.026542
3238	0.026083
3239	0.028125
3240	0.028333
3241	0.02825
3242	0.024667
3243	0.024625
3244	0.0235
3245	0.024375
3246	0.028958
3247	0.042042
3248	0.0255
3249	0.028542
3250	0.028416
3251	0.026083
3252	0.027667
3253	0.025833
3254	0.033584
3255	0.0265
3256	0.026292
3257	0.025958
3258	0.036583
3259	0.031458
3260	0.02775
3261	0.027958
3262	0.0245
3263	0.039708
3264	0.024542
3265	0.026208
3266	0.025791
3267	0.025834
3268	0.028291
3269	0.026375
3270	0.033667
3271	0.026166
3272	0.032042
3273	0.025334
3274	0.025667
3275	0.026208
3276	0.026875
3277	0.026083
3278	0.027084
3279	0.024166
3280	0.026792
3281	0.026291
3282	0.031709
3283	0.025334
3284	0.031208
3285	0.027792
3286	0.031333
3287	0.025708
3288	0.027208
3289	0.02625
3290	0.02575
3291	0.027
3292	0.024625
3293	0.024208
3294	0.026917
3295	0.02775
3296	0.027916
3297	0.023834
3298	0.024541
3299	0.025875
3300	0.023625
3301	0.026791
3302	0.024125
3303	0.024708
3304	0.026917
3305	0.027125
3306	0.026958
3307	0.027708
3308	0.0255
3309	0.026125
3310	0.0265
3311	0.028708
3312	0.027292
3313	0.026166
3314	0.023292
3315	0.027
3316	0.02675
3317	0.026375
3318	0.039583
3319	0.034292
3320	0.028125
3321	0.027583
3322	0.025583
3323	0.026708
3324	0.028292
3325	0.025042
3326	0.02675
3327	0.026709
3328	0.026416
3329	0.026
3330	0.028625
3331	0.024917
3332	0.027666
3333	0.027625
3334	0.024917
3335	0.025709
3336	0.024834
3337	0.026625
3338	0.027542
3339	0.025417
3340	0.042459
3341	0.027125
3342	0.0365
3343	0.028042
3344	0.028667
3345	0.026833
3346	0.0285
3347	0.039875
3348	0.030042
3349	0.026625
3350	0.02725
3351	0.028
3352	0.025458
3353	0.026125
3354	0.025625
3355	0.024667
3356	0.024334
3357	0.024958
3358	0.026333
3359	0.026209
3360	0.026583
3361	0.02625
3362	0.024458
3363	0.025625
3364	0.026291
3365	0.0265
3366	0.025458
3367	0.022917
3368	0.02675
3369	0.028125
3370	0.026208
3371	0.024
3372	0.025125
3373	0.025708
3374	0.023291
3375	0.023458
3376	0.026167
3377	0.027375
3378	0.02625
3379	0.024667
3380	0.02425
3381	0.02675
3382	0.0245
3383	0.026334
3384	0.033
3385	0.024625
3386	0.026125
3387	0.023542
3388	0.025875
3389	0.026125
3390	0.02625
3391	0.026416
3392	0.02525
3393	0.023625
3394	0.02375
3395	0.025042
3396	0.025708
3397	0.026041
3398	0.024459
3399	0.025875
3400	0.024625
3401	0.026667
3402	0.02575
3403	0.026959
3404	0.024416
3405	0.023917
3406	0.027875
3407	0.027417
3408	0.026791
3409	0.028958
3410	0.0265
3411	0.039167
3412	0.026167
3413	0.025792
3414	0.027958
3415	0.022667
3416	0.027041
3417	0.025458
3418	0.025417
3419	0.025291
3420	0.027167
3421	0.02725
3422	0.02625
3423	0.026583
3424	0.025375
3425	0.027958
3426	0.026333
3427	0.029041
3428	0.02925
3429	0.030458
3430	0.028792
3431	0.026959
3432	0.02375
3433	0.02475
3434	0.02475
3435	0.032042
3436	0.023708
3437	0.025042
3438	0.027291
3439	0.028208
3440	0.024875
3441	0.028209
3442	0.025334
3443	0.026541
3444	0.02775
3445	0.0275
3446	0.025708
3447	0.024583
3448	0.025583
3449	0.027667
3450	0.024916
3451	0.025333
3452	0.023625
3453	0.028084
3454	0.02375
3455	0.024042
3456	0.028375
3457	0.030083
3458	0.026375
3459	0.025667
3460	0.025875
3461	0.026625
3462	0.027
3463	0.024708
3464	0.024542
3465	0.022625
3466	0.026208
3467	0.026667
3468	0.103917
3469	0.10375
3470	0.031375
3471	0.026209
3472	0.026
3473	0.024167
3474	0.024166
3475	0.024
3476	0.024542
3477	0.025334
3478	0.024042
3479	0.02525
3480	0.024917
3481	0.023
3482	0.0245
3483	0.025709
3484	0.026875
3485	0.026334
3486	0.025667
3487	0.024833
3488	0.024375
3489	0.027542
3490	0.026167
3491	0.024125
3492	0.026417
3493	0.023208
3494	0.02575
3495	0.025334
3496	0.0235
3497	0.02575
3498	0.023375
3499	0.024667
3500	0.025333
3501	0.025417
3502	0.026041
3503	0.024542
3504	0.025958
3505	0.026625
3506	0.02525
3507	0.023709
3508	0.027
3509	0.026625
3510	0.026459
3511	0.02475
3512	0.024542
3513	0.026875
3514	0.026458
3515	0.024292
3516	0.026375
3517	0.022917
3518	0.023041
3519	0.02525
3520	0.026792
3521	0.026083
3522	0.026041
3523	0.060917
3524	0.028
3525	0.028584
3526	0.028125
3527	0.026625
3528	0.021709
3529	0.027417
3530	0.025333
3531	0.02625
3532	0.026583
3533	0.025167
3534	0.026208
3535	0.024292
3536	0.025416
3537	0.025542
3538	0.0235
3539	0.02825
3540	0.025791
3541	0.027458
3542	0.02525
3543	0.024083
3544	0.024125
3545	0.027959
3546	0.03675
3547	0.02825
3548	0.026042
3549	0.026084
3550	0.02575
3551	0.023708
3552	0.027917
3553	0.022708
3554	0.022458
3555	0.026042
3556	0.027542
3557	0.0235
3558	0.025542
3559	0.033
3560	0.025083
3561	0.027125
3562	0.025667
3563	0.025917
3564	0.0245
3565	0.025333
3566	0.026
3567	0.025125
3568	0.027041
3569	0.026208
3570	0.025375
3571	0.023
3572	0.0245
3573	0.031875
3574	0.030792
3575	0.025167
3576	0.026833
3577	0.024167
3578	0.02275
3579	0.025542
3580	0.026167
3581	0.024125
3582	0.031041
3583	0.028542
3584	0.024125
3585	0.026458
3586	0.026625
3587	0.024208
3588	0.0285
3589	0.027166
3590	0.026
3591	0.036625
3592	0.041583
3593	0.028625
3594	0.026708
3595	0.0265
3596	0.029375
3597	0.0435
3598	0.034709
3599	0.030666
3600	0.029375
3601	0.107916
3602	0.038208
3603	0.02875
3604	0.028166
3605	0.027167
3606	0.027167
3607	0.025958
3608	0.027333
3609	0.026666
3610	0.024333
3611	0.028
3612	0.026
3613	0.024917
3614	0.023375
3615	0.024791
3616	0.025917
3617	0.025583
3618	0.025209
3619	0.024834
3620	0.025416
3621	0.02375
3622	0.025834
3623	0.027417
3624	0.025583
3625	0.024458
3626	0.026
3627	0.021709
3628	0.02675
3629	0.025541
3630	0.028167
3631	0.025542
3632	0.024916
3633	0.026458
3634	0.02675
3635	0.024541
3636	0.02775
3637	0.024666
3638	0.026125
3639	0.024584
3640	0.023791
3641	0.024959
3642	0.023791
3643	0.027041
3644	0.024208
3645	0.026917
3646	0.025833
3647	0.027333
3648	0.025667
3649	0.026167
3650	0.0275
3651	0.024167
3652	0.027042
3653	0.029584
3654	0.027
3655	0.027041
3656	0.025625
3657	0.026667
3658	0.023292
3659	0.024791
3660	0.02575
3661	0.024958
3662	0.024792
3663	0.024333
3664	0.023625
3665	0.025958
3666	0.027125
3667	0.025791
3668	0.02825
3669	0.0245
3670	0.024625
3671	0.027416
3672	0.027792
3673	0.029542
3674	0.026083
3675	0.027542
3676	0.026375
3677	0.025
3678	0.028125
3679	0.024416
3680	0.026625
3681	0.026792
3682	0.02625
3683	0.026
3684	0.026541
3685	0.026459
3686	0.0365
3687	0.02475
3688	0.025417
3689	0.027625
3690	0.02425
3691	0.025625
3692	0.029125
3693	0.026458
3694	0.026959
3695	0.025166
3696	0.026417
3697	0.0245
3698	0.023042
3699	0.028291
3700	0.021375
3701	0.024542
3702	0.026958
3703	0.024208
3704	0.025208
3705	0.027667
3706	0.025625
3707	0.026417
3708	0.025
3709	0.026542
3710	0.028875
3711	0.026333
3712	0.028625
3713	0.023792
3714	0.025458
3715	0.028292
3716	0.023125
3717	0.025
3718	0.022708
3719	0.026417
3720	0.024083
3721	0.026917
3722	0.0255
3723	0.024666
3724	0.024417
3725	0.027459
3726	0.02525
3727	0.025292
3728	0.026125
3729	0.024833
3730	0.028083
3731	0.02375
3732	0.024042
3733	0.027667
3734	0.026375
3735	0.027333
3736	0.025042
3737	0.023083
3738	0.026083
3739	0.024083
3740	0.027417
3741	0.02625
3742	0.023
3743	0.025083
3744	0.024625
3745	0.025834
3746	0.027542
3747	0.027042
3748	0.024292
3749	0.026833
3750	0.02425
3751	0.028
3752	0.022708
3753	0.022917
3754	0.025292
3755	0.026292
3756	0.0245
3757	0.025666
3758	0.025334
3759	0.02625
3760	0.024292
3761	0.02575
3762	0.025709
3763	0.024083
3764	0.025292
3765	0.027375
3766	0.024792
3767	0.02325
3768	0.024333
3769	0.024666
3770	0.022459
3771	0.023791
3772	0.026792
3773	0.024875
3774	0.023583
3775	0.025458
3776	0.02475
3777	0.025792
3778	0.025166
3779	0.026417
3780	0.028041
3781	0.024834
3782	0.115333
3783	0.1035
3784	0.070959
3785	0.062667
3786	0.063417
3787	0.05925
3788	0.055666
3789	0.054958
3790	0.057875
3791	0.072625
3792	0.054667
3793	0.053459
3794	0.055209
3795	0.054542
3796	0.05225
3797	0.057916
3798	0.051958
3799	0.05525
3800	0.05975
3801	0.053875
3802	0.054292
3803	0.05425
3804	0.107917
3805	0.140667
3806	0.074084
3807	0.063916
3808	0.056584
3809	0.05475
3810	0.057959
3811	0.057209
3812	0.094208
3813	0.054666
3814	0.05575
3815	0.054709
3816	0.053042
3817	0.054167
3818	0.054042
3819	0.054375
3820	0.058417
3821	0.053375
3822	0.054084
3823	0.070042
3824	0.043625
3825	0.047167
3826	0.027041
3827	0.029542
3828	0.027833
3829	0.029125
3830	0.027291
3831	0.026542
3832	0.027709
3833	0.027666
3834	0.02525
3835	0.027
3836	0.024417
3837	0.027542
3838	0.026875
3839	0.027458
3840	0.025417
3841	0.051417
3842	0.039667
3843	0.052625
3844	0.025084
3845	0.029583
3846	0.026125
3847	0.025292
3848	0.024209
3849	0.028333
3850	0.024208
3851	0.025625
3852	0.023792
3853	0.02275
3854	0.026417
3855	0.023542
3856	0.025834
3857	0.025458
3858	0.025708
3859	0.027959
3860	0.023375
3861	0.025208
3862	0.027417
3863	0.02325
3864	0.026292
3865	0.024875
3866	0.023958
3867	0.024917
3868	0.025208
3869	0.025917
3870	0.026
3871	0.026125
3872	0.02775
3873	0.027291
3874	0.025
3875	0.024917
3876	0.024042
3877	0.024917
3878	0.025708
3879	0.025292
3880	0.02575
3881	0.029125
3882	0.027916
3883	0.024625
3884	0.025125
3885	0.024125
3886	0.102584
3887	0.03
3888	0.026542
3889	0.024333
3890	0.0255
3891	0.10575
3892	0.0715
3893	0.061375
3894	0.0605
3895	0.064166
3896	0.02875
3897	0.02425
3898	0.026458
3899	0.025833
3900	0.026625
3901	0.024375
3902	0.024583
3903	0.027625
3904	0.025
3905	0.024958
3906	0.024167
3907	0.024166
3908	0.024959
3909	0.02525
3910	0.025417
3911	0.028208
3912	0.068792
3913	0.03275
3914	0.026
3915	0.026208
3916	0.024542
3917	0.027125
3918	0.025583
3919	0.02325
3920	0.024
3921	0.025917
3922	0.024959
3923	0.025166
3924	0.025917
3925	0.024917
3926	0.024708
3927	0.023875
3928	0.024542
3929	0.026625
3930	0.025542
3931	0.02525
3932	0.025417
3933	0.023625
3934	0.025333
3935	0.024458
3936	0.02625
3937	0.026
3938	0.027083
3939	0.023791
3940	0.024042
3941	0.02275
3942	0.025834
3943	0.0255
3944	0.023167
3945	0.025042
3946	0.024041
3947	0.022667
3948	0.024875
3949	0.02525
3950	0.02475
3951	0.023833
3952	0.034083
3953	0.029708
3954	0.022125
3955	0.025833
3956	0.024459
3957	0.026459
3958	0.024667
3959	0.024625
3960	0.025834
3961	0.022291
3962	0.025583
3963	0.024959
3964	0.022916
3965	0.023708
3966	0.027542
3967	0.025875
3968	0.062625
3969	0.108792
3970	0.060542
3971	0.058416
3972	0.05925
3973	0.043917
3974	0.023625
3975	0.0255
3976	0.025125
3977	0.025041
3978	0.025708
3979	0.026209
3980	0.025667
3981	0.023875
3982	0.025
3983	0.026209
3984	0.024042
3985	0.02575
3986	0.030958
3987	0.02525
3988	0.026667
3989	0.024333
3990	0.026042
3991	0.022583
3992	0.111208
3993	0.032709
3994	0.025708
3995	0.027625
3996	0.03
3997	0.029458
3998	0.041083
3999	0.024833
4000	0.0255
4001	0.026041
4002	0.035625
4003	0.026
4004	0.026834
4005	0.029458
4006	0.028375
4007	0.027458
4008	0.029375
4009	0.026917
4010	0.02825
4011	0.02725
4012	0.027625
4013	0.026708
4014	0.029625
4015	0.028583
4016	0.026292
4017	0.025375
4018	0.026958
4019	0.024417
4020	0.026375
4021	0.027792
4022	0.037875
4023	0.024625
4024	0.026167
4025	0.02575
4026	0.022625
4027	0.025084
4028	0.024625
4029	0.026542
4030	0.022791
4031	0.024417
4032	0.025
4033	0.0245
4034	0.025334
4035	0.026
4036	0.023916
4037	0.023917
4038	0.027041
4039	0.022333
4040	0.025
4041	0.027291
4042	0.02525
4043	0.089709
4044	0.083708
4045	0.046459
4046	0.024125
4047	0.026292
4048	0.025625
4049	0.025083
4050	0.023833
4051	0.024834
4052	0.020875
4053	0.02475
4054	0.025
4055	0.022375
4056	0.040875
4057	0.0225
4058	0.023583
4059	0.026042
4060	0.024041
4061	0.025125
4062	0.026334
4063	0.024
4064	0.023958
4065	0.025958
4066	0.024667
4067	0.025292
4068	0.028375
4069	0.024083
4070	0.026875
4071	0.02575
4072	0.025417
4073	0.023375
4074	0.027042
4075	0.021417
4076	0.024708
4077	0.025959
4078	0.03125
4079	0.026625
4080	0.024
4081	0.020709
4082	0.025708
4083	0.023541
4084	0.024334
4085	0.022084
4086	0.025333
4087	0.024166
4088	0.0235
4089	0.022042
4090	0.024375
4091	0.027083
4092	0.026667
4093	0.026042
4094	0.022
4095	0.022375
4096	0.025
4097	0.023625
4098	0.023917
4099	0.023667
4100	0.024708
4101	0.03225
4102	0.0305
4103	0.024167
4104	0.03025
4105	0.030542
4106	0.02575
4107	0.021583
4108	0.023125
4109	0.025666
4110	0.023291
4111	0.02475
4112	0.024583
4113	0.023709
4114	0.024791
4115	0.024292
4116	0.024292
4117	0.021833
4118	0.025125
4119	0.024375
4120	0.024125
4121	0.025875
4122	0.022958
4123	0.02575
4124	0.022875
4125	0.022416
4126	0.02325
4127	0.020875
4128	0.024167
4129	0.025125
4130	0.024208
4131	0.023625
4132	0.0265
4133	0.023791
4134	0.022459
4135	0.027041
4136	0.020916
4137	0.022375
4138	0.025833
4139	0.024084
4140	0.0215
4141	0.023375
4142	0.023791
4143	0.023959
4144	0.023875
4145	0.023
4146	0.024333
4147	0.021417
4148	0.021
4149	0.023625
4150	0.025083
4151	0.021042
4152	0.022292
4153	0.023959
4154	0.023291
4155	0.021084
4156	0.021833
4157	0.023167
4158	0.025292
4159	0.02475
4160	0.023708
4161	0.019417
4162	0.022791
4163	0.023875
4164	0.025917
4165	0.023334
4166	0.024791
4167	0.02475
4168	0.023375
4169	0.026917
4170	0.02275
4171	0.020416
4172	0.023416
4173	0.024125
4174	0.0235
4175	0.022917
4176	0.02325
4177	0.023291
4178	0.023125
4179	0.022958
4180	0.021709
4181	0.021041
4182	0.023958
4183	0.022709
4184	0.022792
4185	0.026916
4186	0.021875
4187	0.047125
4188	0.021958
4189	0.021833
4190	0.024833
4191	0.0225
4192	0.023083
4193	0.025791
4194	0.0245
4195	0.022708
4196	0.022958
4197	0.02425
4198	0.022375
4199	0.020209
4200	0.025042
4201	0.024708
4202	0.023791
4203	0.02475
4204	0.020375
4205	0.02125
4206	0.018208
4207	0.020917
4208	0.025708
4209	0.025417
4210	0.024375
4211	0.029125
4212	0.028708
4213	0.022334
4214	0.022542
4215	0.023
4216	0.062667
4217	0.044542
4218	0.02775
4219	0.0265
4220	0.022667
4221	0.022416
4222	0.022833
4223	0.02325
4224	0.024166
4225	0.023916
4226	0.023042
4227	0.022
4228	0.02
4229	0.022042
4230	0.024916
4231	0.020917
4232	0.025959
4233	0.025209
4234	0.024
4235	0.02325
4236	0.022208
4237	0.022125
4238	0.021
4239	0.02125
4240	0.021625
4241	0.024208
4242	0.030333
4243	0.023
4244	0.023208
4245	0.021875
4246	0.024458
4247	0.021625
4248	0.023125
4249	0.023833
4250	0.027416
4251	0.026292
4252	0.024667
4253	0.023291
4254	0.023209
4255	0.022834
4256	0.021458
4257	0.033041
4258	0.023833
4259	0.023459
4260	0.022875
4261	0.02025
4262	0.023917
4263	0.021416
4264	0.024417
4265	0.021
4266	0.021083
4267	0.023917
4268	0.020542
4269	0.023125
4270	0.024458
4271	0.025708
4272	0.024333
4273	0.02425
4274	0.020208
4275	0.024375
4276	0.023959
4277	0.023958
4278	0.024167
4279	0.024125
4280	0.021875
4281	0.021792
4282	0.026417
4283	0.022875
4284	0.024542
4285	0.022083
4286	0.023084
4287	0.025167
4288	0.023083
4289	0.020833
4290	0.020917
4291	0.0215
4292	0.022458
4293	0.024959
4294	0.023084
4295	0.023666
4296	0.024792
4297	0.02175
4298	0.020833
4299	0.024916
4300	0.023292
4301	0.022292
4302	0.023291
4303	0.023
4304	0.020792
4305	0.02375
4306	0.022083
4307	0.023209
4308	0.022833
4309	0.022792
4310	0.022875
4311	0.022791
4312	0.022042
4313	0.024625
4314	0.0225
4315	0.021167
4316	0.024625
4317	0.023583
4318	0.023375
4319	0.02575
4320	0.023667
4321	0.019375
4322	0.021833
4323	0.025375
4324	0.023667
4325	0.020917
4326	0.022791
4327	0.022458
4328	0.022792
4329	0.022167
4330	0.022166
4331	0.024542
4332	0.023292
4333	0.026833
4334	0.05325
4335	0.026042
4336	0.021208
4337	0.025875
4338	0.026542
4339	0.029916
4340	0.025291
4341	0.024375
4342	0.0235
4343	0.022708
4344	0.023417
4345	0.02225
4346	0.022167
4347	0.024084
4348	0.023334
4349	0.022
4350	0.023291
4351	0.023417
4352	0.024792
4353	0.023167
4354	0.024125
4355	0.022084
4356	0.019667
4357	0.023041
4358	0.023959
4359	0.022083
4360	0.02375
4361	0.025959
4362	0.024958
4363	0.021875
4364	0.023958
4365	0.024042
4366	0.021917
4367	0.020125
4368	0.0235
4369	0.025167
4370	0.019666
4371	0.023542
4372	0.0205
4373	0.02275
4374	0.024542
4375	0.023291
4376	0.020667
4377	0.02275
4378	0.022542
4379	0.022042
4380	0.021417
4381	0.021
4382	0.022083
4383	0.023292
4384	0.021834
4385	0.0225
4386	0.020916
4387	0.022
4388	0.023333
4389	0.023
4390	0.025125
4391	0.02225
4392	0.024375
4393	0.022917
4394	0.024958
4395	0.021916
4396	0.02025
4397	0.023334
4398	0.022209
4399	0.023083
4400	0.02425
4401	0.024333
4402	0.020583
4403	0.021625
4404	0.019291
4405	0.021709
4406	0.024416
4407	0.023417
4408	0.020167
4409	0.024041
4410	0.022167
4411	0.025083
4412	0.022083
4413	0.02125
4414	0.022291
4415	0.023584
4416	0.019
4417	0.021958
4418	0.019792
4419	0.024333
4420	0.023167
4421	0.022125
4422	0.025083
4423	0.020459
4424	0.024583
4425	0.023459
4426	0.023084
4427	0.02125
4428	0.02175
4429	0.022541
4430	0.023833
4431	0.023625
4432	0.020916
4433	0.024458
4434	0.022875
4435	0.023125
4436	0.021083
4437	0.022333
4438	0.022
4439	0.02425
4440	0.022875
4441	0.02025
4442	0.022042
4443	0.022958
4444	0.021583
4445	0.022458
4446	0.024
4447	0.024416
4448	0.023875
4449	0.021417
4450	0.022208
4451	0.062083
4452	0.023416
4453	0.023417
4454	0.022
4455	0.02225
4456	0.020958
4457	0.022458
4458	0.022625
4459	0.021333
4460	0.054375
4461	0.023167
4462	0.022834
4463	0.022042
4464	0.02425
4465	0.022
4466	0.021584
4467	0.021917
4468	0.02525
4469	0.027
4470	0.021792
4471	0.022625
4472	0.024375
4473	0.023
4474	0.0255
4475	0.023
4476	0.099875
4477	0.023167
4478	0.022583
4479	0.024375
4480	0.023667
4481	0.022208
4482	0.022208
4483	0.022333
4484	0.022
4485	0.022708
4486	0.022667
4487	0.02325
4488	0.019042
4489	0.022792
4490	0.024125
4491	0.023167
4492	0.022458
4493	0.021708
4494	0.023917
4495	0.021208
4496	0.024334
4497	0.022417
4498	0.024375
4499	0.022375
4500	0.021875
4501	0.021833
4502	0.0235
4503	0.021417
4504	0.021583
4505	0.021083
4506	0.023792
4507	0.020375
4508	0.023208
4509	0.026167
4510	0.023666
4511	0.024625
4512	0.0205
4513	0.023291
4514	0.021875
4515	0.020042
4516	0.021708
4517	0.021875
4518	0.0195
4519	0.023625
4520	0.022542
4521	0.022333
4522	0.02325
4523	0.024667
4524	0.021208
4525	0.023208
4526	0.023833
4527	0.02775
4528	0.023417
4529	0.025792
4530	0.04125
4531	0.030709
4532	0.023125
4533	0.023667
4534	0.022375
4535	0.023875
4536	0.025375
4537	0.023042
4538	0.023875
4539	0.022958
4540	0.02175
4541	0.022917
4542	0.021291
4543	0.024917
4544	0.026833
4545	0.022417
4546	0.022542
4547	0.024458
4548	0.023333
4549	0.025083
4550	0.022375
4551	0.024167
4552	0.024792
4553	0.021041
4554	0.022792
4555	0.02075
4556	0.018458
4557	0.023125
4558	0.023917
4559	0.023
4560	0.023583
4561	0.023416
4562	0.022625
4563	0.02175
4564	0.022333
4565	0.023084
4566	0.021791
4567	0.020458
4568	0.023167
4569	0.022625
4570	0.021917
4571	0.02175
4572	0.019875
4573	0.021125
4574	0.019625
4575	0.022042
4576	0.022916
4577	0.021667
4578	0.022542
4579	0.022625
4580	0.02225
4581	0.020542
4582	0.021833
4583	0.022625
4584	0.02275
4585	0.022833
4586	0.02325
4587	0.022917
4588	0.022625
4589	0.022875
4590	0.022084
4591	0.024708
4592	0.023375
4593	0.022875
4594	0.022375
4595	0.02325
4596	0.022084
4597	0.02275
4598	0.023292
4599	0.023584
4600	0.021333
4601	0.020041
4602	0.022917
4603	0.021208
4604	0.021125
4605	0.021583
4606	0.024
4607	0.022125
4608	0.021542
4609	0.023375
4610	0.024291
4611	0.022584
4612	0.025541
4613	0.023917
4614	0.02225
4615	0.021916
4616	0.023583
4617	0.027542
4618	0.023125
4619	0.020875
4620	0.02475
4621	0.024375
4622	0.021125
4623	0.023375
4624	0.02225
4625	0.023625
4626	0.023625
4627	0.023959
4628	0.022625
4629	0.024125
4630	0.02125
4631	0.019292
4632	0.023208
4633	0.024208
4634	0.023584
4635	0.023708
4636	0.021375
4637	0.021916
4638	0.021375
4639	0.022959
4640	0.023958
4641	0.021792
4642	0.0215
4643	0.023208
4644	0.022417
4645	0.0225
4646	0.023083
4647	0.02425
4648	0.0235
4649	0.020833
4650	0.022958
4651	0.023792
4652	0.023541
4653	0.021792
4654	0.020625
4655	0.020875
4656	0.024084
4657	0.024208
4658	0.023792
4659	0.024541
4660	0.023125
4661	0.02325
4662	0.022
4663	0.022791
4664	0.021083
4665	0.024459
4666	0.022167
4667	0.024208
4668	0.019167
4669	0.022292
4670	0.020375
4671	0.022167
4672	0.020708
4673	0.022208
4674	0.023042
4675	0.024
4676	0.022542
4677	0.024083
4678	0.025291
4679	0.024667
4680	0.056542
4681	0.022125
4682	0.022292
4683	0.021958
4684	0.024583
4685	0.022584
4686	0.023625
4687	0.025334
4688	0.023791
4689	0.0235
4690	0.020792
4691	0.020833
4692	0.020209
4693	0.023583
4694	0.023917
4695	0.022708
4696	0.024166
4697	0.02175
4698	0.0205
4699	0.024792
4700	0.033833
4701	0.029958
4702	0.02475
4703	0.02475
4704	0.021125
4705	0.019625
4706	0.02275
4707	0.024458
4708	0.024083
4709	0.023833
4710	0.024541
4711	0.022417
4712	0.09425
4713	0.027042
4714	0.020667
4715	0.022041
4716	0.025167
4717	0.025125
4718	0.02025
4719	0.023458
4720	0.023625
4721	0.02625
4722	0.022167
4723	0.02275
4724	0.021334
4725	0.020959
4726	0.026083
4727	0.023083
4728	0.041041
4729	0.022542
4730	0.027333
4731	0.02425
4732	0.022583
4733	0.068542
4734	0.02075
4735	0.021875
4736	0.021292
4737	0.024709
4738	0.021792
4739	0.023708
4740	0.049792
4741	0.038625
4742	0.024917
4743	0.024334
4744	0.023917
4745	0.02325
4746	0.02225
4747	0.023167
4748	0.022375
4749	0.021291
4750	0.022834
4751	0.023083
4752	0.021292
4753	0.026666
4754	0.023375
4755	0.021792
4756	0.0225
4757	0.02375
4758	0.022042
4759	0.025708
4760	0.024
4761	0.022
4762	0.026334
4763	0.020458
4764	0.023375
4765	0.022291
4766	0.021625
4767	0.023334
4768	0.02225
4769	0.025042
4770	0.030125
4771	0.01875
4772	0.084166
4773	0.093416
4774	0.059791
4775	0.097875
4776	0.05775
4777	0.050875
4778	0.049208
4779	0.048375
4780	0.047
4781	0.048333
4782	0.047791
4783	0.045667
4784	0.048542
4785	0.048917
4786	0.053834
4787	0.049291
4788	0.047708
4789	0.050375
4790	0.067375
4791	0.026958
4792	0.024166
4793	0.022542
4794	0.021958
4795	0.023584
4796	0.022667
4797	0.022959
4798	0.048
4799	0.024084
4800	0.021041
4801	0.019166
4802	0.023083
4803	0.018625
4804	0.022542
4805	0.023291
4806	0.023334
4807	0.020417
4808	0.022625
4809	0.023334
4810	0.021083
4811	0.021584
4812	0.020541
4813	0.020459
4814	0.020708
4815	0.021792
4816	0.021167
4817	0.022833
4818	0.019459
4819	0.02175
4820	0.022625
4821	0.041917
4822	0.027625
4823	0.022792
4824	0.057
4825	0.023583
4826	0.023542
4827	0.022584
4828	0.019625
4829	0.019666
4830	0.019
4831	0.021709
4832	0.021625
4833	0.021916
4834	0.021209
4835	0.04275
4836	0.022875
4837	0.01875
4838	0.021334
4839	0.021625
4840	0.022875
4841	0.022791
4842	0.022167
4843	0.023208
4844	0.020834
4845	0.0205
4846	0.020833
4847	0.018708
4848	0.020083
4849	0.02225
4850	0.021292
4851	0.022041
4852	0.020416
4853	0.021833
4854	0.023375
4855	0.021
4856	0.02275
4857	0.022584
4858	0.022208
4859	0.020292
4860	0.027541
4861	0.021125
4862	0.019958
4863	0.021333
4864	0.021
4865	0.021208
4866	0.020583
4867	0.021708
4868	0.022875
4869	0.021875
4870	0.021459
4871	0.022417
4872	0.021
4873	0.027208
4874	0.019833
4875	0.022166
4876	0.022459
4877	0.018875
4878	0.021833
4879	0.018792
4880	0.020542
4881	0.022042
4882	0.023417
4883	0.022
4884	0.023417
4885	0.022833
4886	0.022209
4887	0.021458
4888	0.02175
4889	0.021208
4890	0.020667
4891	0.023583
4892	0.019959
4893	0.021291
4894	0.021709
4895	0.019416
4896	0.022334
4897	0.019583
4898	0.022417
4899	0.019958
4900	0.021292
4901	0.019333
4902	0.022792
4903	0.026
4904	0.021
4905	0.021916
4906	0.030958
4907	0.022667
4908	0.020833
4909	0.023542
4910	0.02075
4911	0.021666
4912	0.021709
4913	0.018791
4914	0.021459
4915	0.021209
4916	0.021625
4917	0.018208
4918	0.022458
4919	0.021167
4920	0.022958
4921	0.020292
4922	0.020833
4923	0.022625
4924	0.019791
4925	0.020917
4926	0.022583
4927	0.021125
4928	0.023042
4929	0.020917
4930	0.021667
4931	0.022208
4932	0.022458
4933	0.020084
4934	0.0215
4935	0.022958
4936	0.021333
4937	0.021459
4938	0.022792
4939	0.019458
4940	0.022042
4941	0.018833
4942	0.019042
4943	0.022625
4944	0.022625
4945	0.021541
4946	0.021333
4947	0.022417
4948	0.02025
4949	0.02
4950	0.022625
4951	0.026875
4952	0.021
4953	0.023042
4954	0.021209
4955	0.021666
4956	0.020042
4957	0.019
4958	0.021209
4959	0.023166
4960	0.022959
4961	0.020167
4962	0.022792
4963	0.028208
4964	0.022416
4965	0.02275
4966	0.02
4967	0.0215
4968	0.01925
4969	0.022125
4970	0.018084
4971	0.021625
4972	0.019208
4973	0.020542
4974	0.02175
4975	0.018583
4976	0.019459
4977	0.02175
4978	0.023166
4979	0.023
4980	0.023042
4981	0.02175
4982	0.021458
4983	0.02025
4984	0.021917
4985	0.021125
4986	0.020625
4987	0.0225
4988	0.019708
4989	0.021959
4990	0.022416
4991	0.01775
4992	0.019417
4993	0.020875
4994	0.017
4995	0.021875
4996	0.021416
4997	0.022667
4998	0.021542
4999	0.017125
5000	1.532667
5001	0.136209
5002	0.143042
5003	0.202667
5004	0.1445
5005	0.1
5006	0.102
5007	0.090208
5008	0.137333
5009	0.094667
5010	0.095292
5011	0.081416
5012	0.09125
5013	0.086208
5014	0.081
5015	0.079667
5016	0.080125
5017	0.078959
5018	0.108333
5019	0.106291
5020	0.131416
5021	0.074916
5022	0.073
5023	0.082375
5024	0.073875
5025	0.169834
5026	0.104416
5027	0.086209
5028	0.078084
5029	0.074375
5030	0.073125
5031	0.079416
5032	0.075583
5033	0.076583
5034	0.076542
5035	0.113334
5036	0.127542
5037	0.0775
5038	0.077125
5039	0.077417
5040	0.086
5041	0.074583
5042	0.077208
5043	0.075
5044	0.080292
5045	0.076917
5046	0.104042
5047	0.080291
5048	0.073833
5049	0.075667
5050	0.088
5051	0.081667
5052	0.075583
5053	0.106792
5054	0.101583
5055	0.052292
5056	0.035959
5057	0.03825
5058	0.03325
5059	0.030334
5060	0.029583
5061	0.026917
5062	0.029375
5063	0.033292
5064	0.028917
5065	0.02725
5066	0.028125
5067	0.026792
5068	0.02625
5069	0.027917
5070	0.028125
5071	0.03075
5072	0.0305
5073	0.030292
5074	0.02825
5075	0.030333
5076	0.02725
5077	0.027416
5078	0.027792
5079	0.030375
5080	0.028958
5081	0.027334
5082	0.0265
5083	0.0295
5084	0.027291
5085	0.027042
5086	0.0285
5087	0.028125
5088	0.026875
5089	0.029542
5090	0.031834
5091	0.031708
5092	0.030833
5093	0.027958
5094	0.039208
5095	0.032917
5096	0.028
5097	0.029
5098	0.031834
5099	0.028958
5100	0.027125
5101	0.028583
5102	0.028
5103	0.029125
5104	0.027625
5105	0.028208
5106	0.02675
5107	0.0275
5108	0.026625
5109	0.028834
5110	0.027959
5111	0.027625
5112	0.027667
5113	0.026458
5114	0.027
5115	0.052959
5116	0.028458
5117	0.027541
5118	0.031625
5119	0.0295
5120	0.026375
5121	0.026583
5122	0.026458
5123	0.029041
5124	0.028417
5125	0.028208
5126	0.027666
5127	0.074416
5128	0.1355
5129	0.133792
5130	0.046416
5131	0.032584
5132	0.03525
5133	0.027792
5134	0.0285
5135	0.027625
5136	0.029292
5137	0.026333
5138	0.027125
5139	0.030625
5140	0.031792
5141	0.027125
5142	0.026916
5143	0.027167
5144	0.028209
5145	0.02925
5146	0.027375
5147	0.0265
5148	0.026625
5149	0.028083
5150	0.02575
5151	0.025375
5152	0.026959
5153	0.122834
5154	0.048125
5155	0.0275
5156	0.027959
5157	0.026917
5158	0.026916
5159	0.026625
5160	0.026542
5161	0.026458
5162	0.028125
5163	0.026583
5164	0.025791
5165	0.027
5166	0.024667
5167	0.02575
5168	0.026416
5169	0.025791
5170	0.0315
5171	0.026167
5172	0.026125
5173	0.027875
5174	0.026792
5175	0.027417
5176	0.026458
5177	0.026625
5178	0.027833
5179	0.0255
5180	0.027334
5181	0.02675
5182	0.036166
5183	0.027833
5184	0.027166
5185	0.027084
5186	0.027292
5187	0.035334
5188	0.037625
5189	0.023625
5190	0.02475
5191	0.024958
5192	0.024875
5193	0.023166
5194	0.023917
5195	0.024583
5196	0.024625
5197	0.024
5198	0.025
5199	0.028375
5200	0.031
5201	0.024666
5202	0.0235
5203	0.023792
5204	0.023583
5205	0.024375
5206	0.023916
5207	0.031167
5208	0.024083
5209	0.077041
5210	0.031417
5211	0.029375
5212	0.03225
5213	0.025
5214	0.031917
5215	0.025791
5216	0.023208
5217	0.026458
5218	0.024542
5219	0.024875
5220	0.025959
5221	0.026083
5222	0.025041
5223	0.064
5224	0.029208
5225	0.025208
5226	0.025208
5227	0.026625
5228	0.091042
5229	0.025333
5230	0.0245
5231	0.023833
5232	0.024959
5233	0.024083
5234	0.025167
5235	0.025
5236	0.029958
5237	0.026416
5238	0.024625
5239	0.025833
5240	0.025916
5241	0.024125
5242	0.023584
5243	0.028542
5244	0.038042
5245	0.02575
5246	0.025125
5247	0.026917
5248	0.054958
5249	0.024875
5250	0.025459
5251	0.025125
5252	0.02325
5253	0.032791
5254	0.026166
5255	0.030083
5256	0.024167
5257	0.024667
5258	0.025917
5259	0.024542
5260	0.027125
5261	0.024167
5262	0.02525
5263	0.023291
5264	0.028
5265	0.023709
5266	0.0245
5267	0.024084
5268	0.024584
5269	0.026667
5270	0.02425
5271	0.024459
5272	0.024
5273	0.024833
5274	0.024417
5275	0.02475
5276	0.022833
5277	0.023208
5278	0.022959
5279	0.022125
5280	0.024291
5281	0.024042
5282	0.022375
5283	0.021458
5284	0.023625
5285	0.026791
5286	0.028209
5287	0.025875
5288	0.022166
5289	0.02125
5290	0.0225
5291	0.022834
5292	0.1765
5293	0.047875
5294	0.03025
5295	0.025708
5296	0.024875
5297	0.021667
5298	0.024542
5299	0.023292
5300	0.02375
5301	0.024417
5302	0.022959
5303	0.0235
5304	0.020958
5305	0.022417
5306	0.023334
5307	0.023833
5308	0.022916
5309	0.022375
5310	0.023667
5311	0.023709
5312	0.023416
5313	0.024208
5314	0.023958
5315	0.023083
5316	0.024458
5317	0.023667
5318	0.023167
5319	0.023334
5320	0.02475
5321	0.023291
5322	0.021875
5323	0.028709
5324	0.023792
5325	0.023
5326	0.021417
5327	0.023
5328	0.022417
5329	0.028042
5330	0.023
5331	0.023292
5332	0.022542
5333	0.02225
5334	0.022334
5335	0.023
5336	0.023125
5337	0.023625
5338	0.021292
5339	0.023125
5340	0.02275
5341	0.020917
5342	0.021958
5343	0.022583
5344	0.021875
5345	0.023291
5346	0.032792
5347	0.02575
5348	0.023333
5349	0.022791
5350	0.024125
5351	0.023916
5352	0.024458
5353	0.024166
5354	0.023542
5355	0.023875
5356	0.023458
5357	0.023083
5358	0.022625
5359	0.022708
5360	0.022292
5361	0.022
5362	0.022791
5363	0.023042
5364	0.022541
5365	0.02125
5366	0.023333
5367	0.021875
5368	0.022417
5369	0.023083
5370	0.020375
5371	0.022291
5372	0.022958
5373	0.022417
5374	0.023042
5375	0.024416
5376	0.028792
5377	0.024209
5378	0.023834
5379	0.02175
5380	0.032083
5381	0.024625
5382	0.023875
5383	0.034709
5384	0.024
5385	0.022167
5386	0.022333
5387	0.024125
5388	0.024875
5389	0.021542
5390	0.029166
5391	0.0235
5392	0.022375
5393	0.022917
5394	0.023084
5395	0.023583
5396	0.021833
5397	0.023375
5398	0.022375
5399	0.022917
5400	0.022875
5401	0.023833
5402	0.022042
5403	0.08125
5404	0.0925
5405	0.072208
5406	0.082917
5407	0.031584
5408	0.024583
5409	0.023583
5410	0.024333
5411	0.020875
5412	0.023834
5413	0.023458
5414	0.024042
5415	0.021875
5416	0.023042
5417	0.024167
5418	0.0235
5419	0.024291
5420	0.022
5421	0.024083
5422	0.022917
5423	0.024208
5424	0.023958
5425	0.02375
5426	0.022042
5427	0.024333
5428	0.02225
5429	0.0235
5430	0.023958
5431	0.024083
5432	0.022792
5433	0.024667
5434	0.025417
5435	0.025625
5436	0.024958
5437	0.026334
5438	0.024417
5439	0.023333
5440	0.024375
5441	0.024667
5442	0.024959
5443	0.022541
5444	0.022125
5445	0.022334
5446	0.023083
5447	0.023333
5448	0.029917
5449	0.044125
5450	0.037375
5451	0.022583
5452	0.024291
5453	0.023292
5454	0.024083
5455	0.023333
5456	0.025833
5457	0.021375
5458	0.022625
5459	0.021792
5460	0.023792
5461	0.023708
5462	0.024333
5463	0.024667
5464	0.024917
5465	0.024416
5466	0.023125
5467	0.022417
5468	0.021791
5469	0.025625
5470	0.023459
5471	0.025042
5472	0.02475
5473	0.024375
5474	0.023917
5475	0.023666
5476	0.02525
5477	0.022625
5478	0.025042
5479	0.023416
5480	0.023292
5481	0.023875
5482	0.024042
5483	0.023292
5484	0.023875
5485	0.022958
5486	0.02475
5487	0.024416
5488	0.022042
5489	0.02225
5490	0.024667
5491	0.024208
5492	0.022417
5493	0.022083
5494	0.023375
5495	0.025292
5496	0.02625
5497	0.022458
5498	0.022666
5499	0.022917
5500	0.023292
5501	0.022333
5502	0.025291
5503	0.02325
5504	0.024125
5505	0.023
5506	0.023417
5507	0.024292
5508	0.026208
5509	0.025458
5510	0.282875
5511	0.052916
5512	0.024833
5513	0.024125
5514	0.0375
5515	0.02775
5516	0.023583
5517	0.020666
5518	0.022666
5519	0.022458
5520	0.02275
5521	0.021666
5522	0.070166
5523	0.021666
5524	0.021375
5525	0.022292
5526	0.022042
5527	0.023292
5528	0.0245
5529	0.023667
5530	0.030166
5531	0.022666
5532	0.021625
5533	0.0205
5534	0.022166
5535	0.020792
5536	0.021834
5537	0.029375
5538	0.022917
5539	0.022042
5540	0.028167
5541	0.021958
5542	0.021875
5543	0.021875
5544	0.02175
5545	0.022125
5546	0.021542
5547	0.021917
5548	0.021875
5549	0.01925
5550	0.020958
5551	0.020334
5552	0.020875
5553	0.024042
5554	0.032625
5555	0.043708
5556	0.026041
5557	0.021292
5558	0.021833
5559	0.020209
5560	0.022542
5561	0.02225
5562	0.022792
5563	0.021541
5564	0.020833
5565	0.084083
5566	0.035209
5567	0.026334
5568	0.024459
5569	0.024458
5570	0.021667
5571	0.021792
5572	0.0225
5573	0.02125
5574	0.021458
5575	0.021166
5576	0.021417
5577	0.021292
5578	0.020667
5579	0.019666
5580	0.022708
5581	0.021041
5582	0.021083
5583	0.022208
5584	0.02475
5585	0.022042
5586	0.020667
5587	0.023834
5588	0.0465
5589	0.0455
5590	0.0245
5591	0.022125
5592	0.022375
5593	0.024667
5594	0.024708
5595	0.025209
5596	0.029625
5597	0.02275
5598	0.022
5599	0.0275
5600	0.022292
5601	0.028541
5602	0.020958
5603	0.024667
5604	0.02025
5605	0.019625
5606	0.020833
5607	0.020208
5608	0.021
5609	0.020958
5610	0.022917
5611	0.020958
5612	0.022833
5613	0.021291
5614	0.021417
5615	0.0205
5616	0.02325
5617	0.021791
5618	0.022708
5619	0.021375
5620	0.020375
5621	0.022416
5622	0.020833
5623	0.0195
5624	0.021916
5625	0.021208
5626	0.019791
5627	0.021375
5628	0.020459
5629	0.020792
5630	0.02225
5631	0.020375
5632	0.019917
5633	0.022125
5634	0.021458
5635	0.020708
5636	0.019833
5637	0.0205
5638	0.021125
5639	0.026666
5640	0.022875
5641	0.021834
5642	0.019917
5643	0.0195
5644	0.02075
5645	0.02175
5646	0.022083
5647	0.0195
5648	0.020709
5649	0.020042
5650	0.019333
5651	0.018583
5652	0.019875
5653	0.019
5654	0.020958
5655	0.020583
5656	0.019833
5657	0.020333
5658	0.02125
5659	0.02125
5660	0.020334
5661	0.020417
5662	0.021166
5663	0.034833
5664	0.02275
5665	0.023
5666	0.022666
5667	0.020708
5668	0.02975
5669	0.020167
5670	0.018959
5671	0.018208
5672	0.019834
5673	0.020333
5674	0.018959
5675	0.019542
5676	0.018958
5677	0.021333
5678	0.020167
5679	0.020417
5680	0.019166
5681	0.021333
5682	0.020083
5683	0.020083
5684	0.026916
5685	0.032042
5686	0.021542
5687	0.019875
5688	0.022208
5689	0.025542
5690	0.022375
5691	0.025584
5692	0.024375
5693	0.020958
5694	0.019916
5695	0.020125
5696	0.021167
5697	0.020167
5698	0.021708
5699	0.021666
5700	0.019458
5701	0.018666
5702	0.020625
5703	0.019875
5704	0.021333
5705	0.019083
5706	0.020417
5707	0.019625
5708	0.02425
5709	0.020791
5710	0.0205
5711	0.021667
5712	0.020416
5713	0.020709
5714	0.019542
5715	0.025041
5716	0.023208
5717	0.021584
5718	0.022042
5719	0.0205
5720	0.022334
5721	0.021208
5722	0.021
5723	0.021709
5724	0.021
5725	0.01925
5726	0.021
5727	0.020375
5728	0.0195
5729	0.01875
5730	0.020208
5731	0.020459
5732	0.020917
5733	0.068833
5734	0.021708
5735	0.020833
5736	0.020334
5737	0.020458
5738	0.022
5739	0.021375
5740	0.020792
5741	0.0205
5742	0.019709
5743	0.025625
5744	0.019333
5745	0.019208
5746	0.020833
5747	0.020041
5748	0.020833
5749	0.020333
5750	0.020917
5751	0.020875
5752	0.019125
5753	0.021209
5754	0.018625
5755	0.020208
5756	0.018166
5757	0.019375
5758	0.020292
5759	0.020834
5760	0.019042
5761	0.019292
5762	0.019875
5763	0.020083
5764	0.019084
5765	0.018584
5766	0.018417
5767	0.019667
5768	0.01825
5769	0.024833
5770	0.021417
5771	0.019458
5772	0.019875
5773	0.019667
5774	0.018667
5775	0.020834
5776	0.019083
5777	0.019375
5778	0.020166
5779	0.020583
5780	0.020584
5781	0.020417
5782	0.020333
5783	0.019875
5784	0.019959
5785	0.021
5786	0.020042
5787	0.018709
5788	0.020292
5789	0.020458
5790	0.021209
5791	0.019833
5792	0.019625
5793	0.019541
5794	0.020541
5795	0.019166
5796	0.0205
5797	0.019667
5798	0.019334
5799	0.020083
5800	0.02025
5801	0.019833
5802	0.020083
5803	0.020542
5804	0.020459
5805	0.019125
5806	0.019916
5807	0.191
5808	0.053834
5809	0.029291
5810	0.023875
5811	0.0205
5812	0.022083
5813	0.020417
5814	0.021
5815	0.020958
5816	0.022292
5817	0.020958
5818	0.020875
5819	0.018417
5820	0.021292
5821	0.019375
5822	0.020416
5823	0.0195
5824	0.040958
5825	0.023875
5826	0.022042
5827	0.020792
5828	0.021834
5829	0.021834
5830	0.018791
5831	0.025208
5832	0.020125
5833	0.026208
5834	0.023709
5835	0.021375
5836	0.018834
5837	0.021042
5838	0.022333
5839	0.0195
5840	0.020459
5841	0.0195
5842	0.022792
5843	0.020334
5844	0.018625
5845	0.01975
5846	0.019625
5847	0.018042
5848	0.045958
5849	0.027625
5850	0.024042
5851	0.022667
5852	0.027125
5853	0.02075
5854	0.026
5855	0.024584
5856	0.019875
5857	0.020708
5858	0.021333
5859	0.020833
5860	0.018958
5861	0.019042
5862	0.020041
5863	0.020916
5864	0.02175
5865	0.020417
5866	0.025417
5867	0.020583
5868	0.020917
5869	0.020042
5870	0.020292
5871	0.020917
5872	0.020833
5873	0.020833
5874	0.020833
5875	0.019125
5876	0.021083
5877	0.017958
5878	0.018916
5879	0.022666
5880	0.020583
5881	0.024583
5882	0.020166
5883	0.019375
5884	0.019458
5885	0.018916
5886	0.017375
5887	0.018959
5888	0.020042
5889	0.01975
5890	0.020542
5891	0.02825
5892	0.023709
5893	0.021
5894	0.022708
5895	0.034208
5896	0.023458
5897	0.0235
5898	0.033458
5899	0.068125
5900	0.022542
5901	0.02175
5902	0.019875
5903	0.020542
5904	0.019417
5905	0.02
5906	0.020209
5907	0.020334
5908	0.020708
5909	0.019625
5910	0.0205
5911	0.020583
5912	0.020334
5913	0.02075
5914	0.021667
5915	0.019958
5916	0.020584
5917	0.057542
5918	0.027416
5919	0.021375
5920	0.022291
5921	0.019166
5922	0.018708
5923	0.018541
5924	0.020458
5925	0.01925
5926	0.01875
5927	0.019667
5928	0.020167
5929	0.019834
5930	0.018375
5931	0.020041
5932	0.020916
5933	0.01875
5934	0.01875
5935	0.019042
5936	0.0175
5937	0.02
5938	0.020167
5939	0.020042
5940	0.018
5941	0.01875
5942	0.018667
5943	0.019417
5944	0.0185
5945	0.01875
5946	0.021833
5947	0.01925
5948	0.019167
5949	0.02
5950	0.017666
5951	0.019
5952	0.019583
5953	0.020542
5954	0.019584
5955	0.019625
5956	0.019125
5957	0.019041
5958	0.019667
5959	0.026125
5960	0.020416
5961	0.017958
5962	0.019041
5963	0.0185
5964	0.019292
5965	0.018791
5966	0.019875
5967	0.020125
5968	0.02
5969	0.018875
5970	0.019
5971	0.020125
5972	0.019917
5973	0.019958
5974	0.018958
5975	0.018458
5976	0.018625
5977	0.019291
5978	0.018917
5979	0.018542
5980	0.018583
5981	0.020166
5982	0.018083
5983	0.019666
5984	0.020333
5985	0.018583
5986	0.021125
5987	0.0195
5988	0.020625
5989	0.018667
5990	0.020167
5991	0.01875
5992	0.020625
5993	0.020208
5994	0.019042
5995	0.019834
5996	0.019041
5997	0.019667
5998	0.018667
5999	2.875875
6000	0.036208
6001	0.020542
6002	0.022708
6003	0.019834
6004	0.019083
6005	0.0205
6006	0.018875
6007	0.021833
6008	0.018125
6009	0.019791
6010	0.019333
6011	0.02075
6012	0.020084
6013	0.018
6014	0.021417
6015	0.020667
6016	0.020333
6017	0.021209
6018	0.021583
6019	0.037709
6020	0.024625
6021	0.022667
6022	0.019125
6023	0.022125
6024	0.019584
6025	0.021292
6026	0.019458
6027	0.018709
6028	0.019709
6029	0.018875
6030	0.01875
6031	0.01975
6032	0.019875
6033	0.021041
6034	0.020458
6035	0.018333
6036	0.021041
6037	0.01675
6038	0.02175
6039	0.018125
6040	0.0195
6041	0.019959
6042	0.017542
6043	0.02
6044	0.019958
6045	0.019625
6046	0.019541
6047	0.018666
6048	0.019666
6049	0.019875
6050	0.019458
6051	0.02025
6052	0.020459
6053	0.018875
6054	0.018417
6055	0.019708
6056	0.018709
6057	0.019917
6058	0.019792
6059	0.018709
6060	0.016917
6061	0.018667
6062	0.020375
6063	0.019458
6064	0.019166
6065	0.019458
6066	0.020041
6067	0.018916
6068	0.01975
6069	0.019375
6070	0.020042
6071	0.018917
6072	0.020375
6073	0.018583
6074	0.019667
6075	0.019542
6076	0.019583
6077	0.019584
6078	0.018417
6079	0.020167
6080	0.017333
6081	0.020833
6082	0.0185
6083	0.02
6084	0.018625
6085	0.026291
6086	0.022292
6087	0.019625
6088	0.022
6089	0.018917
6090	0.02025
6091	0.018666
6092	0.017083
6093	0.017416
6094	0.018917
6095	0.020167
6096	0.019
6097	0.020542
6098	0.017959
6099	0.019709
6100	0.019458
6101	0.019542
6102	0.019625
6103	0.020583
6104	0.021042
6105	0.019459
6106	0.01825
6107	0.020125
6108	0.020917
6109	0.020417
6110	0.019
6111	0.020209
6112	0.020333
6113	0.018584
6114	0.02
6115	0.018417
6116	0.020667
6117	0.019666
6118	0.019959
6119	0.019875
6120	0.018042
6121	0.019625
6122	0.019208
6123	0.017875
6124	0.019709
6125	0.018459
6126	0.018375
6127	0.018333
6128	0.0175
6129	0.020167
6130	0.021333
6131	0.020083
6132	0.019125
6133	0.018375
6134	0.022875
6135	0.020125
6136	0.019917
6137	0.018875
6138	0.019958
6139	0.01925
6140	0.017375
6141	0.02
6142	0.019375
6143	0.020583
6144	0.020042
6145	0.020292
6146	0.019209
6147	0.018167
6148	0.019125
6149	0.018333
6150	0.020166
6151	0.01925
6152	0.019917
6153	0.020666
6154	0.019583
6155	0.020166
6156	0.021833
6157	0.019667
6158	0.019458
6159	0.020042
6160	0.020625
6161	0.019542
6162	0.019334
6163	0.02
6164	0.020833
6165	0.019417
6166	0.021125
6167	0.018333
6168	0.019625
6169	0.019666
6170	0.022542
6171	0.0205
6172	0.020416
6173	0.01875
6174	0.019125
6175	0.017916
6176	0.02375
6177	0.018875
6178	0.017667
6179	0.018667
6180	0.018625
6181	0.018459
6182	0.018917
6183	0.020042
6184	0.019083
6185	0.0195
6186	0.017417
6187	0.018209
6188	0.01825
6189	0.019583
6190	0.019292
6191	0.018167
6192	0.019459
6193	0.018209
6194	0.018584
6195	0.01925
6196	0.019041
6197	0.019625
6198	0.019375
6199	0.019125
6200	0.018084
6201	0.019709
6202	0.020459
6203	0.018208
6204	0.019166
6205	0.019291
6206	0.020833
6207	0.019166
6208	0.020041
6209	0.018625
6210	0.018125
6211	0.017459
6212	0.018375
6213	0.017791
6214	0.017792
6215	0.016917
6216	0.019292
6217	0.016792
6218	0.019166
6219	0.01625
6220	0.017416
6221	0.020458
6222	0.01925
6223	0.018166
6224	0.018875
6225	0.042958
6226	0.02025
6227	0.020083
6228	0.019666
6229	0.01825
6230	0.018166
6231	0.019166
6232	0.018083
6233	0.018125
6234	0.021542
6235	0.018917
6236	0.020375
6237	0.018834
6238	0.019209
6239	0.02025
6240	0.018417
6241	0.018375
6242	0.019333
6243	0.018333
6244	0.017833
6245	0.018834
6246	0.018917
6247	0.019916
6248	0.020166
6249	0.020958
6250	0.02075
6251	0.018667
6252	0.018625
6253	0.018208
6254	0.019333
6255	0.020083
6256	0.020208
6257	0.019583
6258	0.019917
6259	0.01825
6260	0.020166
6261	0.017667
6262	0.018042
6263	0.019584
6264	0.019917
6265	0.016208
6266	0.019417
6267	0.022166
6268	0.019417
6269	0.019667
6270	0.019917
6271	0.022416
6272	0.018875
6273	0.030459
6274	0.028167
6275	0.043875
6276	0.02025
6277	0.020917
6278	0.0195
6279	0.019541
6280	0.019166
6281	0.020666
6282	0.022666
6283	0.01875
6284	0.020708
6285	0.02125
6286	0.020167
6287	0.019792
6288	0.021875
6289	0.020334
6290	0.020834
6291	0.021375
6292	0.0195
6293	0.018542
6294	0.022042
6295	0.020833
6296	0.020166
6297	0.021333
6298	0.019333
6299	0.020459
6300	0.018708
6301	0.018708
6302	0.018042
6303	0.019417
6304	0.0195
6305	0.02025
6306	0.019833
6307	0.020333
6308	0.020125
6309	0.017709
6310	0.018792
6311	0.019375
6312	0.019875
6313	0.021375
6314	0.01975
6315	0.020042
6316	0.01675
6317	0.017417
6318	0.026333
6319	0.019625
6320	0.097625
6321	0.022209
6322	0.020958
6323	0.019125
6324	0.018542
6325	0.020958
6326	0.019708
6327	0.01925
6328	0.018333
6329	0.0185
6330	0.021666
6331	0.016958
6332	0.019959
6333	0.0205
6334	0.018208
6335	0.0285
6336	0.022541
6337	0.019083
6338	0.019833
6339	0.020583
6340	0.019334
6341	0.019291
6342	0.02375
6343	0.018834
6344	0.020875
6345	0.018208
6346	0.019792
6347	0.019084
6348	0.018292
6349	0.019834
6350	0.020208
6351	0.019083
6352	0.019125
6353	0.018
6354	0.01775
6355	0.018666
6356	0.020083
6357	0.019875
6358	0.020542
6359	0.019875
6360	0.019208
6361	0.018791
6362	0.018458
6363	0.018083
6364	0.018042
6365	0.019334
6366	0.019041
6367	0.017708
6368	0.018291
6369	0.018709
6370	0.016875
6371	0.024791
6372	0.022
6373	0.020042
6374	0.019792
6375	0.021709
6376	0.01975
6377	0.019583
6378	0.019875
6379	0.020167
6380	0.01925
6381	0.018791
6382	0.018125
6383	0.021542
6384	0.018417
6385	0.018709
6386	0.019125
6387	0.019042
6388	0.019791
6389	0.018417
6390	0.01925
6391	0.020917
6392	0.020459
6393	0.017125
6394	0.01875
6395	0.017708
6396	0.019083
6397	0.018416
6398	0.019417
6399	0.019917
6400	0.02275
6401	0.019583
6402	0.019041
6403	0.018917
6404	0.017583
6405	0.018792
6406	0.018458
6407	0.020667
6408	0.018625
6409	0.018
6410	0.020125
6411	0.019792
6412	0.018541
6413	0.018541
6414	0.023541
6415	0.020958
6416	0.021209
6417	0.022208
6418	0.018875
6419	0.020166
6420	0.017917
6421	0.021042
6422	0.0185
6423	0.018875
6424	0.01975
6425	0.0195
6426	0.019167
6427	0.020542
6428	0.018625
6429	0.01775
6430	0.019541
6431	0.021792
6432	0.019167
6433	0.019125
6434	0.017875
6435	0.019833
6436	0.021625
6437	0.019958
6438	0.018459
6439	0.018208
6440	0.019208
6441	0.019125
6442	0.020083
6443	0.160167
6444	0.064542
6445	0.019208
6446	0.017833
6447	0.018625
6448	0.019583
6449	0.019042
6450	0.021334
6451	0.022583
6452	0.020333
6453	0.018709
6454	0.019459
6455	0.0205
6456	0.021125
6457	0.023375
6458	0.029458
6459	0.022542
6460	0.018708
6461	0.018791
6462	0.019042
6463	0.019792
6464	0.017625
6465	0.017959
6466	0.017417
6467	0.019375
6468	0.020583
6469	0.017917
6470	0.020584
6471	0.01725
6472	0.019416
6473	0.0175
6474	0.019125
6475	0.020542
6476	0.018709
6477	0.019041
6478	0.018125
6479	0.018709
6480	0.018584
6481	0.019167
6482	0.017125
6483	0.021
6484	0.020292
6485	0.017666
6486	0.019583
6487	0.018916
6488	0.017
6489	0.018042
6490	0.018459
6491	0.094792
6492	0.020209
6493	0.02025
6494	0.025583
6495	0.017958
6496	0.018417
6497	0.01725
6498	0.019208
6499	0.017333
6500	0.022583
6501	0.017917
6502	0.018917
6503	0.018875
6504	0.01775
6505	0.018958
6506	0.018291
6507	0.018667
6508	0.017625
6509	0.023667
6510	0.022416
6511	0.019166
6512	0.01775
6513	0.017834
6514	0.017792
6515	0.017708
6516	0.018708
6517	0.017083
6518	0.017458
6519	0.019292
6520	0.020542
6521	0.017792
6522	0.020375
6523	0.019041
6524	0.020125
6525	0.018166
6526	0.019375
6527	0.018166
6528	0.01925
6529	0.01975
6530	0.01825
6531	0.018083
6532	0.018833
6533	0.017708
6534	0.0195
6535	0.024917
6536	0.019542
6537	0.018417
6538	0.018792
6539	0.01825
6540	0.018625
6541	0.019417
6542	0.019166
6543	0.019291
6544	0.018208
6545	0.019083
6546	0.020917
6547	0.019584
6548	0.019542
6549	0.019167
6550	0.017041
6551	0.020583
6552	0.018417
6553	0.018084
6554	0.017667
6555	0.018917
6556	0.018625
6557	0.019167
6558	0.018459
6559	0.017625
6560	0.020375
6561	0.019875
6562	0.017791
6563	0.017125
6564	0.016542
6565	0.019334
6566	0.019709
6567	0.0195
6568	0.018917
6569	0.017666
6570	0.018583
6571	0.018125
6572	0.016417
6573	0.01825
6574	0.019042
6575	0.017459
6576	0.021209
6577	0.02
6578	0.018917
6579	0.017834
6580	0.018167
6581	0.017792
6582	0.017792
6583	0.0185
6584	0.022667
6585	0.018834
6586	0.076417
6587	0.023
6588	0.016542
6589	0.018083
6590	0.020292
6591	0.018333
6592	0.017333
6593	0.01725
6594	0.019917
6595	0.01825
6596	0.019792
6597	0.017792
6598	0.018792
6599	0.018
6600	0.021
6601	0.019125
6602	0.019417
6603	0.019584
6604	0.018209
6605	0.037375
6606	0.0185
6607	0.017833
6608	0.019584
6609	0.017834
6610	0.018542
6611	0.019
6612	0.017042
6613	0.017917
6614	0.01825
6615	0.019209
6616	0.017875
6617	0.017
6618	0.018584
6619	0.018834
6620	0.016792
6621	0.021208
6622	0.020625
6623	0.018125
6624	0.019334
6625	0.018709
6626	0.015417
6627	0.018667
6628	0.017709
6629	0.016667
6630	0.016125
6631	0.0255
6632	0.019084
6633	0.018667
6634	0.019958
6635	0.016667
6636	0.018792
6637	0.016834
6638	0.018583
6639	0.020459
6640	0.018916
6641	0.072541
6642	0.03
6643	0.022291
6644	0.018958
6645	0.018166
6646	0.018666
6647	0.019875
6648	0.019833
6649	0.01875
6650	0.018041
6651	0.019542
6652	0.018
6653	0.01825
6654	0.024458
6655	0.020125
6656	0.018625
6657	0.016833
6658	0.017792
6659	0.018291
6660	0.018584
6661	0.018875
6662	0.016875
6663	0.017541
6664	0.0165
6665	0.017875
6666	0.017333
6667	0.020042
6668	0.017833
6669	0.017625
6670	0.02
6671	0.020917
6672	0.048042
6673	0.018209
6674	0.02025
6675	0.01725
6676	0.017459
6677	0.019791
6678	0.017375
6679	0.020125
6680	0.018875
6681	0.015917
6682	0.016417
6683	0.018625
6684	0.024833
6685	0.020875
6686	0.01875
6687	0.018583
6688	0.019458
6689	0.020209
6690	0.019375
6691	0.023083
6692	0.017542
6693	0.017583
6694	0.018042
6695	0.017584
6696	0.017667
6697	0.018375
6698	0.016667
6699	0.018583
6700	0.018167
6701	0.021666
6702	0.018292
6703	0.017875
6704	0.018459
6705	0.018834
6706	0.018458
6707	0.017792
6708	0.017583
6709	0.017958
6710	0.017542
6711	0.019666
6712	0.016875
6713	0.017542
6714	0.018792
6715	0.016833
6716	0.017625
6717	0.017542
6718	0.01675
6719	0.018916
6720	0.018666
6721	0.018375
6722	0.015958
6723	0.016208
6724	0.016875
6725	0.016084
6726	0.017417
6727	0.018375
6728	0.017291
6729	0.018
6730	0.018834
6731	0.017458
6732	0.018583
6733	0.018792
6734	0.018834
6735	0.017709
6736	0.018708
6737	0.016625
6738	0.016625
6739	0.018417
6740	0.018875
6741	0.019
6742	0.018792
6743	0.039708
6744	0.018083
6745	0.01875
6746	0.016208
6747	0.018375
6748	0.0195
6749	0.017375
6750	0.017708
6751	0.019917
6752	0.017875
6753	0.017334
6754	0.017959
6755	0.017125
6756	0.016958
6757	0.018833
6758	0.019167
6759	0.018291
6760	0.017208
6761	0.01625
6762	0.019
6763	0.016125
6764	0.017042
6765	0.018667
6766	0.017625
6767	0.019
6768	0.01775
6769	0.016958
6770	0.016291
6771	0.029583
6772	0.018375
6773	0.018125
6774	0.019083
6775	0.017375
6776	0.017875
6777	0.016166
6778	0.018917
6779	0.017958
6780	0.015541
6781	0.017917
6782	0.018125
6783	0.017125
6784	0.018458
6785	0.019042
6786	0.01775
6787	0.017709
6788	0.019708
6789	0.017583
6790	0.017625
6791	0.019125
6792	0.018708
6793	0.018583
6794	0.017625
6795	0.019042
6796	0.017083
6797	0.021084
6798	0.01775
6799	0.018041
6800	0.01875
6801	0.019084
6802	0.019083
6803	0.017125
6804	0.016208
6805	0.018959
6806	0.018542
6807	0.018958
6808	0.017625
6809	0.078667
6810	0.036209
6811	0.022084
6812	0.019167
6813	0.018875
6814	0.019833
6815	0.019458
6816	0.018083
6817	0.018458
6818	0.018458
6819	0.018708
6820	0.018292
6821	0.01875
6822	0.019291
6823	0.019417
6824	0.018958
6825	0.018917
6826	0.019125
6827	0.018959
6828	0.016
6829	0.018083
6830	0.018375
6831	0.019167
6832	0.017208
6833	0.017208
6834	0.016542
6835	0.019875
6836	0.018625
6837	0.018042
6838	0.018417
6839	0.01875
6840	0.01625
6841	0.017625
6842	0.018459
6843	0.018583
6844	0.016167
6845	0.018042
6846	0.020416
6847	0.018292
6848	0.018542
6849	0.019209
6850	0.018791
6851	0.017334
6852	0.019166
6853	0.0175
6854	0.017625
6855	0.019375
6856	0.017166
6857	0.020334
6858	0.018583
6859	0.017833
6860	0.019167
6861	0.019
6862	0.019042
6863	0.018791
6864	0.017208
6865	0.017417
6866	0.018333
6867	0.017208
6868	0.019208
6869	0.019166
6870	0.018291
6871	0.018042
6872	0.015542
6873	0.015667
6874	0.016167
6875	0.0185
6876	0.01825
6877	0.017125
6878	0.017333
6879	0.019
6880	0.01875
6881	0.0195
6882	0.018334
6883	0.01875
6884	0.017459
6885	0.019792
6886	0.018666
6887	0.018
6888	0.019666
6889	0.019041
6890	0.017292
6891	0.017417
6892	0.017417
6893	0.018917
6894	0.019041
6895	0.017041
6896	0.017584
6897	0.019041
6898	0.017541
6899	0.018542
6900	0.018083
6901	0.024709
6902	0.017625
6903	0.019292
6904	0.019
6905	0.019167
6906	0.019083
6907	0.0195
6908	0.017208
6909	0.018625
6910	0.016792
6911	0.017583
6912	0.0165
6913	0.017583
6914	0.0185
6915	0.019
6916	0.01825
6917	0.018792
6918	0.019792
6919	0.019
6920	0.018334
6921	0.017458
6922	0.018
6923	0.018583
6924	0.017459
6925	0.017292
6926	0.018375
6927	0.018958
6928	0.016875
6929	0.017292
6930	0.016791
6931	0.016542
6932	0.017666
6933	0.026709
6934	0.020916
6935	0.016875
6936	0.017917
6937	0.017792
6938	0.019
6939	0.01775
6940	0.019
6941	0.019041
6942	0.019375
6943	0.018584
6944	0.016333
6945	0.017959
6946	0.020291
6947	0.0175
6948	0.018958
6949	0.017709
6950	0.022333
6951	0.018875
6952	0.019834
6953	0.01825
6954	0.018
6955	0.019209
6956	0.01925
6957	0.018166
6958	0.020708
6959	0.020584
6960	0.018417
6961	0.019458
6962	0.017042
6963	0.018542
6964	0.017875
6965	0.018125
6966	0.019
6967	0.019625
6968	0.015666
6969	0.018708
6970	0.019292
6971	0.019167
6972	0.018083
6973	0.017667
6974	0.01675
6975	0.019
6976	0.018
6977	0.018708
6978	0.018375
6979	0.017959
6980	0.019333
6981	0.017375
6982	0.017292
6983	0.018625
6984	0.016792
6985	0.017792
6986	0.018625
6987	0.018125
6988	0.017625
6989	0.01675
6990	0.01775
6991	0.018958
6992	0.019
6993	0.019584
6994	0.019
6995	0.018041
6996	0.017959
6997	0.01925
6998	0.018666
6999	0.016666
7000	0.018
7001	0.016958
7002	0.018
7003	0.017584
7004	0.019417
7005	0.018791
7006	0.0175
7007	0.02025
7008	0.017834
7009	0.019208
7010	0.018
7011	0.016875
7012	0.019791
7013	0.019834
7014	0.018875
7015	0.019667
7016	0.018791
7017	0.018083
7018	0.017334
7019	0.01925
7020	0.045167
7021	0.029625
7022	0.022084
7023	0.020125
7024	0.018292
7025	0.019458
7026	0.019833
7027	0.018542
7028	0.017958
7029	0.019
7030	0.016667
7031	0.01925
7032	0.018791
7033	0.018417
7034	0.018292
7035	0.018625
7036	0.016542
7037	0.017208
7038	0.017791
7039	0.017708
7040	0.017708
7041	0.018167
7042	0.018625
7043	0.015917
7044	0.019291
7045	0.018917
7046	0.017375
7047	0.021334
7048	0.017292
7049	0.017209
7050	0.018041
7051	0.01725
7052	0.022708
7053	0.018833
7054	0.038666
7055	0.022167
7056	0.019917
7057	0.0175
7058	0.021417
7059	0.018667
7060	0.018708
7061	0.019792
7062	0.027417
7063	0.017792
7064	0.018
7065	0.018958
7066	0.0205
7067	0.020416
7068	0.020375
7069	0.018125
7070	0.018416
7071	0.020958
7072	0.018167
7073	0.018458
7074	0.017167
7075	0.018166
7076	0.015875
7077	0.017625
7078	0.016625
7079	0.017541
7080	0.01675
7081	0.019208
7082	0.019167
7083	0.018666
7084	0.017291
7085	0.018666
7086	0.018833
7087	0.015875
7088	0.018
7089	0.019542
7090	0.020125
7091	0.019125
7092	0.021417
7093	0.017083
7094	0.019125
7095	0.017916
7096	0.018375
7097	0.0205
7098	0.019167
7099	0.01725
7100	0.017666
7101	0.018875
7102	0.017625
7103	0.017375
7104	0.018625
7105	0.016458
7106	0.018
7107	0.018208
7108	0.017125
7109	0.018959
7110	0.016583
7111	0.018958
7112	0.019083
7113	0.0185
7114	0.01725
7115	0.018416
7116	0.019916
7117	0.018375
7118	0.0175
7119	0.018875
7120	0.018833
7121	0.017917
7122	0.018833
7123	0.019625
7124	0.020541
7125	0.017791
7126	0.019542
7127	0.017458
7128	0.019333
7129	0.017959
7130	0.017792
7131	0.019083
7132	0.018375
7133	0.018208
7134	0.019375
7135	0.01675
7136	0.019292
7137	0.018875
7138	0.017875
7139	0.017625
7140	0.018708
7141	0.019
7142	0.019708
7143	0.015209
7144	0.0205
7145	0.018958
7146	0.021375
7147	0.022334
7148	0.02025
7149	0.018667
7150	0.018625
7151	0.019708
7152	0.019458
7153	0.017583
7154	0.0165
7155	0.017
7156	0.017917
7157	0.018417
7158	0.018167
7159	0.017333
7160	0.018208
7161	0.018625
7162	0.018917
7163	0.016
7164	0.018584
7165	0.018792
7166	0.017291
7167	0.02
7168	0.019292
7169	0.019875
7170	0.018708
7171	0.019166
7172	0.018667
7173	0.021125
7174	0.019084
7175	0.021583
7176	0.025917
7177	0.021958
7178	0.020375
7179	0.015583
7180	0.017083
7181	0.018833
7182	0.017125
7183	0.016541
7184	0.019791
7185	0.018166
7186	0.017375
7187	0.017875
7188	0.020083
7189	0.018042
7190	0.017542
7191	0.017375
7192	0.017292
7193	0.019042
7194	0.019541
7195	0.016708
7196	0.018917
7197	0.018333
7198	0.01675
7199	0.018125
7200	0.019166
7201	0.018542
7202	0.020833
7203	0.019667
7204	0.018792
7205	0.018709
7206	0.017167
7207	0.01975
7208	0.018791
7209	0.017709
7210	0.017875
7211	0.01925
7212	0.018625
7213	0.019042
7214	0.020125
7215	0.019458
7216	0.016666
7217	0.016958
7218	0.019208
7219	0.020333
7220	0.016917
7221	0.018125
7222	0.018625
7223	0.018042
7224	0.017167
7225	0.018459
7226	0.016458
7227	0.016917
7228	0.019375
7229	0.018583
7230	0.018291
7231	0.01925
7232	0.04475
7233	0.01725
7234	0.019292
7235	0.018625
7236	0.018584
7237	0.019166
7238	0.018459
7239	0.01975
7240	0.015917
7241	0.01875
7242	0.01825
7243	0.017583
7244	0.017084
7245	0.017875
7246	0.019208
7247	0.018625
7248	0.017458
7249	0.01775
7250	0.018542
7251	0.0185
7252	0.018833
7253	0.018166
7254	0.020417
7255	0.017292
7256	0.018917
7257	0.019333
7258	0.019041
7259	0.020167
7260	0.01775
7261	0.018375
7262	0.018041
7263	0.018542
7264	0.018167
7265	0.017459
7266	0.0195
7267	0.017791
7268	0.017834
7269	0.017583
7270	0.018334
7271	0.018792
7272	0.018625
7273	0.019375
7274	0.018792
7275	0.019208
7276	0.018917
7277	0.016708
7278	0.016041
7279	0.016583
7280	0.017625
7281	0.018917
7282	0.017792
7283	0.016667
7284	0.016958
7285	0.01775
7286	0.016875
7287	0.016125
7288	0.018666
7289	0.018416
7290	0.017125
7291	0.018
7292	0.016917
7293	0.01825
7294	0.016875
7295	0.019083
7296	0.018334
7297	0.018834
7298	0.017
7299	0.018333
7300	0.018209
7301	0.019125
7302	0.025583
7303	0.025333
7304	0.020416
7305	0.01875
7306	0.018792
7307	0.017541
7308	0.019375
7309	0.02
7310	0.017167
7311	0.0165
7312	0.017875
7313	0.019458
7314	0.017958
7315	0.0175
7316	0.018041
7317	0.015542
7318	0.019875
7319	0.020166
7320	0.01775
7321	0.016709
7322	0.018667
7323	0.018666
7324	0.016792
7325	0.017958
7326	0.017542
7327	0.016792
7328	0.019875
7329	0.095667
7330	0.096
7331	0.023333
7332	0.018084
7333	0.017625
7334	0.017125
7335	0.024834
7336	0.017166
7337	0.019792
7338	0.017875
7339	0.044583
7340	0.01875
7341	0.019125
7342	0.018209
7343	0.016958
7344	0.017084
7345	0.0185
7346	0.02
7347	0.019417
7348	0.017125
7349	0.018625
7350	0.018208
7351	0.017791
7352	0.019333
7353	0.018958
7354	0.017667
7355	0.020833
7356	0.0205
7357	0.02
7358	0.017
7359	0.021459
7360	0.091166
7361	0.019417
7362	0.01975
7363	0.018084
7364	0.017084
7365	0.017333
7366	0.016708
7367	0.018917
7368	0.01875
7369	0.019292
7370	0.020584
7371	0.019583
7372	0.018
7373	0.021333
7374	0.017875
7375	0.01775
7376	0.017375
7377	0.020667
7378	0.016542
7379	0.018917
7380	0.019125
7381	0.017625
7382	0.01725
7383	0.01825
7384	0.018583
7385	0.019166
7386	0.018041
7387	0.016625
7388	0.017875
7389	0.015625
7390	0.017042
7391	0.018208
7392	0.018291
7393	0.017791
7394	0.01775
7395	0.019084
7396	0.0195
7397	0.018292
7398	0.018416
7399	0.020209
7400	0.020833
7401	0.017084
7402	0.019958
7403	0.017
7404	0.017792
7405	0.017041
7406	0.020334
7407	0.018958
7408	0.01975
7409	0.019417
7410	0.019333
7411	0.022416
7412	0.019792
7413	0.019833
7414	0.018042
7415	0.103125
7416	0.082417
7417	0.027
7418	0.020166
7419	0.017959
7420	0.066042
7421	0.054166
7422	0.018708
7423	0.029291
7424	0.018167
7425	0.0235
7426	0.018458
7427	0.018833
7428	0.017167
7429	0.017875
7430	0.018583
7431	0.019792
7432	0.019
7433	0.018709
7434	0.019208
7435	0.018917
7436	0.01775
7437	0.018291
7438	0.019667
7439	0.018666
7440	0.017334
7441	0.018959
7442	0.0175
7443	0.016292
7444	0.017458
7445	0.016667
7446	0.017959
7447	0.018125
7448	0.017292
7449	0.017458
7450	0.01825
7451	0.022417
7452	0.017167
7453	0.01675
7454	0.017541
7455	0.017125
7456	0.015041
7457	0.015833
7458	0.018125
7459	0.01775
7460	0.018083
7461	0.017875
7462	0.017792
7463	0.017208
7464	0.017375
7465	0.019083
7466	0.018
7467	0.015959
7468	0.016958
7469	0.017834
7470	0.01675
7471	0.01675
7472	0.015875
7473	0.016125
7474	0.017667
7475	0.016542
7476	0.016333
7477	0.017083
7478	0.016667
7479	0.017708
7480	0.019084
7481	0.018416
7482	0.015542
7483	0.018542
7484	0.015333
7485	0.017083
7486	0.016916
7487	0.018042
7488	0.017417
7489	0.017292
7490	0.019292
7491	0.018125
7492	0.018208
7493	0.017708
7494	0.016334
7495	0.016417
7496	0.018
7497	0.017875
7498	0.01575
7499	0.017709
7500	0.017333
7501	0.017125
7502	0.017542
7503	0.017625
7504	0.015292
7505	0.017125
7506	0.017792
7507	0.016125
7508	0.017917
7509	0.018333
7510	0.019041
7511	0.016834
7512	0.018291
7513	0.017666
7514	0.017834
7515	0.017708
7516	0.018833
7517	0.015792
7518	0.0175
7519	0.017375
7520	0.018959
7521	0.017
7522	0.018333
7523	0.016209
7524	0.018208
7525	0.017
7526	0.01725
7527	0.017916
7528	0.017375
7529	0.018625
7530	0.017792
7531	0.037917
7532	0.018
7533	0.017542
7534	0.0175
7535	0.018542
7536	0.016792
7537	0.018083
7538	0.016541
7539	0.018125
7540	0.01725
7541	0.01675
7542	0.016458
7543	0.019208
7544	0.017917
7545	0.015667
7546	0.018083
7547	0.016667
7548	0.015917
7549	0.018875
7550	0.016584
7551	0.018
7552	0.015875
7553	0.01725
7554	0.017625
7555	0.017333
7556	0.018708
7557	0.0175
7558	0.016916
7559	0.021333
7560	0.017917
7561	0.018375
7562	0.017958
7563	0.017917
7564	0.015916
7565	0.014875
7566	0.017667
7567	0.017958
7568	0.017792
7569	0.017375
7570	0.017875
7571	0.0175
7572	0.017917
7573	0.016917
7574	0.017583
7575	0.017959
7576	0.017833
7577	0.017292
7578	0.017458
7579	0.017958
7580	0.017667
7581	0.016417
7582	0.017917
7583	0.017083
7584	0.017417
7585	0.015416
7586	0.017292
7587	0.014834
7588	0.017333
7589	0.017792
7590	0.016959
7591	0.016875
7592	0.018708
7593	0.01725
7594	0.016875
7595	0.018416
7596	0.018167
7597	0.017917
7598	0.017375
7599	0.017708
7600	0.015334
7601	0.017416
7602	0.017459
7603	0.018083
7604	0.017375
7605	0.018375
7606	0.018834
7607	0.017541
7608	0.016834
7609	0.016708
7610	0.018125
7611	0.016292
7612	0.017792
7613	0.017458
7614	0.017292
7615	0.017917
7616	0.017792
7617	0.016208
7618	0.018417
7619	0.016875
7620	0.018625
7621	0.019042
7622	0.018292
7623	0.016583
7624	0.018375
7625	0.018667
7626	0.017875
7627	0.01775
7628	0.018416
7629	0.017625
7630	0.016375
7631	0.015792
7632	0.01625
7633	0.01625
7634	0.016417
7635	0.017667
7636	0.01775
7637	0.018459
7638	0.018042
7639	0.018792
7640	0.01575
7641	0.016625
7642	0.015458
7643	0.017084
7644	0.016333
7645	0.018834
7646	0.015542
7647	0.016625
7648	0.019542
7649	0.016417
7650	0.01675
7651	0.018708
7652	0.017875
7653	0.017125
7654	0.0175
7655	0.017291
7656	0.017625
7657	0.01725
7658	0.017
7659	0.056833
7660	0.016875
7661	0.019125
7662	0.017875
7663	0.017375
7664	0.017292
7665	0.017125
7666	0.017042
7667	0.018083
7668	0.021542
7669	0.018708
7670	0.017792
7671	0.017833
7672	0.019
7673	0.017625
7674	0.017625
7675	0.018
7676	0.017084
7677	0.017916
7678	0.017583
7679	0.017583
7680	0.017458
7681	0.017334
7682	0.017
7683	0.018125
7684	0.017667
7685	0.01725
7686	0.016459
7687	0.019208
7688	0.016458
7689	0.018167
7690	0.083833
7691	0.053958
7692	0.043792
7693	0.041584
7694	0.042
7695	0.04
7696	0.041583
7697	0.042583
7698	0.040208
7699	0.0405
7700	0.050541
7701	0.0395
7702	0.04025
7703	0.039625
7704	0.039
7705	0.039958
7706	0.038417
7707	0.039334
7708	0.040083
7709	0.039584
7710	0.042667
7711	0.038875
7712	0.041542
7713	0.042042
7714	0.03825
7715	0.041667
7716	0.039541
7717	0.03975
7718	0.03925
7719	0.038958
7720	0.038916
7721	0.040417
7722	0.0385
7723	0.038084
7724	0.038875
7725	0.040833
7726	0.040875
7727	0.039541
7728	0.04175
7729	0.039083
7730	0.038667
7731	0.044167
7732	0.041708
7733	0.041417
7734	0.040416
7735	0.038625
7736	0.040875
7737	0.041167
7738	0.03925
7739	0.03975
7740	0.038709
7741	0.0385
7742	0.038959
7743	0.038083
7744	0.039667
7745	0.037583
7746	0.038375
7747	0.038542
7748	0.03925
7749	0.038875
7750	0.03875
7751	0.038916
7752	0.038334
7753	0.0415
7754	0.038917
7755	0.039
7756	0.039167
7757	0.03925
7758	0.038625
7759	0.039458
7760	0.038167
7761	0.03925
7762	0.039667
7763	0.03825
7764	0.039917
7765	0.039916
7766	0.041
7767	0.038959
7768	0.039166
7769	0.039458
7770	0.039333
7771	0.039916
7772	0.041334
7773	0.038792
7774	0.039416
7775	0.040083
7776	0.038958
7777	0.039167
7778	0.038125
7779	0.057375
7780	0.040375
7781	0.038417
7782	0.040667
7783	0.039917
7784	0.038916
7785	0.038333
7786	0.0395
7787	0.05025
7788	0.041083
7789	0.050041
7790	0.043375
7791	0.041417
7792	0.042625
7793	0.041708
7794	0.040709
7795	0.0545
7796	0.01975
7797	0.019541
7798	0.017667
7799	0.018542
7800	0.018333
7801	0.019041
7802	0.016917
7803	0.017
7804	0.017167
7805	0.020042
7806	0.018584
7807	0.019583
7808	0.017542
7809	0.02225
7810	0.018583
7811	0.019083
7812	0.016958
7813	0.018459
7814	0.015041
7815	0.017042
7816	0.018959
7817	0.017875
7818	0.020625
7819	0.0165
7820	0.020667
7821	0.017958
7822	0.017208
7823	0.017417
7824	0.01525
7825	0.018458
7826	0.017625
7827	0.016875
7828	0.016542
7829	0.016667
7830	0.01775
7831	0.061459
7832	0.062375
7833	0.021041
7834	0.019209
7835	0.016916
7836	0.018167
7837	0.016917
7838	0.018584
7839	0.018917
7840	0.018625
7841	0.0185
7842	0.015875
7843	0.016083
7844	0.018917
7845	0.017542
7846	0.018417
7847	0.018458
7848	0.018167
7849	0.017542
7850	0.017541
7851	0.0175
7852	0.017917
7853	0.017542
7854	0.015833
7855	0.017458
7856	0.016625
7857	0.01675
7858	0.019041
7859	0.017375
7860	0.017
7861	0.016
7862	0.018208
7863	0.017958
7864	0.016042
7865	0.015209
7866	0.016833
7867	0.017375
7868	0.017708
7869	0.02025
7870	0.020792
7871	0.01875
7872	0.021417
7873	0.017583
7874	0.018375
7875	0.019666
7876	0.01875
7877	0.017875
7878	0.016417
7879	0.018708
7880	0.025791
7881	0.018375
7882	0.017875
7883	0.017666
7884	0.018209
7885	0.017917
7886	0.018209
7887	0.017541
7888	0.018334
7889	0.020125
7890	0.018875
7891	0.017709
7892	0.017625
7893	0.021458
7894	0.01925
7895	0.01725
7896	0.022333
7897	0.019625
7898	0.018
7899	0.020375
7900	0.021
7901	0.025416
7902	0.024375
7903	0.01575
7904	0.015666
7905	0.018958
7906	0.0165
7907	0.015833
7908	0.019416
7909	0.018833
7910	0.019125
7911	0.016666
7912	0.016375
7913	0.017125
7914	0.018125
7915	0.01575
7916	0.016542
7917	0.017792
7918	0.017625
7919	0.0185
7920	0.018417
7921	0.019875
7922	0.017334
7923	0.016541
7924	0.015375
7925	0.017334
7926	0.017
7927	0.016917
7928	0.017375
7929	0.015625
7930	0.016666
7931	0.015584
7932	0.01675
7933	0.018833
7934	0.018042
7935	0.018584
7936	0.019417
7937	0.015583
7938	0.01675
7939	0.016458
7940	0.01825
7941	0.01975
7942	0.016416
7943	0.018917
7944	0.016042
7945	0.017916
7946	0.017041
7947	0.018416
7948	0.015708
7949	0.018458
7950	0.016417
7951	0.017584
7952	0.016875
7953	0.017334
7954	0.017458
7955	0.016708
7956	0.017667
7957	0.017334
7958	0.016375
7959	0.017917
7960	0.017958
7961	0.0185
7962	0.015834
7963	0.018875
7964	0.017875
7965	0.017958
7966	0.01675
7967	0.016875
7968	0.017875
7969	0.018375
7970	0.018167
7971	0.016333
7972	0.016041
7973	0.018208
7974	0.017959
7975	0.0185
7976	0.019167
7977	0.018375
7978	0.018542
7979	0.018459
7980	0.018667
7981	0.018625
7982	0.017083
7983	0.019334
7984	0.01875
7985	0.017791
7986	0.016666
7987	0.017291
7988	0.017541
7989	0.018375
7990	0.016375
7991	0.017458
7992	0.016167
7993	0.017292
7994	0.019292
7995	0.017583
7996	0.018125
7997	0.016958
7998	0.015292
7999	0.018167
8000	0.017542
8001	0.018625
8002	0.017833
8003	0.017625
8004	0.015958
8005	0.0165
8006	0.017208
8007	0.0165
8008	0.018459
8009	0.016666
8010	0.017625
8011	0.017833
8012	0.018083
8013	0.015917
8014	0.016792
8015	0.019375
8016	0.016542
8017	0.017375
8018	0.016542
8019	0.016417
8020	0.0165
8021	0.017583
8022	0.018
8023	0.018459
8024	0.017375
8025	0.016125
8026	0.017792
8027	0.016625
8028	0.017
8029	0.016416
8030	0.016417
8031	0.018084
8032	0.017792
8033	0.016667
8034	0.0165
8035	0.017292
8036	0.016959
8037	0.016667
8038	0.016416
8039	0.01775
8040	0.018958
8041	0.019792
8042	0.070042
8043	0.091584
8044	0.052334
8045	0.043125
8046	0.050917
8047	0.045375
8048	0.060042
8049	0.025667
8050	0.020667
8051	0.019291
8052	0.018916
8053	0.018667
8054	0.019
8055	0.019833
8056	0.018709
8057	0.019417
8058	0.018125
8059	0.017125
8060	0.017833
8061	0.018875
8062	0.01625
8063	0.017209
8064	0.017334
8065	0.018875
8066	0.016542
8067	0.018375
8068	0.019542
8069	0.017417
8070	0.016917
8071	0.020209
8072	0.016708
8073	0.018084
8074	0.020083
8075	0.018208
8076	0.01825
8077	0.017125
8078	0.018
8079	0.019
8080	0.018166
8081	0.018875
8082	0.018375
8083	0.017209
8084	0.018667
8085	0.017292
8086	0.01875
8087	0.018542
8088	0.018167
8089	0.0165
8090	0.016167
8091	0.01875
8092	0.017167
8093	0.017167
8094	0.017459
8095	0.017333
8096	0.017667
8097	0.018
8098	0.017
8099	0.017125
8100	0.0175
8101	0.018917
8102	0.017583
8103	0.019042
8104	0.019417
8105	0.019417
8106	0.018334
8107	0.01675
8108	0.018834
8109	0.017292
8110	0.015958
8111	0.01725
8112	0.015458
8113	0.017792
8114	0.017916
8115	0.017875
8116	0.016042
8117	0.017458
8118	0.018708
8119	0.017125
8120	0.02
8121	0.016458
8122	0.0185
8123	0.01675
8124	0.017083
8125	0.017792
8126	0.017625
8127	0.016792
8128	0.01775
8129	0.016292
8130	0.01875
8131	0.017042
8132	0.018333
8133	0.019292
8134	0.017292
8135	0.017084
8136	0.019458
8137	0.049916
8138	0.0185
8139	0.017666
8140	0.017625
8141	0.017208
8142	0.016875
8143	0.025791
8144	0.019625
8145	0.020375
8146	0.01875
8147	0.017208
8148	0.017834
8149	0.018
8150	0.01625
8151	0.0185
8152	0.018375
8153	0.017791
8154	0.018416
8155	0.017541
8156	0.018125
8157	0.0165
8158	0.017667
8159	0.018291
8160	0.017875
8161	0.019375
8162	0.018083
8163	0.0185
8164	0.017083
8165	0.017333
8166	0.016875
8167	0.018458
8168	0.0175
8169	0.019084
8170	0.026583
8171	0.018417
8172	0.018209
8173	0.017541
8174	0.017209
8175	0.018667
8176	0.017
8177	0.018041
8178	0.01825
8179	0.016583
8180	0.016375
8181	0.01775
8182	0.017834
8183	0.017041
8184	0.016667
8185	0.017292
8186	0.016958
8187	0.018667
8188	0.017625
8189	0.01725
8190	0.019
8191	0.017333
8192	0.017042
8193	0.017459
8194	0.016
8195	0.018042
8196	0.017833
8197	0.015625
8198	0.01825
8199	0.019084
8200	0.018542
8201	0.016458
8202	0.019042
8203	0.017042
8204	0.016208
8205	0.018584
8206	0.018833
8207	0.016167
8208	0.017042
8209	0.015917
8210	0.017167
8211	0.017083
8212	0.016208
8213	0.018625
8214	0.016625
8215	0.016584
8216	0.017083
8217	0.016917
8218	0.017333
8219	0.018792
8220	0.016875
8221	0.017375
8222	0.016333
8223	0.01725
8224	0.017875
8225	0.019667
8226	0.016625
8227	0.017583
8228	0.016083
8229	0.017875
8230	0.017916
8231	0.016708
8232	0.016458
8233	0.017875
8234	0.016875
8235	0.015917
8236	0.017833
8237	0.017541
8238	0.017291
8239	0.017333
8240	0.016792
8241	0.017458
8242	0.017583
8243	0.018584
8244	0.018542
8245	0.017375
8246	0.014375
8247	0.017917
8248	0.017958
8249	0.017416
8250	0.017541
8251	0.019166
8252	0.018417
8253	0.017459
8254	0.018375
8255	0.016083
8256	0.017875
8257	0.018417
8258	0.017833
8259	0.018625
8260	0.017416
8261	0.016917
8262	0.017458
8263	0.01675
8264	0.018583
8265	0.015875
8266	0.016417
8267	0.01775
8268	0.019167
8269	0.019042
8270	0.018208
8271	0.017875
8272	0.017958
8273	0.018
8274	0.017625
8275	0.016542
8276	0.015083
8277	0.016584
8278	0.017958
8279	0.017625
8280	0.017584
8281	0.018417
8282	0.016875
8283	0.017042
8284	0.0175
8285	0.017416
8286	0.018791
8287	0.01775
8288	0.01675
8289	0.017458
8290	0.018084
8291	0.017917
8292	0.017875
8293	0.018125
8294	0.018167
8295	0.017417
8296	0.015625
8297	0.018125
8298	0.016375
8299	0.01725
8300	0.015708
8301	0.017959
8302	0.01875
8303	0.016083
8304	0.016958
8305	0.018542
8306	0.017334
8307	0.0165
8308	0.017
8309	0.016541
8310	0.017708
8311	0.016625
8312	0.016334
8313	0.018458
8314	0.016708
8315	0.01675
8316	0.017292
8317	0.017042
8318	0.01825
8319	0.016959
8320	0.018083
8321	0.018375
8322	0.017375
8323	0.016792
8324	0.016917
8325	0.018292
8326	0.019208
8327	0.017
8328	0.020166
8329	0.015167
8330	0.018292
8331	0.017916
8332	0.017
8333	0.019125
8334	0.018292
8335	0.017041
8336	0.016625
8337	0.018875
8338	0.016792
8339	0.017375
8340	0.01625
8341	0.0185
8342	0.019292
8343	0.017875
8344	0.018209
8345	0.016
8346	0.017
8347	0.016833
8348	0.016792
8349	0.017458
8350	0.016792
8351	0.017334
8352	0.018708
8353	0.016875
8354	0.017542
8355	0.01825
8356	0.019917
8357	0.018125
8358	0.018
8359	0.017
8360	0.01725
8361	0.017542
8362	0.016625
8363	0.017125
8364	0.015334
8365	0.018041
8366	0.017167
8367	0.017667
8368	0.015542
8369	0.01825
8370	0.016084
8371	0.017708
8372	0.016875
8373	0.01725
8374	0.01775
8375	0.017375
8376	0.018041
8377	0.017791
8378	0.016916
8379	0.0175
8380	0.016417
8381	0.016958
8382	0.017458
8383	0.018917
8384	0.018667
8385	0.017666
8386	0.017542
8387	0.016583
8388	0.016666
8389	0.018334
8390	0.018417
8391	0.018041
8392	0.016958
8393	0.017417
8394	0.01625
8395	0.016875
8396	0.018042
8397	0.017792
8398	0.015125
8399	0.017959
8400	0.017708
8401	0.016708
8402	0.017125
8403	0.016875
8404	0.0175
8405	0.016375
8406	0.017458
8407	0.016959
8408	0.018875
8409	0.018208
8410	0.016958
8411	0.016875
8412	0.01675
8413	0.016416
8414	0.017209
8415	0.017958
8416	0.016875
8417	0.016708
8418	0.016834
8419	0.018833
8420	0.019375
8421	0.01725
8422	0.017292
8423	0.017125
8424	0.017583
8425	0.018042
8426	0.019083
8427	0.019
8428	0.018083
8429	0.017542
8430	0.017167
8431	0.016
8432	0.080459
8433	0.032334
8434	0.021291
8435	0.020708
8436	0.019125
8437	0.018041
8438	0.01775
8439	0.018166
8440	0.017916
8441	0.017125
8442	0.01775
8443	0.018333
8444	0.018125
8445	0.017333
8446	0.0185
8447	0.019625
8448	0.018083
8449	0.017375
8450	0.018583
8451	0.016917
8452	0.015417
8453	0.019
8454	0.019959
8455	0.016792
8456	0.019083
8457	0.016708
8458	0.01775
8459	0.018208
8460	0.0165
8461	0.018583
8462	0.017458
8463	0.0165
8464	0.019083
8465	0.0175
8466	0.01725
8467	0.016709
8468	0.0155
8469	0.018209
8470	0.01625
8471	0.0185
8472	0.015792
8473	0.017458
8474	0.0175
8475	0.0175
8476	0.0175
8477	0.017833
8478	0.017959
8479	0.014833
8480	0.017917
8481	0.019
8482	0.016583
8483	0.016333
8484	0.017291
8485	0.018
8486	0.019833
8487	0.017125
8488	0.018375
8489	0.019333
8490	0.016209
8491	0.016333
8492	0.01825
8493	0.016417
8494	0.0175
8495	0.019625
8496	0.017667
8497	0.018584
8498	0.018
8499	0.015959
8500	0.016625
8501	0.016958
8502	0.018167
8503	0.017792
8504	0.015625
8505	0.019125
8506	0.018291
8507	0.017125
8508	0.017084
8509	0.016041
8510	0.017916
8511	0.01675
8512	0.016709
8513	0.016334
8514	0.018083
8515	0.016666
8516	0.016875
8517	0.018791
8518	0.017666
8519	0.016584
8520	0.016292
8521	0.017167
8522	0.016625
8523	0.0175
8524	0.018375
8525	0.018042
8526	0.016291
8527	0.019291
8528	0.016042
8529	0.017833
8530	0.01825
8531	0.016292
8532	0.016417
8533	0.016917
8534	0.017791
8535	0.01975
8536	0.017208
8537	0.015333
8538	0.018208
8539	0.016542
8540	0.017333
8541	0.016291
8542	0.01725
8543	0.017291
8544	0.019333
8545	0.0175
8546	0.016083
8547	0.016542
8548	0.018709
8549	0.019833
8550	0.01875
8551	0.017417
8552	0.01975
8553	0.018459
8554	0.019375
8555	0.015333
8556	0.016375
8557	0.015875
8558	0.017916
8559	0.019125
8560	0.038334
8561	0.019959
8562	0.019458
8563	0.017875
8564	0.015417
8565	0.017083
8566	0.018916
8567	0.017916
8568	0.018125
8569	0.016709
8570	0.016583
8571	0.015875
8572	0.01675
8573	0.01825
8574	0.017416
8575	0.017917
8576	0.014667
8577	0.017667
8578	0.016708
8579	0.017167
8580	0.017
8581	0.017667
8582	0.016292
8583	0.023
8584	0.016208
8585	0.016833
8586	0.0175
8587	0.018292
8588	0.0165
8589	0.016083
8590	0.018584
8591	0.018875
8592	0.016375
8593	0.016916
8594	0.017917
8595	0.017083
8596	0.015209
8597	0.0185
8598	0.018709
8599	0.018167
8600	0.017708
8601	0.016
8602	0.018875
8603	0.015917
8604	0.017875
8605	0.017958
8606	0.022625
8607	0.01775
8608	0.01725
8609	0.016791
8610	0.019417
8611	0.018167
8612	0.018833
8613	0.018959
8614	0.0195
8615	0.01625
8616	0.017416
8617	0.016917
8618	0.018416
8619	0.018042
8620	0.016333
8621	0.015875
8622	0.018666
8623	0.017959
8624	0.01575
8625	0.132417
8626	0.068708
8627	0.047125
8628	0.043833
8629	0.04725
8630	0.045667
8631	0.049584
8632	0.02525
8633	0.020958
8634	0.019125
8635	0.018125
8636	0.017792
8637	0.017834
8638	0.019667
8639	0.01725
8640	0.018291
8641	0.0175
8642	0.018417
8643	0.017042
8644	0.016667
8645	0.01825
8646	0.019167
8647	0.017625
8648	0.017042
8649	0.018125
8650	0.016
8651	0.019333
8652	0.018584
8653	0.017333
8654	0.016292
8655	0.017959
8656	0.018
8657	0.016458
8658	0.017875
8659	0.020041
8660	0.016584
8661	0.019542
8662	0.019583
8663	0.017625
8664	0.021083
8665	0.020666
8666	0.018583
8667	0.020709
8668	0.019041
8669	0.016709
8670	0.018666
8671	0.017542
8672	0.02
8673	0.017334
8674	0.016416
8675	0.017958
8676	0.015458
8677	0.019291
8678	0.018292
8679	0.021083
8680	0.021416
8681	0.016125
8682	0.017458
8683	0.018542
8684	0.018417
8685	0.01875
8686	0.015791
8687	0.01625
8688	0.018125
8689	0.01825
8690	0.018375
8691	0.017708
8692	0.017084
8693	0.017916
8694	0.016125
8695	0.017042
8696	0.01625
8697	0.01725
8698	0.020292
8699	0.017833
8700	0.017958
8701	0.016583
8702	0.015041
8703	0.019666
8704	0.0165
8705	0.0185
8706	0.016958
8707	0.016167
8708	0.017916
8709	0.018416
8710	0.015084
8711	0.015
8712	0.017333
8713	0.019958
8714	0.018208
8715	0.1615
8716	0.040791
8717	0.017083
8718	0.017
8719	0.016417
8720	0.015709
8721	0.017458
8722	0.017
8723	0.016625
8724	0.017833
8725	0.015375
8726	0.018417
8727	0.015917
8728	0.014958
8729	0.019208
8730	0.01725
8731	0.018167
8732	0.017958
8733	0.017542
8734	0.014334
8735	0.016541
8736	0.016375
8737	0.016583
8738	0.015291
8739	0.019375
8740	0.015917
8741	0.014625
8742	0.016083
8743	0.01775
8744	0.015792
8745	0.017167
8746	0.015625
8747	0.01775
8748	0.01775
8749	0.016959
8750	0.018083
8751	0.018334
8752	0.019917
8753	0.01825
8754	0.020792
8755	0.017458
8756	0.016834
8757	0.017792
8758	0.018042
8759	0.017333
8760	0.015416
8761	0.016791
8762	0.01775
8763	0.015291
8764	0.017458
8765	0.016417
8766	0.017417
8767	0.016666
8768	0.016
8769	0.017375
8770	0.016792
8771	0.017875
8772	0.016625
8773	0.016583
8774	0.015458
8775	0.018542
8776	0.018042
8777	0.019417
8778	0.014958
8779	0.015917
8780	0.017042
8781	0.020542
8782	0.015916
8783	0.0205
8784	0.018833
8785	0.020541
8786	0.023833
8787	0.016209
8788	0.016375
8789	0.01825
8790	0.017084
8791	0.018208
8792	0.015625
8793	0.018083
8794	0.017542
8795	0.018083
8796	0.015041
8797	0.018833
8798	0.016167
8799	0.019166
8800	0.017125
8801	0.017625
8802	0.015833
8803	0.019083
8804	0.01675
8805	0.015709
8806	0.016875
8807	0.01725
8808	0.01575
8809	0.016708
8810	0.01675
8811	0.014208
8812	0.017917
8813	0.015709
8814	0.015875
8815	0.015417
8816	0.019083
8817	0.017834
8818	0.016458
8819	0.015166
8820	0.01575
8821	0.016041
8822	0.014166
8823	0.016916
8824	0.014291
8825	0.01825
8826	0.018125
8827	0.02
8828	0.017
8829	0.017
8830	0.017042
8831	0.018458
8832	0.016875
8833	0.0155
8834	0.016083
8835	0.01675
8836	0.01525
8837	0.016958
8838	0.017833
8839	0.016959
8840	0.017917
8841	0.015375
8842	0.015708
8843	0.01675
8844	0.016667
8845	0.018042
8846	0.015625
8847	0.018583
8848	0.015792
8849	0.018125
8850	0.016792
8851	0.017208
8852	0.017458
8853	0.017625
8854	0.01525
8855	0.020458
8856	0.016541
8857	0.016792
8858	0.015166
8859	0.015542
8860	0.017334
8861	0.018125
8862	0.016042
8863	0.014958
8864	0.0155
8865	0.016625
8866	0.017
8867	0.019041
8868	0.017709
8869	0.016041
8870	0.017625
8871	0.015917
8872	0.01525
8873	0.017917
8874	0.015334
8875	0.017875
8876	0.01475
8877	0.018208
8878	0.015208
8879	0.017792
8880	0.017625
8881	0.018208
8882	0.014625
8883	0.016375
8884	0.016875
8885	0.017333
8886	0.016375
8887	0.017834
8888	0.017833
8889	0.017083
8890	0.016292
8891	0.018375
8892	0.016375
8893	0.016333
8894	0.016625
8895	0.016584
8896	0.017958
8897	0.015792
8898	0.018875
8899	0.016791
8900	0.01775
8901	0.017
8902	0.018
8903	0.017541
8904	0.017583
8905	0.015875
8906	0.016542
8907	0.016625
8908	0.018041
8909	0.016416
8910	0.015416
8911	0.017541
8912	0.018208
8913	0.016208
8914	0.018625
8915	0.017666
8916	0.01475
8917	0.016291
8918	0.017667
8919	0.017875
8920	0.017542
8921	0.016375
8922	0.017291
8923	0.018041
8924	0.015958
8925	0.01675
8926	0.016542
8927	0.014834
8928	0.016
8929	0.017
8930	0.014791
8931	0.084083
8932	0.066916
8933	0.0245
8934	0.019584
8935	0.01925
8936	0.018833
8937	0.015958
8938	0.017083
8939	0.016084
8940	0.016333
8941	0.016334
8942	0.048833
8943	0.018792
8944	0.017333
8945	0.01625
8946	0.016208
8947	0.017167
8948	0.018292
8949	0.017084
8950	0.01675
8951	0.016875
8952	0.016917
8953	0.015
8954	0.016125
8955	0.015458
8956	0.018208
8957	0.017375
8958	0.03975
8959	0.019417
8960	0.019167
8961	0.014417
8962	0.03975
8963	0.029167
8964	0.020417
8965	0.018542
8966	0.019041
8967	0.018875
8968	0.018917
8969	0.015083
8970	0.018125
8971	0.015792
8972	0.01675
8973	0.017542
8974	0.017792
8975	0.015834
8976	0.017
8977	0.016666
8978	0.015708
8979	0.016042
8980	0.01525
8981	0.071208
8982	0.07925
8983	0.027
8984	0.01975
8985	0.01825
8986	0.016833
8987	0.017083
8988	0.01525
8989	0.016917
8990	0.016833
8991	0.017084
8992	0.017
8993	0.017791
8994	0.017792
8995	0.016458
8996	0.016834
8997	0.016458
8998	0.017417
8999	0.01625
9000	0.018959
9001	0.016
9002	0.017083
9003	0.016625
9004	0.016708
9005	0.016584
9006	0.017
9007	0.016333
9008	0.015916
9009	0.015792
9010	0.017083
9011	0.018041
9012	0.0155
9013	0.0185
9014	0.017084
9015	0.017542
9016	0.016958
9017	0.016667
9018	0.017833
9019	0.017709
9020	0.01575
9021	0.016583
9022	0.0165
9023	0.016792
9024	0.014042
9025	0.019833
9026	0.01725
9027	0.016708
9028	0.017667
9029	0.015834
9030	0.018167
9031	0.01475
9032	0.016166
9033	0.015958
9034	0.070583
9035	0.041292
9036	0.018917
9037	0.01675
9038	0.017667
9039	0.017583
9040	0.018708
9041	0.016875
9042	0.014792
9043	0.015542
9044	0.016
9045	0.015833
9046	0.016667
9047	0.018375
9048	0.014833
9049	0.016334
9050	0.016583
9051	0.016667
9052	0.018125
9053	0.0175
9054	0.016041
9055	0.015291
9056	0.015875
9057	0.016833
9058	0.016083
9059	0.015333
9060	0.015583
9061	0.017167
9062	0.015917
9063	0.018375
9064	0.016334
9065	0.017833
9066	0.015166
9067	0.014917
9068	0.017417
9069	0.017458
9070	0.016833
9071	0.015
9072	0.016125
9073	0.017875
9074	0.015167
9075	0.016958
9076	0.017375
9077	0.01725
9078	0.017708
9079	0.019708
9080	0.015792
9081	0.027708
9082	0.015625
9083	0.017
9084	0.017333
9085	0.015875
9086	0.016584
9087	0.017375
9088	0.018
9089	0.016292
9090	0.016958
9091	0.015541
9092	0.016708
9093	0.01675
9094	0.016667
9095	0.018875
9096	0.015583
9097	0.017125
9098	0.01625
9099	0.015
9100	0.014959
9101	0.017583
9102	0.016542
9103	0.017542
9104	0.017708
9105	0.016333
9106	0.024625
9107	0.016042
9108	0.017084
9109	0.017542
9110	0.017958
9111	0.015375
9112	0.015208
9113	0.015375
9114	0.016125
9115	0.015792
9116	0.017125
9117	0.016834
9118	0.018916
9119	0.016708
9120	0.01525
9121	0.016459
9122	0.015125
9123	0.016667
9124	0.016208
9125	0.017166
9126	0.016208
9127	0.018042
9128	0.01675
9129	0.015625
9130	0.014584
9131	0.017542
9132	0.016542
9133	0.015208
9134	0.017958
9135	0.017708
9136	0.017292
9137	0.015625
9138	0.018
9139	0.016042
9140	0.014875
9141	0.018042
9142	0.017083
9143	0.016125
9144	0.016583
9145	0.017292
9146	0.015625
9147	0.014708
9148	0.016167
9149	0.016167
9150	0.014208
9151	0.017375
9152	0.017458
9153	0.017875
9154	0.016083
9155	0.016083
9156	0.016583
9157	0.015875
9158	0.039417
9159	0.016791
9160	0.016375
9161	0.015791
9162	0.016291
9163	0.016959
9164	0.017417
9165	0.014958
9166	0.016459
9167	0.017542
9168	0.020666
9169	0.018084
9170	0.016916
9171	0.016084
9172	0.016791
9173	0.01675
9174	0.016833
9175	0.016167
9176	0.015166
9177	0.016584
9178	0.015209
9179	0.015166
9180	0.015708
9181	0.016792
9182	0.0155
9183	0.017917
9184	0.015459
9185	0.015833
9186	0.015875
9187	0.01725
9188	0.016125
9189	0.016
9190	0.016875
9191	0.016459
9192	0.016542
9193	0.0165
9194	0.017375
9195	0.016875
9196	0.017625
9197	0.018666
9198	0.015958
9199	0.017959
9200	0.017875
9201	0.018041
9202	0.016458
9203	0.015375
9204	0.017208
9205	0.017834
9206	0.016833
9207	0.016167
9208	0.017334
9209	0.015291
9210	0.017583
9211	0.017667
9212	0.016708
9213	0.016959
9214	0.016458
9215	0.015334
9216	0.019291
9217	0.015
9218	0.016375
9219	0.015917
9220	0.018042
9221	0.015625
9222	0.016917
9223	0.01575
9224	0.016125
9225	0.016084
9226	0.01775
9227	0.015125
9228	0.016333
9229	0.015875
9230	0.017208
9231	0.0165
9232	0.017625
9233	0.015875
9234	0.014583
9235	0.016084
9236	0.016875
9237	0.017417
9238	0.015584
9239	0.015458
9240	0.016792
9241	0.018
9242	0.015708
9243	0.014958
9244	0.016792
9245	0.016375
9246	0.017
9247	0.017375
9248	0.0175
9249	0.018334
9250	0.015625
9251	0.017
9252	0.014833
9253	0.0175
9254	0.015625
9255	0.015834
9256	0.018291
9257	0.016834
9258	0.014875
9259	0.017292
9260	0.015167
9261	0.017333
9262	0.01625
9263	0.016209
9264	0.014375
9265	0.016625
9266	0.017
9267	0.016042
9268	0.0175
9269	0.015625
9270	0.015958
9271	0.015625
9272	0.018125
9273	0.015791
9274	0.016542
9275	0.018584
9276	0.016792
9277	0.018792
9278	0.018291
9279	0.016959
9280	0.016417
9281	0.01625
9282	0.014542
9283	0.014334
9284	0.017167
9285	0.01675
9286	0.017417
9287	0.01725
9288	0.017834
9289	0.015417
9290	0.017625
9291	0.017375
9292	0.016709
9293	0.016583
9294	0.017458
9295	0.017416
9296	0.041417
9297	0.023333
9298	0.017125
9299	0.017625
9300	0.017
9301	0.018167
9302	0.017625
9303	0.015917
9304	0.015542
9305	0.017458
9306	0.016292
9307	0.017125
9308	0.015875
9309	0.017167
9310	0.016083
9311	0.015667
9312	0.01525
9313	0.016042
9314	0.014917
9315	0.018291
9316	0.086042
9317	0.020458
9318	0.014917
9319	0.018042
9320	0.016875
9321	0.01575
9322	0.016042
9323	0.016667
9324	0.01575
9325	0.016208
9326	0.01575
9327	0.018542
9328	0.018125
9329	0.017917
9330	0.015333
9331	0.0155
9332	0.015708
9333	0.017375
9334	0.014834
9335	0.015667
9336	0.017667
9337	0.015958
9338	0.016917
9339	0.01625
9340	0.016333
9341	0.017666
9342	0.0145
9343	0.018
9344	0.016333
9345	0.02375
9346	0.01575
9347	0.065667
9348	0.046
9349	0.045375
9350	0.040375
9351	0.042375
9352	0.043791
9353	0.042084
9354	0.047208
9355	0.039333
9356	0.039333
9357	0.079125
9358	0.038917
9359	0.039709
9360	0.03925
9361	0.040708
9362	0.03975
9363	0.039208
9364	0.038167
9365	0.037833
9366	0.038084
9367	0.038958
9368	0.039834
9369	0.040458
9370	0.039083
9371	0.039833
9372	0.039334
9373	0.038459
9374	0.037667
9375	0.037542
9376	0.039208
9377	0.038375
9378	0.038334
9379	0.037959
9380	0.041792
9381	0.038125
9382	0.037667
9383	0.039292
9384	0.037666
9385	0.038333
9386	0.039417
9387	0.040416
9388	0.038083
9389	0.037458
9390	0.037334
9391	0.038333
9392	0.038083
9393	0.040125
9394	0.038833
9395	0.038708
9396	0.038042
9397	0.038166
9398	0.037334
9399	0.038583
9400	0.038125
9401	0.038333
9402	0.037167
9403	0.038583
9404	0.038042
9405	0.040042
9406	0.037917
9407	0.039083
9408	0.037
9409	0.037584
9410	0.037542
9411	0.037792
9412	0.038583
9413	0.037125
9414	0.038375
9415	0.03825
9416	0.037167
9417	0.036416
9418	0.037584
9419	0.038291
9420	0.0385
9421	0.03825
9422	0.038209
9423	0.039625
9424	0.039208
9425	0.037084
9426	0.037583
9427	0.037875
9428	0.038
9429	0.037583
9430	0.038375
9431	0.039
9432	0.037958
9433	0.040917
9434	0.059792
9435	0.030791
9436	0.020833
9437	0.018375
9438	0.017
9439	0.017958
9440	0.01725
9441	0.018042
9442	0.015166
9443	0.01825
9444	0.015208
9445	0.0165
9446	0.018333
9447	0.016875
9448	0.018166
9449	0.016916
9450	0.017041
9451	0.017833
9452	0.015834
9453	0.014833
9454	0.015
9455	0.0165
9456	0.014
9457	0.016042
9458	0.015959
9459	0.017875
9460	0.016584
9461	0.01575
9462	0.018
9463	0.016208
9464	0.016166
9465	0.015542
9466	0.018667
9467	0.016208
9468	0.016958
9469	0.01825
9470	0.018083
9471	0.018042
9472	0.022375
9473	0.016459
9474	0.0185
9475	0.020208
9476	0.01775
9477	0.026792
9478	0.017333
9479	0.020834
9480	0.021
9481	0.019167
9482	0.018209
9483	0.016583
9484	0.017875
9485	0.019375
9486	0.017541
9487	0.01825
9488	0.017333
9489	0.01725
9490	0.017792
9491	0.014291
9492	0.017167
9493	0.01425
9494	0.015791
9495	0.015041
9496	0.017333
9497	0.015834
9498	0.017208
9499	0.015166
9500	0.015625
9501	0.015875
9502	0.014084
9503	0.014083
9504	0.017125
9505	0.017
9506	0.017333
9507	0.016
9508	0.017833
9509	0.016416
9510	0.015166
9511	0.017166
9512	0.018375
9513	0.018291
9514	0.016042
9515	0.017625
9516	0.0175
9517	0.015459
9518	0.016083
9519	0.016958
9520	0.017542
9521	0.016958
9522	0.017
9523	0.017083
9524	0.015917
9525	0.016625
9526	0.017125
9527	0.130417
9528	0.015834
9529	0.019333
9530	0.016708
9531	0.016958
9532	0.015542
9533	0.017625
9534	0.015791
9535	0.015542
9536	0.015417
9537	0.018209
9538	0.017625
9539	0.01675
9540	0.017833
9541	0.017875
9542	0.016208
9543	0.018417
9544	0.015875
9545	0.018541
9546	0.016708
9547	0.018375
9548	0.017875
9549	0.01625
9550	0.016083
9551	0.015417
9552	0.017833
9553	0.014167
9554	0.01775
9555	0.015209
9556	0.017667
9557	0.015333
9558	0.016083
9559	0.01675
9560	0.016917
9561	0.016
9562	0.016167
9563	0.016542
9564	0.02125
9565	0.017834
9566	0.018625
9567	0.01975
9568	0.017834
9569	0.015875
9570	0.015459
9571	0.018083
9572	0.019333
9573	0.018042
9574	0.018166
9575	0.015333
9576	0.017041
9577	0.017791
9578	0.0185
9579	0.016125
9580	0.017833
9581	0.015542
9582	0.020208
9583	0.018083
9584	0.015084
9585	0.016042
9586	0.017416
9587	0.020458
9588	0.02225
9589	0.015333
9590	0.024958
9591	0.022
9592	0.024167
9593	0.016958
9594	0.023375
9595	0.019708
9596	0.015542
9597	0.01725
9598	0.024
9599	0.017833
9600	0.018417
9601	0.016917
9602	0.016042
9603	0.019167
9604	0.018833
9605	0.016833
9606	0.0175
9607	0.020916
9608	0.016333
9609	0.017666
9610	0.018208
9611	0.017709
9612	0.017291
9613	0.015541
9614	0.017041
9615	0.018458
9616	0.015375
9617	0.01625
9618	0.023167
9619	0.017083
9620	0.016291
9621	0.015541
9622	0.016125
9623	0.017959
9624	0.017958
9625	0.01625
9626	0.020084
9627	0.019542
9628	0.018875
9629	0.019709
9630	0.020708
9631	0.016666
9632	0.019417
9633	0.015916
9634	0.01725
9635	0.016667
9636	0.018
9637	0.015166
9638	0.019458
9639	0.019917
9640	0.017417
9641	0.018042
9642	0.016709
9643	0.019542
9644	0.017583
9645	0.016375
9646	0.016375
9647	0.018292
9648	0.01625
9649	0.014541
9650	0.016
9651	0.018292
9652	0.015833
9653	0.017375
9654	0.015625
9655	0.018792
9656	0.019833
9657	0.01825
9658	0.016375
9659	0.015541
9660	0.013625
9661	0.018291
9662	0.018
9663	0.0185
9664	0.016542
9665	0.016
9666	0.01775
9667	0.01625
9668	0.01825
9669	0.018041
9670	0.018042
9671	0.018667
9672	0.018041
9673	0.018083
9674	0.017792
9675	0.019125
9676	0.016625
9677	0.015458
9678	0.0185
9679	0.014542
9680	0.016792
9681	0.017125
9682	0.016584
9683	0.015667
9684	0.016792
9685	0.017167
9686	0.0185
9687	0.015875
9688	0.016959
9689	0.015792
9690	0.019167
9691	0.016042
9692	0.015875
9693	0.016209
9694	0.015667
9695	0.01575
9696	0.019334
9697	0.017458
9698	0.018208
9699	0.018792
9700	0.017167
9701	0.015959
9702	0.014417
9703	0.01375
9704	0.016875
9705	0.018375
9706	0.016
9707	0.0165
9708	0.015875
9709	0.015333
9710	0.016583
9711	0.017166
9712	0.018125
9713	0.016708
9714	0.018333
9715	0.016292
9716	0.016125
9717	0.016959
9718	0.018333
9719	0.014959
9720	0.01575
9721	0.015334
9722	0.016917
9723	0.015375
9724	0.016667
9725	0.015125
9726	0.016042
9727	0.016334
9728	0.016958
9729	0.015208
9730	0.0155
9731	0.015417
9732	0.014833
9733	0.014834
9734	0.016375
9735	0.016875
9736	0.015375
9737	0.018958
9738	0.017125
9739	0.017458
9740	0.016458
9741	0.087125
9742	0.028542
9743	0.018833
9744	0.016167
9745	0.017333
9746	0.017792
9747	0.017584
9748	0.018916
9749	0.017542
9750	0.016916
9751	0.039292
9752	0.019833
9753	0.015667
9754	0.015208
9755	0.016709
9756	0.016375
9757	0.017542
9758	0.0165
9759	0.015459
9760	0.015667
9761	0.014791
9762	0.016958
9763	0.015292
9764	0.016125
9765	0.016542
9766	0.017959
9767	0.098375
9768	0.083
9769	0.047542
9770	0.043208
9771	0.040584
9772	0.038625
9773	0.048917
9774	0.045458
9775	0.038
9776	0.038041
9777	0.046208
9778	0.046333
9779	0.021375
9780	0.019459
9781	0.017333
9782	0.016833
9783	0.017125
9784	0.013583
9785	0.017417
9786	0.016542
9787	0.017125
9788	0.017208
9789	0.015292
9790	0.0155
9791	0.016209
9792	0.015291
9793	0.01575
9794	0.017125
9795	0.0195
9796	0.014459
9797	0.016667
9798	0.016708
9799	0.01775
9800	0.018166
9801	0.01875
9802	0.017042
9803	0.036125
9804	0.020416
9805	0.01775
9806	0.018375
9807	0.020209
9808	0.016417
9809	0.017834
9810	0.016041
9811	0.018667
9812	0.017416
9813	0.015875
9814	0.016416
9815	0.016458
9816	0.018667
9817	0.017416
9818	0.017875
9819	0.017834
9820	0.015
9821	0.015625
9822	0.017666
9823	0.016916
9824	0.035042
9825	0.058959
9826	0.072292
9827	3.559709
9828	0.029666
9829	0.019541
9830	0.017
9831	0.017625
9832	0.017958
9833	0.018541
9834	0.015791
9835	0.015625
9836	0.016542
9837	0.033083
9838	0.015625
9839	0.017417
9840	0.017875
9841	0.0155
9842	0.014916
9843	0.017958
9844	0.017334
9845	0.016542
9846	0.014417
9847	0.016083
9848	0.016583
9849	0.017292
9850	0.016
9851	0.017666
9852	0.014958
9853	0.017292
9854	0.016083
9855	0.021416
9856	0.017875
9857	0.015042
9858	0.016417
9859	0.016167
9860	0.017041
9861	0.016291
9862	0.01375
9863	0.016125
9864	0.016375
9865	0.017
9866	0.016541
9867	0.017541
9868	0.016375
9869	0.021541
9870	0.026792
9871	0.01875
9872	0.016833
9873	0.018292
9874	0.015416
9875	0.016417
9876	0.016083
9877	0.017417
9878	0.015541
9879	0.017084
9880	0.017
9881	0.016667
9882	0.014542
9883	0.016958
9884	0.015458
9885	0.016625
9886	0.016917
9887	0.01625
9888	0.015333
9889	0.015541
9890	0.016584
9891	0.016916
9892	0.018
9893	0.016542
9894	0.016208
9895	0.015792
9896	0.018125
9897	0.015708
9898	0.01475
9899	0.01625
9900	0.014583
9901	0.016625
9902	0.040583
9903	0.017417
9904	0.016917
9905	0.015708
9906	0.0175
9907	0.026542
9908	0.015917
9909	0.01375
9910	0.017083
9911	0.015459
9912	0.016167
9913	0.015917
9914	0.018208
9915	0.015625
9916	0.016541
9917	0.023667
9918	0.022167
9919	0.039959
9920	0.154084
9921	0.056834
9922	0.045459
9923	0.0615
9924	0.040625
9925	0.039084
9926	0.040542
9927	0.042209
9928	0.036833
9929	0.036708
9930	0.036875
9931	0.038334
9932	0.044125
9933	0.038625
9934	0.038
9935	0.037
9936	0.036959
9937	0.037125
9938	0.04
9939	0.037542
9940	0.037625
9941	0.036542
9942	0.03825
9943	0.035917
9944	0.037042
9945	0.038708
9946	0.03725
9947	0.0355
9948	0.035791
9949	0.038625
9950	0.038292
9951	0.036083
9952	0.0355
9953	0.036875
9954	0.037125
9955	0.037875
9956	0.038833
9957	0.03925
9958	0.040625
9959	0.036375
9960	0.037667
9961	0.03625
9962	0.036916
9963	0.084459
9964	0.049583
9965	0.040916
9966	0.038542
9967	0.038792
9968	0.037792
9969	0.037791
9970	0.038584
9971	0.039
9972	0.03725
9973	0.037375
9974	0.038167
9975	0.037958
9976	0.037291
9977	0.037084
9978	0.037083
9979	0.036666
9980	0.036459
9981	0.036959
9982	0.03775
9983	0.037584
9984	0.037041
9985	0.04
9986	0.036834
9987	0.038166
9988	0.037958
9989	0.037125
9990	0.036083
9991	0.038083
9992	0.037083
9993	0.037125
9994	0.077125
9995	0.113166
9996	0.069834
9997	0.040375
9998	0.04025
9999	0.038292
