index	elapsed_ms
0	20.044875
1	0.506917
2	1.052084
3	0.503625
4	0.401125
5	0.376875
6	0.350208
7	1.005084
8	0.597625
9	0.38
10	0.326542
11	0.356792
12	0.317084
13	0.35325
14	0.304875
15	0.329292
16	0.27725
17	0.283
18	0.257625
19	0.305834
20	0.250958
21	0.253583
22	0.356
23	0.276375
24	0.264
25	0.258333
26	0.224375
27	0.234208
28	0.234583
29	0.319625
30	0.399584
31	0.3405
32	0.282584
33	0.229458
34	0.177083
35	0.113041
36	0.233833
37	0.107542
38	0.089167
39	0.096125
40	0.096542
41	0.087333
42	0.088791
43	0.086417
44	0.087334
45	0.086292
46	0.082625
47	0.084625
48	0.088417
49	0.0875
50	0.08575
51	0.083292
52	0.241916
53	0.082875
54	0.090625
55	0.085625
56	0.094875
57	0.08525
58	0.081166
59	0.083833
60	0.083
61	0.082958
62	0.088709
63	0.592792
64	0.114583
65	0.095833
66	0.079458
67	0.078209
68	0.077334
69	0.076291
70	0.18075
71	0.082291
72	0.076291
73	0.075333
74	0.075917
75	0.078917
76	0.076
77	0.093542
78	0.075833
79	0.143584
80	0.249
81	0.085292
82	0.079792
83	0.079708
84	0.079375
85	0.078333
86	0.094584
87	0.08075
88	0.076833
89	0.081625
90	0.075833
91	0.076291
92	0.075125
93	0.087833
94	0.082667
95	0.149042
96	0.351
97	0.221208
98	0.196
99	0.191792
100	0.189333
101	0.203042
102	0.238333
103	0.201125
104	0.211583
105	0.210208
106	0.184083
107	0.19975
108	0.190708
109	0.219583
110	0.188125
111	0.182583
112	0.203167
113	0.179958
114	0.177584
115	0.099667
116	0.078583
117	0.12875
118	0.0985
119	0.083625
120	0.075875
121	0.076292
122	0.073917
123	0.074
124	0.073666
125	0.0745
126	0.079834
127	0.121833
128	0.1955
129	0.267
130	0.220375
131	0.284958
132	0.263583
133	0.259042
134	0.153541
135	0.097792
136	0.079083
137	0.074167
138	0.072584
139	0.079042
140	0.073708
141	0.071416
142	0.079125
143	0.073917
144	0.069167
145	0.075875
146	0.069292
147	0.068375
148	0.071667
149	0.075666
150	0.068416
151	0.070667
152	0.066709
153	0.094042
154	0.06825
155	0.067208
156	0.068708
157	0.069958
158	0.070708
159	0.073458
160	0.07575
161	0.088541
162	0.076458
163	0.068791
164	0.080542
165	0.066833
166	0.071167
167	0.145375
168	0.317209
169	0.074625
170	0.071416
171	0.066
172	0.069083
173	0.067333
174	0.066958
175	0.066625
176	0.067042
177	0.069166
178	0.071125
179	0.066416
180	0.065334
181	0.06725
182	0.078792
183	0.069959
184	0.067083
185	0.074791
186	0.066541
187	0.065833
188	0.066666
189	0.066709
190	0.074625
191	0.081791
192	0.075083
193	0.068541
194	0.068083
195	0.069041
196	0.130417
197	0.069958
198	0.06525
199	0.06975
200	0.071
201	0.066417
202	0.065208
203	0.071666
204	0.065417
205	0.0655
206	0.06575
207	0.065125
208	0.065583
209	0.06475
210	0.064125
211	0.064667
212	0.065833
213	0.064291
214	0.066125
215	0.06825
216	0.065334
217	0.065458
218	0.066584
219	0.064541
220	0.066167
221	0.066084
222	0.065792
223	0.066208
224	0.066209
225	0.065
226	0.065333
227	0.065291
228	0.065084
229	0.064666
230	0.07325
231	0.072625
232	0.06425
233	0.066541
234	0.065125
235	0.067084
236	0.064916
237	0.066542
238	0.064291
239	0.065333
240	0.066291
241	0.065042
242	0.064292
243	0.067
244	0.064666
245	0.141958
246	0.530708
247	0.310708
248	0.187042
249	0.189291
250	0.165875
251	0.165
252	0.164625
253	0.16775
254	0.164917
255	0.3655
256	0.205417
257	0.166125
258	0.172791
259	0.166167
260	0.1685
261	0.242667
262	0.164083
263	0.183459
264	0.167917
265	0.171916
266	0.166708
267	0.163541
268	0.199542
269	0.228417
270	0.167666
271	0.168917
272	0.16975
273	0.113542
274	0.0775
275	0.071084
276	0.068667
277	0.069666
278	0.067833
279	0.073084
280	0.070834
281	0.071625
282	0.101833
283	0.0665
284	0.06925
285	0.080875
286	0.065125
287	0.066
288	0.066791
289	0.067
290	0.065292
291	0.0665
292	0.072792
293	0.06525
294	0.067625
295	0.081083
296	0.067125
297	0.093375
298	0.06725
299	0.066167
300	0.065958
301	0.066625
302	0.067416
303	0.067041
304	0.066083
305	0.063291
306	0.06275
307	0.066042
308	0.06625
309	0.064542
310	0.065541
311	0.068125
312	0.165166
313	0.06925
314	0.06525
315	0.064959
316	0.065167
317	0.066167
318	0.064209
319	0.2395
320	0.243583
321	0.388542
322	0.079709
323	0.06725
324	0.065416
325	0.063916
326	0.097042
327	0.089459
328	0.179
329	0.06575
330	0.064041
331	0.06425
332	0.070583
333	0.09525
334	0.064083
335	0.066292
336	0.063417
337	0.067709
338	0.067708
339	0.064833
340	0.066375
341	0.065667
342	0.069125
343	0.074625
344	0.063792
345	0.064417
346	0.116542
347	0.063584
348	0.064542
349	0.072167
350	0.06275
351	0.079667
352	0.070584
353	0.064916
354	0.062375
355	0.062958
356	0.162334
357	0.061959
358	0.063583
359	0.065709
360	0.061125
361	0.06175
362	0.065959
363	0.064416
364	0.064375
365	0.062625
366	0.070292
367	0.063459
368	0.068125
369	0.061416
370	0.063541
371	0.062041
372	0.061958
373	0.065584
374	0.062083
375	0.065417
376	0.063959
377	0.078167
378	0.060791
379	0.05925
380	0.059458
381	0.061666
382	0.058042
383	0.073291
384	0.061042
385	0.061291
386	0.0585
387	0.065791
388	0.066708
389	0.064459
390	0.060208
391	0.072291
392	0.059125
393	0.058625
394	0.058375
395	0.060666
396	0.058125
397	0.061167
398	0.06675
399	0.0595
400	0.059833
401	0.058583
402	0.05775
403	0.071458
404	0.058959
405	0.057541
406	0.059792
407	0.081084
408	0.058958
409	0.055333
410	0.067416
411	0.058166
412	0.056875
413	0.060167
414	0.06
415	0.058375
416	0.058458
417	0.0615
418	0.0575
419	0.060042
420	0.240875
421	0.218167
422	0.17
423	0.191792
424	0.240125
425	0.150834
426	0.285833
427	0.167625
428	0.13525
429	0.15475
430	0.134958
431	0.130834
432	0.134708
433	0.141083
434	0.128791
435	0.13175
436	0.125458
437	0.069125
438	0.063792
439	0.067
440	0.056625
441	0.057
442	0.056209
443	0.055666
444	0.059458
445	0.057708
446	0.056084
447	0.062
448	0.056959
449	0.0545
450	0.055875
451	0.057167
452	0.055417
453	0.055042
454	0.05775
455	0.060875
456	0.055375
457	0.054291
458	0.056125
459	0.057
460	0.057041
461	0.058125
462	0.055917
463	0.059583
464	0.05725
465	0.055291
466	0.055291
467	0.05575
468	0.087625
469	0.063375
470	0.055
471	0.062542
472	0.064917
473	0.08225
474	0.060625
475	0.05325
476	0.062958
477	0.055416
478	0.056292
479	0.055666
480	0.054625
481	0.056917
482	0.056833
483	0.055417
484	0.053417
485	0.051334
486	0.054
487	0.061542
488	0.053834
489	0.055375
490	0.052458
491	0.05525
492	0.056542
493	0.053917
494	0.053625
495	0.052125
496	0.053125
497	0.052875
498	0.052666
499	0.053166
500	0.054125
501	0.053833
502	0.054416
503	0.064792
504	0.054167
505	0.053167
506	0.052333
507	0.053708
508	0.052709
509	0.060791
510	0.055166
511	0.090791
512	0.05725
513	0.199666
514	0.263958
515	0.154542
516	0.22975
517	0.157041
518	0.131708
519	0.192541
520	0.124375
521	0.075041
522	0.059792
523	0.060667
524	0.056666
525	0.057417
526	0.055041
527	0.054042
528	0.055875
529	0.053917
530	0.054708
531	0.055083
532	0.053833
533	0.055875
534	0.054459
535	0.16475
536	0.339334
537	0.175208
538	0.085833
539	0.058333
540	0.055125
541	0.055375
542	0.053625
543	0.178917
544	0.150542
545	0.107834
546	0.250125
547	0.150958
548	0.05975
549	0.056458
550	0.054791
551	0.058667
552	0.056709
553	0.0555
554	0.055292
555	0.052917
556	0.056125
557	0.055084
558	0.05525
559	0.056333
560	0.05525
561	0.054291
562	0.057917
563	0.080041
564	0.057208
565	0.181333
566	0.212375
567	0.176667
568	0.152417
569	0.128167
570	0.125917
571	0.168458
572	0.126666
573	0.146542
574	0.132667
575	0.141792
576	0.139667
577	0.391917
578	0.13725
579	0.12075
580	0.121167
581	0.118125
582	0.118542
583	0.128125
584	0.118708
585	0.1215
586	0.12175
587	0.122167
588	0.119542
589	0.121875
590	0.120708
591	0.120459
592	0.120667
593	0.152459
594	0.117584
595	0.11775
596	0.121417
597	0.1145
598	0.116167
599	0.122375
600	0.113791
601	0.109375
602	0.112833
603	0.112
604	0.113125
605	0.113834
606	0.113958
607	0.112875
608	0.114542
609	0.112958
610	0.113416
611	0.111208
612	0.111625
613	0.109625
614	0.113041
615	0.134333
616	0.113166
617	0.109583
618	0.111583
619	0.110875
620	0.109708
621	0.108875
622	0.107459
623	0.109125
624	0.125167
625	0.109167
626	0.119583
627	0.10775
628	0.111042
629	0.10875
630	0.111084
631	0.12075
632	0.109208
633	0.205584
634	0.154375
635	0.132416
636	0.124916
637	0.113166
638	0.125958
639	0.1045
640	0.057791
641	0.053125
642	0.055125
643	0.052917
644	0.05175
645	0.169417
646	0.074958
647	0.107833
648	0.05125
649	0.049292
650	0.050709
651	0.052125
652	0.050083
653	0.048292
654	0.050625
655	0.054375
656	0.050584
657	0.049041
658	0.048375
659	0.049
660	0.048542
661	0.051292
662	0.050291
663	0.056084
664	0.052958
665	0.052959
666	0.058458
667	0.050458
668	0.053917
669	0.055667
670	0.055625
671	0.059
672	0.0595
673	0.056916
674	0.049667
675	0.052583
676	0.050542
677	0.049875
678	0.052166
679	0.080417
680	0.051667
681	0.04825
682	0.049
683	0.049875
684	0.049417
685	0.050333
686	0.048042
687	0.047709
688	0.083666
689	0.048833
690	0.047792
691	0.051083
692	0.05525
693	0.047375
694	0.048833
695	0.050625
696	0.049583
697	0.058
698	0.0485
699	0.0475
700	0.048667
701	0.047333
702	0.366584
703	0.127333
704	0.064458
705	0.051666
706	0.060167
707	0.048917
708	0.049417
709	0.047583
710	0.048542
711	0.050333
712	0.064333
713	0.047583
714	0.050834
715	0.047709
716	0.048542
717	0.04675
718	0.05075
719	0.047583
720	0.053375
721	0.046375
722	0.046875
723	0.046167
724	0.046541
725	0.046834
726	0.047083
727	0.165042
728	0.052667
729	0.046458
730	0.047583
731	0.045209
732	0.047416
733	0.049291
734	0.133167
735	0.140334
736	0.059084
737	0.053417
738	0.047625
739	0.044291
740	0.046042
741	0.046375
742	0.046041
743	0.0635
744	0.046667
745	0.045917
746	0.046333
747	0.051125
748	0.046541
749	0.045459
750	0.080791
751	0.050792
752	0.057083
753	0.047875
754	0.046
755	0.045833
756	0.044667
757	0.045667
758	0.046
759	0.048292
760	0.045959
761	0.05375
762	0.046458
763	0.046917
764	0.045625
765	0.045209
766	0.045125
767	0.044292
768	0.046458
769	0.047416
770	0.051917
771	0.045792
772	0.047458
773	0.047375
774	0.045667
775	0.047625
776	0.046041
777	0.046625
778	0.045334
779	0.04725
780	0.046208
781	0.044833
782	0.046084
783	0.04675
784	0.04575
785	0.046667
786	0.045291
787	0.044625
788	0.045708
789	0.046375
790	0.0475
791	0.04875
792	0.046167
793	0.045666
794	0.045292
795	0.043917
796	0.046042
797	0.047375
798	0.046125
799	0.044666
800	0.045041
801	0.044417
802	0.044958
803	0.044458
804	0.045709
805	0.0455
806	0.045958
807	0.060208
808	0.045167
809	0.044875
810	0.045875
811	0.044583
812	0.046584
813	0.044833
814	0.044958
815	0.044584
816	0.054167
817	0.044833
818	0.0455
819	0.043708
820	0.046459
821	0.046
822	0.0455
823	0.04725
824	0.045167
825	0.051875
826	0.047
827	0.046542
828	0.045292
829	0.045958
830	0.044
831	0.0455
832	0.045375
833	0.04275
834	0.050417
835	0.044042
836	0.046208
837	0.046542
838	0.04575
839	0.048083
840	0.045583
841	0.044709
842	0.045583
843	0.066916
844	0.054208
845	0.04525
846	0.045834
847	0.045208
848	0.100208
849	0.065209
850	0.04875
851	0.048833
852	0.070917
853	0.045667
854	0.046166
855	0.048417
856	0.045791
857	0.046542
858	0.045166
859	0.045834
860	0.047834
861	0.059875
862	0.047042
863	0.046792
864	0.0465
865	0.045125
866	0.046541
867	0.046375
868	0.045083
869	0.04575
870	0.047625
871	0.060208
872	0.045333
873	0.047375
874	0.04375
875	0.045792
876	0.046083
877	0.046417
878	0.044875
879	0.045958
880	0.056292
881	0.046916
882	0.045583
883	0.054291
884	0.046875
885	0.045
886	0.046167
887	0.046583
888	0.045875
889	0.053708
890	0.047709
891	0.045875
892	0.046792
893	0.04525
894	0.044583
895	0.047583
896	0.044292
897	0.04425
898	0.05225
899	0.044583
900	0.045792
901	0.046542
902	0.046292
903	0.048375
904	0.044625
905	0.046625
906	0.045625
907	0.04875
908	0.045542
909	0.045958
910	0.046208
911	0.045333
912	0.04575
913	0.044542
914	0.04475
915	0.044416
916	0.059417
917	0.045625
918	0.04525
919	0.048208
920	0.045625
921	0.045167
922	0.046
923	0.04475
924	0.046916
925	0.059583
926	0.048125
927	0.04575
928	0.046958
929	0.066916
930	0.044792
931	0.045125
932	0.04475
933	0.044708
934	0.048042
935	0.069
936	0.045625
937	0.045709
938	0.0455
939	0.046042
940	0.045292
941	0.046083
942	0.048
943	0.049208
944	0.061417
945	0.0465
946	0.048416
947	0.047083
948	0.047458
949	0.048667
950	0.044792
951	0.049208
952	0.043625
953	0.053333
954	0.045416
955	0.053
956	0.045291
957	0.043542
958	0.049292
959	0.045083
960	0.046084
961	0.056458
962	0.200084
963	0.078334
964	0.046292
965	0.045542
966	0.044834
967	0.049042
968	0.044708
969	0.044417
970	0.04475
971	0.051333
972	0.044625
973	0.044334
974	0.045667
975	0.048208
976	0.046166
977	0.045375
978	0.046417
979	0.04525
980	0.059208
981	0.045334
982	0.043041
983	0.049958
984	0.048375
985	0.046792
986	0.047458
987	0.0515
988	0.04875
989	0.057459
990	0.044708
991	0.045416
992	0.046375
993	0.043959
994	0.04525
995	0.045208
996	0.043375
997	0.045042
998	0.045833
999	0.059084
1000	0.045833
1001	0.046417
1002	0.04675
1003	0.044208
1004	0.045584
1005	0.04625
1006	0.043834
1007	0.047209
1008	0.05425
1009	0.045417
1010	0.046542
1011	0.045625
1012	0.044666
1013	0.04825
1014	0.0715
1015	0.047333
1016	0.044959
1017	0.053625
1018	0.045416
1019	0.047
1020	0.044875
1021	0.045875
1022	0.04475
1023	0.048916
1024	0.046959
1025	0.047958
1026	0.2515
1027	0.415333
1028	0.134291
1029	0.117208
1030	0.062209
1031	0.051333
1032	0.056542
1033	0.048958
1034	0.044292
1035	0.059166
1036	0.056167
1037	0.047667
1038	0.047541
1039	0.047375
1040	0.053208
1041	0.044625
1042	0.045541
1043	0.0445
1044	0.050958
1045	0.051667
1046	0.04725
1047	0.094833
1048	0.106125
1049	0.04725
1050	0.045042
1051	0.046625
1052	0.045292
1053	0.062833
1054	0.044334
1055	0.044833
1056	0.045417
1057	0.053583
1058	0.0445
1059	0.045875
1060	0.045
1061	0.046833
1062	0.047084
1063	0.060334
1064	0.116083
1065	0.047792
1066	0.046458
1067	0.045584
1068	0.047042
1069	0.045708
1070	0.044042
1071	0.045792
1072	0.059708
1073	0.045417
1074	0.052958
1075	0.049667
1076	0.045458
1077	0.044917
1078	0.044791
1079	0.047541
1080	0.044209
1081	0.056208
1082	0.047625
1083	0.045167
1084	0.044708
1085	0.046667
1086	0.045667
1087	0.050583
1088	0.046583
1089	0.048875
1090	0.055708
1091	0.04725
1092	0.046042
1093	0.049917
1094	0.046458
1095	0.048834
1096	0.045541
1097	0.044708
1098	0.045458
1099	0.052042
1100	0.046
1101	0.045583
1102	0.044625
1103	0.045542
1104	0.044917
1105	0.048042
1106	0.047583
1107	0.048292
1108	0.049959
1109	0.04475
1110	0.046334
1111	0.046875
1112	0.045709
1113	0.044166
1114	0.045584
1115	0.045625
1116	0.046459
1117	0.059792
1118	0.044709
1119	0.044459
1120	0.044708
1121	0.046084
1122	0.045791
1123	0.076375
1124	0.045959
1125	0.046958
1126	0.046375
1127	0.061958
1128	0.04525
1129	0.045625
1130	0.044333
1131	0.044625
1132	0.045042
1133	0.047875
1134	0.044083
1135	0.046042
1136	0.071917
1137	0.047083
1138	0.044584
1139	0.044875
1140	0.045792
1141	0.043458
1142	0.052542
1143	0.047792
1144	0.047333
1145	0.092542
1146	0.068917
1147	0.067583
1148	0.046167
1149	0.044417
1150	0.045417
1151	0.048834
1152	0.053666
1153	0.047958
1154	0.054625
1155	0.0465
1156	0.045084
1157	0.045666
1158	0.046875
1159	0.048792
1160	0.089583
1161	0.047709
1162	0.046666
1163	0.054834
1164	0.047541
1165	0.04375
1166	0.046666
1167	0.043959
1168	0.062666
1169	0.046417
1170	0.044958
1171	0.046333
1172	0.064375
1173	0.0525
1174	0.048375
1175	0.04775
1176	0.046042
1177	0.052084
1178	0.054542
1179	0.051042
1180	0.054458
1181	0.053583
1182	0.046916
1183	0.051917
1184	0.048083
1185	0.045708
1186	0.046333
1187	0.04625
1188	0.052792
1189	0.045333
1190	0.048625
1191	0.069625
1192	0.046542
1193	0.048458
1194	0.049292
1195	0.04675
1196	0.047334
1197	0.048125
1198	0.0465
1199	0.045042
1200	0.059333
1201	0.050416
1202	0.047333
1203	0.047708
1204	0.046083
1205	0.046959
1206	0.04525
1207	0.047959
1208	0.04575
1209	0.071542
1210	0.050458
1211	0.046667
1212	0.056291
1213	0.042
1214	0.037792
1215	0.037875
1216	0.037833
1217	0.038542
1218	0.03775
1219	0.037208
1220	0.038916
1221	0.036125
1222	0.039334
1223	0.041417
1224	0.037583
1225	0.038334
1226	0.039625
1227	0.047084
1228	0.03775
1229	0.037708
1230	0.0375
1231	0.038084
1232	0.03875
1233	0.037167
1234	0.036958
1235	0.037709
1236	0.039292
1237	0.038292
1238	0.039542
1239	0.03975
1240	0.040083
1241	0.039375
1242	0.042375
1243	0.039875
1244	0.036417
1245	0.037
1246	0.038459
1247	0.0375
1248	0.039375
1249	0.037167
1250	0.037667
1251	0.037291
1252	0.038375
1253	0.039708
1254	0.037667
1255	0.060666
1256	0.053167
1257	0.040709
1258	0.04075
1259	0.039083
1260	0.0385
1261	0.038167
1262	0.04775
1263	0.039709
1264	0.038208
1265	0.037542
1266	0.038042
1267	0.043208
1268	0.040042
1269	0.040084
1270	0.039875
1271	0.04
1272	0.040583
1273	0.039042
1274	0.036542
1275	0.042
1276	0.080334
1277	0.054334
1278	0.038666
1279	0.037292
1280	0.037833
1281	5.339666
1282	0.101333
1283	0.042167
1284	0.044
1285	0.135416
1286	0.052083
1287	0.047584
1288	0.040542
1289	0.040458
1290	0.0415
1291	0.043042
1292	0.043292
1293	0.048542
1294	0.03725
1295	0.043125
1296	0.041291
1297	0.041125
1298	0.041416
1299	0.038583
1300	0.041709
1301	0.049458
1302	0.044959
1303	0.07075
1304	0.058458
1305	0.150375
1306	0.063459
1307	0.039833
1308	0.0375
1309	0.038709
1310	0.040292
1311	0.0375
1312	0.037875
1313	0.03975
1314	0.036833
1315	0.037583
1316	0.037958
1317	0.039792
1318	0.054916
1319	0.040959
1320	0.065209
1321	0.055542
1322	0.044416
1323	0.03825
1324	0.036792
1325	0.039125
1326	0.043792
1327	0.041209
1328	0.039333
1329	0.036667
1330	0.036375
1331	0.036875
1332	0.037958
1333	0.037292
1334	0.038125
1335	0.039208
1336	0.038375
1337	0.037167
1338	0.0495
1339	0.037208
1340	0.039625
1341	0.044458
1342	0.03825
1343	0.038917
1344	0.04475
1345	0.039917
1346	0.037208
1347	0.038042
1348	0.038417
1349	0.037083
1350	0.038375
1351	0.039125
1352	0.037916
1353	0.037625
1354	0.039042
1355	0.036542
1356	0.037333
1357	0.037125
1358	0.038167
1359	0.038042
1360	0.038666
1361	0.039625
1362	0.040292
1363	0.040208
1364	0.085583
1365	0.04325
1366	0.038708
1367	0.038959
1368	0.039208
1369	0.040166
1370	0.038625
1371	0.0385
1372	0.038875
1373	0.039834
1374	0.037
1375	0.037042
1376	0.038792
1377	0.039083
1378	0.037541
1379	0.039917
1380	0.038583
1381	0.036958
1382	0.036583
1383	0.039458
1384	0.041125
1385	0.037333
1386	0.037166
1387	0.036709
1388	0.038167
1389	0.037583
1390	0.038541
1391	0.038209
1392	0.036334
1393	0.041333
1394	0.037459
1395	0.037875
1396	0.036541
1397	0.036375
1398	0.036375
1399	0.048209
1400	0.046416
1401	0.037791
1402	0.03775
1403	0.037
1404	0.040167
1405	0.037041
1406	0.037875
1407	0.036375
1408	0.03675
1409	0.038291
1410	0.039042
1411	0.036375
1412	0.036875
1413	0.038458
1414	0.037375
1415	0.039542
1416	0.0375
1417	0.037959
1418	0.037417
1419	0.035458
1420	0.036833
1421	0.037125
1422	0.041833
1423	0.036667
1424	0.042042
1425	0.037583
1426	0.036292
1427	0.037166
1428	0.173667
1429	0.042958
1430	0.039167
1431	0.040625
1432	0.039209
1433	0.038958
1434	0.049917
1435	0.045208
1436	0.039833
1437	0.049375
1438	0.038834
1439	0.039042
1440	0.036333
1441	0.036417
1442	0.036292
1443	0.037292
1444	0.037
1445	0.035584
1446	0.036583
1447	0.040833
1448	0.036875
1449	0.036667
1450	0.037375
1451	0.036125
1452	0.0365
1453	0.037208
1454	0.038542
1455	0.036166
1456	0.0365
1457	0.039334
1458	0.039083
1459	0.036125
1460	0.036334
1461	0.037083
1462	0.037333
1463	0.039208
1464	0.035708
1465	0.037875
1466	0.036083
1467	0.035584
1468	0.037792
1469	0.037625
1470	0.03675
1471	0.035917
1472	0.084792
1473	0.038709
1474	0.038334
1475	0.036083
1476	0.039417
1477	0.040167
1478	0.037375
1479	0.039333
1480	0.037709
1481	0.037333
1482	0.036375
1483	0.035709
1484	0.038042
1485	0.035791
1486	0.037417
1487	0.037625
1488	0.036625
1489	0.036208
1490	0.03675
1491	0.037583
1492	0.034834
1493	0.035875
1494	0.036042
1495	0.0395
1496	0.038666
1497	0.038125
1498	0.036917
1499	0.037792
1500	0.036208
1501	0.036042
1502	0.037333
1503	0.035916
1504	0.036667
1505	0.036542
1506	0.037625
1507	0.036292
1508	0.035791
1509	0.036625
1510	0.037041
1511	0.037292
1512	0.035667
1513	0.0435
1514	0.042
1515	0.039041
1516	0.041042
1517	0.038291
1518	0.036708
1519	0.037083
1520	0.037333
1521	0.038375
1522	0.036541
1523	0.03775
1524	0.040625
1525	0.036917
1526	0.036708
1527	0.038
1528	0.038584
1529	0.036125
1530	0.037709
1531	0.179958
1532	0.158875
1533	0.150416
1534	0.142417
1535	0.096959
1536	0.103208
1537	0.11025
1538	0.101875
1539	0.094958
1540	0.093916
1541	0.08625
1542	0.086042
1543	0.095708
1544	0.087125
1545	0.087541
1546	0.097458
1547	0.089625
1548	0.083625
1549	0.08675
1550	0.088958
1551	0.087792
1552	0.086291
1553	0.083792
1554	0.08525
1555	0.087542
1556	0.102625
1557	0.090458
1558	0.19
1559	0.092583
1560	0.089
1561	0.088334
1562	0.09175
1563	0.083583
1564	0.141792
1565	0.120208
1566	0.094125
1567	0.08925
1568	0.087291
1569	0.091666
1570	0.07025
1571	0.038459
1572	0.035833
1573	0.038
1574	0.037791
1575	0.041834
1576	0.038917
1577	0.035916
1578	0.041333
1579	0.036041
1580	0.039167
1581	0.03625
1582	0.035958
1583	0.037041
1584	0.086375
1585	0.035708
1586	0.034625
1587	0.033625
1588	0.034334
1589	0.117583
1590	0.036292
1591	0.0365
1592	0.034875
1593	0.034625
1594	0.036
1595	0.035541
1596	0.035458
1597	0.0365
1598	0.052291
1599	0.037
1600	0.035792
1601	0.03525
1602	0.035
1603	0.034542
1604	0.036334
1605	0.033917
1606	0.037291
1607	0.038375
1608	0.03475
1609	0.033834
1610	0.037708
1611	0.035208
1612	0.034125
1613	0.035709
1614	0.048791
1615	0.076042
1616	0.042
1617	0.036792
1618	0.035792
1619	0.036958
1620	0.066042
1621	0.036125
1622	0.035333
1623	0.036167
1624	0.0345
1625	0.034209
1626	0.035583
1627	0.034875
1628	0.033708
1629	0.089
1630	0.045583
1631	0.034083
1632	0.034291
1633	0.03325
1634	0.033708
1635	0.035125
1636	0.034
1637	0.03525
1638	0.036167
1639	0.049917
1640	0.035666
1641	0.034916
1642	0.034167
1643	0.034584
1644	0.034375
1645	0.035625
1646	0.033958
1647	0.034292
1648	0.034375
1649	0.0345
1650	0.034291
1651	0.040959
1652	0.034417
1653	0.03525
1654	0.034
1655	0.037583
1656	0.037
1657	0.044833
1658	0.036333
1659	0.036042
1660	0.043333
1661	0.031959
1662	0.033041
1663	0.033791
1664	0.033666
1665	0.030375
1666	0.040166
1667	0.046959
1668	0.043417
1669	0.037875
1670	0.03125
1671	0.032875
1672	0.03125
1673	0.030541
1674	0.030334
1675	0.03175
1676	0.031042
1677	0.032
1678	0.032959
1679	0.032917
1680	0.033459
1681	0.030916
1682	0.031666
1683	0.031083
1684	0.032708
1685	0.031959
1686	0.030458
1687	0.034375
1688	0.030584
1689	0.030792
1690	0.031708
1691	0.030458
1692	0.031
1693	0.030709
1694	0.030916
1695	0.031959
1696	0.031125
1697	0.030666
1698	0.031708
1699	0.031125
1700	0.033084
1701	0.031958
1702	0.0315
1703	0.03075
1704	0.0325
1705	0.031083
1706	0.031084
1707	0.031958
1708	0.033875
1709	0.057333
1710	0.030875
1711	0.031291
1712	0.030875
1713	0.031417
1714	0.031333
1715	0.03225
1716	0.267
1717	0.142792
1718	0.102292
1719	0.098
1720	0.087167
1721	0.098333
1722	0.087875
1723	0.17525
1724	0.130375
1725	0.09925
1726	0.09525
1727	0.078292
1728	0.0745
1729	0.078209
1730	0.074708
1731	0.081458
1732	0.097333
1733	0.082959
1734	0.103208
1735	0.104333
1736	0.077208
1737	0.11575
1738	0.086375
1739	0.130958
1740	0.104042
1741	0.094459
1742	0.096125
1743	0.084375
1744	0.118916
1745	0.040166
1746	0.032042
1747	0.030125
1748	0.0305
1749	0.029958
1750	0.030292
1751	0.029625
1752	0.029167
1753	0.031
1754	0.1065
1755	0.031
1756	0.033708
1757	0.029666
1758	0.02975
1759	0.03025
1760	0.031375
1761	0.029792
1762	0.076
1763	0.131917
1764	0.10975
1765	0.090375
1766	0.095625
1767	0.099375
1768	0.076292
1769	0.073042
1770	0.084584
1771	0.0815
1772	0.094375
1773	0.123625
1774	0.10975
1775	0.122333
1776	0.126417
1777	0.107958
1778	0.09425
1779	0.099
1780	0.044708
1781	0.033625
1782	0.031959
1783	0.076584
1784	0.032375
1785	0.029875
1786	0.030666
1787	0.030625
1788	0.030125
1789	0.030375
1790	0.029625
1791	0.029792
1792	0.030041
1793	0.035375
1794	0.0315
1795	0.041792
1796	0.033791
1797	0.031791
1798	0.030792
1799	0.031292
1800	0.031042
1801	0.029458
1802	0.030375
1803	0.029917
1804	0.029334
1805	0.036166
1806	0.088875
1807	0.1935
1808	0.114417
1809	0.156542
1810	0.055875
1811	0.035917
1812	0.038375
1813	0.033875
1814	0.036291
1815	0.057166
1816	0.040084
1817	0.03475
1818	0.036833
1819	0.033083
1820	0.034375
1821	0.034541
1822	0.03425
1823	0.033625
1824	0.034375
1825	0.033041
1826	0.036667
1827	0.033209
1828	0.032958
1829	0.034
1830	0.036083
1831	0.034208
1832	0.03325
1833	0.035875
1834	0.247791
1835	0.162542
1836	0.098959
1837	0.046916
1838	0.036
1839	0.035083
1840	0.032709
1841	0.0335
1842	0.103583
1843	0.045791
1844	0.033042
1845	0.032666
1846	0.034167
1847	0.033875
1848	0.032458
1849	0.033459
1850	0.035042
1851	0.044375
1852	0.038917
1853	0.034542
1854	0.032625
1855	0.032792
1856	0.03325
1857	0.033667
1858	0.034166
1859	0.033042
1860	0.03775
1861	0.034666
1862	0.033041
1863	0.033583
1864	0.033334
1865	0.032709
1866	0.033834
1867	0.0325
1868	0.032708
1869	0.030958
1870	0.030959
1871	0.032958
1872	0.032958
1873	0.037166
1874	0.034709
1875	0.034
1876	0.031833
1877	0.032209
1878	0.034333
1879	0.032416
1880	0.03275
1881	0.033667
1882	0.033583
1883	0.032291
1884	0.03325
1885	0.03375
1886	0.033458
1887	0.03475
1888	0.104042
1889	0.03675
1890	0.034458
1891	0.033709
1892	0.033667
1893	0.033792
1894	0.037167
1895	0.034042
1896	0.034375
1897	0.034208
1898	0.033792
1899	0.032583
1900	0.039292
1901	0.032125
1902	0.032833
1903	0.031292
1904	0.032
1905	0.032958
1906	0.034167
1907	0.032625
1908	0.051
1909	0.034084
1910	0.032
1911	0.034167
1912	0.047958
1913	0.029583
1914	0.0325
1915	0.033083
1916	0.03125
1917	0.034416
1918	0.035416
1919	0.0325
1920	0.034958
1921	0.032958
1922	0.0345
1923	0.033083
1924	0.033792
1925	0.040417
1926	0.034084
1927	0.033208
1928	0.033667
1929	0.03225
1930	0.031166
1931	0.032541
1932	0.031583
1933	0.033083
1934	0.029041
1935	0.030667
1936	0.031125
1937	0.120625
1938	0.04
1939	0.033291
1940	0.031875
1941	0.033709
1942	0.030208
1943	0.033084
1944	0.033542
1945	0.030834
1946	0.033375
1947	0.032625
1948	0.030791
1949	0.030333
1950	0.032
1951	0.033833
1952	0.032458
1953	0.031667
1954	0.031083
1955	0.031791
1956	0.04
1957	0.034
1958	0.033375
1959	0.031084
1960	0.030541
1961	0.033583
1962	0.032458
1963	0.058667
1964	0.0545
1965	0.035333
1966	0.033
1967	0.095125
1968	0.029541
1969	0.032791
1970	0.031958
1971	0.031
1972	0.031834
1973	0.078875
1974	0.031666
1975	0.033917
1976	0.031125
1977	0.032792
1978	0.041667
1979	0.035625
1980	0.050333
1981	0.033334
1982	0.033292
1983	0.032
1984	0.033708
1985	0.030708
1986	0.035333
1987	0.043375
1988	0.034875
1989	0.034167
1990	0.033292
1991	0.03225
1992	0.033292
1993	0.03175
1994	0.033333
1995	0.03325
1996	0.031583
1997	0.036084
1998	0.034833
1999	0.032375
2000	0.039542
2001	0.03125
2002	0.028625
2003	0.031833
2004	0.028792
2005	0.0305
2006	0.028333
2007	0.027584
2008	0.029
2009	0.029584
2010	0.030542
2011	0.0285
2012	0.029584
2013	0.028542
2014	0.032917
2015	0.036375
2016	0.029375
2017	0.027166
2018	0.029334
2019	0.11775
2020	0.045833
2021	0.035583
2022	0.032959
2023	0.033125
2024	0.032541
2025	0.030167
2026	0.032792
2027	0.029416
2028	0.037417
2029	0.03
2030	0.029583
2031	0.029334
2032	0.02925
2033	0.030792
2034	0.038917
2035	0.032292
2036	0.067375
2037	0.030417
2038	0.030583
2039	0.03475
2040	0.030125
2041	0.031
2042	0.031625
2043	0.031083
2044	0.031458
2045	0.030708
2046	0.032084
2047	0.037
2048	0.030833
2049	0.032291
2050	0.032375
2051	0.041875
2052	0.041
2053	0.033667
2054	0.029166
2055	0.031834
2056	0.031292
2057	0.031333
2058	0.032208
2059	0.030959
2060	0.030333
2061	0.032167
2062	0.030667
2063	0.033792
2064	0.031958
2065	0.034208
2066	0.031083
2067	0.036166
2068	0.03625
2069	0.030333
2070	0.033584
2071	0.032542
2072	0.030625
2073	0.032834
2074	0.030958
2075	0.032792
2076	0.032458
2077	0.030792
2078	0.037958
2079	0.033833
2080	0.036917
2081	0.031541
2082	0.033542
2083	0.040125
2084	0.035292
2085	0.031542
2086	0.032042
2087	0.030833
2088	0.030458
2089	0.031834
2090	0.029917
2091	0.031917
2092	0.032959
2093	0.032792
2094	0.036416
2095	0.031542
2096	0.032917
2097	0.0285
2098	0.028458
2099	0.031875
2100	0.029833
2101	0.030333
2102	0.031375
2103	0.037208
2104	0.034291
2105	0.03125
2106	0.033167
2107	0.033
2108	0.030375
2109	0.03375
2110	0.029417
2111	0.036
2112	0.036334
2113	0.033708
2114	0.03175
2115	0.031292
2116	0.033417
2117	0.032166
2118	0.033542
2119	0.034
2120	0.032708
2121	0.032083
2122	0.030083
2123	0.032958
2124	0.030833
2125	0.031708
2126	0.030417
2127	0.029958
2128	0.030333
2129	0.029459
2130	0.031042
2131	0.032666
2132	0.029917
2133	0.030625
2134	0.030792
2135	0.028541
2136	0.036417
2137	0.0295
2138	0.029709
2139	0.030458
2140	0.029084
2141	0.028625
2142	0.031167
2143	0.029375
2144	0.03
2145	0.028958
2146	0.028542
2147	0.029292
2148	0.030208
2149	0.027333
2150	0.028542
2151	0.030583
2152	0.029167
2153	0.027916
2154	0.029667
2155	0.029292
2156	0.027958
2157	0.029209
2158	0.029333
2159	0.028625
2160	0.030583
2161	0.051167
2162	0.043583
2163	0.033667
2164	0.030542
2165	0.028333
2166	0.029625
2167	0.030583
2168	0.030667
2169	0.029333
2170	0.031333
2171	0.030375
2172	0.031834
2173	0.0305
2174	0.03
2175	0.070875
2176	0.03125
2177	0.029834
2178	0.05
2179	0.045208
2180	0.035583
2181	0.033375
2182	0.029333
2183	0.034583
2184	0.030708
2185	0.033542
2186	0.037083
2187	0.05575
2188	0.048209
2189	0.02975
2190	0.027958
2191	0.029208
2192	0.029125
2193	0.028208
2194	0.035583
2195	0.029167
2196	0.031167
2197	0.030541
2198	0.029167
2199	0.030125
2200	0.030292
2201	0.029041
2202	0.03
2203	0.030458
2204	0.031417
2205	0.031417
2206	0.198666
2207	0.043
2208	0.035166
2209	0.032375
2210	0.030584
2211	0.032417
2212	0.033041
2213	0.040042
2214	0.03225
2215	0.029834
2216	0.031417
2217	0.030375
2218	0.028916
2219	0.030667
2220	0.033125
2221	0.033125
2222	0.074583
2223	0.031417
2224	0.030458
2225	0.032708
2226	0.03075
2227	0.032292
2228	0.031041
2229	0.032542
2230	0.027083
2231	0.031
2232	0.02975
2233	0.03125
2234	0.031541
2235	0.031209
2236	0.028958
2237	0.029666
2238	0.03025
2239	0.029875
2240	0.030459
2241	0.03
2242	0.028291
2243	0.02975
2244	0.02975
2245	0.028
2246	0.030917
2247	0.030083
2248	0.03025
2249	0.029792
2250	0.029625
2251	0.029708
2252	0.030333
2253	0.029333
2254	0.029458
2255	0.027584
2256	0.02825
2257	0.028167
2258	0.031666
2259	0.030083
2260	0.029792
2261	0.028167
2262	0.030417
2263	0.026791
2264	0.028875
2265	0.029875
2266	0.034041
2267	0.029334
2268	0.029
2269	0.029291
2270	0.029417
2271	0.027834
2272	0.0315
2273	0.028416
2274	0.027875
2275	0.028917
2276	0.031416
2277	0.033208
2278	0.028
2279	0.028833
2280	0.031291
2281	0.030458
2282	0.031125
2283	0.029833
2284	0.029125
2285	0.029709
2286	0.030833
2287	0.028083
2288	0.047834
2289	0.202875
2290	0.105791
2291	0.070125
2292	0.075
2293	0.070625
2294	0.074459
2295	0.075875
2296	0.075291
2297	0.069
2298	0.07075
2299	0.06575
2300	0.065208
2301	0.04025
2302	0.031417
2303	0.029583
2304	0.03125
2305	0.031917
2306	0.0285
2307	0.030125
2308	0.047666
2309	0.033292
2310	0.029458
2311	0.034208
2312	0.030167
2313	0.029625
2314	0.030583
2315	0.029125
2316	0.029291
2317	0.030042
2318	0.03
2319	0.030167
2320	0.028875
2321	0.028667
2322	0.030375
2323	0.028417
2324	0.032209
2325	0.026542
2326	0.030875
2327	0.027542
2328	0.0275
2329	0.028
2330	0.029667
2331	0.029125
2332	0.029458
2333	0.029375
2334	0.029458
2335	0.027458
2336	0.029708
2337	0.02975
2338	0.027791
2339	0.02775
2340	0.031167
2341	0.033708
2342	0.044625
2343	0.0315
2344	0.03675
2345	0.028292
2346	0.028667
2347	0.031084
2348	0.027667
2349	0.072542
2350	0.045042
2351	0.030625
2352	0.040958
2353	0.038375
2354	0.036417
2355	0.038792
2356	0.034125
2357	0.034292
2358	0.039792
2359	0.028834
2360	0.030625
2361	0.026417
2362	0.036917
2363	0.029291
2364	0.028458
2365	0.028667
2366	0.028292
2367	0.031542
2368	0.031875
2369	0.030041
2370	0.029333
2371	0.029667
2372	0.0305
2373	0.028542
2374	0.026708
2375	0.028792
2376	0.028708
2377	0.029875
2378	0.030542
2379	0.03
2380	0.028958
2381	0.027958
2382	0.029709
2383	0.029041
2384	0.026792
2385	0.030916
2386	0.034375
2387	0.02875
2388	0.029291
2389	0.028459
2390	0.029875
2391	0.030333
2392	0.030625
2393	0.030042
2394	0.028208
2395	0.09725
2396	0.031584
2397	0.030334
2398	0.033
2399	0.030584
2400	0.0315
2401	0.029708
2402	0.029625
2403	0.030333
2404	0.029917
2405	0.031333
2406	0.02825
2407	0.029208
2408	0.028542
2409	0.029291
2410	0.027291
2411	0.028167
2412	0.027583
2413	0.02725
2414	0.030875
2415	0.029208
2416	0.028875
2417	0.033667
2418	0.028833
2419	0.028833
2420	0.029834
2421	0.028333
2422	0.029042
2423	0.028958
2424	0.028
2425	0.033667
2426	0.029458
2427	0.027792
2428	0.0285
2429	0.029
2430	0.029375
2431	0.029
2432	0.027875
2433	0.029709
2434	0.029667
2435	0.029541
2436	0.028917
2437	0.028292
2438	0.029584
2439	0.030417
2440	0.029208
2441	0.029375
2442	0.148042
2443	0.049833
2444	0.029708
2445	0.028583
2446	0.028166
2447	0.029125
2448	0.033167
2449	0.027125
2450	0.026708
2451	0.027375
2452	0.028625
2453	0.028167
2454	0.027084
2455	0.0285
2456	0.027208
2457	0.029125
2458	0.027167
2459	0.029375
2460	0.028542
2461	0.028041
2462	0.133166
2463	0.08825
2464	0.032375
2465	0.029583
2466	0.031917
2467	0.028042
2468	0.029417
2469	0.030042
2470	0.029542
2471	0.029083
2472	0.029041
2473	0.029292
2474	0.028625
2475	0.028875
2476	0.028833
2477	0.02975
2478	0.030208
2479	0.028375
2480	0.027292
2481	0.026417
2482	0.031083
2483	0.027417
2484	0.027917
2485	0.029167
2486	0.025666
2487	0.028083
2488	0.029167
2489	0.027708
2490	0.028375
2491	0.027834
2492	0.028875
2493	0.02725
2494	0.033709
2495	0.027542
2496	0.030083
2497	0.035625
2498	0.03825
2499	0.0255
2500	0.02775
2501	0.056208
2502	0.03725
2503	0.029958
2504	0.028083
2505	0.028208
2506	0.0285
2507	0.027708
2508	0.029333
2509	0.027083
2510	0.032625
2511	0.02725
2512	0.026959
2513	0.027083
2514	0.026958
2515	0.026042
2516	0.025292
2517	0.027791
2518	0.027833
2519	0.028084
2520	0.026542
2521	0.027958
2522	0.026667
2523	0.026417
2524	0.027
2525	0.026
2526	0.027959
2527	0.028125
2528	0.026875
2529	0.025708
2530	0.026583
2531	0.026292
2532	0.025583
2533	0.027375
2534	0.028584
2535	0.027291
2536	0.028208
2537	0.028291
2538	0.028
2539	0.02775
2540	0.026917
2541	0.027166
2542	0.0265
2543	0.029792
2544	0.026916
2545	0.027
2546	0.02775
2547	0.029292
2548	0.028417
2549	0.024791
2550	0.02825
2551	0.027833
2552	0.027375
2553	0.026625
2554	0.027667
2555	0.032667
2556	0.028
2557	0.026958
2558	0.026833
2559	0.027417
2560	0.026959
2561	0.028166
2562	0.041042
2563	0.036833
2564	0.033209
2565	0.028542
2566	0.027625
2567	0.049958
2568	0.034167
2569	0.026542
2570	0.027667
2571	0.026416
2572	0.038458
2573	0.027583
2574	0.026667
2575	0.028
2576	0.048625
2577	0.026875
2578	0.025584
2579	0.027792
2580	0.028
2581	0.027167
2582	0.028958
2583	0.028792
2584	0.025708
2585	0.028125
2586	0.02725
2587	0.027459
2588	0.027375
2589	0.029666
2590	0.026875
2591	0.027625
2592	0.027375
2593	0.02775
2594	0.027458
2595	0.025417
2596	0.024833
2597	0.026208
2598	0.026417
2599	0.026167
2600	0.027041
2601	0.025209
2602	0.026875
2603	0.026
2604	0.027208
2605	0.026708
2606	0.025292
2607	0.025875
2608	0.02725
2609	0.0255
2610	0.026417
2611	0.027125
2612	0.026
2613	0.026458
2614	0.027208
2615	0.026583
2616	0.025709
2617	0.027292
2618	0.02775
2619	0.031708
2620	0.027333
2621	0.026667
2622	0.026625
2623	0.025791
2624	0.027834
2625	0.0285
2626	0.026666
2627	0.026667
2628	0.027375
2629	0.026709
2630	0.027834
2631	0.028834
2632	0.026792
2633	0.026333
2634	0.027208
2635	0.028083
2636	0.025917
2637	0.026084
2638	0.025417
2639	0.027125
2640	0.026958
2641	0.026458
2642	0.026
2643	0.0285
2644	0.026875
2645	0.026958
2646	0.027333
2647	0.025584
2648	0.02625
2649	0.025584
2650	0.026834
2651	0.026084
2652	0.026375
2653	0.026542
2654	0.026458
2655	0.0265
2656	0.025042
2657	0.024917
2658	0.026458
2659	0.025625
2660	0.033916
2661	0.027125
2662	0.026416
2663	0.025584
2664	0.025667
2665	0.02525
2666	0.025167
2667	0.026291
2668	0.025833
2669	0.094542
2670	0.041
2671	0.027209
2672	0.026667
2673	0.025
2674	0.028167
2675	0.02575
2676	0.025833
2677	0.025334
2678	0.026
2679	0.024917
2680	0.0285
2681	0.028666
2682	0.028084
2683	0.025584
2684	0.027
2685	0.028166
2686	0.03
2687	0.027458
2688	0.028708
2689	0.027541
2690	0.028917
2691	0.029792
2692	0.028292
2693	0.028959
2694	0.027208
2695	0.026667
2696	0.029417
2697	0.029125
2698	0.027
2699	0.027417
2700	0.028375
2701	0.026667
2702	0.02825
2703	0.027583
2704	0.026458
2705	0.027125
2706	0.026792
2707	0.028291
2708	0.026042
2709	0.027792
2710	0.0275
2711	0.026083
2712	0.027
2713	0.027166
2714	0.027083
2715	0.027833
2716	0.027458
2717	0.042625
2718	0.028125
2719	0.02775
2720	0.026542
2721	0.027209
2722	0.027125
2723	0.027625
2724	0.027542
2725	0.027167
2726	0.029167
2727	0.027958
2728	0.027417
2729	0.027125
2730	0.027125
2731	0.027083
2732	0.027084
2733	0.03325
2734	0.026334
2735	0.026167
2736	0.024916
2737	0.025792
2738	0.025375
2739	0.027458
2740	0.027458
2741	0.02675
2742	0.025625
2743	0.02675
2744	0.026792
2745	0.026125
2746	0.029
2747	0.027125
2748	0.02775
2749	0.028458
2750	0.027375
2751	0.027458
2752	0.025542
2753	0.02625
2754	0.026917
2755	0.025875
2756	0.025875
2757	0.027792
2758	0.026917
2759	0.026042
2760	0.025917
2761	0.025041
2762	0.026792
2763	0.027125
2764	0.026
2765	0.0265
2766	0.024333
2767	0.027291
2768	0.025917
2769	0.026875
2770	0.027709
2771	0.026541
2772	0.026333
2773	0.025541
2774	0.028792
2775	0.026708
2776	0.026125
2777	0.026542
2778	0.026792
2779	0.024875
2780	0.025792
2781	0.025791
2782	0.027084
2783	0.026125
2784	0.030875
2785	0.026917
2786	0.026458
2787	0.027208
2788	0.027042
2789	0.027167
2790	0.025334
2791	0.02725
2792	0.025208
2793	0.025125
2794	0.0285
2795	0.027625
2796	0.025458
2797	0.027583
2798	0.026
2799	0.027458
2800	0.026584
2801	0.027333
2802	0.02875
2803	0.027042
2804	0.025875
2805	0.025917
2806	0.026958
2807	0.026792
2808	0.02575
2809	0.026375
2810	0.025917
2811	0.025542
2812	0.026667
2813	0.028208
2814	0.02875
2815	0.028333
2816	0.027167
2817	0.0295
2818	0.028333
2819	0.028833
2820	0.0375
2821	0.043417
2822	0.029917
2823	0.026542
2824	0.027791
2825	0.029084
2826	0.028208
2827	0.026958
2828	0.026583
2829	0.028208
2830	0.026791
2831	0.027917
2832	0.0295
2833	0.028167
2834	0.026541
2835	0.026958
2836	0.026291
2837	0.026542
2838	0.031375
2839	0.026459
2840	0.027542
2841	0.026583
2842	0.026584
2843	0.026
2844	0.028333
2845	0.028416
2846	0.033209
2847	0.028667
2848	0.027209
2849	0.026291
2850	0.0275
2851	0.029
2852	0.02875
2853	0.030208
2854	0.034959
2855	0.03175
2856	0.028083
2857	0.027792
2858	0.029083
2859	0.030917
2860	0.02875
2861	0.031083
2862	0.02925
2863	0.026292
2864	0.028
2865	0.031
2866	0.030042
2867	0.027417
2868	0.032667
2869	0.029542
2870	0.033375
2871	0.028208
2872	0.031375
2873	0.031834
2874	0.027959
2875	0.034791
2876	0.032291
2877	0.027542
2878	0.026
2879	0.025625
2880	0.027334
2881	0.027334
2882	0.026291
2883	0.025667
2884	0.035875
2885	0.025709
2886	0.02725
2887	0.02625
2888	0.0275
2889	0.02725
2890	0.025791
2891	0.025125
2892	0.0265
2893	0.0265
2894	0.027167
2895	0.02625
2896	0.030208
2897	0.028458
2898	0.025917
2899	0.030166
2900	0.027292
2901	0.02825
2902	0.027625
2903	0.0275
2904	0.02675
2905	0.026125
2906	0.02475
2907	0.027292
2908	0.025375
2909	0.026833
2910	0.026459
2911	0.024
2912	0.027583
2913	0.026334
2914	0.026459
2915	0.026791
2916	0.027042
2917	0.027583
2918	0.027167
2919	0.025833
2920	0.025042
2921	0.028208
2922	0.025583
2923	0.026042
2924	0.026959
2925	0.026209
2926	0.024916
2927	0.026167
2928	0.028292
2929	0.024542
2930	0.0265
2931	0.030833
2932	0.024958
2933	0.027584
2934	0.027042
2935	0.025958
2936	0.026458
2937	0.025458
2938	0.028875
2939	0.028833
2940	0.027167
2941	0.029208
2942	0.026666
2943	0.027833
2944	0.02875
2945	0.0375
2946	0.028833
2947	0.028667
2948	0.028875
2949	0.027291
2950	0.026625
2951	0.02525
2952	0.0255
2953	0.025708
2954	0.028083
2955	0.027042
2956	0.026667
2957	0.025958
2958	0.028292
2959	0.050875
2960	0.034292
2961	0.0315
2962	0.0295
2963	0.0275
2964	0.028
2965	0.027209
2966	0.028583
2967	0.028792
2968	0.029875
2969	0.029125
2970	0.032708
2971	0.028125
2972	0.03025
2973	0.024333
2974	0.030083
2975	0.031
2976	0.027083
2977	0.027666
2978	0.030208
2979	0.029792
2980	0.02725
2981	0.064375
2982	0.089625
2983	0.03075
2984	0.026875
2985	0.027458
2986	0.032292
2987	0.031917
2988	0.029458
2989	0.029041
2990	0.035084
2991	0.029834
2992	0.033458
2993	0.033292
2994	0.026375
2995	0.027292
2996	0.027833
2997	0.027833
2998	0.029291
2999	0.027667
3000	0.028083
3001	0.027791
3002	0.027584
3003	0.028583
3004	0.027625
3005	0.029667
3006	0.026541
3007	0.026375
3008	0.028375
3009	0.026
3010	0.023833
3011	0.028125
3012	0.026791
3013	0.040209
3014	0.027584
3015	0.027875
3016	0.02775
3017	0.026167
3018	0.027958
3019	0.027458
3020	0.025916
3021	0.054542
3022	0.14525
3023	0.072125
3024	0.05825
3025	0.0565
3026	0.056166
3027	0.06025
3028	0.059666
3029	0.059417
3030	0.056208
3031	0.059042
3032	0.618791
3033	0.119083
3034	0.120792
3035	0.043833
3036	0.029833
3037	0.02975
3038	0.02525
3039	0.027583
3040	0.029416
3041	0.026209
3042	0.025291
3043	0.027125
3044	0.026916
3045	0.027417
3046	0.027708
3047	0.028667
3048	0.0265
3049	0.028458
3050	0.02725
3051	0.025875
3052	0.026167
3053	0.027542
3054	0.026208
3055	0.026458
3056	0.027708
3057	0.0245
3058	0.026375
3059	0.0245
3060	0.037292
3061	0.027
3062	0.026833
3063	0.02625
3064	0.028458
3065	0.026042
3066	0.026083
3067	0.02575
3068	0.022875
3069	0.025459
3070	0.025125
3071	0.027084
3072	0.0265
3073	0.025917
3074	0.08825
3075	0.036375
3076	0.027334
3077	0.026833
3078	0.027041
3079	0.02575
3080	0.026292
3081	0.024625
3082	0.072667
3083	0.113875
3084	0.069
3085	0.06875
3086	0.061833
3087	0.0595
3088	0.059833
3089	0.058667
3090	0.05725
3091	0.056417
3092	0.05825
3093	0.0635
3094	0.072125
3095	0.058292
3096	0.060667
3097	0.059334
3098	0.055292
3099	0.070875
3100	0.03225
3101	0.025708
3102	0.023792
3103	0.026125
3104	0.026458
3105	0.027291
3106	0.027875
3107	0.026083
3108	0.025833
3109	0.027833
3110	0.02675
3111	0.025083
3112	0.02625
3113	0.025208
3114	0.02525
3115	0.026
3116	0.026875
3117	0.024167
3118	0.024834
3119	0.024541
3120	0.026042
3121	0.026125
3122	0.026
3123	0.025291
3124	0.025542
3125	0.026167
3126	0.025916
3127	0.027667
3128	0.0255
3129	0.02675
3130	0.026416
3131	0.027083
3132	0.027959
3133	0.0265
3134	0.023583
3135	0.026666
3136	0.024958
3137	0.026083
3138	0.026125
3139	0.026917
3140	0.026459
3141	0.0245
3142	0.0265
3143	0.025583
3144	0.026458
3145	0.037375
3146	0.027166
3147	0.025584
3148	0.026791
3149	0.024584
3150	0.024584
3151	0.027959
3152	0.024333
3153	0.025708
3154	0.023625
3155	0.031917
3156	0.025334
3157	0.025083
3158	0.027
3159	0.025291
3160	0.026833
3161	0.02475
3162	0.025625
3163	0.024625
3164	0.024417
3165	0.025542
3166	0.02475
3167	0.025417
3168	0.02625
3169	0.026959
3170	0.026042
3171	0.026667
3172	0.025708
3173	0.025917
3174	0.026458
3175	0.030417
3176	0.026583
3177	0.025667
3178	0.025167
3179	0.026417
3180	0.025625
3181	0.026167
3182	0.024709
3183	0.02625
3184	0.026875
3185	0.025541
3186	0.025166
3187	0.0265
3188	0.023625
3189	0.085042
3190	0.091
3191	0.110792
3192	0.066875
3193	0.058208
3194	0.058709
3195	0.082
3196	0.057208
3197	0.056625
3198	0.057334
3199	0.10775
3200	0.094167
3201	0.07375
3202	0.058583
3203	0.0585
3204	0.057375
3205	0.055417
3206	0.054167
3207	0.056375
3208	0.055917
3209	0.055625
3210	0.061708
3211	0.098375
3212	0.075667
3213	0.061375
3214	0.061167
3215	0.05775
3216	0.056458
3217	0.05575
3218	0.054208
3219	0.054
3220	0.054667
3221	0.057541
3222	0.055292
3223	0.05625
3224	0.054167
3225	0.054083
3226	0.054083
3227	0.053916
3228	0.054916
3229	0.068958
3230	0.054084
3231	0.054292
3232	0.058417
3233	0.054333
3234	0.053708
3235	0.053208
3236	0.055083
3237	0.05525
3238	0.054875
3239	0.053708
3240	0.052875
3241	0.055542
3242	0.061208
3243	0.056084
3244	0.051542
3245	0.054875
3246	0.05375
3247	0.054417
3248	0.05525
3249	0.053667
3250	0.056584
3251	0.056584
3252	0.055292
3253	0.060167
3254	0.053458
3255	0.062417
3256	0.032791
3257	0.025958
3258	0.027417
3259	0.026834
3260	0.026792
3261	0.026167
3262	0.025458
3263	0.034083
3264	0.025583
3265	0.02525
3266	0.025666
3267	0.025625
3268	0.025625
3269	0.02625
3270	0.025417
3271	0.025042
3272	0.024625
3273	0.024667
3274	0.02675
3275	0.026667
3276	0.030542
3277	0.031125
3278	0.030542
3279	0.031375
3280	0.03
3281	0.028083
3282	0.033667
3283	0.029041
3284	0.028125
3285	0.028542
3286	0.0255
3287	0.028333
3288	0.028417
3289	0.025041
3290	0.025875
3291	0.025417
3292	0.025333
3293	0.024875
3294	0.027042
3295	0.023958
3296	0.024125
3297	0.025125
3298	0.025875
3299	0.025
3300	0.026166
3301	0.026
3302	0.024458
3303	0.0255
3304	0.026417
3305	0.026833
3306	0.025209
3307	0.024125
3308	0.023666
3309	0.025167
3310	0.026833
3311	0.025667
3312	0.026583
3313	0.02575
3314	0.023208
3315	0.025625
3316	0.025875
3317	0.027
3318	0.025458
3319	0.02675
3320	0.025458
3321	0.02625
3322	0.026125
3323	0.025041
3324	0.025459
3325	0.025375
3326	0.0255
3327	0.025542
3328	0.023834
3329	0.024833
3330	0.025917
3331	0.025541
3332	0.025542
3333	0.031042
3334	0.026208
3335	0.026
3336	0.02675
3337	0.025625
3338	0.024458
3339	0.026917
3340	0.024416
3341	0.024834
3342	0.025583
3343	0.027958
3344	0.025458
3345	0.024792
3346	0.026083
3347	0.027292
3348	0.026708
3349	0.025709
3350	0.026625
3351	0.027542
3352	0.0255
3353	0.02525
3354	0.025958
3355	0.025583
3356	0.025209
3357	0.027291
3358	0.029375
3359	0.029416
3360	0.02925
3361	0.029375
3362	0.031792
3363	0.031917
3364	0.029292
3365	0.036166
3366	0.026583
3367	0.026083
3368	0.027542
3369	0.025875
3370	0.027458
3371	0.026625
3372	0.026667
3373	0.027125
3374	0.027042
3375	0.026417
3376	0.026458
3377	0.025333
3378	0.028209
3379	0.026459
3380	0.026083
3381	0.026209
3382	0.026125
3383	0.027667
3384	0.025292
3385	0.049541
3386	0.10575
3387	0.070084
3388	0.060958
3389	0.100625
3390	0.055458
3391	0.059166
3392	0.074292
3393	0.042542
3394	0.029208
3395	0.026875
3396	0.026375
3397	0.026125
3398	0.025458
3399	0.02775
3400	0.028417
3401	0.025792
3402	0.028792
3403	0.023583
3404	0.0265
3405	0.025458
3406	0.027792
3407	0.025208
3408	0.026542
3409	0.026208
3410	0.025459
3411	0.026125
3412	0.027791
3413	0.0245
3414	0.025958
3415	0.026333
3416	0.026042
3417	0.025916
3418	0.024375
3419	0.026
3420	0.073792
3421	0.055333
3422	0.027375
3423	0.026417
3424	0.02375
3425	0.025042
3426	0.025917
3427	0.025125
3428	0.024459
3429	0.024125
3430	0.024834
3431	0.027709
3432	0.023834
3433	0.025292
3434	0.031417
3435	0.025708
3436	0.026459
3437	0.0255
3438	0.026375
3439	0.025458
3440	0.023291
3441	0.02775
3442	0.025083
3443	0.027666
3444	0.025875
3445	0.113583
3446	0.069625
3447	0.069833
3448	0.058375
3449	0.054667
3450	0.05275
3451	0.060042
3452	0.054959
3453	0.056375
3454	0.054792
3455	0.056958
3456	0.080625
3457	0.055667
3458	0.055583
3459	0.054667
3460	0.056
3461	0.057042
3462	0.066667
3463	0.05475
3464	0.052208
3465	0.051875
3466	0.053167
3467	0.053166
3468	0.066542
3469	0.0555
3470	0.052958
3471	0.059125
3472	0.089291
3473	0.0545
3474	0.05525
3475	0.073167
3476	0.057667
3477	0.05425
3478	0.058542
3479	0.054708
3480	0.053458
3481	0.069416
3482	0.040833
3483	0.03
3484	0.025083
3485	0.024833
3486	0.026625
3487	0.025791
3488	0.025875
3489	0.024709
3490	0.025333
3491	0.023541
3492	0.025084
3493	0.024291
3494	0.025834
3495	0.0245
3496	0.023792
3497	0.026292
3498	0.026792
3499	0.02625
3500	0.024417
3501	0.024542
3502	0.025625
3503	0.0265
3504	0.027208
3505	0.024417
3506	0.026959
3507	0.02575
3508	0.025166
3509	0.025791
3510	0.024625
3511	0.025833
3512	0.026208
3513	0.022417
3514	0.025458
3515	0.025041
3516	0.025
3517	0.026583
3518	0.024417
3519	0.0245
3520	0.026792
3521	0.026167
3522	0.025125
3523	0.023417
3524	0.024708
3525	0.026083
3526	0.023291
3527	0.0255
3528	0.023833
3529	0.025333
3530	0.024583
3531	0.023375
3532	0.02275
3533	0.024084
3534	0.024666
3535	0.024584
3536	0.023125
3537	0.025208
3538	0.025667
3539	0.025084
3540	0.025
3541	0.024959
3542	0.022958
3543	0.024417
3544	0.023958
3545	0.023125
3546	0.026375
3547	0.026541
3548	0.025041
3549	0.02375
3550	0.024291
3551	0.025834
3552	0.023458
3553	0.02375
3554	0.024542
3555	0.02325
3556	0.023625
3557	0.0245
3558	0.024833
3559	0.0245
3560	0.024583
3561	0.025625
3562	0.026333
3563	0.025459
3564	0.022042
3565	0.023625
3566	0.025042
3567	0.027125
3568	0.023167
3569	0.023458
3570	0.024625
3571	0.024083
3572	0.025875
3573	0.024417
3574	0.022542
3575	0.026458
3576	0.02425
3577	0.02575
3578	0.029709
3579	0.033583
3580	0.02625
3581	0.024334
3582	0.023292
3583	0.025875
3584	0.025917
3585	0.026375
3586	0.025458
3587	0.026458
3588	0.029
3589	0.024833
3590	0.024208
3591	0.024375
3592	0.025916
3593	0.023625
3594	0.026042
3595	0.026958
3596	0.022167
3597	0.0245
3598	0.026208
3599	0.049625
3600	0.02575
3601	0.025083
3602	0.025333
3603	0.024584
3604	0.046791
3605	0.026208
3606	0.026416
3607	0.025209
3608	0.025333
3609	0.02525
3610	0.024292
3611	0.024458
3612	0.025583
3613	0.02375
3614	0.026208
3615	0.02575
3616	0.024334
3617	0.025167
3618	0.027208
3619	0.024334
3620	0.025
3621	0.026166
3622	0.025959
3623	0.026041
3624	0.0255
3625	0.024667
3626	0.02475
3627	0.024708
3628	0.025209
3629	0.025291
3630	0.026292
3631	0.024
3632	0.025459
3633	0.0245
3634	0.024584
3635	0.024583
3636	0.024209
3637	0.024333
3638	0.024667
3639	0.026375
3640	0.025083
3641	0.026083
3642	0.025167
3643	0.033416
3644	0.027208
3645	0.026875
3646	0.024709
3647	0.025375
3648	0.026333
3649	0.025208
3650	0.025417
3651	0.0265
3652	0.02675
3653	0.025708
3654	0.026
3655	0.026083
3656	0.078334
3657	0.100292
3658	0.06425
3659	0.057
3660	0.055458
3661	0.054833
3662	0.055875
3663	0.057583
3664	0.057709
3665	0.057084
3666	0.055083
3667	0.073334
3668	0.05525
3669	0.053042
3670	0.055375
3671	0.054875
3672	0.062916
3673	0.053584
3674	0.053917
3675	0.053666
3676	0.051125
3677	0.051916
3678	0.054375
3679	0.051875
3680	0.050625
3681	0.052542
3682	0.051125
3683	0.055458
3684	0.053417
3685	0.054333
3686	0.05375
3687	0.05125
3688	0.052042
3689	0.052875
3690	0.053416
3691	0.05125
3692	0.05075
3693	0.054292
3694	0.052417
3695	0.052334
3696	0.052791
3697	0.052375
3698	0.056125
3699	0.201458
3700	0.068708
3701	0.055917
3702	0.055917
3703	0.055792
3704	0.057708
3705	0.055375
3706	0.054834
3707	0.065042
3708	0.055833
3709	0.055292
3710	0.054959
3711	0.05425
3712	0.053541
3713	0.05275
3714	0.056709
3715	0.055666
3716	0.055125
3717	0.054167
3718	0.053625
3719	0.078
3720	0.0505
3721	0.052875
3722	0.057125
3723	0.059958
3724	0.055583
3725	0.052458
3726	0.05275
3727	0.050167
3728	0.049708
3729	0.049542
3730	0.051
3731	0.051541
3732	0.051834
3733	0.053
3734	0.126583
3735	0.070875
3736	0.072541
3737	0.062125
3738	0.0615
3739	0.057875
3740	0.081042
3741	0.055917
3742	0.055459
3743	0.055875
3744	0.053792
3745	0.051667
3746	0.053667
3747	0.050083
3748	0.05075
3749	0.050791
3750	0.05
3751	0.061167
3752	0.053375
3753	0.054375
3754	0.051917
3755	0.052042
3756	0.052
3757	0.053959
3758	0.052208
3759	0.051584
3760	0.050875
3761	0.056
3762	0.051958
3763	0.051875
3764	0.051708
3765	0.050833
3766	0.050333
3767	0.08425
3768	0.056834
3769	0.052584
3770	0.054541
3771	0.056791
3772	0.054542
3773	0.080833
3774	0.0505
3775	0.049833
3776	0.050084
3777	0.054667
3778	0.067083
3779	0.0575
3780	0.057958
3781	0.055875
3782	0.050875
3783	0.048583
3784	0.048959
3785	0.054667
3786	0.055958
3787	0.051875
3788	0.050625
3789	0.05
3790	0.052084
3791	0.049875
3792	0.052042
3793	0.049459
3794	0.050584
3795	0.050583
3796	0.049208
3797	0.049334
3798	0.050208
3799	0.053042
3800	0.09075
3801	0.094125
3802	0.040292
3803	0.025958
3804	0.024708
3805	0.021958
3806	0.025083
3807	0.023583
3808	0.038208
3809	0.032208
3810	0.025833
3811	0.024833
3812	0.024666
3813	0.023042
3814	0.022208
3815	0.023792
3816	0.024625
3817	0.0245
3818	0.021666
3819	0.021209
3820	0.026375
3821	0.024292
3822	0.022542
3823	0.023375
3824	0.022667
3825	0.022167
3826	0.044709
3827	0.089041
3828	0.056792
3829	0.044792
3830	0.023416
3831	0.02225
3832	0.021792
3833	0.022166
3834	0.023167
3835	0.023625
3836	0.023542
3837	0.023083
3838	0.022084
3839	0.021833
3840	0.021333
3841	0.024583
3842	0.022292
3843	0.021334
3844	0.021875
3845	0.02375
3846	0.025375
3847	0.028
3848	0.025375
3849	0.023458
3850	0.024041
3851	0.023417
3852	0.021208
3853	0.040375
3854	0.053208
3855	0.034208
3856	0.025959
3857	0.024083
3858	0.032917
3859	0.025167
3860	0.068333
3861	0.024959
3862	0.023708
3863	2.6925
3864	0.037041
3865	0.026334
3866	0.0235
3867	0.023166
3868	0.024
3869	0.028709
3870	0.024375
3871	0.020667
3872	0.0225
3873	0.022208
3874	0.023125
3875	0.023167
3876	0.023208
3877	0.024333
3878	0.024583
3879	0.023625
3880	0.022792
3881	0.022875
3882	0.021542
3883	0.022708
3884	0.025208
3885	0.031458
3886	0.025417
3887	0.025583
3888	0.025208
3889	0.025458
3890	0.024083
3891	0.02525
3892	0.024542
3893	0.024625
3894	0.025458
3895	0.024958
3896	0.026333
3897	0.025959
3898	0.025916
3899	0.025
3900	0.0255
3901	0.033542
3902	0.028958
3903	0.025042
3904	0.025416
3905	0.025666
3906	0.026959
3907	0.026208
3908	0.024083
3909	0.023667
3910	0.022208
3911	0.025333
3912	0.025042
3913	0.025291
3914	0.025625
3915	0.024375
3916	0.026875
3917	0.025167
3918	0.024292
3919	0.024541
3920	0.023792
3921	0.025542
3922	0.02475
3923	0.026125
3924	0.02575
3925	0.026375
3926	0.026791
3927	0.026209
3928	0.026291
3929	0.024167
3930	0.02475
3931	0.0255
3932	0.027083
3933	0.025417
3934	0.025292
3935	0.02425
3936	0.026416
3937	0.026209
3938	0.024833
3939	0.025708
3940	0.025417
3941	0.024458
3942	0.025625
3943	0.023917
3944	0.024375
3945	0.024709
3946	0.023417
3947	0.026542
3948	0.024958
3949	0.025792
3950	0.025417
3951	0.025958
3952	0.025041
3953	0.026708
3954	0.026333
3955	0.026583
3956	0.025625
3957	0.025375
3958	0.026167
3959	0.026292
3960	0.024
3961	0.02475
3962	0.024375
3963	0.025584
3964	0.025166
3965	0.025459
3966	0.027166
3967	0.024959
3968	0.025625
3969	0.044875
3970	0.02475
3971	0.023792
3972	0.024208
3973	0.025334
3974	0.024416
3975	0.025584
3976	0.024792
3977	0.023833
3978	0.024708
3979	0.0245
3980	0.024875
3981	0.025
3982	0.025292
3983	0.023708
3984	0.023959
3985	0.02225
3986	0.02475
3987	0.022584
3988	0.022958
3989	0.025083
3990	0.025916
3991	0.025375
3992	0.022792
3993	0.024416
3994	0.022959
3995	0.024375
3996	0.021875
3997	0.022
3998	0.023958
3999	0.024625
4000	0.024542
4001	0.024625
4002	0.023208
4003	0.02325
4004	0.024917
4005	0.022417
4006	0.025667
4007	0.023916
4008	0.024459
4009	0.023791
4010	0.025042
4011	0.026083
4012	0.024125
4013	0.025375
4014	0.023958
4015	0.022667
4016	0.024042
4017	0.054833
4018	0.034709
4019	0.02725
4020	0.026416
4021	0.024708
4022	0.026625
4023	0.024958
4024	0.025167
4025	0.02325
4026	0.023125
4027	0.024792
4028	0.026375
4029	0.025084
4030	0.027166
4031	0.024292
4032	0.026458
4033	0.025
4034	0.026708
4035	0.026542
4036	0.021625
4037	0.025875
4038	0.024375
4039	0.026
4040	0.026042
4041	0.030084
4042	0.028833
4043	0.026459
4044	0.024334
4045	0.026583
4046	0.025416
4047	0.0255
4048	0.023583
4049	0.02425
4050	0.025584
4051	0.026375
4052	0.026416
4053	0.025959
4054	0.027708
4055	0.024459
4056	0.023084
4057	0.024708
4058	0.024084
4059	0.025541
4060	0.025667
4061	0.024958
4062	0.024792
4063	0.025833
4064	0.025542
4065	0.034666
4066	0.024708
4067	0.023334
4068	0.026708
4069	0.024416
4070	0.027291
4071	0.022583
4072	0.024125
4073	0.022875
4074	0.030667
4075	0.0275
4076	0.024833
4077	0.024791
4078	0.025625
4079	0.024875
4080	0.026459
4081	0.024958
4082	0.032833
4083	0.027792
4084	0.027583
4085	0.02425
4086	0.025625
4087	0.025125
4088	0.032333
4089	0.026
4090	0.03325
4091	0.025583
4092	0.025709
4093	0.025
4094	0.026416
4095	0.024125
4096	0.024875
4097	0.025042
4098	0.026291
4099	0.02375
4100	0.025583
4101	0.024042
4102	0.024041
4103	0.025166
4104	0.02575
4105	0.027333
4106	0.027541
4107	0.024584
4108	0.025458
4109	0.024875
4110	0.023208
4111	0.026292
4112	0.022334
4113	0.02575
4114	0.022584
4115	0.028666
4116	0.028583
4117	0.02675
4118	0.024666
4119	0.023
4120	0.023167
4121	0.023625
4122	0.026583
4123	0.024833
4124	0.02425
4125	0.025416
4126	0.024292
4127	0.024459
4128	0.025833
4129	0.025542
4130	0.024792
4131	0.024167
4132	0.02475
4133	0.0235
4134	0.022125
4135	0.020792
4136	0.026
4137	0.024875
4138	0.026333
4139	0.024875
4140	0.024875
4141	0.025458
4142	0.024959
4143	0.025083
4144	0.025167
4145	0.023666
4146	0.024459
4147	0.025625
4148	0.025417
4149	0.023333
4150	0.023125
4151	0.02675
4152	0.024875
4153	0.026084
4154	0.0225
4155	0.025792
4156	0.023959
4157	0.030125
4158	0.027792
4159	0.024791
4160	0.026709
4161	0.03375
4162	0.025833
4163	0.018708
4164	0.024375
4165	0.021375
4166	0.025208
4167	0.049333
4168	0.026375
4169	0.021375
4170	0.020875
4171	0.02475
4172	0.023042
4173	0.022083
4174	0.021708
4175	0.026
4176	0.025709
4177	0.024291
4178	0.025875
4179	0.026125
4180	0.0255
4181	0.024792
4182	0.02375
4183	0.023583
4184	0.021708
4185	0.021
4186	0.024917
4187	0.025125
4188	0.0285
4189	0.027959
4190	0.030042
4191	0.028625
4192	0.029458
4193	0.028458
4194	0.032875
4195	0.030209
4196	0.02775
4197	0.0265
4198	0.029792
4199	0.02575
4200	0.024292
4201	0.025667
4202	0.029583
4203	0.029
4204	0.023208
4205	0.023292
4206	0.025458
4207	0.025292
4208	0.025792
4209	0.024042
4210	0.025375
4211	0.025
4212	0.025167
4213	0.025625
4214	0.025083
4215	0.024917
4216	0.02475
4217	0.026708
4218	0.030041
4219	0.024583
4220	0.027458
4221	0.026375
4222	0.028709
4223	0.027166
4224	0.025
4225	0.022375
4226	0.0235
4227	0.025375
4228	0.025584
4229	0.024792
4230	0.101667
4231	0.050208
4232	0.023875
4233	0.024125
4234	0.025167
4235	0.02925
4236	0.025416
4237	0.022042
4238	0.023416
4239	0.0215
4240	0.0235
4241	0.021875
4242	0.026167
4243	0.021208
4244	0.02425
4245	0.019042
4246	0.021459
4247	0.027625
4248	0.021791
4249	0.022459
4250	0.022041
4251	0.02
4252	0.02525
4253	0.020667
4254	0.022
4255	0.017333
4256	0.023625
4257	0.021625
4258	0.022792
4259	0.025416
4260	0.025042
4261	0.021125
4262	0.023958
4263	0.022167
4264	0.022542
4265	0.023208
4266	0.021458
4267	0.023459
4268	0.032833
4269	0.022875
4270	0.021417
4271	0.020917
4272	0.02125
4273	0.02075
4274	0.02
4275	0.022916
4276	0.019459
4277	0.024458
4278	0.020167
4279	0.026709
4280	0.022041
4281	0.026542
4282	0.019
4283	0.02225
4284	0.026875
4285	0.02225
4286	0.021458
4287	0.023416
4288	0.023042
4289	0.019167
4290	0.021958
4291	0.019917
4292	0.021875
4293	0.018542
4294	0.019291
4295	0.023958
4296	0.020875
4297	0.021417
4298	0.02225
4299	0.022042
4300	0.023625
4301	0.0205
4302	0.020083
4303	0.022375
4304	0.023417
4305	0.016791
4306	0.021042
4307	0.021667
4308	0.021417
4309	0.029958
4310	0.022334
4311	0.02
4312	0.023208
4313	0.022708
4314	0.022292
4315	0.027667
4316	0.024791
4317	0.022167
4318	0.022292
4319	0.021791
4320	0.022
4321	0.01875
4322	0.020916
4323	0.022
4324	0.022292
4325	0.021291
4326	0.021625
4327	0.02275
4328	0.020875
4329	0.023583
4330	0.027708
4331	0.022084
4332	0.019166
4333	0.022209
4334	0.01925
4335	0.026167
4336	0.019333
4337	0.025708
4338	0.049875
4339	0.0535
4340	0.025042
4341	0.023292
4342	0.021666
4343	0.017833
4344	0.023083
4345	0.021083
4346	0.021458
4347	0.022167
4348	0.021667
4349	0.023916
4350	0.021334
4351	0.021375
4352	0.0215
4353	0.020417
4354	0.018542
4355	0.020416
4356	0.020709
4357	0.022
4358	0.022167
4359	0.021333
4360	0.022334
4361	0.020917
4362	0.027041
4363	0.024459
4364	0.02275
4365	0.022709
4366	0.022791
4367	0.022041
4368	0.020459
4369	0.02
4370	0.021709
4371	0.107417
4372	0.024375
4373	0.0215
4374	0.01825
4375	0.018459
4376	0.0205
4377	0.019667
4378	0.020166
4379	0.020416
4380	0.022542
4381	0.022417
4382	0.020708
4383	0.019833
4384	0.019959
4385	0.018833
4386	0.0175
4387	0.021709
4388	0.023083
4389	0.023917
4390	0.024542
4391	0.037083
4392	0.023292
4393	0.024708
4394	0.023667
4395	0.024333
4396	0.024375
4397	0.02375
4398	0.024541
4399	0.024167
4400	0.021583
4401	0.022375
4402	0.024917
4403	0.023583
4404	0.024667
4405	0.040875
4406	0.037667
4407	0.0195
4408	0.020084
4409	0.019917
4410	0.021583
4411	0.020334
4412	0.020791
4413	0.021584
4414	0.022125
4415	0.021042
4416	0.020792
4417	0.019417
4418	0.020667
4419	0.021
4420	0.073375
4421	0.032458
4422	0.023958
4423	0.021875
4424	0.023084
4425	0.024667
4426	0.022792
4427	0.023917
4428	0.022375
4429	0.023958
4430	0.021541
4431	0.0245
4432	0.0245
4433	0.024042
4434	0.025042
4435	0.027333
4436	0.025334
4437	0.027167
4438	0.058375
4439	0.030541
4440	0.028333
4441	0.024792
4442	0.025375
4443	0.02475
4444	0.022375
4445	0.021708
4446	0.024334
4447	0.030666
4448	0.026875
4449	0.026833
4450	0.02675
4451	0.022
4452	0.028375
4453	0.02625
4454	0.023958
4455	0.028583
4456	0.024333
4457	0.027166
4458	0.024542
4459	0.027917
4460	0.023625
4461	0.022708
4462	0.022167
4463	0.02575
4464	0.022042
4465	0.029
4466	0.034916
4467	0.025625
4468	0.02375
4469	0.02225
4470	0.0235
4471	0.028417
4472	0.040916
4473	0.0285
4474	0.025125
4475	0.025083
4476	0.023833
4477	0.022125
4478	0.024959
4479	0.024416
4480	0.024917
4481	0.023917
4482	0.024333
4483	0.023333
4484	0.024125
4485	0.024709
4486	0.022833
4487	0.023125
4488	0.023459
4489	0.025291
4490	0.025
4491	0.024292
4492	0.023917
4493	0.0235
4494	0.031916
4495	0.022917
4496	0.024792
4497	0.022375
4498	0.021458
4499	0.022834
4500	0.019584
4501	0.02025
4502	0.019625
4503	0.020583
4504	0.022084
4505	0.021291
4506	0.022084
4507	0.021
4508	0.020875
4509	0.019667
4510	0.026042
4511	0.021291
4512	0.021791
4513	0.021083
4514	0.021125
4515	0.021416
4516	0.021375
4517	0.022
4518	0.022
4519	0.019334
4520	0.022083
4521	0.020375
4522	0.020708
4523	0.019667
4524	0.020541
4525	0.021334
4526	0.020667
4527	0.020833
4528	0.021
4529	0.019458
4530	0.020084
4531	0.021042
4532	0.0215
4533	0.020625
4534	0.020541
4535	0.024959
4536	0.021083
4537	0.022125
4538	0.020875
4539	0.021959
4540	0.020625
4541	0.019709
4542	0.021958
4543	0.021333
4544	0.0255
4545	0.021625
4546	0.015792
4547	0.019292
4548	0.020583
4549	0.021667
4550	0.020875
4551	0.019083
4552	0.019041
4553	0.021917
4554	0.019834
4555	0.021083
4556	0.021917
4557	0.020834
4558	0.0185
4559	0.020291
4560	0.021084
4561	0.021791
4562	0.022334
4563	0.021083
4564	0.020292
4565	0.0185
4566	0.018625
4567	0.022
4568	0.021208
4569	0.022334
4570	0.020834
4571	0.020958
4572	0.0215
4573	0.021917
4574	0.021667
4575	0.021042
4576	0.020292
4577	0.019792
4578	0.02175
4579	0.019917
4580	0.021167
4581	0.021583
4582	0.02
4583	0.01975
4584	0.021917
4585	0.021292
4586	0.020958
4587	0.02225
4588	0.021833
4589	0.020625
4590	0.020625
4591	0.02075
4592	0.021083
4593	0.020458
4594	0.02075
4595	0.029125
4596	0.0215
4597	0.022458
4598	0.022042
4599	0.020375
4600	0.018166
4601	0.020333
4602	0.020792
4603	0.021708
4604	0.021166
4605	0.021333
4606	0.019792
4607	0.021458
4608	0.023583
4609	0.022
4610	0.019
4611	0.020041
4612	0.022459
4613	0.021125
4614	0.022417
4615	0.020208
4616	0.020208
4617	0.020792
4618	0.020208
4619	0.020584
4620	0.021833
4621	0.023042
4622	0.0205
4623	0.021125
4624	0.021667
4625	0.020959
4626	0.021375
4627	0.021875
4628	0.021084
4629	0.021208
4630	0.020709
4631	0.020333
4632	0.016167
4633	0.01825
4634	0.020791
4635	0.019166
4636	0.021209
4637	0.022292
4638	0.019375
4639	0.020333
4640	0.021875
4641	0.022209
4642	0.021667
4643	0.018792
4644	0.020666
4645	0.021
4646	0.021167
4647	0.019416
4648	0.020291
4649	0.019875
4650	0.020834
4651	0.021958
4652	0.023959
4653	0.0195
4654	0.021167
4655	0.021708
4656	0.019708
4657	0.022875
4658	0.020541
4659	0.022167
4660	0.02175
4661	0.020084
4662	0.021583
4663	0.0215
4664	0.021416
4665	0.021333
4666	0.02025
4667	0.021667
4668	0.02175
4669	0.026291
4670	0.030959
4671	0.027042
4672	0.02225
4673	0.0225
4674	0.020166
4675	0.020834
4676	0.02175
4677	0.020833
4678	0.022083
4679	0.021
4680	0.020666
4681	0.017917
4682	0.021084
4683	0.021625
4684	0.019959
4685	0.020791
4686	0.020125
4687	0.022458
4688	0.01825
4689	0.02125
4690	0.01975
4691	0.022625
4692	0.01925
4693	0.021209
4694	0.021541
4695	0.020625
4696	0.0195
4697	0.018958
4698	0.020666
4699	0.0225
4700	0.021167
4701	0.019833
4702	0.021667
4703	0.019208
4704	0.02125
4705	0.021875
4706	0.03425
4707	0.03
4708	0.023791
4709	0.023834
4710	0.02025
4711	0.022667
4712	0.0225
4713	0.020959
4714	0.02225
4715	0.021209
4716	0.022333
4717	0.018375
4718	0.020333
4719	0.038791
4720	0.094083
4721	0.053916
4722	0.050709
4723	0.047583
4724	0.047583
4725	0.047542
4726	0.047084
4727	0.045834
4728	0.046791
4729	0.084959
4730	0.047083
4731	0.045875
4732	0.044584
4733	0.051625
4734	0.047459
4735	0.045958
4736	0.044542
4737	0.045791
4738	0.052
4739	0.04475
4740	0.044334
4741	0.044542
4742	0.0455
4743	0.050333
4744	0.045333
4745	0.04425
4746	0.044417
4747	0.083084
4748	0.045042
4749	0.04475
4750	0.044667
4751	0.044542
4752	0.043833
4753	0.044709
4754	0.057708
4755	0.046667
4756	0.047375
4757	0.044333
4758	0.043958
4759	0.04475
4760	0.04425
4761	0.043042
4762	0.043583
4763	0.044708
4764	0.044167
4765	0.046292
4766	0.044709
4767	0.044083
4768	0.043375
4769	0.044458
4770	0.043958
4771	0.043375
4772	0.043833
4773	0.04325
4774	0.044375
4775	0.061417
4776	0.044583
4777	0.026958
4778	0.021458
4779	0.0185
4780	0.020125
4781	0.020292
4782	0.021667
4783	0.016291
4784	0.018334
4785	0.041541
4786	0.036375
4787	0.020542
4788	0.018667
4789	0.017667
4790	0.019375
4791	0.022
4792	0.02275
4793	0.020417
4794	0.01925
4795	0.023209
4796	0.036042
4797	0.028125
4798	0.017875
4799	0.021542
4800	0.020542
4801	0.019375
4802	0.020042
4803	0.021125
4804	0.019625
4805	0.019166
4806	0.02125
4807	0.020708
4808	0.019834
4809	0.015917
4810	0.018125
4811	0.021958
4812	0.021875
4813	0.019458
4814	0.017375
4815	0.019542
4816	0.0185
4817	0.020917
4818	0.022
4819	0.019459
4820	0.017583
4821	0.020666
4822	0.018792
4823	0.020084
4824	0.020792
4825	0.018458
4826	0.03275
4827	0.019458
4828	0.020791
4829	0.021417
4830	0.019458
4831	0.017666
4832	0.024625
4833	0.020916
4834	0.021791
4835	0.022166
4836	0.022625
4837	0.021458
4838	0.022375
4839	0.022167
4840	0.022875
4841	0.020041
4842	0.021625
4843	0.022791
4844	0.020208
4845	0.020708
4846	0.030916
4847	0.019334
4848	0.017541
4849	0.019916
4850	0.02075
4851	0.019583
4852	0.018834
4853	0.016542
4854	0.019625
4855	0.020125
4856	0.019875
4857	0.020542
4858	0.019125
4859	0.019
4860	0.019541
4861	0.017208
4862	0.019458
4863	0.019875
4864	0.022667
4865	0.018
4866	0.0165
4867	0.018
4868	0.018875
4869	0.016875
4870	0.019708
4871	0.01975
4872	0.03
4873	0.029708
4874	0.020917
4875	0.018458
4876	0.020042
4877	0.021042
4878	0.017667
4879	0.019375
4880	0.019583
4881	0.020125
4882	0.019458
4883	0.020833
4884	0.018458
4885	0.020792
4886	0.016209
4887	0.019208
4888	0.019666
4889	0.018083
4890	0.018125
4891	0.019166
4892	0.020375
4893	0.016916
4894	0.018
4895	0.018541
4896	0.019666
4897	0.018
4898	0.015334
4899	0.01725
4900	0.017917
4901	0.020583
4902	0.019792
4903	0.018417
4904	0.018458
4905	0.019292
4906	0.0185
4907	0.0185
4908	0.016916
4909	0.030625
4910	0.031375
4911	0.022083
4912	0.018125
4913	0.022333
4914	0.019625
4915	0.020041
4916	0.0235
4917	0.0205
4918	0.019
4919	0.01725
4920	0.019792
4921	0.019166
4922	0.02125
4923	0.01875
4924	0.020625
4925	0.023167
4926	0.021875
4927	0.019875
4928	0.020209
4929	0.016625
4930	0.019833
4931	0.022292
4932	0.01875
4933	0.024916
4934	0.0225
4935	0.025667
4936	0.025375
4937	0.020584
4938	0.020791
4939	0.021125
4940	0.024375
4941	0.028167
4942	0.022209
4943	0.020625
4944	0.020417
4945	0.02075
4946	0.016916
4947	0.0195
4948	0.020292
4949	0.018417
4950	0.025833
4951	0.020542
4952	0.017916
4953	0.02075
4954	0.019666
4955	0.021583
4956	0.021458
4957	0.01975
4958	0.020791
4959	0.018291
4960	0.019541
4961	0.037458
4962	0.020709
4963	0.021958
4964	0.02
4965	0.018
4966	0.020167
4967	0.021583
4968	0.020875
4969	0.023917
4970	0.018125
4971	0.019834
4972	0.02125
4973	0.021917
4974	0.019042
4975	0.021125
4976	0.018625
4977	0.019542
4978	0.02125
4979	0.021583
4980	0.020792
4981	0.020459
4982	0.021208
4983	0.020209
4984	0.017958
4985	0.01975
4986	0.019292
4987	0.021542
4988	0.020583
4989	0.021417
4990	0.024375
4991	0.020125
4992	0.02275
4993	0.020417
4994	0.022125
4995	0.020541
4996	0.02125
4997	0.018708
4998	0.019666
4999	0.022458
5000	1.00825
5001	0.097459
5002	0.061333
5003	0.06825
5004	0.051125
5005	0.066291
5006	0.048166
5007	0.05
5008	0.044708
5009	0.035666
5010	0.031583
5011	0.031375
5012	0.033166
5013	0.032791
5014	0.031292
5015	0.032333
5016	0.035125
5017	0.032834
5018	0.03375
5019	0.031625
5020	0.03325
5021	0.038583
5022	0.032334
5023	0.031875
5024	0.03
5025	0.032959
5026	0.032333
5027	0.177334
5028	0.136208
5029	0.044708
5030	0.031291
5031	0.032292
5032	0.029875
5033	0.029917
5034	0.032458
5035	0.029417
5036	0.031625
5037	0.109167
5038	0.032125
5039	0.031875
5040	0.0335
5041	0.029042
5042	0.030667
5043	0.028583
5044	0.028917
5045	0.029834
5046	0.038041
5047	0.031083
5048	0.028917
5049	0.032209
5050	0.032208
5051	0.030667
5052	0.027458
5053	0.029042
5054	0.029167
5055	0.101834
5056	0.042917
5057	0.030042
5058	0.028542
5059	0.0285
5060	0.026375
5061	0.027333
5062	0.02725
5063	0.032708
5064	0.028959
5065	0.028083
5066	0.029084
5067	0.029166
5068	0.027625
5069	0.027625
5070	0.027125
5071	0.033583
5072	0.028
5073	0.028458
5074	0.028
5075	0.028208
5076	0.027584
5077	0.028083
5078	0.027083
5079	0.027833
5080	0.027875
5081	0.030583
5082	0.028125
5083	0.027083
5084	0.026334
5085	0.026583
5086	0.026792
5087	0.032709
5088	0.028208
5089	0.027041
5090	0.026667
5091	0.026875
5092	0.026875
5093	0.026458
5094	0.027417
5095	0.029375
5096	0.027666
5097	0.029708
5098	0.026875
5099	0.027084
5100	0.02725
5101	0.027959
5102	0.027
5103	0.027333
5104	0.026541
5105	0.027125
5106	0.027042
5107	0.027583
5108	0.026125
5109	0.025209
5110	0.027458
5111	0.025125
5112	0.027875
5113	0.026417
5114	0.028084
5115	0.02825
5116	0.026458
5117	0.026708
5118	0.025834
5119	0.027167
5120	0.026792
5121	0.028209
5122	0.027333
5123	0.026834
5124	0.027541
5125	0.028333
5126	0.027625
5127	0.032584
5128	0.026458
5129	0.025625
5130	0.029416
5131	0.026667
5132	0.026875
5133	0.02725
5134	0.025125
5135	0.026708
5136	0.027875
5137	0.027959
5138	0.054166
5139	0.02825
5140	0.026875
5141	0.029375
5142	0.027917
5143	0.026916
5144	0.027458
5145	0.0265
5146	0.027416
5147	0.027958
5148	0.025584
5149	0.026125
5150	0.025458
5151	0.025167
5152	0.025
5153	0.0245
5154	0.026167
5155	0.025
5156	0.023916
5157	0.026542
5158	0.024416
5159	0.02425
5160	0.025208
5161	0.023083
5162	0.024833
5163	0.023833
5164	0.023792
5165	0.02425
5166	0.023958
5167	0.023875
5168	0.024958
5169	0.025083
5170	0.029541
5171	0.024667
5172	0.024833
5173	0.025584
5174	0.023917
5175	0.025875
5176	0.028833
5177	0.025291
5178	0.026375
5179	0.0235
5180	0.024291
5181	0.025
5182	0.025125
5183	0.025333
5184	0.024375
5185	0.025458
5186	0.024584
5187	0.023333
5188	0.024083
5189	0.02475
5190	0.032416
5191	0.024625
5192	0.025792
5193	0.025458
5194	0.024834
5195	0.024583
5196	0.023958
5197	0.024083
5198	0.023541
5199	0.024125
5200	0.023625
5201	0.023917
5202	0.023917
5203	0.025459
5204	0.023625
5205	0.023417
5206	0.022583
5207	0.0235
5208	0.023916
5209	0.023959
5210	0.024125
5211	0.024833
5212	0.025333
5213	0.024625
5214	0.023667
5215	0.024167
5216	0.032125
5217	0.024333
5218	0.024709
5219	0.024166
5220	0.023417
5221	0.02375
5222	0.023917
5223	0.023125
5224	0.022708
5225	0.023
5226	0.024583
5227	0.023625
5228	0.024125
5229	0.030292
5230	0.024084
5231	0.026166
5232	0.025125
5233	0.025
5234	0.02575
5235	0.0245
5236	0.023833
5237	0.025209
5238	0.023916
5239	0.024834
5240	0.026083
5241	0.02375
5242	0.0255
5243	0.024209
5244	0.024375
5245	0.024166
5246	0.023625
5247	0.103209
5248	0.031584
5249	0.0265
5250	0.024917
5251	0.023
5252	0.025875
5253	0.027834
5254	0.024917
5255	0.029792
5256	0.02525
5257	0.024709
5258	0.084458
5259	0.061583
5260	0.030375
5261	0.026458
5262	0.027
5263	0.029834
5264	0.026167
5265	0.02625
5266	0.024958
5267	0.024917
5268	0.025458
5269	0.02325
5270	0.025
5271	0.025166
5272	0.024583
5273	0.024584
5274	0.025166
5275	0.022291
5276	0.023584
5277	0.023125
5278	0.025583
5279	0.024208
5280	0.026333
5281	0.023417
5282	0.023416
5283	0.0245
5284	0.023209
5285	0.024958
5286	0.026625
5287	0.024917
5288	0.023834
5289	0.023125
5290	0.021708
5291	0.024
5292	0.025709
5293	0.024
5294	0.024667
5295	0.024209
5296	0.02375
5297	0.024958
5298	0.023333
5299	0.023959
5300	0.025084
5301	0.022708
5302	0.02425
5303	0.025334
5304	0.023791
5305	0.02425
5306	0.0295
5307	0.024
5308	0.025417
5309	0.023167
5310	0.021875
5311	0.023084
5312	0.032583
5313	0.025375
5314	0.039458
5315	0.0255
5316	0.023584
5317	0.031917
5318	0.023625
5319	0.024541
5320	0.025583
5321	0.024459
5322	0.02225
5323	0.023541
5324	0.02375
5325	0.025291
5326	0.024416
5327	0.031791
5328	0.027458
5329	0.02375
5330	0.02425
5331	0.02375
5332	0.023875
5333	0.023834
5334	0.023584
5335	0.023792
5336	0.02975
5337	0.023625
5338	0.022167
5339	0.022834
5340	0.022125
5341	0.025208
5342	0.024458
5343	0.023375
5344	0.023833
5345	0.023042
5346	0.023375
5347	0.024
5348	0.0235
5349	0.02425
5350	0.04275
5351	0.024084
5352	0.0295
5353	0.035125
5354	0.025333
5355	0.025333
5356	0.024791
5357	0.022291
5358	0.022875
5359	0.023583
5360	0.024834
5361	0.023875
5362	0.023833
5363	0.024
5364	0.023375
5365	0.024417
5366	0.030417
5367	0.023375
5368	0.030042
5369	0.02425
5370	0.023375
5371	0.022583
5372	0.023292
5373	0.023667
5374	0.024292
5375	0.023791
5376	0.028666
5377	0.023917
5378	0.024834
5379	0.023625
5380	0.023209
5381	0.027083
5382	0.026
5383	0.035125
5384	0.024959
5385	0.02425
5386	0.023375
5387	0.028166
5388	0.025042
5389	0.025375
5390	0.023791
5391	0.03025
5392	0.023292
5393	0.025416
5394	0.025459
5395	0.0265
5396	0.02575
5397	0.026542
5398	0.026208
5399	0.027292
5400	0.022958
5401	0.02675
5402	0.025709
5403	0.025666
5404	0.022375
5405	0.04075
5406	0.025459
5407	0.023625
5408	0.024584
5409	0.024167
5410	0.0235
5411	0.02425
5412	0.024167
5413	0.025458
5414	0.025167
5415	0.025
5416	0.0215
5417	0.023959
5418	0.023958
5419	0.025584
5420	0.024292
5421	0.025542
5422	0.024375
5423	0.024209
5424	0.024542
5425	0.024625
5426	0.024
5427	0.023417
5428	0.024209
5429	0.025041
5430	0.025166
5431	0.024542
5432	0.025292
5433	0.023875
5434	0.026542
5435	0.023625
5436	0.025
5437	0.029292
5438	0.028666
5439	0.026917
5440	0.025375
5441	0.025375
5442	0.02725
5443	0.027666
5444	0.024584
5445	0.02775
5446	0.028417
5447	0.028167
5448	0.026041
5449	0.022125
5450	0.023666
5451	0.023334
5452	0.023458
5453	0.024167
5454	0.025167
5455	0.02625
5456	0.024666
5457	0.050375
5458	0.02325
5459	0.023208
5460	0.021834
5461	0.021916
5462	0.024
5463	0.022375
5464	0.164542
5465	0.080875
5466	0.061875
5467	0.057333
5468	0.053541
5469	0.054875
5470	0.054417
5471	0.057041
5472	0.054084
5473	0.052417
5474	0.051667
5475	0.053834
5476	0.051333
5477	0.050334
5478	0.056917
5479	0.054
5480	0.056334
5481	0.052958
5482	0.05325
5483	0.052084
5484	0.051125
5485	0.052084
5486	0.068125
5487	0.053541
5488	0.309417
5489	0.03375
5490	0.025792
5491	0.022167
5492	0.022542
5493	0.022
5494	0.02075
5495	0.02075
5496	0.021958
5497	0.021583
5498	0.023
5499	0.020583
5500	0.020791
5501	0.020459
5502	0.020625
5503	0.019667
5504	0.021708
5505	0.021791
5506	0.020667
5507	0.022208
5508	0.018875
5509	0.0215
5510	0.021583
5511	0.167917
5512	0.115125
5513	0.075667
5514	0.081375
5515	0.072542
5516	0.034375
5517	0.083291
5518	0.022417
5519	0.021584
5520	0.021125
5521	0.021709
5522	0.021291
5523	0.021417
5524	0.021541
5525	0.023833
5526	0.02075
5527	0.022625
5528	0.020209
5529	0.020583
5530	0.020667
5531	0.021
5532	0.020125
5533	0.02175
5534	0.021
5535	0.019542
5536	0.018417
5537	0.021
5538	0.020459
5539	0.019917
5540	0.020541
5541	0.01875
5542	0.019541
5543	0.020625
5544	0.173333
5545	0.108166
5546	0.1005
5547	0.077083
5548	0.071292
5549	0.05175
5550	0.047875
5551	0.047167
5552	0.057709
5553	0.048583
5554	0.051
5555	0.024583
5556	0.019708
5557	0.020167
5558	0.021917
5559	0.0185
5560	0.021
5561	0.0365
5562	0.031833
5563	0.02525
5564	0.021667
5565	0.0205
5566	0.020417
5567	0.02625
5568	0.0215
5569	0.108
5570	0.039333
5571	0.020584
5572	0.020833
5573	0.022
5574	0.020708
5575	0.020625
5576	0.020417
5577	0.019875
5578	0.019709
5579	0.020458
5580	0.019458
5581	0.020417
5582	0.030792
5583	0.021666
5584	0.018875
5585	0.01975
5586	0.019625
5587	0.020458
5588	0.022209
5589	0.020084
5590	0.02075
5591	0.019666
5592	0.020875
5593	0.019125
5594	0.092333
5595	0.068833
5596	0.033458
5597	0.025875
5598	0.023417
5599	0.020958
5600	0.020625
5601	0.020541
5602	0.023542
5603	0.021833
5604	0.018625
5605	0.022125
5606	0.020666
5607	0.019625
5608	0.021417
5609	0.019417
5610	0.021542
5611	0.019125
5612	0.018334
5613	0.019792
5614	0.019541
5615	0.021084
5616	0.019875
5617	0.018291
5618	0.019584
5619	0.020625
5620	0.020208
5621	0.020875
5622	0.018958
5623	0.018917
5624	0.019708
5625	0.018625
5626	0.023042
5627	0.021291
5628	0.025166
5629	0.020625
5630	0.018625
5631	0.019958
5632	0.01875
5633	0.025292
5634	0.035
5635	0.07025
5636	0.024625
5637	0.02125
5638	0.020542
5639	0.024584
5640	0.026667
5641	0.021167
5642	0.020625
5643	0.019791
5644	0.019834
5645	0.020167
5646	0.019541
5647	0.020208
5648	0.031208
5649	0.019584
5650	0.020416
5651	0.019167
5652	0.01925
5653	0.018375
5654	0.017833
5655	0.018583
5656	0.020209
5657	0.019833
5658	0.019875
5659	0.019209
5660	0.01925
5661	0.018
5662	0.017875
5663	0.018625
5664	0.018958
5665	0.018917
5666	0.018958
5667	0.019417
5668	0.018584
5669	0.018459
5670	0.021042
5671	0.019583
5672	0.018417
5673	0.019583
5674	0.018875
5675	0.019292
5676	0.019625
5677	0.017958
5678	0.018458
5679	0.017333
5680	0.018292
5681	0.01825
5682	0.019125
5683	0.019291
5684	0.019709
5685	0.01825
5686	0.019791
5687	0.019834
5688	0.019458
5689	0.019292
5690	0.020042
5691	0.018958
5692	0.018875
5693	0.018667
5694	0.020334
5695	0.020166
5696	0.019458
5697	0.019084
5698	0.021416
5699	0.019875
5700	0.01975
5701	0.01975
5702	0.01975
5703	0.019291
5704	0.019208
5705	0.018542
5706	0.019459
5707	0.0195
5708	0.018083
5709	0.018959
5710	0.018125
5711	0.019166
5712	0.017834
5713	0.019083
5714	0.019375
5715	0.019417
5716	0.019375
5717	0.020208
5718	0.0185
5719	0.019917
5720	0.018833
5721	0.019
5722	0.019667
5723	0.019375
5724	0.0195
5725	0.019
5726	0.019041
5727	0.018334
5728	0.018167
5729	0.02075
5730	0.01975
5731	0.020666
5732	0.01975
5733	0.018792
5734	0.0195
5735	0.018041
5736	0.01725
5737	0.020459
5738	0.018875
5739	0.018042
5740	0.018542
5741	0.019916
5742	0.018833
5743	0.0195
5744	0.018333
5745	0.01875
5746	0.018417
5747	0.019542
5748	0.018166
5749	0.018625
5750	0.018125
5751	0.01875
5752	0.01825
5753	0.021625
5754	0.018709
5755	0.018042
5756	0.018333
5757	0.018667
5758	0.018208
5759	0.018708
5760	0.01925
5761	0.0175
5762	0.019334
5763	0.018291
5764	0.019166
5765	0.018792
5766	0.020875
5767	0.019667
5768	0.019875
5769	0.018792
5770	0.017625
5771	0.018667
5772	0.019542
5773	0.019417
5774	0.018833
5775	0.018542
5776	0.018916
5777	0.018625
5778	0.018125
5779	0.018709
5780	0.01925
5781	0.01875
5782	0.018833
5783	0.018417
5784	0.018625
5785	0.01975
5786	0.019167
5787	0.018708
5788	0.017375
5789	0.0175
5790	0.018916
5791	0.018959
5792	0.018625
5793	0.019416
5794	0.019209
5795	0.0185
5796	0.018708
5797	0.01975
5798	0.019541
5799	0.019625
5800	0.018875
5801	0.01925
5802	0.017792
5803	0.019083
5804	0.018709
5805	0.01825
5806	0.01825
5807	0.018958
5808	0.019042
5809	0.017375
5810	0.018041
5811	0.019417
5812	0.019166
5813	0.018583
5814	0.018625
5815	0.019084
5816	0.025792
5817	0.019416
5818	0.017792
5819	0.019959
5820	0.018833
5821	0.01925
5822	0.019334
5823	0.01825
5824	0.031792
5825	0.02125
5826	0.018083
5827	0.01625
5828	0.018667
5829	0.024208
5830	0.018833
5831	0.019791
5832	0.019292
5833	0.018167
5834	0.018917
5835	0.020209
5836	0.016792
5837	0.021
5838	0.01925
5839	0.019458
5840	0.018417
5841	0.019041
5842	0.019083
5843	0.018333
5844	0.018542
5845	0.017833
5846	0.017917
5847	0.018291
5848	0.018375
5849	0.018667
5850	0.018208
5851	0.019
5852	0.018167
5853	0.019208
5854	0.018417
5855	0.018833
5856	0.018917
5857	0.018791
5858	0.017709
5859	0.019
5860	0.01925
5861	0.018875
5862	0.018916
5863	0.017292
5864	0.019459
5865	0.019208
5866	0.018292
5867	0.018708
5868	0.019375
5869	0.01875
5870	0.019416
5871	0.020208
5872	0.019125
5873	0.019709
5874	0.017583
5875	0.019292
5876	0.01975
5877	0.018625
5878	0.018667
5879	0.018041
5880	0.016916
5881	0.037167
5882	0.028625
5883	0.022
5884	0.020916
5885	0.018708
5886	0.025375
5887	0.019375
5888	0.020417
5889	0.019584
5890	0.020709
5891	0.020209
5892	0.019084
5893	0.02075
5894	0.018625
5895	0.019584
5896	0.020334
5897	0.019166
5898	0.01825
5899	0.018459
5900	0.019334
5901	0.020459
5902	0.01975
5903	0.019042
5904	0.020458
5905	0.020542
5906	0.02
5907	0.019209
5908	0.022834
5909	0.019041
5910	0.018917
5911	0.019417
5912	0.019917
5913	0.01975
5914	0.021041
5915	0.020167
5916	0.021583
5917	0.019875
5918	0.021959
5919	0.0185
5920	0.019458
5921	0.020333
5922	0.020917
5923	0.017542
5924	0.017208
5925	0.017833
5926	0.02025
5927	0.019959
5928	0.01925
5929	0.018458
5930	0.01975
5931	0.0185
5932	0.0165
5933	0.017708
5934	0.018875
5935	0.018708
5936	0.01975
5937	0.02075
5938	0.018791
5939	0.020083
5940	0.01925
5941	0.018417
5942	0.019333
5943	0.019166
5944	0.019959
5945	0.019083
5946	0.018459
5947	0.019292
5948	0.019041
5949	0.0185
5950	0.019792
5951	0.018583
5952	0.019333
5953	0.019292
5954	0.03525
5955	0.019917
5956	0.020166
5957	0.020083
5958	0.019875
5959	0.020542
5960	0.021125
5961	0.018584
5962	0.018917
5963	0.018959
5964	0.019084
5965	0.020583
5966	0.020875
5967	0.021
5968	0.019708
5969	0.017167
5970	0.019667
5971	0.020708
5972	0.019333
5973	0.021458
5974	0.019834
5975	0.033458
5976	0.017916
5977	0.02
5978	0.018625
5979	0.020667
5980	0.019083
5981	0.019458
5982	0.025333
5983	0.020833
5984	0.018917
5985	0.018917
5986	0.019833
5987	0.019416
5988	0.019417
5989	0.018875
5990	0.019083
5991	0.017708
5992	0.018334
5993	0.019
5994	0.019208
5995	0.019708
5996	0.018417
5997	0.02075
5998	0.019125
5999	0.020208
6000	0.018708
6001	0.018625
6002	0.019625
6003	0.019167
6004	0.018083
6005	0.019666
6006	0.019
6007	0.020458
6008	0.017541
6009	0.017167
6010	0.019417
6011	0.019584
6012	0.018833
6013	0.018917
6014	0.020167
6015	0.019083
6016	0.020666
6017	0.019708
6018	0.018291
6019	0.01975
6020	0.019125
6021	0.019
6022	0.019625
6023	0.0205
6024	0.018875
6025	0.018875
6026	0.0195
6027	0.019625
6028	0.020125
6029	0.019334
6030	0.019458
6031	0.02025
6032	0.019875
6033	0.018125
6034	0.018334
6035	0.01775
6036	0.019125
6037	0.018167
6038	0.018791
6039	0.019916
6040	0.019625
6041	0.019916
6042	0.019
6043	0.0175
6044	0.017
6045	0.018875
6046	0.017334
6047	0.019083
6048	0.017791
6049	0.018958
6050	0.018584
6051	0.018625
6052	0.019125
6053	0.018458
6054	0.01875
6055	0.020916
6056	0.018625
6057	0.0195
6058	0.020042
6059	0.017958
6060	0.019459
6061	0.017083
6062	0.01875
6063	0.019292
6064	0.018041
6065	0.018625
6066	0.017958
6067	0.019792
6068	0.020083
6069	0.018459
6070	0.02
6071	0.020416
6072	0.020666
6073	0.01875
6074	0.018917
6075	0.019375
6076	0.019459
6077	0.017666
6078	0.020375
6079	0.020208
6080	0.0205
6081	0.016625
6082	0.022125
6083	0.021375
6084	0.020166
6085	0.02025
6086	0.020916
6087	0.018375
6088	0.020375
6089	0.020334
6090	0.020125
6091	0.113041
6092	0.099334
6093	0.06075
6094	0.047166
6095	0.04825
6096	0.050334
6097	0.044958
6098	0.044667
6099	0.04525
6100	0.045417
6101	0.047083
6102	0.04925
6103	0.048334
6104	0.047375
6105	0.049334
6106	0.045208
6107	0.04725
6108	0.047875
6109	0.046125
6110	0.05325
6111	0.042208
6112	0.043083
6113	0.041708
6114	0.041417
6115	0.042292
6116	0.041875
6117	0.042833
6118	0.055
6119	0.045125
6120	0.049291
6121	0.047875
6122	0.04275
6123	0.044
6124	0.043083
6125	0.042333
6126	0.042083
6127	0.041
6128	0.042583
6129	0.043083
6130	0.049667
6131	0.045083
6132	0.0435
6133	0.045125
6134	0.043417
6135	0.04125
6136	0.04325
6137	0.046084
6138	0.041958
6139	0.043625
6140	0.041541
6141	0.042
6142	0.044042
6143	0.043958
6144	0.045417
6145	0.044875
6146	0.041708
6147	0.044625
6148	0.042166
6149	0.041834
6150	0.043917
6151	0.044583
6152	0.049709
6153	0.047667
6154	0.053417
6155	0.04725
6156	0.049792
6157	0.045084
6158	0.043667
6159	0.042166
6160	0.053375
6161	0.046833
6162	0.045667
6163	0.046209
6164	0.044625
6165	0.048667
6166	0.04275
6167	0.045333
6168	0.047792
6169	0.045416
6170	0.044791
6171	0.122
6172	0.049
6173	0.041375
6174	0.042084
6175	0.044042
6176	0.062666
6177	0.0215
6178	0.022417
6179	0.020958
6180	0.020041
6181	0.01975
6182	0.019708
6183	0.018209
6184	0.018833
6185	0.018625
6186	0.018417
6187	0.018917
6188	0.019041
6189	0.018584
6190	0.018667
6191	0.017375
6192	0.01975
6193	0.017583
6194	0.017667
6195	0.019375
6196	0.018875
6197	0.018084
6198	0.018666
6199	0.019208
6200	0.018917
6201	0.019375
6202	0.018417
6203	0.018333
6204	0.019959
6205	0.01725
6206	0.017166
6207	0.01875
6208	0.019542
6209	0.018417
6210	0.018666
6211	0.018
6212	0.018792
6213	0.017958
6214	0.018292
6215	0.0175
6216	0.018041
6217	0.018334
6218	0.018166
6219	0.018125
6220	0.019959
6221	0.020041
6222	0.044542
6223	0.037541
6224	0.015667
6225	0.017125
6226	0.01825
6227	0.016417
6228	0.019333
6229	0.018459
6230	0.017875
6231	0.016958
6232	0.017375
6233	0.018333
6234	0.019542
6235	0.016083
6236	0.019167
6237	0.018584
6238	0.018709
6239	0.018333
6240	0.017208
6241	0.017208
6242	0.01925
6243	0.017958
6244	0.016834
6245	0.017
6246	0.017208
6247	0.018792
6248	0.018208
6249	0.018208
6250	0.017416
6251	0.018417
6252	0.0175
6253	0.01825
6254	0.01725
6255	0.018125
6256	0.017625
6257	0.017375
6258	0.0175
6259	0.018042
6260	0.018375
6261	0.018333
6262	0.017209
6263	0.017625
6264	0.01925
6265	0.017625
6266	0.09125
6267	0.06675
6268	0.0345
6269	0.022083
6270	0.017542
6271	0.018584
6272	0.019292
6273	0.025333
6274	0.019709
6275	0.019959
6276	0.019125
6277	0.020292
6278	0.018291
6279	0.016916
6280	0.018084
6281	0.019
6282	0.018542
6283	0.018042
6284	0.019125
6285	0.01825
6286	0.022875
6287	0.083917
6288	0.055208
6289	0.074583
6290	0.057417
6291	0.022542
6292	0.018542
6293	0.018708
6294	0.020959
6295	0.017583
6296	0.020667
6297	0.018958
6298	0.017792
6299	0.018708
6300	0.019083
6301	0.017125
6302	0.0185
6303	0.01925
6304	0.017709
6305	0.018042
6306	0.018041
6307	0.017792
6308	0.016875
6309	0.017458
6310	0.018042
6311	0.01925
6312	0.018542
6313	0.017958
6314	0.017833
6315	0.018417
6316	0.019583
6317	0.018542
6318	0.018292
6319	0.01675
6320	0.017875
6321	0.018584
6322	0.017833
6323	0.018292
6324	0.017708
6325	0.016833
6326	0.017625
6327	0.015958
6328	0.0185
6329	0.018042
6330	0.019792
6331	0.01625
6332	0.02725
6333	0.018667
6334	0.017375
6335	0.016125
6336	0.018958
6337	0.021708
6338	0.019584
6339	0.018708
6340	0.017542
6341	0.017959
6342	0.018291
6343	0.017209
6344	0.019542
6345	0.057208
6346	0.025709
6347	0.020166
6348	0.019084
6349	0.018833
6350	0.017833
6351	0.019334
6352	0.017791
6353	0.018459
6354	0.019208
6355	0.018542
6356	0.017791
6357	0.019209
6358	0.018834
6359	0.018167
6360	0.017125
6361	0.0175
6362	0.018291
6363	0.018542
6364	0.017875
6365	0.017667
6366	0.019
6367	0.016417
6368	0.017833
6369	0.017542
6370	0.017166
6371	0.018375
6372	0.018959
6373	0.017708
6374	0.018208
6375	0.016709
6376	0.039208
6377	0.01875
6378	0.016
6379	0.017375
6380	0.018042
6381	0.0185
6382	0.018
6383	0.017958
6384	0.018125
6385	0.018791
6386	0.018417
6387	0.016291
6388	0.016584
6389	0.017667
6390	0.018583
6391	0.017959
6392	0.0185
6393	0.018542
6394	0.017875
6395	0.017375
6396	0.017375
6397	0.017959
6398	0.017958
6399	0.018958
6400	0.019083
6401	0.019
6402	0.017917
6403	0.01675
6404	0.018958
6405	0.020916
6406	0.017917
6407	0.020416
6408	0.01825
6409	0.018958
6410	0.017833
6411	0.017375
6412	0.019042
6413	0.017667
6414	0.017709
6415	0.019042
6416	0.018
6417	0.018167
6418	0.017417
6419	0.01925
6420	0.01725
6421	0.018083
6422	0.018125
6423	0.019667
6424	0.018458
6425	0.018459
6426	0.018125
6427	0.017958
6428	0.017042
6429	0.0185
6430	0.018583
6431	0.018333
6432	0.018375
6433	0.018625
6434	0.016917
6435	0.018167
6436	0.016416
6437	0.017167
6438	0.016292
6439	0.017875
6440	0.017791
6441	0.017417
6442	0.017916
6443	0.017625
6444	0.018084
6445	0.018375
6446	0.018083
6447	0.016959
6448	0.016416
6449	0.017917
6450	0.017875
6451	0.017583
6452	0.017875
6453	0.017625
6454	0.018875
6455	0.017875
6456	0.018209
6457	0.017791
6458	0.017334
6459	0.018416
6460	0.017792
6461	0.017791
6462	0.017958
6463	0.018459
6464	0.017375
6465	0.0175
6466	0.018666
6467	0.018917
6468	0.019083
6469	0.017459
6470	0.017084
6471	0.017041
6472	0.019292
6473	0.018958
6474	0.017875
6475	0.017583
6476	0.018792
6477	0.017375
6478	0.017834
6479	0.018291
6480	0.017375
6481	0.018584
6482	0.016041
6483	0.018042
6484	0.017292
6485	0.017708
6486	0.018958
6487	0.017792
6488	0.018417
6489	0.017209
6490	0.018291
6491	0.017667
6492	0.018417
6493	0.017708
6494	0.018875
6495	0.019875
6496	0.01875
6497	0.01675
6498	0.018959
6499	0.017875
6500	0.027875
6501	0.018125
6502	0.018167
6503	0.0175
6504	0.017166
6505	0.017417
6506	0.019583
6507	0.016125
6508	0.01775
6509	0.018292
6510	0.019708
6511	0.019167
6512	0.017291
6513	0.017292
6514	0.018291
6515	0.018334
6516	0.016584
6517	0.016375
6518	0.018625
6519	0.022625
6520	0.018583
6521	0.017625
6522	0.017875
6523	0.018167
6524	0.016916
6525	0.01775
6526	0.017125
6527	0.016417
6528	0.016709
6529	0.016625
6530	0.018083
6531	0.017959
6532	0.015334
6533	0.016584
6534	0.018291
6535	0.024
6536	0.018667
6537	0.017041
6538	0.017542
6539	0.017541
6540	0.017834
6541	0.017666
6542	0.018083
6543	0.017709
6544	0.017416
6545	0.017625
6546	0.016792
6547	0.0175
6548	0.018708
6549	0.018167
6550	0.018708
6551	0.018416
6552	0.017625
6553	0.017417
6554	0.017833
6555	0.018292
6556	0.017666
6557	0.017084
6558	0.017958
6559	0.0175
6560	0.018167
6561	0.016917
6562	0.017375
6563	0.018542
6564	0.018041
6565	0.017417
6566	0.017375
6567	0.0185
6568	0.018459
6569	0.018583
6570	0.0165
6571	0.017041
6572	0.018458
6573	0.017667
6574	0.016916
6575	0.017875
6576	0.017792
6577	0.023334
6578	0.017917
6579	0.018416
6580	0.017167
6581	0.0155
6582	0.017
6583	0.018167
6584	0.01925
6585	0.018834
6586	0.029042
6587	0.0185
6588	0.019042
6589	0.018583
6590	0.018
6591	0.018875
6592	0.016708
6593	0.017208
6594	0.030209
6595	0.084208
6596	0.054583
6597	0.045333
6598	0.045625
6599	0.06875
6600	0.052125
6601	0.027417
6602	0.020459
6603	0.020959
6604	0.019375
6605	0.020417
6606	0.017667
6607	0.019125
6608	0.018583
6609	0.018875
6610	0.018333
6611	0.0175
6612	0.019084
6613	0.01925
6614	0.018875
6615	0.0165
6616	0.018125
6617	0.018791
6618	0.0205
6619	0.018459
6620	0.018833
6621	0.017167
6622	0.018666
6623	0.017375
6624	0.017458
6625	0.018416
6626	0.018542
6627	0.018208
6628	0.0185
6629	0.017375
6630	0.01725
6631	0.018333
6632	0.019042
6633	0.01875
6634	0.017708
6635	0.017375
6636	0.018041
6637	0.018625
6638	0.019292
6639	0.018
6640	0.017167
6641	0.018333
6642	0.018292
6643	0.016916
6644	0.018875
6645	0.017834
6646	0.019666
6647	0.017959
6648	0.01775
6649	0.017458
6650	0.017458
6651	0.017958
6652	0.018792
6653	0.018375
6654	0.018417
6655	0.018042
6656	0.017708
6657	0.018041
6658	0.018541
6659	0.018542
6660	0.020583
6661	0.019958
6662	0.017625
6663	0.017416
6664	0.01925
6665	0.017083
6666	0.01875
6667	0.018333
6668	0.017959
6669	0.017667
6670	0.017583
6671	0.020375
6672	0.018583
6673	0.016542
6674	0.018583
6675	0.018125
6676	0.018625
6677	0.017833
6678	0.01725
6679	0.018417
6680	0.018625
6681	0.018292
6682	0.018208
6683	0.0185
6684	0.018083
6685	0.0195
6686	0.018625
6687	0.020333
6688	0.018958
6689	0.017417
6690	0.016292
6691	0.019375
6692	0.018875
6693	0.017292
6694	0.018125
6695	0.018709
6696	0.018291
6697	0.01725
6698	0.018708
6699	0.019416
6700	0.018167
6701	0.018833
6702	0.01725
6703	0.018625
6704	0.016958
6705	0.018
6706	0.017
6707	0.017667
6708	0.018209
6709	0.016458
6710	0.01825
6711	0.018916
6712	0.0185
6713	0.017333
6714	0.018375
6715	0.017916
6716	0.018459
6717	0.016833
6718	0.017083
6719	0.019
6720	0.018209
6721	0.018125
6722	0.016125
6723	0.018208
6724	0.018583
6725	0.017708
6726	0.016583
6727	0.018125
6728	0.019042
6729	0.018875
6730	0.0185
6731	0.017083
6732	0.018458
6733	0.018208
6734	0.017292
6735	0.019125
6736	0.018125
6737	0.018208
6738	0.018625
6739	0.018083
6740	0.019084
6741	0.018083
6742	0.019
6743	0.018084
6744	0.017541
6745	0.018625
6746	0.019417
6747	0.018083
6748	0.018417
6749	0.017875
6750	0.018875
6751	0.018583
6752	0.017375
6753	0.018459
6754	0.016542
6755	0.017125
6756	0.018167
6757	0.017208
6758	0.017166
6759	0.017083
6760	0.017917
6761	0.017334
6762	0.014875
6763	0.107875
6764	0.058792
6765	0.047833
6766	0.0445
6767	0.044291
6768	0.043917
6769	0.425041
6770	0.082667
6771	0.050458
6772	0.045667
6773	0.042959
6774	0.041542
6775	0.041708
6776	0.066583
6777	0.03225
6778	0.020584
6779	0.019291
6780	0.018917
6781	0.018666
6782	0.017333
6783	0.019292
6784	0.017584
6785	0.018333
6786	0.01875
6787	0.017792
6788	0.018708
6789	0.016667
6790	0.019333
6791	0.01875
6792	0.0185
6793	0.020833
6794	0.019792
6795	0.02325
6796	0.018625
6797	0.024459
6798	0.02
6799	0.020292
6800	0.018333
6801	0.01925
6802	0.020209
6803	0.021083
6804	0.0215
6805	0.019292
6806	0.020625
6807	0.020125
6808	0.019791
6809	0.018833
6810	0.023084
6811	0.01825
6812	0.018625
6813	0.018792
6814	0.017792
6815	0.017875
6816	0.018917
6817	0.018375
6818	0.018709
6819	0.019458
6820	0.019875
6821	0.01925
6822	0.018
6823	0.018584
6824	0.018041
6825	0.019709
6826	0.019083
6827	0.016708
6828	0.017875
6829	0.018083
6830	0.0165
6831	0.018584
6832	0.017
6833	0.018333
6834	0.020209
6835	0.02025
6836	0.016625
6837	0.018292
6838	0.018417
6839	0.019584
6840	0.017833
6841	0.016917
6842	0.018083
6843	0.018834
6844	0.017375
6845	0.017167
6846	0.016542
6847	0.017375
6848	0.017458
6849	0.017208
6850	0.018167
6851	0.018584
6852	0.018708
6853	0.0185
6854	0.017167
6855	0.019625
6856	0.01775
6857	0.017917
6858	0.018375
6859	0.017667
6860	0.017334
6861	0.062708
6862	0.037916
6863	0.017167
6864	0.018208
6865	0.018666
6866	0.017708
6867	0.017792
6868	0.017042
6869	0.017458
6870	0.017958
6871	0.0175
6872	0.016584
6873	0.01775
6874	0.017375
6875	0.018541
6876	0.017416
6877	0.017334
6878	0.017916
6879	0.016541
6880	0.018834
6881	0.017375
6882	0.018667
6883	0.016708
6884	0.021542
6885	0.020042
6886	0.020583
6887	0.01925
6888	0.02275
6889	0.019916
6890	0.019709
6891	0.018708
6892	0.018917
6893	0.017958
6894	0.020083
6895	0.019458
6896	0.026667
6897	0.018416
6898	0.017667
6899	0.016625
6900	0.017958
6901	0.016125
6902	0.017667
6903	0.018292
6904	0.016833
6905	0.018333
6906	0.0225
6907	0.024875
6908	0.02375
6909	0.023208
6910	0.022042
6911	0.018208
6912	0.019875
6913	0.022584
6914	0.023375
6915	0.022875
6916	0.025875
6917	0.02225
6918	0.01875
6919	0.01825
6920	0.019083
6921	0.019708
6922	0.019791
6923	0.018917
6924	0.019958
6925	0.016209
6926	0.019042
6927	0.017625
6928	0.019125
6929	0.018625
6930	0.018042
6931	0.017667
6932	0.020125
6933	0.01975
6934	2.5025
6935	0.041833
6936	0.020667
6937	0.02025
6938	0.01875
6939	0.025125
6940	0.017625
6941	0.016167
6942	0.019541
6943	0.01875
6944	0.018875
6945	0.018291
6946	0.017542
6947	0.017625
6948	0.019416
6949	0.019625
6950	0.018583
6951	0.019292
6952	0.016459
6953	0.0185
6954	0.015334
6955	0.017541
6956	0.016792
6957	0.016583
6958	0.093
6959	0.083792
6960	0.027083
6961	0.019917
6962	0.019292
6963	0.018791
6964	0.019625
6965	0.018834
6966	0.018083
6967	0.020708
6968	0.019542
6969	0.021583
6970	0.018875
6971	0.018
6972	0.018125
6973	0.016041
6974	0.019209
6975	0.018167
6976	0.018625
6977	0.018917
6978	0.017208
6979	0.016542
6980	0.0185
6981	0.018084
6982	0.016125
6983	0.0185
6984	0.01825
6985	0.019166
6986	0.019
6987	0.018417
6988	0.016542
6989	0.018875
6990	0.017166
6991	0.017125
6992	0.020625
6993	0.019458
6994	0.018417
6995	0.0175
6996	0.017375
6997	0.018917
6998	0.017417
6999	0.017083
7000	0.016792
7001	0.017709
7002	0.016791
7003	0.017833
7004	0.016334
7005	0.017458
7006	0.017708
7007	0.016584
7008	0.018042
7009	0.016542
7010	0.018083
7011	0.019083
7012	0.0165
7013	0.017667
7014	0.018167
7015	0.02225
7016	0.023125
7017	0.024375
7018	0.02
7019	0.017584
7020	0.01675
7021	0.027875
7022	0.036166
7023	0.089541
7024	0.054666
7025	0.046708
7026	0.046417
7027	0.042375
7028	0.059666
7029	0.029583
7030	0.020416
7031	0.0215
7032	0.018375
7033	0.017583
7034	0.017208
7035	0.018584
7036	0.018291
7037	0.015792
7038	0.0185
7039	0.016208
7040	0.019
7041	0.017334
7042	0.017542
7043	0.017375
7044	0.019875
7045	0.017416
7046	0.017334
7047	0.020666
7048	0.018584
7049	0.0175
7050	0.018333
7051	0.016167
7052	0.019459
7053	0.019125
7054	0.01725
7055	0.016334
7056	0.018917
7057	0.017292
7058	0.017792
7059	0.017375
7060	0.017875
7061	0.018167
7062	0.016209
7063	0.018375
7064	0.017083
7065	0.019209
7066	0.017166
7067	0.016666
7068	0.018334
7069	0.0175
7070	0.018042
7071	0.016958
7072	0.018416
7073	0.015709
7074	0.016792
7075	0.01775
7076	0.016875
7077	0.017667
7078	0.017084
7079	0.018875
7080	0.017917
7081	0.016833
7082	0.01975
7083	0.017208
7084	0.017833
7085	0.017041
7086	0.018666
7087	0.017667
7088	0.01825
7089	0.018625
7090	0.017625
7091	0.017334
7092	0.017
7093	0.017417
7094	0.017875
7095	0.017875
7096	0.016667
7097	0.017792
7098	0.017792
7099	0.019042
7100	0.018916
7101	0.017542
7102	0.017459
7103	0.01675
7104	0.017375
7105	0.017625
7106	0.017
7107	0.017292
7108	0.018125
7109	0.017834
7110	0.017583
7111	0.018125
7112	0.018458
7113	0.019
7114	0.017875
7115	0.017625
7116	0.017792
7117	0.017417
7118	0.016833
7119	0.016709
7120	0.018
7121	0.017042
7122	0.018125
7123	0.018
7124	0.017625
7125	0.017208
7126	0.018458
7127	0.017458
7128	0.017583
7129	0.017166
7130	0.017125
7131	0.017333
7132	0.017125
7133	0.016166
7134	0.01725
7135	0.016667
7136	0.017333
7137	0.018333
7138	0.017209
7139	0.018167
7140	0.01675
7141	0.018125
7142	0.017917
7143	0.017583
7144	0.018208
7145	0.018042
7146	0.016167
7147	0.018
7148	0.017542
7149	0.016792
7150	0.017083
7151	0.017917
7152	0.01675
7153	0.016
7154	0.021291
7155	0.017708
7156	0.017917
7157	0.01775
7158	0.017791
7159	0.018375
7160	0.018375
7161	0.018083
7162	0.017792
7163	0.017959
7164	0.016917
7165	0.017708
7166	0.017708
7167	0.017917
7168	0.016333
7169	0.018166
7170	0.016291
7171	0.017125
7172	0.016791
7173	0.020041
7174	0.017333
7175	0.016917
7176	0.018125
7177	0.018041
7178	0.018958
7179	0.017667
7180	0.017084
7181	0.017
7182	0.019208
7183	0.017084
7184	0.017583
7185	0.018
7186	0.017791
7187	0.016666
7188	0.01775
7189	0.01825
7190	0.017334
7191	0.017792
7192	0.017541
7193	0.016833
7194	0.016958
7195	0.018042
7196	0.017959
7197	0.018625
7198	0.016666
7199	0.018125
7200	0.017083
7201	0.018792
7202	0.0185
7203	0.018292
7204	0.017791
7205	0.018083
7206	0.017542
7207	0.017333
7208	0.017542
7209	0.02025
7210	0.016583
7211	0.01775
7212	0.016708
7213	0.017333
7214	0.018042
7215	0.017792
7216	0.017959
7217	0.017125
7218	0.017792
7219	0.018584
7220	0.017083
7221	0.017708
7222	0.01825
7223	0.017125
7224	0.017166
7225	0.017667
7226	0.017834
7227	0.017375
7228	0.017458
7229	0.017
7230	0.018042
7231	0.018333
7232	0.01775
7233	0.017583
7234	0.018
7235	0.018375
7236	0.01775
7237	0.018042
7238	0.0175
7239	0.017
7240	0.017042
7241	0.016875
7242	0.01725
7243	0.017666
7244	0.016917
7245	0.017
7246	0.017584
7247	0.017083
7248	0.018416
7249	0.018041
7250	0.017417
7251	0.018
7252	0.017292
7253	0.017125
7254	0.018459
7255	0.016792
7256	0.017875
7257	0.016333
7258	0.017291
7259	0.016834
7260	0.069166
7261	0.018584
7262	0.01825
7263	0.018167
7264	0.018708
7265	0.01775
7266	0.019334
7267	0.0185
7268	0.018125
7269	0.016792
7270	0.01725
7271	0.019708
7272	0.016625
7273	0.017542
7274	0.018458
7275	0.017666
7276	0.01775
7277	0.016708
7278	0.018958
7279	0.017708
7280	0.018708
7281	0.017
7282	0.017541
7283	0.018541
7284	0.017917
7285	0.059458
7286	0.054667
7287	0.0475
7288	0.049
7289	0.042334
7290	0.040792
7291	0.046958
7292	0.055
7293	0.044917
7294	0.044292
7295	0.049125
7296	0.04325
7297	0.041458
7298	0.041875
7299	0.042667
7300	0.043083
7301	0.043667
7302	0.041208
7303	0.041959
7304	0.040042
7305	0.040792
7306	0.04175
7307	0.040042
7308	0.040583
7309	0.040208
7310	0.040917
7311	0.077833
7312	0.059875
7313	0.047541
7314	0.044833
7315	0.044
7316	0.04325
7317	0.061666
7318	0.032791
7319	0.021333
7320	0.018959
7321	0.017958
7322	0.018833
7323	0.018375
7324	0.017667
7325	0.018166
7326	0.019167
7327	0.018958
7328	0.016459
7329	0.017792
7330	0.01825
7331	0.01825
7332	0.019791
7333	0.018542
7334	0.01775
7335	0.01775
7336	0.018041
7337	0.016916
7338	0.017166
7339	0.019333
7340	0.018042
7341	0.016292
7342	0.017459
7343	0.018167
7344	0.018375
7345	0.017708
7346	0.017209
7347	0.020791
7348	0.017834
7349	0.016875
7350	0.018042
7351	0.017666
7352	0.017167
7353	0.018583
7354	0.019875
7355	0.01775
7356	0.018083
7357	0.017417
7358	0.018542
7359	0.018542
7360	0.018
7361	0.017958
7362	0.018167
7363	0.0175
7364	0.018333
7365	0.016334
7366	0.017083
7367	0.017875
7368	0.018167
7369	0.015875
7370	0.018125
7371	0.019
7372	0.01875
7373	0.017583
7374	0.0185
7375	0.0185
7376	0.017125
7377	0.017708
7378	0.017041
7379	0.017791
7380	0.018042
7381	0.018833
7382	0.029708
7383	0.019375
7384	0.0165
7385	0.01675
7386	0.016208
7387	0.017167
7388	0.018042
7389	0.017625
7390	0.018959
7391	0.017667
7392	0.017
7393	0.017834
7394	0.018458
7395	0.017708
7396	0.018792
7397	0.019042
7398	0.018917
7399	0.017208
7400	0.018125
7401	0.018333
7402	0.01975
7403	0.016916
7404	0.017209
7405	0.017333
7406	0.021042
7407	0.017667
7408	0.017792
7409	0.018625
7410	0.019166
7411	0.017666
7412	0.018084
7413	0.016542
7414	0.017958
7415	0.019042
7416	0.01925
7417	0.017584
7418	0.017666
7419	0.017709
7420	0.016458
7421	0.0185
7422	0.016125
7423	0.018541
7424	0.0195
7425	0.018875
7426	0.018917
7427	0.018333
7428	0.017542
7429	0.024042
7430	0.020625
7431	0.020333
7432	0.018333
7433	0.017666
7434	0.019333
7435	0.020167
7436	0.017625
7437	0.019375
7438	0.01725
7439	0.01925
7440	0.076625
7441	0.022792
7442	0.019208
7443	0.020417
7444	0.019291
7445	0.018583
7446	0.019875
7447	0.018125
7448	0.020125
7449	0.017917
7450	0.022167
7451	0.018916
7452	0.018875
7453	0.018417
7454	0.018083
7455	0.018542
7456	0.017666
7457	0.019833
7458	0.01725
7459	0.019167
7460	0.016875
7461	0.019042
7462	0.018333
7463	0.016375
7464	0.016375
7465	0.017459
7466	0.016708
7467	0.019083
7468	0.018125
7469	0.01925
7470	0.019458
7471	0.018667
7472	0.01725
7473	0.019375
7474	0.018292
7475	0.019292
7476	0.017583
7477	0.0195
7478	0.018458
7479	0.017708
7480	0.018167
7481	0.020583
7482	0.018958
7483	0.02175
7484	0.02025
7485	0.020459
7486	0.020166
7487	0.018666
7488	0.019583
7489	0.021875
7490	0.02075
7491	0.018458
7492	0.019833
7493	0.018542
7494	0.018542
7495	0.020375
7496	0.021542
7497	0.018125
7498	0.018833
7499	0.018167
7500	0.016792
7501	0.018417
7502	0.017333
7503	0.016958
7504	0.017291
7505	0.017584
7506	0.017042
7507	0.017583
7508	0.017375
7509	0.0165
7510	0.018167
7511	0.018208
7512	0.019833
7513	0.018792
7514	0.018458
7515	0.018583
7516	0.018417
7517	0.017542
7518	0.017209
7519	0.019958
7520	0.01975
7521	0.020083
7522	0.017625
7523	0.017333
7524	0.018792
7525	0.018833
7526	0.017917
7527	0.016167
7528	0.018
7529	0.017167
7530	0.018334
7531	0.018
7532	0.015166
7533	0.019125
7534	0.017208
7535	0.019625
7536	0.018042
7537	0.01825
7538	0.017333
7539	0.018709
7540	0.0175
7541	0.018125
7542	0.016083
7543	0.018458
7544	0.0185
7545	0.018833
7546	0.018042
7547	0.09175
7548	0.022125
7549	0.018583
7550	0.018709
7551	0.017875
7552	0.017292
7553	0.016917
7554	0.016333
7555	0.017042
7556	0.018208
7557	0.018959
7558	0.016583
7559	0.023458
7560	0.017083
7561	0.018
7562	0.016917
7563	0.017834
7564	0.017583
7565	0.016917
7566	0.017375
7567	0.018291
7568	0.016959
7569	0.017
7570	0.018667
7571	0.0195
7572	0.019542
7573	0.019083
7574	0.020292
7575	0.021666
7576	0.018083
7577	0.018084
7578	0.01725
7579	0.019125
7580	0.018458
7581	0.016959
7582	0.01875
7583	0.017834
7584	0.021166
7585	0.0165
7586	0.019
7587	0.018959
7588	0.017458
7589	0.01775
7590	0.019667
7591	0.022583
7592	0.023375
7593	0.022166
7594	0.019875
7595	0.022584
7596	0.023083
7597	0.023792
7598	0.023667
7599	0.021125
7600	0.022541
7601	0.025625
7602	0.019417
7603	0.019125
7604	0.0165
7605	0.017084
7606	0.017292
7607	0.017458
7608	0.019333
7609	0.017583
7610	0.017834
7611	0.019042
7612	0.018625
7613	0.018
7614	0.019167
7615	0.018041
7616	0.018584
7617	0.018167
7618	0.017875
7619	0.019917
7620	0.018292
7621	0.01775
7622	0.01975
7623	0.016292
7624	0.018458
7625	0.017375
7626	0.019459
7627	0.018583
7628	0.018291
7629	0.017125
7630	0.017416
7631	0.01625
7632	0.018292
7633	0.016625
7634	0.017917
7635	0.01925
7636	0.0165
7637	0.017458
7638	0.016667
7639	0.017792
7640	0.016334
7641	0.016375
7642	0.017833
7643	0.017084
7644	0.016292
7645	0.019625
7646	0.018542
7647	0.0185
7648	0.018542
7649	0.019833
7650	0.018083
7651	0.018334
7652	0.016958
7653	0.018708
7654	0.018084
7655	0.017958
7656	0.019375
7657	0.154416
7658	0.036083
7659	0.018666
7660	0.018084
7661	0.016583
7662	0.016834
7663	0.017792
7664	0.017959
7665	0.018125
7666	0.018125
7667	0.02075
7668	0.018375
7669	0.018417
7670	0.017041
7671	0.017959
7672	0.018458
7673	0.017667
7674	0.016584
7675	0.018833
7676	0.017625
7677	0.019791
7678	0.018916
7679	0.018875
7680	0.016958
7681	0.020208
7682	0.018875
7683	0.016042
7684	0.018166
7685	0.018375
7686	0.018208
7687	0.018375
7688	0.017208
7689	0.01825
7690	0.017583
7691	0.018208
7692	0.017375
7693	0.017583
7694	0.016458
7695	0.017208
7696	0.017459
7697	0.018125
7698	0.018166
7699	0.017959
7700	0.017208
7701	0.017916
7702	0.01775
7703	0.017959
7704	0.019375
7705	0.017958
7706	0.018
7707	0.018083
7708	0.018792
7709	0.017125
7710	0.018542
7711	0.018083
7712	0.016875
7713	0.018667
7714	0.017709
7715	0.018292
7716	0.018583
7717	0.018333
7718	0.019041
7719	0.0185
7720	0.017208
7721	0.017666
7722	0.018625
7723	0.017667
7724	0.0185
7725	0.017667
7726	0.017833
7727	0.016667
7728	0.017833
7729	0.016375
7730	0.017875
7731	0.018708
7732	0.019458
7733	0.017667
7734	0.016791
7735	0.03125
7736	0.019334
7737	0.017875
7738	0.024
7739	0.018625
7740	0.062333
7741	0.075541
7742	0.026083
7743	0.02125
7744	0.018542
7745	0.019084
7746	0.018916
7747	0.018791
7748	0.019584
7749	0.016166
7750	0.018333
7751	0.018667
7752	0.0175
7753	0.018667
7754	0.018708
7755	0.019541
7756	0.01775
7757	0.017875
7758	0.016375
7759	0.0185
7760	0.018667
7761	0.019709
7762	0.018292
7763	0.034083
7764	0.091167
7765	0.055666
7766	0.046583
7767	0.047291
7768	0.056792
7769	0.024416
7770	0.019625
7771	0.026625
7772	0.019667
7773	0.02125
7774	0.017625
7775	0.019458
7776	0.021084
7777	0.017292
7778	0.019708
7779	0.017667
7780	0.018292
7781	0.01725
7782	0.017875
7783	0.017708
7784	0.019667
7785	0.018708
7786	0.020625
7787	0.019458
7788	0.019167
7789	0.018917
7790	0.017417
7791	0.0185
7792	0.01775
7793	0.019084
7794	0.017708
7795	0.018125
7796	0.015917
7797	0.017917
7798	0.017458
7799	0.018334
7800	0.018333
7801	0.018958
7802	0.017917
7803	0.016542
7804	0.018458
7805	0.016667
7806	0.017542
7807	0.018125
7808	0.017792
7809	0.015667
7810	0.017542
7811	0.018625
7812	0.01825
7813	0.019
7814	0.023792
7815	0.020959
7816	0.021375
7817	0.018291
7818	0.017417
7819	0.018292
7820	0.018042
7821	0.019333
7822	0.018666
7823	0.055791
7824	0.055583
7825	0.020583
7826	0.016625
7827	0.019084
7828	0.017625
7829	0.018416
7830	0.018708
7831	0.016625
7832	0.018458
7833	0.017209
7834	0.017041
7835	0.017709
7836	0.017083
7837	0.017208
7838	0.017916
7839	0.016833
7840	0.017583
7841	0.017709
7842	0.01625
7843	0.016291
7844	0.01775
7845	0.017875
7846	0.017292
7847	0.018875
7848	0.016667
7849	0.017625
7850	0.017375
7851	0.017875
7852	0.018084
7853	0.01775
7854	0.017208
7855	0.017209
7856	0.015916
7857	0.016916
7858	0.017792
7859	0.01675
7860	0.0185
7861	0.017625
7862	0.017584
7863	0.018
7864	0.018333
7865	0.015625
7866	0.017709
7867	0.0175
7868	0.015125
7869	0.018666
7870	0.017625
7871	0.017958
7872	0.016083
7873	0.017666
7874	0.016959
7875	0.017958
7876	0.01775
7877	0.017459
7878	0.016625
7879	0.017709
7880	0.017875
7881	0.017333
7882	0.018
7883	0.018917
7884	0.016917
7885	0.017833
7886	0.017791
7887	0.01825
7888	0.016625
7889	0.017291
7890	0.018333
7891	0.018292
7892	0.018042
7893	0.018292
7894	0.0175
7895	0.016792
7896	0.01875
7897	0.01675
7898	0.017
7899	0.017417
7900	0.016625
7901	0.017458
7902	0.016917
7903	0.017208
7904	0.016542
7905	0.017834
7906	0.017166
7907	0.018042
7908	0.016375
7909	0.017958
7910	0.016709
7911	0.017125
7912	0.015958
7913	0.017042
7914	0.017541
7915	0.017209
7916	0.017125
7917	0.018292
7918	0.018208
7919	0.017834
7920	0.017416
7921	0.016875
7922	0.017209
7923	0.016625
7924	0.019625
7925	0.018833
7926	0.016792
7927	0.017375
7928	0.017584
7929	0.017458
7930	0.018
7931	0.017041
7932	0.018334
7933	0.018292
7934	0.016708
7935	0.016084
7936	0.018541
7937	0.017417
7938	0.0185
7939	0.017625
7940	0.016333
7941	0.018583
7942	0.016084
7943	0.0185
7944	0.018292
7945	0.019875
7946	0.017667
7947	0.017375
7948	0.017917
7949	0.016917
7950	0.0165
7951	0.018708
7952	0.017375
7953	0.017375
7954	0.017167
7955	0.017791
7956	0.0175
7957	0.017125
7958	0.017667
7959	0.018375
7960	0.01725
7961	0.017541
7962	0.017375
7963	0.016875
7964	0.017375
7965	0.017958
7966	0.017583
7967	0.018167
7968	0.015459
7969	0.017167
7970	0.017083
7971	0.017625
7972	0.017
7973	0.015667
7974	0.017875
7975	0.0175
7976	0.018125
7977	0.017625
7978	0.01775
7979	0.018166
7980	0.01675
7981	0.020083
7982	0.017208
7983	0.017542
7984	0.018167
7985	0.017167
7986	0.017958
7987	0.018417
7988	0.01725
7989	0.017916
7990	0.017709
7991	0.017833
7992	0.017
7993	0.018417
7994	0.01825
7995	0.017625
7996	0.017792
7997	0.016625
7998	0.01675
7999	0.016959
8000	0.017792
8001	0.01775
8002	0.017125
8003	0.017083
8004	0.017875
8005	0.0165
8006	0.018917
8007	0.017083
8008	0.018334
8009	0.019083
8010	0.018042
8011	0.018
8012	0.01725
8013	0.017542
8014	0.017542
8015	0.015875
8016	0.017542
8017	0.016291
8018	0.01825
8019	0.018125
8020	0.017458
8021	0.017417
8022	0.016792
8023	0.0175
8024	0.018375
8025	0.0175
8026	0.015417
8027	0.016333
8028	0.017583
8029	0.01675
8030	0.016542
8031	0.01875
8032	0.017625
8033	0.017458
8034	0.019417
8035	0.017958
8036	0.017542
8037	0.017958
8038	0.018167
8039	0.017916
8040	0.016042
8041	0.01625
8042	0.017667
8043	0.0195
8044	0.016333
8045	0.018333
8046	0.018375
8047	0.017541
8048	0.018208
8049	0.01575
8050	0.015875
8051	0.017167
8052	0.016667
8053	0.017333
8054	0.017
8055	0.018958
8056	0.017958
8057	0.015958
8058	0.018333
8059	0.016833
8060	0.019708
8061	0.018
8062	0.017417
8063	0.016875
8064	0.017333
8065	0.016708
8066	0.01725
8067	0.017125
8068	0.01725
8069	0.017833
8070	0.018
8071	0.044958
8072	0.018208
8073	0.018167
8074	0.017042
8075	0.01975
8076	0.017416
8077	0.018625
8078	0.018083
8079	0.018625
8080	0.019041
8081	0.018334
8082	0.019791
8083	0.017166
8084	0.017083
8085	0.017625
8086	0.017416
8087	0.017166
8088	0.016583
8089	0.019375
8090	0.018292
8091	0.017334
8092	0.017375
8093	0.0175
8094	0.018334
8095	0.017958
8096	0.016625
8097	0.016917
8098	0.066083
8099	0.063625
8100	0.047292
8101	0.044
8102	0.04325
8103	0.051625
8104	0.042
8105	0.043458
8106	0.082917
8107	0.0455
8108	0.053417
8109	0.041291
8110	0.040667
8111	0.042542
8112	0.043958
8113	0.042083
8114	0.041458
8115	0.0415
8116	0.048583
8117	0.041375
8118	0.04175
8119	0.040958
8120	0.0415
8121	0.041875
8122	0.045292
8123	0.022125
8124	0.018208
8125	0.019375
8126	0.01875
8127	0.019917
8128	0.018792
8129	0.017875
8130	0.019042
8131	0.01825
8132	0.018417
8133	0.018791
8134	0.017375
8135	0.018666
8136	0.019208
8137	0.016333
8138	0.01675
8139	0.016833
8140	0.018542
8141	0.017042
8142	0.018125
8143	0.01825
8144	0.02
8145	0.019542
8146	0.018916
8147	0.018084
8148	0.016833
8149	0.017917
8150	0.019167
8151	0.018416
8152	0.018584
8153	0.019291
8154	0.01825
8155	0.0175
8156	0.017667
8157	0.017458
8158	0.019083
8159	0.018125
8160	0.017875
8161	0.016083
8162	0.016417
8163	0.018458
8164	0.015917
8165	0.016834
8166	0.018541
8167	0.016458
8168	0.017584
8169	0.016083
8170	0.017334
8171	0.0185
8172	0.016792
8173	0.018416
8174	0.017542
8175	0.01725
8176	0.018375
8177	0.017458
8178	0.018
8179	0.017083
8180	0.017791
8181	0.017541
8182	0.017833
8183	0.016792
8184	0.019167
8185	0.018125
8186	0.017958
8187	0.018583
8188	0.017833
8189	0.017791
8190	0.017084
8191	0.016833
8192	0.0165
8193	0.017417
8194	0.017666
8195	0.017083
8196	0.015375
8197	0.018625
8198	0.018958
8199	0.017916
8200	0.017083
8201	0.0175
8202	0.018
8203	0.017708
8204	0.017542
8205	0.017584
8206	0.016833
8207	0.017125
8208	0.017667
8209	0.018041
8210	0.018625
8211	0.018584
8212	0.017667
8213	0.018833
8214	0.017417
8215	0.017292
8216	0.018667
8217	0.018458
8218	0.016625
8219	0.018458
8220	0.019042
8221	0.018125
8222	0.017375
8223	0.019333
8224	0.017459
8225	0.018084
8226	0.019333
8227	0.018583
8228	0.0165
8229	0.018875
8230	0.018542
8231	0.017834
8232	0.016458
8233	0.017416
8234	0.017208
8235	0.017084
8236	0.016333
8237	0.017292
8238	0.018334
8239	0.019
8240	0.019167
8241	0.017125
8242	0.017875
8243	0.018875
8244	0.01775
8245	0.017375
8246	0.0185
8247	0.01825
8248	0.017833
8249	0.017917
8250	0.018542
8251	0.016167
8252	0.018125
8253	0.017917
8254	0.019667
8255	0.01675
8256	0.017583
8257	0.018375
8258	0.016916
8259	0.015584
8260	0.018417
8261	0.020041
8262	0.017958
8263	0.017167
8264	0.01925
8265	0.016958
8266	0.018125
8267	0.018542
8268	0.018708
8269	0.024291
8270	0.018084
8271	0.023875
8272	0.01925
8273	0.019
8274	0.01775
8275	0.016458
8276	0.017584
8277	0.018041
8278	0.018
8279	0.01725
8280	0.018375
8281	0.020084
8282	0.018083
8283	0.019917
8284	0.018667
8285	0.016916
8286	0.016667
8287	0.017417
8288	0.018125
8289	0.018958
8290	0.01975
8291	0.017875
8292	0.017
8293	0.018625
8294	0.017208
8295	0.01825
8296	0.017834
8297	0.018917
8298	0.019083
8299	0.016916
8300	0.017208
8301	0.017375
8302	0.017292
8303	0.0175
8304	0.017209
8305	0.019166
8306	0.018583
8307	0.017042
8308	0.018958
8309	0.019708
8310	0.0185
8311	0.019542
8312	0.020167
8313	0.01975
8314	0.018209
8315	0.020333
8316	0.020833
8317	0.019834
8318	0.0215
8319	0.017834
8320	0.017291
8321	0.019875
8322	0.018959
8323	0.01725
8324	0.019084
8325	0.02
8326	0.019125
8327	0.020541
8328	0.020458
8329	0.021917
8330	0.018375
8331	0.018083
8332	0.019042
8333	0.017708
8334	0.017959
8335	0.017625
8336	0.018708
8337	0.018042
8338	0.016458
8339	0.017542
8340	0.017709
8341	0.017333
8342	0.017042
8343	0.018708
8344	0.0185
8345	0.016542
8346	0.016875
8347	0.018708
8348	0.01975
8349	0.018625
8350	0.01825
8351	0.018583
8352	0.017583
8353	0.019334
8354	0.021625
8355	0.020208
8356	0.020542
8357	0.018667
8358	0.018542
8359	0.016333
8360	0.017125
8361	0.01625
8362	0.017417
8363	0.01875
8364	0.019334
8365	0.017541
8366	0.017834
8367	0.017792
8368	0.017042
8369	0.014292
8370	0.019042
8371	0.019417
8372	0.016583
8373	0.017209
8374	0.01675
8375	0.017708
8376	0.017625
8377	0.019625
8378	0.01875
8379	0.017167
8380	0.020583
8381	0.017416
8382	0.01925
8383	0.017458
8384	0.01875
8385	0.018
8386	0.01725
8387	0.018958
8388	0.018084
8389	0.017083
8390	0.018167
8391	0.018625
8392	0.031208
8393	0.018125
8394	0.017625
8395	0.018375
8396	0.0165
8397	0.016625
8398	0.017
8399	0.017084
8400	0.017958
8401	0.018209
8402	0.017958
8403	0.018167
8404	0.017875
8405	0.018875
8406	0.016833
8407	0.019709
8408	0.019708
8409	0.01875
8410	0.018583
8411	0.019667
8412	0.018542
8413	0.017916
8414	0.01725
8415	0.018125
8416	0.017292
8417	0.018291
8418	0.020375
8419	0.018625
8420	0.019
8421	0.017416
8422	0.019209
8423	0.017167
8424	0.018625
8425	0.018708
8426	0.017708
8427	0.018292
8428	0.018084
8429	0.018291
8430	0.022417
8431	0.018375
8432	0.023875
8433	0.018791
8434	0.022041
8435	0.021083
8436	0.021708
8437	0.020375
8438	0.024459
8439	0.021333
8440	0.026334
8441	0.020083
8442	0.017041
8443	0.01775
8444	0.018416
8445	0.017083
8446	0.017459
8447	0.01875
8448	0.019625
8449	0.019292
8450	0.017417
8451	0.086208
8452	0.100708
8453	0.067167
8454	0.050625
8455	0.048834
8456	0.045625
8457	0.043166
8458	0.042416
8459	0.043875
8460	0.047083
8461	0.040542
8462	0.042208
8463	0.041167
8464	0.040416
8465	0.074125
8466	0.058958
8467	0.026542
8468	0.02075
8469	0.019208
8470	0.019958
8471	0.019917
8472	0.0185
8473	0.018083
8474	0.019667
8475	0.017708
8476	0.01825
8477	0.016709
8478	0.017791
8479	0.018708
8480	0.018541
8481	0.016042
8482	0.017542
8483	0.019083
8484	0.017625
8485	0.017833
8486	0.018125
8487	0.02
8488	0.019417
8489	0.018333
8490	0.017458
8491	0.0155
8492	0.016791
8493	0.018959
8494	0.017875
8495	0.018666
8496	0.0185
8497	0.019
8498	0.017875
8499	0.01775
8500	0.017417
8501	0.019583
8502	0.017666
8503	0.018333
8504	0.018292
8505	0.018041
8506	0.017542
8507	0.01675
8508	0.0175
8509	0.018459
8510	0.017542
8511	0.017083
8512	0.018708
8513	0.017791
8514	0.017166
8515	0.015209
8516	0.017541
8517	0.017542
8518	0.017792
8519	0.017
8520	0.018083
8521	0.017167
8522	0.017208
8523	0.018084
8524	0.016666
8525	0.017834
8526	0.018208
8527	0.016542
8528	0.018541
8529	0.018291
8530	0.018375
8531	0.017
8532	0.018292
8533	0.018583
8534	0.017583
8535	0.017459
8536	0.016458
8537	0.017959
8538	0.018166
8539	0.017875
8540	0.01875
8541	0.017125
8542	0.01775
8543	0.069334
8544	0.066083
8545	0.021167
8546	0.01825
8547	0.019
8548	0.018042
8549	0.017583
8550	0.015875
8551	0.017208
8552	0.053625
8553	0.041792
8554	0.018666
8555	0.018
8556	0.018833
8557	0.017
8558	0.019125
8559	0.019125
8560	0.017959
8561	0.017416
8562	0.017334
8563	0.018333
8564	0.016875
8565	0.017042
8566	0.018083
8567	0.019334
8568	0.018667
8569	0.018375
8570	0.01775
8571	0.018625
8572	0.017333
8573	0.017042
8574	0.017209
8575	0.018125
8576	0.01825
8577	0.025041
8578	0.017416
8579	0.017667
8580	0.018458
8581	0.019875
8582	0.019041
8583	0.025416
8584	0.018208
8585	0.018167
8586	0.025833
8587	0.017833
8588	0.018083
8589	0.016833
8590	0.017666
8591	0.017208
8592	0.019
8593	0.018583
8594	0.019
8595	0.018291
8596	0.016625
8597	0.017
8598	0.018917
8599	0.018958
8600	0.018042
8601	0.017667
8602	0.017833
8603	0.01825
8604	0.017417
8605	0.019459
8606	0.018958
8607	0.018916
8608	0.016833
8609	0.016791
8610	0.017375
8611	0.019
8612	0.01675
8613	0.019958
8614	0.017958
8615	0.01925
8616	0.016416
8617	0.019291
8618	0.019542
8619	0.018042
8620	0.017417
8621	0.017167
8622	0.019042
8623	0.018291
8624	0.01825
8625	0.018542
8626	0.018
8627	0.01725
8628	0.017125
8629	0.018459
8630	0.015542
8631	0.017667
8632	0.016542
8633	0.017958
8634	0.018334
8635	0.018417
8636	0.01675
8637	0.01725
8638	0.018708
8639	0.017584
8640	0.0205
8641	0.020958
8642	0.020875
8643	0.018875
8644	0.016083
8645	0.016292
8646	0.018125
8647	0.017584
8648	0.076583
8649	0.056375
8650	0.025417
8651	0.019833
8652	0.01975
8653	0.019334
8654	0.017916
8655	0.017917
8656	0.018709
8657	0.017166
8658	0.0195
8659	0.019959
8660	0.016625
8661	0.016875
8662	0.018375
8663	0.017708
8664	0.017375
8665	0.016791
8666	0.019708
8667	0.018542
8668	0.018292
8669	0.015917
8670	0.018166
8671	0.017959
8672	0.017458
8673	0.018292
8674	0.01725
8675	0.017333
8676	0.016875
8677	0.017542
8678	0.017875
8679	0.017834
8680	0.029125
8681	0.017375
8682	0.01775
8683	0.017792
8684	0.01625
8685	0.017208
8686	0.018375
8687	0.016875
8688	0.017041
8689	0.017667
8690	0.017083
8691	0.017
8692	0.018084
8693	0.01925
8694	0.018417
8695	0.018041
8696	0.017708
8697	0.017209
8698	0.018
8699	0.0185
8700	0.016958
8701	0.016208
8702	0.018292
8703	0.018042
8704	0.017625
8705	0.018334
8706	0.016583
8707	0.017542
8708	0.017708
8709	0.017833
8710	0.017375
8711	0.017042
8712	0.017208
8713	0.015959
8714	0.017375
8715	0.018042
8716	0.017084
8717	0.016708
8718	0.01675
8719	0.017916
8720	0.017583
8721	0.019458
8722	0.01775
8723	0.0175
8724	0.01725
8725	0.017625
8726	0.018042
8727	0.017917
8728	0.018542
8729	0.017
8730	0.017208
8731	0.016334
8732	0.017583
8733	0.017625
8734	0.016834
8735	0.018291
8736	0.017041
8737	0.01725
8738	0.016583
8739	0.017458
8740	0.017792
8741	0.015875
8742	0.017959
8743	0.017708
8744	0.017125
8745	0.018084
8746	0.017125
8747	0.018625
8748	0.018791
8749	0.017125
8750	0.0165
8751	0.0175
8752	0.0175
8753	0.017583
8754	0.016792
8755	0.018375
8756	0.017083
8757	0.018084
8758	0.017208
8759	0.018666
8760	0.017459
8761	0.01925
8762	0.018583
8763	0.018375
8764	0.017958
8765	0.017625
8766	0.015875
8767	0.017625
8768	0.017958
8769	0.01825
8770	0.017792
8771	0.017042
8772	0.017917
8773	0.016042
8774	0.017708
8775	0.015458
8776	0.018458
8777	0.017125
8778	0.019583
8779	0.018417
8780	0.018583
8781	0.017125
8782	0.017458
8783	0.018084
8784	0.017042
8785	0.017458
8786	0.016459
8787	0.016417
8788	0.018292
8789	0.016958
8790	0.016292
8791	0.017875
8792	0.016833
8793	0.016834
8794	0.031583
8795	0.01875
8796	0.018833
8797	0.017959
8798	0.017417
8799	0.016583
8800	0.018125
8801	0.018167
8802	0.016458
8803	0.01775
8804	0.018458
8805	0.016375
8806	0.017625
8807	0.016333
8808	0.017208
8809	0.018291
8810	0.017958
8811	0.016375
8812	0.0175
8813	0.018041
8814	0.017291
8815	0.018708
8816	0.018833
8817	0.0175
8818	0.018333
8819	0.017666
8820	0.017916
8821	0.016833
8822	0.016625
8823	0.0175
8824	0.019084
8825	0.017125
8826	0.017667
8827	0.017875
8828	0.01775
8829	0.017
8830	0.01725
8831	0.018
8832	0.018334
8833	0.017417
8834	0.016834
8835	0.017
8836	0.017792
8837	0.017875
8838	0.016292
8839	0.01775
8840	0.0175
8841	0.015875
8842	0.017
8843	0.016625
8844	0.01775
8845	0.019
8846	0.017125
8847	0.017167
8848	0.017166
8849	0.017917
8850	0.015958
8851	0.01525
8852	0.017167
8853	0.017208
8854	0.016417
8855	0.018084
8856	0.017958
8857	0.016334
8858	0.018708
8859	0.018125
8860	0.016417
8861	0.017875
8862	0.017083
8863	0.017875
8864	0.016833
8865	0.015083
8866	0.017709
8867	0.017
8868	0.017833
8869	0.018042
8870	0.018416
8871	0.018834
8872	0.017875
8873	0.0165
8874	0.018292
8875	0.017792
8876	0.018083
8877	0.018417
8878	0.017375
8879	0.017583
8880	0.018041
8881	0.017541
8882	0.018333
8883	0.015792
8884	0.017209
8885	0.017875
8886	0.016584
8887	0.017666
8888	0.017209
8889	0.01875
8890	0.018042
8891	0.019167
8892	0.017916
8893	0.017375
8894	0.017291
8895	0.017708
8896	0.017792
8897	0.018042
8898	0.017875
8899	0.017709
8900	0.01975
8901	0.025959
8902	0.03175
8903	0.0215
8904	0.020583
8905	0.018459
8906	0.018375
8907	0.018417
8908	0.017959
8909	0.017458
8910	0.017875
8911	0.018125
8912	0.018916
8913	0.01875
8914	0.017125
8915	0.019208
8916	0.017792
8917	0.018542
8918	0.019792
8919	0.018125
8920	0.018333
8921	0.01875
8922	0.017916
8923	0.017334
8924	0.018584
8925	0.019333
8926	0.019167
8927	0.017958
8928	0.019459
8929	0.018208
8930	0.018375
8931	0.01775
8932	0.018791
8933	0.016667
8934	0.019458
8935	0.019583
8936	0.019375
8937	0.018708
8938	0.016667
8939	0.0175
8940	0.019917
8941	0.019125
8942	0.017917
8943	0.018042
8944	0.0185
8945	0.01775
8946	0.017333
8947	0.018125
8948	0.018208
8949	0.018458
8950	0.018583
8951	0.018541
8952	0.017583
8953	0.017167
8954	0.018542
8955	0.017458
8956	0.018208
8957	0.018334
8958	0.018
8959	0.017583
8960	0.017666
8961	0.016667
8962	0.016542
8963	0.016958
8964	0.018
8965	0.017583
8966	0.017958
8967	0.017334
8968	0.021083
8969	0.016209
8970	0.017375
8971	0.017083
8972	0.018459
8973	0.0175
8974	0.018959
8975	0.017708
8976	0.019417
8977	0.01825
8978	0.017875
8979	0.018167
8980	0.101167
8981	0.093208
8982	0.058792
8983	0.048875
8984	0.045042
8985	0.045041
8986	0.043875
8987	0.0425
8988	0.04275
8989	0.043291
8990	0.042125
8991	0.042084
8992	0.061959
8993	0.042708
8994	0.040583
8995	0.0405
8996	0.046042
8997	0.04175
8998	0.042167
8999	0.039958
9000	0.041
9001	0.04025
9002	0.0405
9003	0.041167
9004	0.040375
9005	0.040583
9006	0.040708
9007	0.039292
9008	0.039583
9009	0.041125
9010	0.040416
9011	0.042
9012	0.041
9013	0.139125
9014	0.042083
9015	0.041083
9016	0.040666
9017	0.039875
9018	0.041833
9019	0.041875
9020	0.080917
9021	0.054375
9022	0.046625
9023	0.049709
9024	0.043334
9025	0.043167
9026	0.044667
9027	0.046
9028	0.043791
9029	0.042
9030	0.04125
9031	0.042041
9032	0.045917
9033	0.041291
9034	0.040084
9035	0.041167
9036	0.051625
9037	0.023625
9038	0.0205
9039	0.017958
9040	0.018
9041	0.018041
9042	0.018417
9043	0.017959
9044	0.0175
9045	0.015542
9046	0.018041
9047	0.018208
9048	0.017875
9049	0.017375
9050	0.018
9051	0.019667
9052	0.016875
9053	0.018458
9054	0.016375
9055	0.017667
9056	0.018625
9057	0.018708
9058	0.016667
9059	0.016584
9060	0.016709
9061	0.016417
9062	0.0175
9063	0.02025
9064	0.018833
9065	0.0175
9066	0.018916
9067	0.019167
9068	0.016333
9069	0.019625
9070	0.018584
9071	0.017458
9072	0.024208
9073	0.019291
9074	0.020167
9075	0.018292
9076	0.023583
9077	0.017958
9078	0.022792
9079	0.0205
9080	0.018542
9081	0.020125
9082	0.018917
9083	0.018583
9084	0.021458
9085	0.019875
9086	0.017459
9087	0.019875
9088	0.020041
9089	0.018666
9090	0.019959
9091	0.019417
9092	0.016666
9093	0.017625
9094	0.015958
9095	0.031625
9096	0.018542
9097	0.018167
9098	0.018334
9099	0.018042
9100	0.016708
9101	0.017375
9102	0.017834
9103	0.017041
9104	0.019125
9105	0.018375
9106	0.018417
9107	0.019
9108	0.020125
9109	0.018459
9110	0.017917
9111	0.018083
9112	0.01725
9113	0.019208
9114	0.023916
9115	0.019792
9116	0.020042
9117	0.019792
9118	0.018583
9119	0.018167
9120	0.017417
9121	0.016334
9122	0.018542
9123	0.016708
9124	0.015709
9125	0.016625
9126	0.015042
9127	0.019625
9128	0.018334
9129	0.018708
9130	0.020042
9131	0.019959
9132	0.016958
9133	0.019625
9134	0.017834
9135	0.01625
9136	0.019542
9137	0.019458
9138	0.017917
9139	0.019667
9140	0.018625
9141	0.018959
9142	0.01825
9143	0.01725
9144	0.017708
9145	0.0205
9146	0.020083
9147	0.019833
9148	0.016291
9149	0.019541
9150	0.018458
9151	0.017375
9152	0.019042
9153	0.016334
9154	0.015917
9155	0.017583
9156	0.018083
9157	0.018042
9158	0.018917
9159	0.018708
9160	0.027708
9161	0.019791
9162	0.018083
9163	0.018542
9164	0.0155
9165	0.016584
9166	0.020042
9167	0.018875
9168	0.019625
9169	0.017959
9170	0.019833
9171	0.0195
9172	0.019167
9173	0.020417
9174	0.020083
9175	0.0175
9176	0.017333
9177	0.018375
9178	0.018125
9179	0.017792
9180	0.017583
9181	0.018916
9182	0.019333
9183	0.019291
9184	0.017875
9185	0.015917
9186	0.018083
9187	0.018416
9188	0.018791
9189	0.022334
9190	0.019917
9191	0.019333
9192	0.02025
9193	0.021666
9194	0.023292
9195	0.023625
9196	0.02375
9197	0.023042
9198	0.021
9199	0.026958
9200	0.0195
9201	0.018125
9202	0.019166
9203	0.018083
9204	0.016583
9205	0.017667
9206	0.016125
9207	0.018
9208	0.018208
9209	0.018292
9210	0.017834
9211	0.017708
9212	0.017875
9213	0.063208
9214	0.021292
9215	0.01625
9216	0.022791
9217	0.017208
9218	0.019375
9219	0.018125
9220	0.018833
9221	0.017291
9222	0.017209
9223	0.018667
9224	0.018208
9225	0.017709
9226	0.018458
9227	0.021625
9228	0.01725
9229	0.016125
9230	0.018542
9231	0.017209
9232	0.017125
9233	0.018042
9234	0.020542
9235	0.020166
9236	0.020292
9237	0.01975
9238	0.01775
9239	0.016208
9240	0.018417
9241	0.01875
9242	0.018416
9243	0.018291
9244	0.017708
9245	0.018334
9246	0.01925
9247	0.018542
9248	0.016708
9249	0.016292
9250	0.016584
9251	0.018417
9252	0.069541
9253	0.02075
9254	0.020042
9255	0.019584
9256	0.0165
9257	0.018792
9258	0.017333
9259	0.018417
9260	0.017792
9261	0.019166
9262	0.018875
9263	0.017958
9264	0.018959
9265	0.0185
9266	0.017583
9267	0.019542
9268	0.016834
9269	0.014792
9270	0.01725
9271	0.019
9272	0.017917
9273	0.018584
9274	0.019
9275	0.01775
9276	0.017042
9277	0.018333
9278	0.019542
9279	0.018166
9280	0.01825
9281	0.018292
9282	0.01775
9283	0.017375
9284	0.017625
9285	0.018083
9286	0.017709
9287	0.018292
9288	0.019042
9289	0.016708
9290	0.018542
9291	0.017375
9292	0.016708
9293	0.018334
9294	0.017
9295	0.017792
9296	0.018542
9297	0.018125
9298	0.018792
9299	0.015708
9300	0.018
9301	0.01775
9302	0.017
9303	0.017833
9304	0.017875
9305	0.017292
9306	0.017458
9307	0.016916
9308	0.017208
9309	0.01825
9310	0.016792
9311	0.017708
9312	0.018375
9313	0.016458
9314	0.018792
9315	0.017208
9316	0.017125
9317	0.017333
9318	0.017875
9319	0.018084
9320	0.016958
9321	0.017875
9322	0.018916
9323	0.018666
9324	0.018833
9325	0.018834
9326	0.018833
9327	0.018917
9328	0.019167
9329	0.017917
9330	0.017625
9331	0.13225
9332	0.022458
9333	0.018834
9334	0.018083
9335	0.018708
9336	0.018542
9337	0.018125
9338	0.0155
9339	0.082083
9340	0.01975
9341	0.017833
9342	0.017875
9343	0.016834
9344	0.017375
9345	0.017375
9346	0.017667
9347	0.018792
9348	0.017583
9349	0.019042
9350	0.018125
9351	0.0185
9352	0.019417
9353	0.020667
9354	0.017709
9355	0.018375
9356	0.018875
9357	0.018167
9358	0.019
9359	0.020792
9360	0.019875
9361	0.018791
9362	0.060041
9363	0.024541
9364	0.020541
9365	0.018125
9366	0.017416
9367	0.019917
9368	0.019042
9369	0.018375
9370	0.017833
9371	0.017375
9372	0.017875
9373	0.019125
9374	0.017334
9375	0.01925
9376	0.019209
9377	0.019417
9378	0.017208
9379	0.018792
9380	0.0255
9381	0.019625
9382	0.017584
9383	0.018041
9384	0.017209
9385	0.018542
9386	0.018
9387	0.01825
9388	0.017917
9389	0.016958
9390	0.017959
9391	0.018042
9392	0.017708
9393	0.018792
9394	0.016916
9395	0.017417
9396	0.0175
9397	0.018709
9398	0.017708
9399	0.018083
9400	0.018666
9401	0.019083
9402	0.019542
9403	0.0185
9404	0.017709
9405	0.017583
9406	0.016542
9407	0.0185
9408	0.017791
9409	0.017459
9410	0.018083
9411	0.017833
9412	0.017417
9413	0.017834
9414	0.017708
9415	0.018292
9416	0.017625
9417	0.017208
9418	0.017458
9419	0.017667
9420	0.018125
9421	0.017417
9422	0.019541
9423	0.017833
9424	0.0195
9425	0.018167
9426	0.020833
9427	0.018083
9428	0.017042
9429	0.0175
9430	0.018
9431	0.017292
9432	0.017542
9433	0.031125
9434	0.029375
9435	0.022375
9436	0.018917
9437	0.026334
9438	0.017708
9439	0.01925
9440	0.0175
9441	0.018375
9442	0.019833
9443	0.018584
9444	0.018042
9445	0.018666
9446	0.018458
9447	0.017542
9448	0.018416
9449	0.019
9450	0.017375
9451	0.017958
9452	0.018459
9453	0.018208
9454	0.017292
9455	0.016209
9456	0.018833
9457	0.017792
9458	0.018208
9459	0.017584
9460	0.017208
9461	0.017708
9462	0.016666
9463	0.019625
9464	0.017708
9465	0.017542
9466	0.018958
9467	0.01675
9468	0.016083
9469	0.017709
9470	0.017708
9471	0.0165
9472	0.0185
9473	0.019042
9474	0.017833
9475	0.018084
9476	0.018208
9477	0.019916
9478	0.018
9479	0.019625
9480	0.01875
9481	0.017667
9482	0.017583
9483	0.018459
9484	0.01775
9485	0.01775
9486	0.01775
9487	0.017417
9488	0.018042
9489	0.01775
9490	0.018208
9491	0.018667
9492	0.018042
9493	0.016125
9494	0.018625
9495	0.017167
9496	0.017
9497	0.01825
9498	0.016916
9499	0.016958
9500	0.017625
9501	0.0165
9502	0.017458
9503	0.017959
9504	0.017167
9505	0.017625
9506	0.017833
9507	0.01675
9508	0.016834
9509	0.017667
9510	0.017583
9511	0.016625
9512	0.017833
9513	0.017209
9514	0.019458
9515	0.018875
9516	0.017666
9517	0.016167
9518	0.018167
9519	0.017792
9520	0.017458
9521	0.016208
9522	0.016875
9523	0.0165
9524	0.016917
9525	0.017459
9526	0.017
9527	0.016
9528	0.018292
9529	0.017416
9530	0.017709
9531	0.017208
9532	0.018666
9533	0.017791
9534	0.017125
9535	0.018417
9536	0.018041
9537	0.018208
9538	0.017417
9539	0.016083
9540	0.016709
9541	0.017042
9542	0.016958
9543	0.017291
9544	0.017541
9545	0.018166
9546	0.018459
9547	0.017417
9548	0.018542
9549	0.016292
9550	0.017333
9551	0.017834
9552	0.017416
9553	0.017459
9554	0.017916
9555	0.017584
9556	0.017625
9557	0.017417
9558	0.017417
9559	0.018208
9560	0.0175
9561	0.01675
9562	0.017541
9563	0.017625
9564	0.018375
9565	0.017667
9566	0.018167
9567	0.016417
9568	0.018417
9569	0.017042
9570	0.0165
9571	0.016833
9572	0.016542
9573	0.018792
9574	0.017625
9575	0.017084
9576	0.01725
9577	0.017875
9578	0.018875
9579	0.016375
9580	0.016792
9581	0.017291
9582	0.018625
9583	0.018583
9584	0.017167
9585	0.017167
9586	0.01725
9587	0.017416
9588	0.017625
9589	0.018
9590	0.017
9591	0.018333
9592	0.016708
9593	0.017084
9594	0.018208
9595	0.017833
9596	0.01875
9597	0.017333
9598	0.017334
9599	0.018042
9600	0.01875
9601	0.017833
9602	0.01725
9603	0.017667
9604	0.016958
9605	0.017667
9606	0.01775
9607	0.022625
9608	0.016541
9609	0.017542
9610	0.017417
9611	0.016541
9612	0.018041
9613	0.017583
9614	0.018042
9615	0.017333
9616	0.017334
9617	0.017292
9618	0.016208
9619	0.016666
9620	0.018792
9621	0.019292
9622	0.016292
9623	0.019083
9624	0.016459
9625	0.01675
9626	0.017959
9627	0.01775
9628	0.018
9629	0.017209
9630	0.017541
9631	0.017875
9632	0.017375
9633	0.01775
9634	0.017417
9635	0.017625
9636	0.017417
9637	0.018
9638	0.017375
9639	0.016542
9640	0.018667
9641	0.018209
9642	0.018583
9643	0.015334
9644	0.017083
9645	0.0165
9646	0.017
9647	0.017792
9648	0.017541
9649	0.018541
9650	0.017667
9651	0.016958
9652	0.016584
9653	0.017208
9654	0.016916
9655	0.017834
9656	0.019041
9657	0.018291
9658	0.0175
9659	0.017084
9660	0.017708
9661	0.017959
9662	0.016333
9663	0.0165
9664	0.02825
9665	0.015416
9666	0.016791
9667	0.017917
9668	0.017708
9669	0.018459
9670	0.01775
9671	0.017125
9672	0.019417
9673	0.017916
9674	0.01725
9675	0.017375
9676	0.017167
9677	0.017625
9678	0.016667
9679	0.017708
9680	0.016917
9681	0.018125
9682	0.01875
9683	0.019083
9684	0.017708
9685	0.017667
9686	0.017083
9687	0.017291
9688	0.017875
9689	0.076875
9690	0.028834
9691	0.019917
9692	0.019083
9693	0.018292
9694	0.018167
9695	0.018083
9696	0.017416
9697	0.019125
9698	0.017417
9699	0.017
9700	0.015125
9701	0.017792
9702	0.017542
9703	0.01825
9704	0.019
9705	0.018
9706	0.017958
9707	0.017875
9708	0.016625
9709	0.018
9710	0.019459
9711	0.019125
9712	0.017958
9713	0.018292
9714	0.018208
9715	0.017209
9716	0.016625
9717	0.017458
9718	0.01875
9719	0.018125
9720	0.018666
9721	0.017333
9722	0.019542
9723	0.01825
9724	0.01875
9725	0.016666
9726	0.018166
9727	0.018625
9728	0.019625
9729	0.017333
9730	0.018583
9731	0.019125
9732	0.018875
9733	0.018375
9734	0.0175
9735	0.019292
9736	0.017792
9737	0.018333
9738	0.019291
9739	0.017667
9740	0.018625
9741	0.018916
9742	0.016875
9743	0.016958
9744	0.017625
9745	0.018333
9746	0.018167
9747	0.01825
9748	0.018042
9749	0.016292
9750	0.017583
9751	0.018666
9752	0.019459
9753	0.01525
9754	0.01525
9755	0.017916
9756	0.017834
9757	0.0175
9758	0.018542
9759	0.018042
9760	0.018708
9761	0.017875
9762	0.017
9763	0.017167
9764	0.017917
9765	0.019125
9766	0.01875
9767	0.017875
9768	0.017875
9769	0.015833
9770	0.016375
9771	0.018583
9772	0.017875
9773	0.01725
9774	0.018209
9775	0.01725
9776	0.019709
9777	0.017583
9778	0.017917
9779	0.0185
9780	0.019291
9781	0.018
9782	0.017958
9783	0.019041
9784	0.026041
9785	0.018584
9786	0.019917
9787	0.016291
9788	0.018084
9789	0.018583
9790	0.018333
9791	0.0165
9792	0.018541
9793	0.018666
9794	0.016917
9795	0.017917
9796	0.018625
9797	0.018541
9798	0.019166
9799	0.018708
9800	0.017125
9801	0.018125
9802	0.018167
9803	0.018083
9804	0.016292
9805	0.0185
9806	0.017291
9807	0.018625
9808	0.018875
9809	0.018458
9810	0.016875
9811	0.0165
9812	0.02775
9813	0.019125
9814	0.018666
9815	0.018209
9816	0.016458
9817	0.016666
9818	0.017458
9819	0.0195
9820	0.018875
9821	0.017875
9822	0.018167
9823	0.018792
9824	0.018917
9825	0.018208
9826	0.018083
9827	0.017834
9828	0.017833
9829	0.017833
9830	0.017417
9831	0.017917
9832	0.018125
9833	0.018291
9834	0.017833
9835	0.017833
9836	0.017084
9837	0.018583
9838	0.017
9839	0.017708
9840	0.017834
9841	0.019375
9842	0.018375
9843	0.019792
9844	0.018834
9845	0.015625
9846	0.01775
9847	0.017542
9848	0.020417
9849	0.018042
9850	0.017125
9851	0.016167
9852	0.017625
9853	0.016875
9854	0.01775
9855	0.018833
9856	0.017625
9857	0.017083
9858	0.015958
9859	0.017625
9860	0.019042
9861	0.018375
9862	0.017333
9863	0.017875
9864	0.016208
9865	0.016958
9866	0.017667
9867	0.017417
9868	0.016917
9869	0.01775
9870	0.018167
9871	0.017292
9872	0.018709
9873	0.018375
9874	0.018125
9875	0.018875
9876	0.019875
9877	0.018166
9878	0.018042
9879	0.016584
9880	0.018292
9881	0.019333
9882	0.018334
9883	0.017125
9884	0.017833
9885	0.017375
9886	0.015792
9887	0.0165
9888	0.017334
9889	0.017917
9890	0.016958
9891	0.017875
9892	0.018709
9893	0.01825
9894	0.018833
9895	0.019041
9896	0.01875
9897	0.019541
9898	0.016666
9899	0.016333
9900	0.016375
9901	0.01725
9902	0.019792
9903	0.019792
9904	0.01825
9905	0.021042
9906	0.0185
9907	0.019917
9908	0.128625
9909	0.062666
9910	0.046833
9911	0.044083
9912	0.053375
9913	0.044125
9914	0.042
9915	0.044708
9916	0.044666
9917	0.042167
9918	0.057208
9919	0.05125
9920	0.044083
9921	0.042542
9922	0.045333
9923	0.0455
9924	0.04175
9925	0.042834
9926	0.04425
9927	0.042458
9928	0.045792
9929	0.0405
9930	0.115541
9931	0.029583
9932	0.019791
9933	0.02
9934	0.018666
9935	0.018667
9936	0.016167
9937	0.019375
9938	0.018417
9939	0.018583
9940	0.018833
9941	0.020209
9942	0.016791
9943	0.016959
9944	0.017958
9945	0.017208
9946	0.017459
9947	0.018625
9948	0.0165
9949	0.017959
9950	0.016
9951	0.0165
9952	0.017833
9953	0.01625
9954	0.067042
9955	0.044542
9956	0.017542
9957	0.017875
9958	0.018375
9959	0.017041
9960	0.017459
9961	0.016375
9962	0.016625
9963	0.01725
9964	0.016667
9965	0.018084
9966	0.016875
9967	0.015458
9968	0.018459
9969	0.017666
9970	0.017708
9971	0.017917
9972	0.017333
9973	0.016375
9974	0.01675
9975	0.0155
9976	0.017666
9977	0.017083
9978	0.017542
9979	0.016375
9980	0.016334
9981	0.015167
9982	0.017125
9983	0.016792
9984	0.01725
9985	0.017
9986	0.015958
9987	0.017417
9988	0.017667
9989	0.015959
9990	0.015083
9991	0.016416
9992	0.020958
9993	0.018917
9994	0.017
9995	0.019667
9996	0.020042
9997	0.018042
9998	0.016291
9999	0.017958
