index	elapsed_ms
0	19.634375
1	0.544458
2	0.463417
3	0.439666
4	0.419833
5	0.529417
6	0.441666
7	0.471875
8	0.393
9	0.399459
10	0.374291
11	0.38075
12	0.362917
13	0.36425
14	0.359292
15	0.450125
16	0.366709
17	0.355375
18	0.351959
19	0.348542
20	0.319375
21	0.3815
22	0.316041
23	0.310625
24	0.310792
25	0.28325
26	0.254375
27	0.25875
28	0.287959
29	0.205375
30	0.197458
31	0.225709
32	0.192083
33	0.1565
34	0.085375
35	0.098667
36	0.085209
37	0.080792
38	0.078417
39	0.078792
40	0.08
41	0.07975
42	0.092041
43	0.082459
44	0.079875
45	0.080375
46	0.076792
47	0.10475
48	0.097916
49	0.083417
50	0.116208
51	0.255416
52	0.107958
53	0.460458
54	0.093334
55	0.110625
56	0.098083
57	0.087708
58	0.0855
59	0.084375
60	0.082542
61	0.104292
62	0.084792
63	0.690333
64	0.117875
65	0.113541
66	0.085417
67	0.083125
68	0.080958
69	0.079584
70	0.086958
71	0.089291
72	0.085666
73	0.086584
74	0.080583
75	0.080417
76	0.086542
77	0.08475
78	0.084333
79	0.086708
80	0.098709
81	0.1
82	0.083833
83	0.084041
84	0.085084
85	0.102417
86	0.084458
87	0.082875
88	0.089917
89	0.087166
90	0.091375
91	0.095667
92	0.123875
93	0.09175
94	0.090333
95	0.094917
96	0.089417
97	0.091791
98	0.104083
99	0.120042
100	0.088375
101	0.100125
102	0.102459
103	0.097208
104	0.095125
105	0.110083
106	0.092125
107	0.102375
108	0.105709
109	0.102125
110	0.102625
111	0.0975
112	0.097375
113	0.10225
114	0.095625
115	0.095041
116	0.095542
117	0.104125
118	0.238584
119	0.092541
120	0.093292
121	0.091375
122	0.090042
123	0.090625
124	0.093417
125	0.095208
126	0.112833
127	0.179875
128	0.104333
129	0.091708
130	0.093458
131	0.099875
132	0.089583
133	0.096667
134	0.088042
135	0.08675
136	0.087917
137	0.09125
138	0.090958
139	0.088916
140	0.225917
141	0.093375
142	0.090667
143	0.091584
144	0.083958
145	0.085916
146	0.083375
147	0.111083
148	0.08175
149	0.081917
150	0.08075
151	0.08025
152	0.091083
153	0.080167
154	0.080542
155	0.082834
156	0.085042
157	0.081
158	0.087416
159	0.088125
160	0.078625
161	0.087542
162	0.077125
163	0.076041
164	0.08075
165	0.075375
166	0.077834
167	0.07575
168	0.113625
169	0.07425
170	0.074958
171	0.073583
172	0.076625
173	0.075084
174	0.073084
175	0.082333
176	0.073208
177	0.085584
178	0.218125
179	0.079833
180	0.074916
181	0.073042
182	0.083083
183	0.077584
184	0.077666
185	0.075167
186	0.073125
187	0.076708
188	0.072084
189	0.072541
190	0.074333
191	0.0955
192	0.075667
193	0.075417
194	0.073417
195	0.073125
196	0.07275
197	0.072417
198	0.072042
199	0.073041
200	0.073167
201	0.081209
202	0.073041
203	0.072542
204	0.07225
205	0.071209
206	0.072208
207	0.072708
208	0.083458
209	0.073083
210	0.073125
211	0.071542
212	0.075084
213	0.072208
214	0.078041
215	0.07475
216	0.093083
217	0.132958
218	0.09025
219	0.083
220	0.532375
221	0.479042
222	0.246084
223	0.089167
224	0.072375
225	0.071209
226	0.069
227	0.069709
228	0.075084
229	0.069084
230	0.074417
231	0.067917
232	0.067667
233	0.069542
234	0.067042
235	0.076833
236	0.071333
237	0.12875
238	0.077042
239	0.092916
240	0.071375
241	0.070083
242	0.07275
243	0.070083
244	0.07025
245	0.068
246	0.074167
247	0.068333
248	0.067333
249	0.066542
250	0.066667
251	0.068
252	0.066417
253	0.065125
254	0.075958
255	0.319583
256	0.258584
257	0.348417
258	0.078334
259	0.072958
260	0.067209
261	0.067625
262	0.067875
263	0.0655
264	0.065833
265	0.065959
266	0.064667
267	0.071958
268	0.065708
269	0.068209
270	0.068709
271	0.069583
272	0.065708
273	0.120417
274	0.074916
275	0.07375
276	0.068083
277	0.068
278	0.065375
279	0.065709
280	0.06475
281	0.067084
282	0.065709
283	0.067
284	0.064583
285	0.0645
286	0.066
287	0.065917
288	0.074458
289	0.065167
290	0.064792
291	0.067084
292	0.066375
293	0.065084
294	0.081125
295	0.065375
296	0.065041
297	0.066208
298	0.065292
299	0.065916
300	0.064333
301	0.064833
302	0.0645
303	0.066
304	0.065083
305	0.064459
306	0.707792
307	0.079292
308	0.066833
309	0.065958
310	0.068125
311	0.066208
312	0.064875
313	0.067541
314	0.065667
315	0.065959
316	0.0705
317	0.065041
318	0.105666
319	0.095
320	0.065667
321	0.06525
322	0.068375
323	0.066292
324	0.100791
325	0.06575
326	0.06525
327	0.145083
328	0.083542
329	0.072709
330	0.067541
331	0.071916
332	0.066916
333	0.065458
334	0.067
335	0.080125
336	0.067083
337	0.295791
338	0.082125
339	0.066833
340	0.063875
341	0.064625
342	0.0655
343	0.064917
344	0.191375
345	0.079209
346	0.073709
347	0.072833
348	0.064208
349	0.064292
350	0.062917
351	0.07
352	0.062833
353	0.062416
354	0.063292
355	0.062584
356	0.064458
357	0.063917
358	0.063334
359	0.061917
360	0.063875
361	0.063209
362	0.062459
363	0.062917
364	0.088958
365	0.063834
366	0.066375
367	0.062958
368	0.066292
369	0.060959
370	0.063709
371	0.061791
372	0.064458
373	0.059959
374	0.06125
375	0.061625
376	0.064125
377	0.06425
378	0.060667
379	0.060959
380	0.0595
381	0.084333
382	0.087792
383	0.074125
384	0.062917
385	0.060958
386	0.060375
387	0.060208
388	0.063125
389	0.059625
390	0.060916
391	0.061042
392	0.061375
393	0.062042
394	0.060958
395	0.151958
396	0.060917
397	0.060875
398	0.060917
399	0.060875
400	0.062583
401	0.182584
402	0.063583
403	0.061458
404	0.059791
405	0.06125
406	0.060041
407	0.059791
408	0.0595
409	0.060208
410	0.062041
411	0.15575
412	0.060541
413	0.05975
414	0.060333
415	0.060084
416	0.059542
417	0.065417
418	0.117
419	0.07925
420	0.068792
421	0.063792
422	0.157041
423	0.077709
424	0.067792
425	0.099125
426	0.0645
427	0.062334
428	0.062208
429	0.059542
430	0.2265
431	0.0825
432	0.068042
433	0.061875
434	0.061334
435	0.060125
436	0.059084
437	0.058625
438	0.059917
439	0.061208
440	0.06
441	0.085208
442	0.060042
443	0.059334
444	0.058208
445	0.058292
446	0.058416
447	0.083042
448	0.061667
449	0.059459
450	0.058792
451	0.060667
452	0.0645
453	0.058417
454	0.058458
455	0.059
456	0.058417
457	0.060666
458	0.059084
459	0.059042
460	0.058041
461	0.058416
462	0.059292
463	0.072541
464	0.059542
465	0.060666
466	0.059583
467	0.058292
468	0.058167
469	0.058667
470	0.06025
471	0.065583
472	0.058875
473	0.058667
474	0.058708
475	0.064
476	0.059834
477	0.05725
478	0.058209
479	0.059833
480	0.057042
481	0.057834
482	0.057458
483	0.058042
484	0.058042
485	0.061542
486	0.058334
487	0.059125
488	0.061875
489	0.059042
490	0.057625
491	0.057708
492	0.073375
493	0.057875
494	0.058458
495	0.058084
496	0.074792
497	0.060709
498	0.05875
499	0.058583
500	0.057333
501	0.057042
502	0.059917
503	0.065167
504	0.058541
505	0.241916
506	0.288667
507	0.168958
508	0.148792
509	0.202833
510	0.130834
511	0.262417
512	0.153875
513	0.143208
514	0.1595
515	0.373167
516	0.130125
517	0.130333
518	0.131208
519	0.13275
520	0.133792
521	0.276333
522	0.140416
523	0.135416
524	0.379792
525	0.059416
526	0.066208
527	0.0565
528	0.061167
529	0.055916
530	0.058917
531	0.061166
532	0.061292
533	0.054375
534	0.056625
535	0.057625
536	0.056708
537	0.06125
538	0.053625
539	0.056334
540	0.0545
541	0.053
542	0.059
543	0.055
544	0.055792
545	0.057625
546	0.054375
547	0.053625
548	0.095042
549	0.131583
550	0.0605
551	0.057625
552	0.057125
553	0.094792
554	0.062542
555	0.053166
556	0.051625
557	0.051291
558	0.052209
559	0.051958
560	0.052042
561	0.053167
562	0.050958
563	0.051958
564	0.052333
565	0.051167
566	0.05275
567	0.105333
568	0.110833
569	0.061334
570	0.053541
571	0.052959
572	0.051041
573	0.0515
574	0.071084
575	0.053666
576	0.052875
577	0.053583
578	0.063125
579	0.052625
580	0.051375
581	0.052542
582	0.052291
583	0.052209
584	0.051041
585	0.058667
586	0.055125
587	0.054292
588	0.051458
589	0.05175
590	0.050958
591	0.168042
592	0.163875
593	0.128333
594	0.124291
595	0.129875
596	0.15725
597	0.120958
598	0.153792
599	0.127291
600	0.114542
601	0.076583
602	0.055291
603	0.087125
604	0.057625
605	0.054875
606	0.052708
607	0.061042
608	0.0565
609	0.052167
610	0.052958
611	0.052417
612	0.072583
613	0.074458
614	0.056416
615	0.056125
616	0.055333
617	0.054041
618	0.051708
619	0.053166
620	0.060917
621	0.056083
622	0.05325
623	0.051042
624	0.062333
625	0.0525
626	0.0525
627	0.053917
628	0.100375
629	0.053042
630	0.052958
631	0.053542
632	0.053917
633	0.053959
634	0.052208
635	0.052458
636	0.087917
637	0.054292
638	0.05175
639	0.057208
640	0.053958
641	0.051667
642	0.051209
643	0.054083
644	0.05475
645	0.052291
646	0.052541
647	0.103875
648	0.05425
649	0.052583
650	0.05175
651	0.053167
652	0.052667
653	0.051167
654	0.051541
655	0.052417
656	0.050708
657	0.051583
658	0.051667
659	0.052458
660	0.050167
661	0.051833
662	0.052
663	0.052167
664	0.051834
665	0.053292
666	0.051917
667	0.051875
668	0.051042
669	0.050958
670	0.051625
671	0.051083
672	0.05075
673	0.051583
674	0.0515
675	0.052959
676	0.051041
677	0.051417
678	0.051709
679	0.052791
680	0.050459
681	0.054958
682	0.050833
683	0.051709
684	0.050125
685	0.055125
686	0.0505
687	0.049584
688	0.050041
689	0.049584
690	0.050667
691	0.049333
692	0.049625
693	0.049667
694	0.048917
695	0.05025
696	0.050083
697	0.051916
698	0.050125
699	0.051875
700	0.04925
701	0.0495
702	0.048916
703	0.050334
704	0.049125
705	0.04975
706	0.049334
707	0.051084
708	0.049083
709	0.050334
710	0.050791
711	0.050834
712	0.049583
713	0.051584
714	0.050833
715	0.049625
716	0.048416
717	0.048958
718	0.051167
719	0.050291
720	0.049042
721	0.050083
722	0.05075
723	0.050167
724	0.049792
725	0.050083
726	0.050959
727	0.050167
728	0.049958
729	0.057208
730	0.050875
731	0.166875
732	0.07225
733	0.052541
734	0.051667
735	0.050833
736	0.049917
737	0.051833
738	0.050375
739	0.051
740	0.050834
741	0.052333
742	0.050709
743	0.055333
744	0.05075
745	0.050458
746	0.050375
747	0.052125
748	0.050125
749	0.050792
750	0.056041
751	0.050917
752	0.049667
753	0.050291
754	0.050542
755	0.064875
756	0.050917
757	0.050292
758	0.051333
759	0.05175
760	0.056917
761	0.052167
762	0.051166
763	0.050667
764	0.051
765	0.050125
766	0.04975
767	0.05075
768	0.0495
769	0.05125
770	0.051167
771	0.052209
772	0.052625
773	0.049875
774	0.05
775	0.052667
776	0.050541
777	0.074
778	0.050042
779	0.050916
780	0.049959
781	0.04925
782	0.050458
783	0.050417
784	0.049208
785	0.049541
786	0.051
787	0.050209
788	0.05025
789	0.049625
790	0.050125
791	0.050042
792	0.049917
793	0.051083
794	0.050917
795	0.051667
796	0.050292
797	0.0505
798	0.049916
799	0.050542
800	0.05025
801	0.051708
802	0.209083
803	0.15425
804	0.126083
805	0.135417
806	0.142583
807	0.119625
808	0.130416
809	0.074167
810	0.053917
811	0.054875
812	0.052125
813	0.071333
814	0.050667
815	0.050666
816	0.051209
817	0.050042
818	0.050708
819	0.051458
820	0.051417
821	0.050709
822	0.051542
823	0.061916
824	0.0495
825	0.051375
826	0.049917
827	0.050667
828	0.049958
829	0.052042
830	0.05075
831	0.051792
832	0.057708
833	0.049542
834	0.051875
835	0.051666
836	0.049541
837	0.049542
838	0.0505
839	0.050333
840	0.051291
841	0.058375
842	0.05225
843	0.051583
844	0.052375
845	0.051834
846	0.056125
847	0.051708
848	0.05
849	0.05025
850	0.052709
851	0.050875
852	0.050041
853	0.049791
854	0.050334
855	0.05
856	0.051084
857	0.100208
858	0.051541
859	0.053541
860	0.051167
861	0.051667
862	0.049583
863	0.049084
864	0.049458
865	0.049292
866	0.052791
867	0.050584
868	0.051709
869	0.051125
870	0.051458
871	0.049834
872	0.050625
873	0.051167
874	0.051042
875	0.04975
876	0.049042
877	0.0615
878	0.051542
879	0.0515
880	0.050416
881	0.05025
882	0.051083
883	0.050334
884	0.049541
885	0.05
886	0.049291
887	0.0585
888	0.050791
889	0.050167
890	0.050334
891	0.0505
892	0.049833
893	0.049167
894	0.049458
895	0.049333
896	0.057167
897	0.050625
898	0.051167
899	0.050333
900	0.050791
901	0.049792
902	0.119083
903	0.05775
904	0.058417
905	0.060959
906	0.050834
907	0.05375
908	0.056
909	0.049583
910	0.053125
911	0.051083
912	0.051125
913	0.107042
914	0.050833
915	0.05175
916	0.051792
917	0.051667
918	0.050125
919	0.051333
920	0.049125
921	0.052084
922	0.049583
923	0.052541
924	0.050834
925	0.049458
926	0.050875
927	0.112625
928	0.054125
929	0.052167
930	0.05
931	0.126167
932	0.064459
933	0.053875
934	0.051292
935	0.050875
936	0.055959
937	0.161709
938	0.054167
939	0.0515
940	0.049667
941	0.063208
942	0.050125
943	0.049417
944	0.051459
945	0.053708
946	0.054083
947	0.050792
948	0.050375
949	0.049541
950	0.050042
951	0.060833
952	0.049375
953	0.052292
954	0.049792
955	0.049917
956	0.049708
957	0.049542
958	0.05025
959	0.050125
960	0.062208
961	0.050792
962	0.050083
963	0.052834
964	0.049875
965	0.049958
966	0.049375
967	0.05025
968	0.048666
969	0.0565
970	0.059125
971	0.05225
972	0.050209
973	0.051416
974	0.050334
975	0.081791
976	0.097
977	0.053375
978	0.051833
979	0.050584
980	0.05025
981	0.0505
982	0.053583
983	0.050458
984	0.050167
985	0.05025
986	0.050333
987	0.051083
988	0.050209
989	0.048625
990	0.054166
991	0.051
992	0.049834
993	0.050459
994	0.061458
995	0.053166
996	0.050583
997	0.049875
998	0.049375
999	0.0495
1000	0.048959
1001	0.053333
1002	0.050583
1003	0.049708
1004	0.050209
1005	0.064
1006	0.050417
1007	0.04925
1008	0.049333
1009	0.051167
1010	0.050708
1011	0.050125
1012	0.049834
1013	0.050083
1014	0.049542
1015	0.060083
1016	0.051334
1017	0.051667
1018	0.049792
1019	0.049916
1020	0.052166
1021	0.05025
1022	0.051583
1023	0.197834
1024	0.10825
1025	0.046291
1026	0.0425
1027	0.045542
1028	0.043
1029	0.097292
1030	0.04375
1031	0.0425
1032	0.041584
1033	0.0445
1034	0.042458
1035	0.094667
1036	0.043667
1037	0.041958
1038	0.043625
1039	0.04375
1040	0.041667
1041	0.046208
1042	0.041
1043	0.040292
1044	0.040708
1045	0.039417
1046	0.04025
1047	0.040333
1048	0.039459
1049	0.041458
1050	0.0405
1051	0.0405
1052	0.039958
1053	0.039583
1054	0.040625
1055	0.039959
1056	0.040333
1057	0.048417
1058	0.041958
1059	0.041416
1060	0.04025
1061	0.040875
1062	0.039667
1063	0.041041
1064	0.041292
1065	0.043083
1066	0.0395
1067	0.039333
1068	0.037833
1069	0.038125
1070	0.03925
1071	0.039042
1072	0.039875
1073	0.039583
1074	0.0385
1075	0.03975
1076	0.038959
1077	0.039
1078	0.039
1079	0.044042
1080	0.038833
1081	0.039542
1082	0.045375
1083	0.04025
1084	0.038542
1085	0.037458
1086	0.045709
1087	0.038541
1088	0.041875
1089	0.038583
1090	0.038291
1091	0.036792
1092	0.037583
1093	0.037625
1094	0.037917
1095	0.04425
1096	0.037417
1097	0.038083
1098	0.03925
1099	0.038
1100	0.037833
1101	0.038333
1102	0.038792
1103	0.038291
1104	0.038625
1105	0.037542
1106	0.036792
1107	0.03825
1108	0.038042
1109	0.036334
1110	0.049166
1111	0.040709
1112	0.037625
1113	0.03875
1114	0.054375
1115	0.038209
1116	0.037083
1117	0.038083
1118	0.038625
1119	0.038959
1120	0.037208
1121	0.037417
1122	0.039208
1123	0.037792
1124	0.037458
1125	0.037334
1126	0.045208
1127	0.041292
1128	0.091333
1129	0.053292
1130	0.041166
1131	0.040834
1132	0.039041
1133	0.042209
1134	0.039083
1135	0.038625
1136	0.037583
1137	0.049542
1138	0.04125
1139	0.038708
1140	0.0415
1141	0.0385
1142	0.037292
1143	0.03725
1144	0.037542
1145	0.041167
1146	0.037417
1147	0.0395
1148	0.039167
1149	0.039958
1150	0.042291
1151	0.040083
1152	0.05
1153	0.040417
1154	0.041833
1155	0.039667
1156	0.038833
1157	0.038417
1158	0.037625
1159	0.04125
1160	0.038167
1161	0.040083
1162	0.047583
1163	0.041125
1164	0.039792
1165	0.038792
1166	0.038417
1167	0.038083
1168	0.038167
1169	0.038625
1170	0.038042
1171	0.040292
1172	0.131416
1173	0.038
1174	0.03725
1175	0.045917
1176	0.091375
1177	0.038125
1178	0.041833
1179	0.037959
1180	0.0385
1181	0.038958
1182	0.045666
1183	0.039
1184	0.037458
1185	0.039667
1186	0.036541
1187	0.038208
1188	0.082
1189	0.036959
1190	0.040583
1191	0.037916
1192	0.045458
1193	0.040542
1194	0.039708
1195	0.039209
1196	0.038667
1197	0.036875
1198	0.036875
1199	0.038041
1200	0.039292
1201	0.038833
1202	0.038583
1203	0.037875
1204	0.038166
1205	0.04125
1206	0.054208
1207	0.04575
1208	0.040042
1209	0.03925
1210	0.0375
1211	0.043209
1212	0.037792
1213	0.043792
1214	0.093167
1215	0.219709
1216	0.123042
1217	0.047958
1218	0.0445
1219	0.043375
1220	0.037041
1221	0.039167
1222	0.036958
1223	0.039458
1224	0.037875
1225	0.044667
1226	0.042083
1227	0.046583
1228	0.036875
1229	0.034
1230	0.035084
1231	0.040041
1232	0.035375
1233	0.034708
1234	0.03625
1235	0.03725
1236	0.034542
1237	0.039708
1238	0.03625
1239	0.035084
1240	0.039291
1241	0.032417
1242	0.033958
1243	0.035167
1244	0.036458
1245	0.032833
1246	0.035834
1247	0.035583
1248	0.033959
1249	0.035167
1250	0.034834
1251	0.035166
1252	0.034542
1253	0.035416
1254	0.033416
1255	0.106
1256	0.146333
1257	0.205959
1258	0.042583
1259	0.034958
1260	0.0355
1261	0.032583
1262	0.034584
1263	0.03325
1264	0.034333
1265	0.036375
1266	0.033625
1267	0.032791
1268	0.035542
1269	0.034875
1270	0.035208
1271	0.033959
1272	0.034416
1273	0.036625
1274	0.035792
1275	0.033916
1276	0.034666
1277	0.032625
1278	0.034625
1279	0.036333
1280	0.034208
1281	0.033417
1282	0.033667
1283	0.03425
1284	0.035083
1285	0.034292
1286	0.033708
1287	0.034041
1288	0.034125
1289	0.03675
1290	0.0565
1291	0.036
1292	0.039375
1293	0.035875
1294	0.035875
1295	0.037625
1296	0.034708
1297	0.033709
1298	0.034083
1299	0.034125
1300	0.037875
1301	0.033417
1302	0.038292
1303	0.036625
1304	0.032917
1305	0.034542
1306	0.034917
1307	0.035041
1308	0.033416
1309	0.032209
1310	0.033416
1311	0.033125
1312	0.035916
1313	0.03375
1314	0.033334
1315	0.034584
1316	0.034583
1317	0.034958
1318	0.034958
1319	0.034625
1320	0.089375
1321	0.037125
1322	0.037875
1323	0.035791
1324	0.037041
1325	0.033917
1326	0.03225
1327	0.042167
1328	0.035458
1329	0.035208
1330	0.0335
1331	0.142375
1332	0.202958
1333	0.110625
1334	0.035625
1335	0.043834
1336	0.034334
1337	0.04075
1338	0.034792
1339	0.040291
1340	0.051292
1341	0.03325
1342	0.035208
1343	0.031875
1344	0.034125
1345	0.033792
1346	0.033459
1347	0.033125
1348	0.031083
1349	0.031583
1350	0.032583
1351	0.033
1352	0.046459
1353	0.039667
1354	0.035667
1355	0.031708
1356	0.03325
1357	0.04175
1358	0.036583
1359	0.034834
1360	0.074708
1361	0.041167
1362	0.038042
1363	0.068667
1364	0.053209
1365	0.033834
1366	0.032375
1367	0.031333
1368	0.031
1369	0.030917
1370	0.030792
1371	0.031583
1372	0.030333
1373	0.029417
1374	0.03025
1375	0.030583
1376	0.031125
1377	0.0325
1378	0.029917
1379	0.046958
1380	0.029625
1381	0.0355
1382	0.033833
1383	0.030416
1384	0.032375
1385	0.03075
1386	0.033167
1387	0.03125
1388	0.032
1389	0.029208
1390	0.036625
1391	0.030166
1392	0.030541
1393	0.032291
1394	0.029791
1395	0.031166
1396	0.031291
1397	0.036416
1398	0.030625
1399	0.030958
1400	0.031875
1401	0.030375
1402	0.031334
1403	0.031041
1404	0.030375
1405	0.03075
1406	0.030375
1407	0.030459
1408	0.032
1409	0.031959
1410	0.030417
1411	0.028709
1412	0.035541
1413	0.03175
1414	0.031125
1415	0.032291
1416	0.031459
1417	0.032292
1418	0.030917
1419	0.030209
1420	0.03025
1421	0.031875
1422	0.031
1423	0.055083
1424	0.03725
1425	0.033417
1426	0.033417
1427	0.031584
1428	0.031583
1429	0.032042
1430	0.030916
1431	0.031709
1432	0.031709
1433	0.031875
1434	0.032083
1435	0.031583
1436	0.031708
1437	0.034542
1438	0.030666
1439	0.031375
1440	0.0315
1441	0.031042
1442	0.029625
1443	0.031625
1444	0.032542
1445	0.032167
1446	0.029916
1447	0.033084
1448	0.030167
1449	0.031625
1450	0.03275
1451	0.028667
1452	0.031292
1453	0.029625
1454	0.030834
1455	0.031709
1456	0.032291
1457	0.033167
1458	0.032416
1459	0.031042
1460	0.032042
1461	0.0275
1462	0.033083
1463	0.03075
1464	0.032292
1465	0.146583
1466	0.0885
1467	0.0725
1468	0.0705
1469	0.067
1470	0.066333
1471	0.065
1472	0.083833
1473	0.067417
1474	0.064916
1475	0.06525
1476	0.069333
1477	0.071125
1478	0.079667
1479	0.067791
1480	0.064333
1481	0.065083
1482	0.078583
1483	0.088375
1484	0.069708
1485	0.064125
1486	0.066709
1487	0.093667
1488	0.129416
1489	0.072292
1490	0.065791
1491	0.065625
1492	0.064083
1493	0.071458
1494	0.067084
1495	0.065041
1496	0.071958
1497	0.065166
1498	0.063292
1499	0.063708
1500	0.064875
1501	0.06725
1502	0.063708
1503	0.064917
1504	0.06425
1505	0.064708
1506	0.078167
1507	0.074167
1508	0.089709
1509	0.0665
1510	0.087458
1511	0.046209
1512	0.032167
1513	0.037875
1514	0.032083
1515	0.031917
1516	0.031625
1517	0.031292
1518	0.029583
1519	0.031042
1520	0.027667
1521	0.029458
1522	0.028584
1523	0.031667
1524	0.032166
1525	0.029625
1526	0.02975
1527	0.030292
1528	0.030083
1529	0.030333
1530	0.048667
1531	0.091292
1532	0.0345
1533	0.029708
1534	0.029875
1535	0.029542
1536	0.0295
1537	0.036125
1538	0.032583
1539	0.0285
1540	0.029625
1541	0.033042
1542	0.029875
1543	0.031167
1544	0.029208
1545	0.030875
1546	0.029375
1547	0.0285
1548	0.032833
1549	0.029834
1550	0.033083
1551	0.032583
1552	0.030083
1553	0.030917
1554	0.031958
1555	0.030084
1556	0.029416
1557	0.029792
1558	0.032333
1559	0.0275
1560	0.030125
1561	0.028083
1562	0.029042
1563	0.027625
1564	0.031041
1565	0.030084
1566	0.033166
1567	0.03125
1568	0.030334
1569	0.032458
1570	0.030833
1571	0.03
1572	0.033917
1573	0.031917
1574	0.029625
1575	0.029166
1576	0.029292
1577	0.030167
1578	0.029333
1579	0.029959
1580	0.029042
1581	0.029875
1582	0.037917
1583	0.030833
1584	0.036167
1585	0.029667
1586	0.029459
1587	0.030084
1588	0.029333
1589	0.031292
1590	0.028542
1591	0.029125
1592	0.03125
1593	0.029791
1594	0.028459
1595	0.03375
1596	0.029708
1597	0.029875
1598	0.043375
1599	0.031875
1600	0.031291
1601	0.029708
1602	0.030458
1603	0.029333
1604	0.029667
1605	0.029375
1606	0.034834
1607	0.029833
1608	0.029792
1609	0.028542
1610	0.042417
1611	0.030792
1612	0.029708
1613	0.031084
1614	0.0275
1615	0.028834
1616	0.032583
1617	0.027375
1618	0.032083
1619	0.030083
1620	0.029542
1621	0.032
1622	0.043917
1623	0.028542
1624	0.029584
1625	0.0285
1626	0.029792
1627	0.029417
1628	0.030583
1629	0.030042
1630	0.029583
1631	0.029166
1632	0.035375
1633	0.0295
1634	0.03
1635	0.029417
1636	0.029583
1637	0.02925
1638	0.028708
1639	0.028584
1640	0.029542
1641	0.027958
1642	0.028667
1643	0.029333
1644	0.02925
1645	0.02875
1646	0.030417
1647	0.029875
1648	0.029375
1649	0.028833
1650	0.029084
1651	0.0295
1652	0.029416
1653	0.030125
1654	0.028833
1655	0.029125
1656	0.02975
1657	0.028833
1658	0.028584
1659	0.032167
1660	0.028375
1661	0.086417
1662	0.085542
1663	0.034291
1664	0.029791
1665	0.028958
1666	0.029542
1667	0.030292
1668	0.029042
1669	0.028416
1670	0.028834
1671	0.033791
1672	0.03075
1673	0.049542
1674	0.114291
1675	0.078791
1676	0.036833
1677	0.03
1678	0.028708
1679	0.032958
1680	0.030417
1681	0.031208
1682	0.028167
1683	0.035208
1684	0.0335
1685	0.107542
1686	0.039291
1687	0.033667
1688	0.032333
1689	0.02775
1690	0.032583
1691	0.030708
1692	0.030541
1693	0.029
1694	0.0295
1695	0.028791
1696	0.02825
1697	0.02975
1698	0.030708
1699	0.029458
1700	0.028833
1701	0.02925
1702	0.03
1703	0.028667
1704	0.029292
1705	0.03525
1706	0.030167
1707	0.029791
1708	0.032375
1709	0.03075
1710	0.024834
1711	0.031375
1712	0.106542
1713	0.037625
1714	0.037833
1715	0.029458
1716	0.036875
1717	0.031458
1718	0.028042
1719	0.029792
1720	0.028083
1721	0.031083
1722	0.028375
1723	0.029166
1724	0.02975
1725	0.028417
1726	0.029083
1727	0.028
1728	0.028833
1729	0.028417
1730	0.0295
1731	0.027709
1732	0.028916
1733	0.0265
1734	0.027917
1735	0.02925
1736	0.027667
1737	0.029459
1738	0.035583
1739	0.027083
1740	0.043209
1741	0.041459
1742	0.04
1743	0.034792
1744	0.036791
1745	0.03125
1746	0.0405
1747	0.03225
1748	0.031209
1749	0.03025
1750	0.032333
1751	0.031958
1752	0.030292
1753	0.030708
1754	0.032959
1755	0.033292
1756	0.029708
1757	0.031417
1758	0.030667
1759	0.029042
1760	0.0305
1761	0.031958
1762	0.033041
1763	0.030875
1764	0.046
1765	0.106917
1766	0.034334
1767	0.031333
1768	0.032375
1769	0.032209
1770	0.032833
1771	0.032666
1772	0.031459
1773	0.032417
1774	0.031792
1775	0.030208
1776	0.034834
1777	0.033125
1778	0.031875
1779	0.0295
1780	0.030959
1781	0.032916
1782	0.031292
1783	0.031416
1784	0.031
1785	0.030208
1786	0.033084
1787	0.031458
1788	0.032833
1789	0.031125
1790	0.031041
1791	0.031208
1792	0.030625
1793	0.030417
1794	0.031875
1795	0.03125
1796	0.031792
1797	0.032917
1798	0.030959
1799	0.031125
1800	0.031375
1801	0.033167
1802	0.031167
1803	0.030375
1804	0.030209
1805	0.031625
1806	0.032042
1807	0.032709
1808	0.030958
1809	0.029042
1810	0.033417
1811	0.03125
1812	0.03125
1813	0.0295
1814	0.031291
1815	0.032333
1816	0.030083
1817	0.030875
1818	0.031916
1819	0.031458
1820	0.032375
1821	0.032083
1822	0.031166
1823	0.031
1824	0.029625
1825	0.028875
1826	0.03125
1827	0.032083
1828	0.02975
1829	0.032625
1830	0.030791
1831	0.031958
1832	0.030209
1833	0.029917
1834	0.032625
1835	0.031
1836	0.029459
1837	0.032125
1838	0.029709
1839	0.032875
1840	0.031
1841	0.0305
1842	0.038667
1843	0.032083
1844	0.0295
1845	0.030125
1846	0.030375
1847	0.03275
1848	0.030375
1849	0.031375
1850	0.030584
1851	0.029875
1852	0.03075
1853	0.03
1854	0.040208
1855	0.03375
1856	0.031458
1857	0.031959
1858	0.032208
1859	0.031
1860	0.031167
1861	0.031459
1862	0.029708
1863	0.031875
1864	0.033375
1865	0.031667
1866	0.031083
1867	0.033667
1868	0.030041
1869	0.053875
1870	0.0315
1871	0.030459
1872	0.031875
1873	0.032
1874	0.033542
1875	0.030083
1876	0.03
1877	0.030958
1878	0.03175
1879	0.031916
1880	0.032291
1881	0.029416
1882	0.03225
1883	0.0335
1884	0.032209
1885	0.032042
1886	0.030292
1887	0.032
1888	0.03125
1889	0.031375
1890	0.031542
1891	0.031375
1892	0.033458
1893	0.032166
1894	0.032
1895	0.031416
1896	0.031583
1897	0.031042
1898	0.032042
1899	0.031958
1900	0.055041
1901	0.033292
1902	0.040042
1903	0.032125
1904	0.033666
1905	0.034041
1906	0.034
1907	0.033375
1908	0.032
1909	0.034292
1910	0.034042
1911	0.033416
1912	0.055084
1913	0.035417
1914	0.033792
1915	0.038833
1916	0.039542
1917	0.034375
1918	0.032583
1919	0.030458
1920	0.03475
1921	0.034791
1922	0.03025
1923	0.032667
1924	0.033917
1925	0.036334
1926	0.034125
1927	0.033916
1928	0.030666
1929	0.033833
1930	0.0325
1931	0.033083
1932	0.034167
1933	0.053959
1934	0.052375
1935	0.0335
1936	0.035291
1937	0.032916
1938	0.035875
1939	0.033292
1940	0.034166
1941	0.032541
1942	0.031791
1943	0.034417
1944	0.032917
1945	0.033334
1946	0.029792
1947	0.0305
1948	0.031292
1949	0.029458
1950	0.031125
1951	0.0375
1952	0.034958
1953	0.02975
1954	0.030583
1955	0.029458
1956	0.030375
1957	0.032459
1958	0.043208
1959	0.03275
1960	0.030625
1961	0.028583
1962	0.031292
1963	0.030291
1964	0.031584
1965	0.030292
1966	0.029083
1967	0.031166
1968	0.031334
1969	0.030292
1970	0.032
1971	0.031208
1972	0.031209
1973	0.032958
1974	0.032375
1975	0.030375
1976	0.055833
1977	0.141291
1978	0.0805
1979	0.069708
1980	0.083084
1981	0.071
1982	0.069042
1983	0.074875
1984	0.078166
1985	0.069459
1986	0.067167
1987	0.066291
1988	0.069458
1989	0.039792
1990	0.032458
1991	0.029459
1992	0.031292
1993	0.032458
1994	0.028083
1995	0.031583
1996	0.027958
1997	0.030709
1998	0.0315
1999	0.029209
2000	0.032417
2001	0.032375
2002	0.034125
2003	0.032917
2004	0.029416
2005	0.02975
2006	0.030625
2007	0.028708
2008	0.03075
2009	0.084167
2010	0.097333
2011	0.030875
2012	0.030541
2013	0.02875
2014	0.03625
2015	0.029917
2016	0.030166
2017	0.028958
2018	0.026875
2019	0.028834
2020	0.028708
2021	0.025417
2022	0.02875
2023	0.028584
2024	0.029041
2025	0.029334
2026	0.028
2027	0.028041
2028	0.034208
2029	0.032167
2030	0.032916
2031	0.028916
2032	0.032417
2033	0.038792
2034	0.031541
2035	0.029209
2036	0.02575
2037	0.031167
2038	0.032292
2039	0.030208
2040	0.061584
2041	0.032125
2042	0.029333
2043	0.027167
2044	0.031208
2045	0.032
2046	0.035334
2047	0.032875
2048	0.153791
2049	0.041292
2050	0.030083
2051	0.030584
2052	0.030458
2053	0.032333
2054	0.028584
2055	0.031958
2056	0.029958
2057	0.029334
2058	0.028458
2059	0.030334
2060	0.030416
2061	0.030083
2062	0.036084
2063	0.031875
2064	0.027834
2065	0.038417
2066	0.028584
2067	0.029125
2068	0.02975
2069	0.029292
2070	0.02925
2071	0.028833
2072	0.027375
2073	0.029416
2074	0.03
2075	0.029208
2076	0.029375
2077	0.028584
2078	0.027959
2079	0.02975
2080	0.034875
2081	0.03075
2082	0.029542
2083	0.029834
2084	0.028625
2085	0.033041
2086	0.030083
2087	0.031666
2088	0.0365
2089	0.03275
2090	0.026417
2091	0.029917
2092	0.02975
2093	0.029125
2094	0.030666
2095	0.029083
2096	0.033125
2097	0.029167
2098	0.028292
2099	0.028333
2100	0.027708
2101	0.027292
2102	0.030208
2103	0.044041
2104	0.036083
2105	0.027041
2106	0.029875
2107	0.028583
2108	0.026916
2109	0.027542
2110	0.026625
2111	0.028084
2112	0.026958
2113	0.026708
2114	0.027833
2115	0.02825
2116	0.026375
2117	0.027834
2118	0.0285
2119	0.02775
2120	0.027125
2121	0.026583
2122	0.02625
2123	0.028
2124	0.027083
2125	0.0615
2126	0.047667
2127	0.070375
2128	0.028542
2129	0.026542
2130	0.03225
2131	0.028791
2132	0.027
2133	0.102625
2134	0.200667
2135	0.03975
2136	0.030917
2137	0.028375
2138	0.03675
2139	0.030459
2140	0.032458
2141	0.030583
2142	0.034208
2143	0.030125
2144	0.029333
2145	0.029666
2146	0.035166
2147	0.025625
2148	0.03
2149	0.028167
2150	0.025125
2151	0.053708
2152	0.061417
2153	0.027791
2154	0.027583
2155	0.02625
2156	0.026375
2157	0.028
2158	0.03825
2159	0.027583
2160	0.02725
2161	0.029417
2162	0.030292
2163	0.034291
2164	0.027416
2165	0.027084
2166	0.029334
2167	0.027708
2168	0.028042
2169	0.027375
2170	0.026541
2171	0.026917
2172	0.02675
2173	0.027292
2174	0.027208
2175	0.02575
2176	0.027958
2177	0.031875
2178	0.027375
2179	0.093292
2180	0.037625
2181	0.03025
2182	0.031041
2183	0.02675
2184	0.028084
2185	0.027541
2186	0.024833
2187	0.027708
2188	0.027083
2189	0.027167
2190	0.027292
2191	0.033334
2192	0.030042
2193	0.026458
2194	0.025709
2195	0.026792
2196	0.027208
2197	0.027375
2198	0.028209
2199	0.02725
2200	0.025833
2201	0.028125
2202	0.026625
2203	0.027417
2204	0.026666
2205	0.025834
2206	0.027459
2207	0.029334
2208	0.028292
2209	0.02675
2210	0.027708
2211	0.027208
2212	0.027292
2213	0.027208
2214	0.026833
2215	0.026167
2216	0.026209
2217	0.025
2218	0.026667
2219	0.026833
2220	0.027291
2221	0.031625
2222	0.027375
2223	0.027375
2224	0.027459
2225	0.02725
2226	0.02725
2227	0.027083
2228	0.027625
2229	0.0355
2230	0.026417
2231	0.028666
2232	0.02725
2233	0.033833
2234	0.02875
2235	0.026459
2236	0.0265
2237	0.027208
2238	0.027625
2239	0.025791
2240	0.026583
2241	0.027375
2242	0.026625
2243	0.027417
2244	0.026875
2245	0.026875
2246	0.026958
2247	0.027084
2248	0.026917
2249	0.025833
2250	0.027791
2251	0.025458
2252	0.026334
2253	0.031625
2254	0.0255
2255	0.026875
2256	0.028792
2257	0.026333
2258	0.027583
2259	0.027542
2260	0.0265
2261	0.029458
2262	0.025916
2263	0.028
2264	0.026458
2265	0.026708
2266	0.026875
2267	0.027375
2268	0.02975
2269	0.027417
2270	0.028291
2271	0.02725
2272	0.027208
2273	0.025791
2274	0.028083
2275	0.026583
2276	0.02625
2277	0.027333
2278	0.025834
2279	0.027666
2280	0.025542
2281	0.026417
2282	0.027666
2283	0.027167
2284	0.027167
2285	0.028083
2286	0.028541
2287	0.026208
2288	0.026958
2289	0.027125
2290	0.027875
2291	0.025541
2292	4.007167
2293	0.066875
2294	0.034959
2295	0.029917
2296	0.030167
2297	0.029917
2298	0.029083
2299	0.029125
2300	0.029708
2301	0.029083
2302	0.02725
2303	0.031125
2304	0.031291
2305	0.029708
2306	0.027167
2307	0.027584
2308	0.028459
2309	0.02875
2310	0.028083
2311	0.027917
2312	0.027375
2313	0.029583
2314	0.028541
2315	0.028458
2316	0.027709
2317	0.028875
2318	0.028875
2319	0.029208
2320	0.028166
2321	0.027042
2322	0.027333
2323	0.028917
2324	0.025375
2325	0.061083
2326	0.028834
2327	0.026
2328	0.026125
2329	0.023917
2330	0.027708
2331	0.027333
2332	0.027
2333	0.027041
2334	0.0285
2335	0.02575
2336	0.027417
2337	0.026833
2338	0.026167
2339	0.027291
2340	0.027208
2341	0.027125
2342	0.026792
2343	0.026458
2344	0.026958
2345	0.023666
2346	0.027208
2347	0.026959
2348	0.046833
2349	0.030375
2350	0.0275
2351	0.025917
2352	0.027083
2353	0.025375
2354	0.024917
2355	0.025792
2356	0.027291
2357	0.024541
2358	0.027459
2359	0.025708
2360	0.026375
2361	0.026125
2362	0.026166
2363	0.025417
2364	0.026875
2365	0.025584
2366	0.02825
2367	0.026083
2368	0.026959
2369	0.028542
2370	0.038792
2371	0.026291
2372	0.028208
2373	0.027417
2374	0.027625
2375	0.028708
2376	0.02725
2377	0.027041
2378	0.080625
2379	0.034917
2380	0.029
2381	0.025667
2382	0.025834
2383	0.02675
2384	0.02525
2385	0.025375
2386	0.028125
2387	0.026625
2388	0.026083
2389	0.024458
2390	0.025125
2391	0.023542
2392	0.026458
2393	0.026083
2394	0.027167
2395	0.028833
2396	0.026208
2397	0.029084
2398	0.031917
2399	0.025167
2400	0.030917
2401	0.032458
2402	0.031208
2403	0.027875
2404	0.031
2405	0.027542
2406	0.025834
2407	0.02875
2408	0.026458
2409	0.029
2410	0.028417
2411	0.026875
2412	0.026791
2413	0.026667
2414	0.025459
2415	0.02625
2416	0.025458
2417	0.02775
2418	0.026792
2419	0.023958
2420	0.027667
2421	0.026791
2422	0.026709
2423	0.028166
2424	0.026542
2425	0.028125
2426	0.02975
2427	0.027
2428	0.027208
2429	0.028125
2430	0.025917
2431	0.028125
2432	0.024916
2433	0.027334
2434	0.099
2435	0.049834
2436	0.026584
2437	0.025959
2438	0.027041
2439	0.025833
2440	0.026958
2441	0.027125
2442	0.026292
2443	0.024666
2444	0.027583
2445	0.026958
2446	0.026833
2447	0.024375
2448	0.025
2449	0.027167
2450	0.030584
2451	0.027167
2452	0.0265
2453	0.027
2454	0.026959
2455	0.026458
2456	0.025917
2457	0.026291
2458	0.028917
2459	0.02875
2460	0.027125
2461	0.026958
2462	0.026292
2463	0.027667
2464	0.027584
2465	0.02725
2466	0.024459
2467	0.026041
2468	0.02525
2469	0.026917
2470	0.02725
2471	0.02675
2472	0.02675
2473	0.029083
2474	0.030209
2475	0.031083
2476	0.028583
2477	0.026541
2478	0.027042
2479	0.028417
2480	0.028375
2481	0.032
2482	0.026292
2483	0.025958
2484	0.024125
2485	0.026916
2486	0.027208
2487	0.026458
2488	0.028333
2489	0.024458
2490	0.026084
2491	0.026125
2492	0.024958
2493	0.02625
2494	0.026584
2495	0.026291
2496	0.027333
2497	0.025041
2498	0.026625
2499	0.027625
2500	0.026958
2501	0.02875
2502	0.027583
2503	0.028166
2504	0.026292
2505	0.026625
2506	0.027667
2507	0.024875
2508	0.026959
2509	0.026916
2510	0.025459
2511	0.027041
2512	0.02625
2513	0.026041
2514	0.0265
2515	0.027084
2516	0.027333
2517	0.027708
2518	0.024959
2519	0.027625
2520	0.028125
2521	0.026
2522	0.028583
2523	0.027917
2524	0.027917
2525	0.024958
2526	0.026833
2527	0.027042
2528	0.025792
2529	0.025375
2530	0.024667
2531	0.02675
2532	0.026958
2533	0.027167
2534	0.025334
2535	0.027709
2536	0.024625
2537	0.025083
2538	0.028084
2539	0.028708
2540	0.026625
2541	0.026
2542	0.027
2543	0.027583
2544	0.028
2545	0.025833
2546	0.026125
2547	0.025
2548	0.026
2549	0.027
2550	0.025958
2551	0.028167
2552	0.024541
2553	0.027417
2554	0.02475
2555	0.026625
2556	0.026417
2557	0.025417
2558	0.026791
2559	0.026208
2560	0.02375
2561	0.0275
2562	0.027791
2563	0.032459
2564	0.026834
2565	0.032125
2566	0.025875
2567	0.026625
2568	0.02575
2569	0.029083
2570	0.026583
2571	0.025792
2572	0.025291
2573	0.027042
2574	0.027791
2575	0.027042
2576	0.025875
2577	0.027458
2578	0.025333
2579	0.028458
2580	0.026375
2581	0.025084
2582	0.026834
2583	0.0235
2584	0.025
2585	0.026625
2586	0.02575
2587	0.025917
2588	0.025917
2589	0.023875
2590	0.027
2591	0.025459
2592	0.025541
2593	0.02575
2594	0.026458
2595	0.025583
2596	0.02575
2597	0.025458
2598	0.026833
2599	0.025792
2600	0.0265
2601	0.027375
2602	0.078916
2603	0.082667
2604	0.02675
2605	0.025791
2606	0.027958
2607	0.02625
2608	0.084583
2609	0.028833
2610	0.0245
2611	0.027792
2612	0.027792
2613	0.023625
2614	0.023625
2615	0.023375
2616	0.049125
2617	0.110458
2618	0.081
2619	0.093542
2620	0.037625
2621	0.028583
2622	0.027833
2623	0.027791
2624	0.027042
2625	0.02675
2626	0.028084
2627	0.024833
2628	0.026125
2629	0.026833
2630	0.032625
2631	0.031458
2632	0.026834
2633	0.027416
2634	0.02525
2635	0.030916
2636	0.027917
2637	0.026458
2638	0.027541
2639	0.036166
2640	0.02675
2641	0.025333
2642	0.027
2643	0.027541
2644	0.025833
2645	0.02575
2646	0.025792
2647	0.023958
2648	0.026083
2649	0.02675
2650	0.0275
2651	0.026917
2652	0.02575
2653	0.025958
2654	0.023875
2655	0.025417
2656	0.025958
2657	0.02675
2658	0.027041
2659	0.025667
2660	0.025958
2661	0.025708
2662	0.043666
2663	0.032875
2664	0.040959
2665	0.035375
2666	0.02675
2667	0.026833
2668	0.025625
2669	0.024417
2670	0.02775
2671	0.025084
2672	0.026917
2673	0.025708
2674	0.024875
2675	0.026667
2676	0.025333
2677	0.024958
2678	0.02425
2679	0.024709
2680	0.028166
2681	0.025792
2682	0.025084
2683	0.025375
2684	0.026417
2685	0.025708
2686	0.025792
2687	0.024375
2688	0.025667
2689	0.026542
2690	0.025875
2691	0.025209
2692	0.028667
2693	0.025708
2694	0.026334
2695	0.027291
2696	0.026834
2697	0.024792
2698	0.027125
2699	0.023583
2700	0.026708
2701	0.025417
2702	0.025208
2703	0.026834
2704	0.026
2705	0.025625
2706	0.026042
2707	0.024875
2708	0.025625
2709	0.024416
2710	0.025834
2711	0.03425
2712	0.026
2713	0.026417
2714	0.024417
2715	0.02575
2716	0.025291
2717	0.024542
2718	0.02625
2719	0.023584
2720	0.025166
2721	0.0255
2722	0.027583
2723	0.030125
2724	0.025917
2725	0.023458
2726	0.025958
2727	0.025583
2728	0.026166
2729	0.025959
2730	0.023625
2731	0.024375
2732	0.025333
2733	0.025834
2734	0.025125
2735	0.023709
2736	0.043917
2737	0.025833
2738	0.024
2739	0.022708
2740	0.025541
2741	0.023917
2742	0.024125
2743	0.026209
2744	0.025791
2745	0.030417
2746	0.025
2747	0.025083
2748	0.025208
2749	0.024625
2750	0.026125
2751	0.0235
2752	0.024625
2753	0.025458
2754	0.026459
2755	0.026083
2756	0.03025
2757	0.024958
2758	0.026083
2759	0.02575
2760	0.024292
2761	0.025166
2762	0.024334
2763	0.025416
2764	0.02325
2765	0.025875
2766	0.028459
2767	0.025542
2768	0.026541
2769	0.026333
2770	0.025458
2771	0.025458
2772	0.0245
2773	0.025458
2774	0.026833
2775	0.02525
2776	0.0265
2777	0.024125
2778	0.026292
2779	0.025458
2780	0.026333
2781	0.025542
2782	0.024791
2783	0.025042
2784	0.027208
2785	0.02575
2786	0.024458
2787	0.025709
2788	0.024458
2789	0.024834
2790	0.02575
2791	0.026417
2792	0.024916
2793	0.025875
2794	0.024917
2795	0.027291
2796	0.033834
2797	0.026209
2798	0.026208
2799	0.024792
2800	0.025458
2801	0.024209
2802	0.026292
2803	0.026417
2804	0.024792
2805	0.0255
2806	0.026083
2807	0.024792
2808	0.026333
2809	0.023375
2810	0.024125
2811	0.025458
2812	0.025083
2813	0.026625
2814	0.026625
2815	0.035083
2816	0.059458
2817	0.027708
2818	0.026292
2819	0.026875
2820	0.027083
2821	0.0245
2822	0.02625
2823	0.025209
2824	0.025083
2825	0.025625
2826	0.025541
2827	0.024959
2828	0.025166
2829	0.023959
2830	0.026083
2831	0.026083
2832	0.02575
2833	0.023709
2834	0.12025
2835	0.063375
2836	0.05625
2837	0.054708
2838	0.0605
2839	0.054209
2840	0.054791
2841	0.053583
2842	0.051542
2843	0.052583
2844	0.052083
2845	0.052083
2846	0.051041
2847	0.052167
2848	0.053541
2849	0.053041
2850	0.051416
2851	0.050667
2852	0.052292
2853	0.050791
2854	0.0505
2855	0.05325
2856	0.053708
2857	0.053208
2858	0.053458
2859	0.054709
2860	0.051042
2861	0.0505
2862	0.052291
2863	0.05375
2864	0.052333
2865	0.05225
2866	0.05225
2867	0.051792
2868	0.050209
2869	0.052125
2870	0.065583
2871	0.0555
2872	0.0515
2873	0.051959
2874	0.051166
2875	0.05025
2876	0.05175
2877	0.05225
2878	0.051916
2879	0.049791
2880	0.052834
2881	0.051416
2882	0.050584
2883	0.050291
2884	0.050792
2885	0.053
2886	0.05225
2887	0.053125
2888	0.0535
2889	0.059958
2890	0.052334
2891	0.051292
2892	0.052583
2893	0.05225
2894	0.051666
2895	0.066917
2896	0.037041
2897	0.02775
2898	0.0265
2899	0.026417
2900	0.024583
2901	0.027292
2902	0.025667
2903	0.026333
2904	0.024417
2905	0.026583
2906	0.024459
2907	0.026625
2908	0.027792
2909	0.025417
2910	0.025792
2911	0.025542
2912	0.024542
2913	0.025
2914	0.052084
2915	0.031625
2916	0.029542
2917	0.030791
2918	0.027958
2919	0.027916
2920	0.047709
2921	0.033292
2922	0.025417
2923	0.028084
2924	0.026584
2925	0.025959
2926	0.029666
2927	0.028584
2928	0.025958
2929	0.025083
2930	0.024917
2931	0.024917
2932	0.025167
2933	0.02475
2934	0.025625
2935	0.023166
2936	0.025833
2937	0.024667
2938	0.024708
2939	0.025583
2940	0.024833
2941	0.026625
2942	0.025542
2943	0.027625
2944	0.02725
2945	0.026333
2946	0.025208
2947	0.024375
2948	0.024791
2949	0.024584
2950	0.023875
2951	0.032708
2952	0.02925
2953	0.03325
2954	0.054
2955	0.046958
2956	0.026834
2957	0.023458
2958	0.024083
2959	0.025792
2960	0.026041
2961	0.031459
2962	0.024625
2963	0.026542
2964	0.029083
2965	0.024792
2966	0.025166
2967	0.0285
2968	0.025333
2969	0.0245
2970	0.024792
2971	0.026375
2972	0.0245
2973	0.024875
2974	0.0255
2975	0.0245
2976	0.025042
2977	0.023875
2978	0.024667
2979	0.030333
2980	0.028042
2981	0.037583
2982	0.032959
2983	0.026292
2984	0.02425
2985	0.026416
2986	0.026333
2987	0.025292
2988	0.024042
2989	0.023583
2990	0.026208
2991	0.025625
2992	0.02525
2993	0.024292
2994	0.027958
2995	0.027666
2996	0.026375
2997	0.025167
2998	0.0295
2999	0.028542
3000	0.024625
3001	0.029083
3002	0.033709
3003	0.027416
3004	0.025708
3005	0.027292
3006	0.027625
3007	0.02475
3008	0.026292
3009	0.026583
3010	0.023417
3011	0.027042
3012	0.028416
3013	0.027292
3014	0.026708
3015	0.025584
3016	0.081541
3017	0.027541
3018	0.0235
3019	0.025084
3020	0.026458
3021	0.027291
3022	0.025958
3023	0.026667
3024	0.026541
3025	0.024084
3026	0.026375
3027	0.027083
3028	0.023541
3029	0.024584
3030	0.025458
3031	0.025667
3032	0.021708
3033	0.024
3034	0.029542
3035	0.025083
3036	0.025917
3037	0.026708
3038	0.026417
3039	0.025375
3040	0.025458
3041	0.02475
3042	0.025458
3043	0.030292
3044	0.030708
3045	0.027334
3046	0.025166
3047	0.026
3048	0.02575
3049	0.025375
3050	0.025458
3051	0.025375
3052	0.025875
3053	0.025417
3054	0.031792
3055	0.027416
3056	0.024792
3057	0.025208
3058	0.025709
3059	0.024542
3060	0.025833
3061	0.025625
3062	0.023958
3063	0.025084
3064	0.0255
3065	0.024958
3066	0.024792
3067	0.025458
3068	0.02625
3069	0.025042
3070	0.025875
3071	0.023791
3072	0.025834
3073	0.026917
3074	0.025125
3075	0.02525
3076	0.024333
3077	0.02475
3078	0.0245
3079	0.024625
3080	0.025333
3081	0.027208
3082	0.025333
3083	0.025375
3084	0.025292
3085	0.026083
3086	0.027417
3087	0.025375
3088	0.025083
3089	0.027125
3090	0.023666
3091	0.026959
3092	0.026334
3093	0.024834
3094	0.025333
3095	0.025083
3096	0.025583
3097	0.029792
3098	0.027042
3099	0.129167
3100	0.041167
3101	0.028125
3102	0.025
3103	0.026083
3104	0.026917
3105	0.027542
3106	0.026791
3107	0.025167
3108	0.024125
3109	0.02525
3110	0.0265
3111	0.025667
3112	0.025667
3113	0.02625
3114	0.026083
3115	0.025875
3116	0.028833
3117	0.025875
3118	0.029625
3119	0.026625
3120	0.027875
3121	0.035875
3122	0.025583
3123	0.025208
3124	0.0245
3125	0.025792
3126	0.025417
3127	0.026167
3128	0.026583
3129	0.026125
3130	0.027709
3131	0.027791
3132	0.024375
3133	0.026542
3134	0.026125
3135	0.025875
3136	0.025459
3137	0.025417
3138	0.025583
3139	0.02725
3140	0.0255
3141	0.024791
3142	0.024708
3143	0.027708
3144	0.026667
3145	0.028
3146	0.026166
3147	0.027584
3148	0.027709
3149	0.027875
3150	0.025292
3151	0.025167
3152	0.02575
3153	0.025542
3154	0.025042
3155	0.030458
3156	0.025041
3157	0.050917
3158	0.050583
3159	0.026083
3160	0.027291
3161	0.025417
3162	0.029625
3163	0.025375
3164	0.026375
3165	0.025458
3166	0.022833
3167	0.037041
3168	0.03
3169	0.041
3170	0.02725
3171	0.025708
3172	0.025041
3173	0.026083
3174	0.02475
3175	0.024417
3176	0.026458
3177	0.024666
3178	0.026625
3179	0.030417
3180	0.024416
3181	0.024792
3182	0.025625
3183	0.024375
3184	0.025458
3185	0.024666
3186	0.024041
3187	0.023167
3188	0.02425
3189	0.02425
3190	0.023375
3191	0.024833
3192	0.024958
3193	0.025166
3194	0.024959
3195	0.02575
3196	0.02675
3197	0.025292
3198	0.026167
3199	0.023917
3200	0.024458
3201	0.024375
3202	0.024417
3203	0.024125
3204	0.040417
3205	0.024334
3206	0.024542
3207	0.02575
3208	0.030042
3209	0.025084
3210	0.024334
3211	0.023792
3212	0.024125
3213	0.025792
3214	0.024917
3215	0.025458
3216	0.023083
3217	0.029042
3218	0.025167
3219	0.024542
3220	0.02475
3221	0.02425
3222	0.025292
3223	0.024209
3224	0.023792
3225	0.024291
3226	0.025708
3227	0.025583
3228	0.024584
3229	0.023875
3230	0.024166
3231	0.023458
3232	0.024375
3233	0.024334
3234	0.024375
3235	0.024083
3236	0.025209
3237	0.025084
3238	0.025375
3239	0.023917
3240	0.024625
3241	0.080833
3242	0.088708
3243	0.02825
3244	0.026
3245	0.02525
3246	0.024625
3247	0.023958
3248	0.024583
3249	0.024375
3250	0.024167
3251	0.024709
3252	0.025375
3253	0.024459
3254	0.022833
3255	0.030167
3256	0.025834
3257	0.025458
3258	0.02475
3259	0.024625
3260	0.023041
3261	0.024167
3262	0.023167
3263	0.022208
3264	0.026125
3265	0.026416
3266	0.023291
3267	0.024958
3268	0.022417
3269	0.023666
3270	0.024834
3271	0.022791
3272	0.024458
3273	0.023875
3274	0.02475
3275	0.02475
3276	0.024792
3277	0.02175
3278	0.0255
3279	0.025083
3280	0.025333
3281	0.023958
3282	0.0245
3283	0.024625
3284	0.023875
3285	0.023791
3286	0.025
3287	0.024875
3288	0.025041
3289	0.023959
3290	0.02525
3291	0.023709
3292	0.024125
3293	0.024625
3294	0.024166
3295	0.024125
3296	0.026084
3297	0.025042
3298	0.025333
3299	0.025584
3300	0.023042
3301	0.024542
3302	0.024333
3303	0.024708
3304	0.02575
3305	0.025958
3306	0.023625
3307	0.024833
3308	0.025083
3309	0.024959
3310	0.02475
3311	0.024708
3312	0.024542
3313	0.025166
3314	0.023375
3315	0.024292
3316	0.025166
3317	0.024875
3318	0.024541
3319	0.024333
3320	0.025459
3321	0.02375
3322	0.023625
3323	0.024125
3324	0.024084
3325	0.025875
3326	0.025166
3327	0.024542
3328	0.024458
3329	0.025542
3330	0.025458
3331	0.024708
3332	0.024542
3333	0.022958
3334	0.025041
3335	0.025791
3336	0.024916
3337	0.025041
3338	0.025334
3339	0.0255
3340	0.02475
3341	0.025041
3342	0.026
3343	0.022792
3344	0.023666
3345	0.024292
3346	0.023667
3347	0.025208
3348	0.024333
3349	0.024167
3350	0.0245
3351	0.024542
3352	0.025
3353	0.024625
3354	0.024
3355	0.024125
3356	0.024125
3357	0.024084
3358	0.024166
3359	0.025083
3360	0.023542
3361	0.024583
3362	0.025375
3363	0.023083
3364	0.024042
3365	0.02575
3366	0.024458
3367	0.026
3368	0.025292
3369	0.02475
3370	0.024916
3371	0.0255
3372	0.024667
3373	0.025583
3374	0.042833
3375	0.0315
3376	0.026208
3377	0.026083
3378	0.025459
3379	0.024666
3380	0.026458
3381	0.02475
3382	0.024083
3383	0.025833
3384	0.025542
3385	0.0235
3386	0.022458
3387	0.026917
3388	0.024333
3389	0.025541
3390	0.027542
3391	0.021542
3392	0.029583
3393	0.025542
3394	0.026041
3395	0.025334
3396	0.023416
3397	0.024292
3398	0.025459
3399	0.025541
3400	0.027042
3401	0.025166
3402	0.026167
3403	0.02625
3404	0.025125
3405	0.025458
3406	0.025666
3407	0.024167
3408	0.022667
3409	0.024709
3410	0.024583
3411	0.025375
3412	0.024167
3413	0.02425
3414	0.02625
3415	0.024459
3416	0.023791
3417	0.024042
3418	0.025209
3419	0.025666
3420	0.026292
3421	0.027
3422	0.026042
3423	0.023667
3424	0.024792
3425	0.063125
3426	0.086625
3427	0.057625
3428	0.055209
3429	0.0535
3430	0.05625
3431	0.055667
3432	0.053209
3433	0.051167
3434	0.050125
3435	0.05125
3436	0.088125
3437	0.052709
3438	0.05
3439	0.050458
3440	0.049583
3441	0.050292
3442	0.050584
3443	0.05025
3444	0.050625
3445	0.050833
3446	0.052166
3447	0.05
3448	0.049208
3449	0.050917
3450	0.049542
3451	0.04975
3452	0.050916
3453	0.049792
3454	0.048333
3455	0.04975
3456	0.0495
3457	0.0535
3458	0.050667
3459	0.051292
3460	0.050458
3461	0.050458
3462	0.051625
3463	0.053875
3464	0.053584
3465	0.056542
3466	0.053417
3467	0.056
3468	0.054
3469	0.055959
3470	0.050375
3471	0.051875
3472	0.0515
3473	0.050125
3474	0.0505
3475	0.051291
3476	0.049459
3477	0.049291
3478	0.052792
3479	0.059083
3480	0.066416
3481	0.062916
3482	0.053625
3483	0.052042
3484	0.053708
3485	0.055625
3486	0.068875
3487	0.0505
3488	0.031042
3489	0.0275
3490	0.027666
3491	0.027708
3492	0.02525
3493	0.024625
3494	0.024583
3495	0.024
3496	0.024833
3497	0.024875
3498	0.023958
3499	0.025208
3500	0.026417
3501	0.025167
3502	0.024583
3503	0.024292
3504	0.0245
3505	0.024541
3506	0.02525
3507	0.025834
3508	0.025958
3509	0.026709
3510	0.044625
3511	0.065583
3512	0.050291
3513	0.028291
3514	0.026417
3515	0.023875
3516	0.025833
3517	0.025333
3518	0.0235
3519	0.024125
3520	0.026333
3521	0.025583
3522	0.038917
3523	0.024667
3524	0.025083
3525	0.024792
3526	0.02225
3527	0.02375
3528	0.023541
3529	0.024042
3530	0.026167
3531	0.022791
3532	0.024834
3533	0.024333
3534	0.027333
3535	0.030167
3536	0.025792
3537	0.0285
3538	0.025958
3539	0.025792
3540	0.024
3541	0.024916
3542	0.026042
3543	0.025958
3544	0.024125
3545	0.025084
3546	0.023458
3547	0.024
3548	0.025458
3549	0.023584
3550	0.026
3551	0.025875
3552	0.025125
3553	0.02625
3554	0.027875
3555	0.025833
3556	0.02675
3557	0.026791
3558	0.031083
3559	0.027583
3560	0.024334
3561	0.025833
3562	0.024292
3563	0.025209
3564	0.023458
3565	0.02425
3566	0.026208
3567	0.026209
3568	0.02325
3569	0.023042
3570	0.022
3571	0.026708
3572	0.025375
3573	0.025583
3574	0.025834
3575	0.022041
3576	0.025208
3577	0.024792
3578	0.023667
3579	0.026083
3580	0.023167
3581	0.024875
3582	0.025667
3583	0.023583
3584	0.026625
3585	0.043041
3586	0.045958
3587	0.025208
3588	0.030042
3589	0.025334
3590	0.024708
3591	0.031917
3592	0.023
3593	0.026417
3594	0.0235
3595	0.024708
3596	0.025417
3597	0.0255
3598	0.027125
3599	0.023834
3600	0.024792
3601	0.025
3602	0.025792
3603	0.025417
3604	0.025083
3605	0.023667
3606	0.025459
3607	0.024917
3608	0.025166
3609	0.024125
3610	0.023916
3611	0.023709
3612	0.024583
3613	0.052667
3614	0.061083
3615	0.031916
3616	0.026417
3617	0.02625
3618	0.027125
3619	0.024542
3620	0.025375
3621	0.024833
3622	0.024875
3623	0.025417
3624	0.023875
3625	0.024542
3626	0.030917
3627	0.024834
3628	0.024833
3629	0.023292
3630	0.024333
3631	0.03425
3632	0.024209
3633	0.023833
3634	0.023208
3635	0.024
3636	0.02225
3637	0.023667
3638	0.023583
3639	0.024
3640	0.0225
3641	0.023542
3642	0.022791
3643	0.025875
3644	0.023625
3645	0.02175
3646	0.02475
3647	0.024333
3648	0.024375
3649	0.022167
3650	0.023625
3651	0.024167
3652	0.023792
3653	0.023416
3654	0.023083
3655	0.025167
3656	0.022542
3657	0.022792
3658	0.022917
3659	0.0245
3660	0.022917
3661	0.023
3662	0.02425
3663	0.021584
3664	0.024333
3665	0.025042
3666	0.023458
3667	0.025209
3668	0.032083
3669	0.037917
3670	0.030625
3671	0.026208
3672	0.026042
3673	0.024
3674	0.05275
3675	0.059959
3676	0.028125
3677	0.02475
3678	0.025458
3679	0.023459
3680	0.0255
3681	0.024958
3682	0.026
3683	0.025542
3684	0.026167
3685	0.025416
3686	0.024459
3687	0.024875
3688	0.02575
3689	0.028125
3690	0.033208
3691	0.024458
3692	0.027167
3693	0.02125
3694	0.026
3695	0.023083
3696	0.025709
3697	0.027584
3698	0.025291
3699	0.0235
3700	0.024542
3701	0.022625
3702	0.024292
3703	0.023916
3704	0.026334
3705	0.026125
3706	0.023875
3707	0.025291
3708	0.025958
3709	0.026125
3710	0.025709
3711	0.024833
3712	0.0225
3713	0.025708
3714	0.025084
3715	0.025417
3716	0.025
3717	0.038458
3718	0.025917
3719	0.02275
3720	0.026708
3721	0.022708
3722	0.022875
3723	0.023542
3724	0.02125
3725	0.029042
3726	0.026541
3727	0.025791
3728	0.025834
3729	0.025
3730	0.07875
3731	0.029208
3732	0.025333
3733	0.02225
3734	0.133791
3735	0.03125
3736	0.026458
3737	0.025208
3738	0.030875
3739	0.024541
3740	0.026583
3741	0.025958
3742	0.029042
3743	0.025208
3744	0.026459
3745	0.026708
3746	0.026625
3747	0.045959
3748	0.025042
3749	0.024917
3750	0.027042
3751	0.025125
3752	0.023417
3753	0.025417
3754	0.025208
3755	0.025042
3756	0.023792
3757	0.024042
3758	0.025875
3759	0.036375
3760	0.024417
3761	0.024959
3762	0.024
3763	0.030334
3764	0.023334
3765	0.022333
3766	0.022708
3767	0.02425
3768	0.02375
3769	0.024292
3770	0.022625
3771	0.024541
3772	0.023708
3773	0.021917
3774	0.024792
3775	0.02125
3776	0.024666
3777	0.024041
3778	0.023541
3779	0.02275
3780	0.021625
3781	0.022416
3782	0.022125
3783	0.0235
3784	0.024625
3785	0.023
3786	0.021917
3787	0.024
3788	0.021375
3789	0.023208
3790	0.023417
3791	0.022125
3792	0.023334
3793	0.022792
3794	0.021625
3795	0.0235
3796	0.024417
3797	0.027959
3798	0.027917
3799	0.021083
3800	0.024583
3801	0.091459
3802	0.055
3803	0.026667
3804	0.021625
3805	0.023458
3806	0.021709
3807	0.029166
3808	0.023083
3809	0.024083
3810	0.023167
3811	0.0225
3812	0.023625
3813	0.023458
3814	0.023208
3815	0.021791
3816	0.027583
3817	0.02375
3818	0.022917
3819	0.02475
3820	0.022458
3821	0.023208
3822	0.023375
3823	0.022292
3824	0.024416
3825	0.023167
3826	0.023
3827	0.024459
3828	0.023208
3829	0.021584
3830	0.022708
3831	0.019917
3832	0.023167
3833	0.0225
3834	0.022708
3835	0.023666
3836	0.023584
3837	0.0245
3838	0.022625
3839	0.021125
3840	0.022584
3841	0.02225
3842	0.022458
3843	0.023625
3844	0.022875
3845	0.024709
3846	0.020583
3847	0.024458
3848	0.023584
3849	0.03275
3850	0.024625
3851	0.0225
3852	0.022
3853	0.0225
3854	0.025416
3855	0.022333
3856	0.022458
3857	0.021666
3858	0.020708
3859	0.020834
3860	0.024125
3861	0.031042
3862	0.02725
3863	0.022791
3864	0.023416
3865	0.022959
3866	0.023833
3867	0.021417
3868	0.022834
3869	0.022833
3870	0.021542
3871	0.025
3872	0.021916
3873	0.02375
3874	0.0235
3875	0.023041
3876	0.023
3877	0.021791
3878	0.021208
3879	0.022042
3880	0.02125
3881	0.029667
3882	0.026292
3883	0.022083
3884	0.021917
3885	0.02225
3886	0.021333
3887	0.02475
3888	0.02325
3889	0.023292
3890	0.022625
3891	0.021666
3892	0.023709
3893	0.033833
3894	0.022333
3895	0.023375
3896	0.021375
3897	0.022625
3898	0.021667
3899	0.022166
3900	0.021333
3901	0.021958
3902	0.023959
3903	0.022417
3904	0.0235
3905	0.022917
3906	0.022333
3907	0.02075
3908	0.023375
3909	0.023708
3910	0.02075
3911	0.027458
3912	0.02325
3913	0.021584
3914	0.023125
3915	0.022583
3916	0.019542
3917	0.027333
3918	0.021458
3919	0.023417
3920	0.022208
3921	0.022667
3922	0.022709
3923	0.02275
3924	0.021833
3925	0.02125
3926	0.024959
3927	0.023916
3928	0.021833
3929	0.0225
3930	0.026292
3931	0.026083
3932	0.025583
3933	0.026667
3934	0.022708
3935	0.022125
3936	0.023791
3937	0.023958
3938	0.021917
3939	0.023458
3940	0.019542
3941	0.02325
3942	0.047167
3943	0.021667
3944	0.0235
3945	0.022583
3946	0.022917
3947	0.024375
3948	0.02575
3949	0.019334
3950	0.022708
3951	0.022584
3952	0.019
3953	0.021625
3954	0.02125
3955	0.021334
3956	0.021542
3957	0.020333
3958	0.022917
3959	0.023167
3960	0.021291
3961	0.022417
3962	0.020625
3963	0.021
3964	0.023417
3965	0.022625
3966	0.022917
3967	0.021
3968	0.021
3969	0.019833
3970	0.019084
3971	0.022083
3972	0.0215
3973	0.022
3974	0.022084
3975	0.021458
3976	0.022834
3977	0.02
3978	0.025083
3979	0.022375
3980	0.019917
3981	0.020541
3982	0.02175
3983	0.021209
3984	0.021583
3985	0.0215
3986	0.021042
3987	0.021334
3988	0.021583
3989	0.026042
3990	0.027667
3991	0.019875
3992	0.023083
3993	0.021041
3994	0.021625
3995	0.023291
3996	0.019208
3997	0.020042
3998	0.019167
3999	0.021708
4000	0.02175
4001	0.021167
4002	0.034042
4003	0.019083
4004	0.022709
4005	0.021958
4006	0.020458
4007	0.021291
4008	0.0225
4009	0.019666
4010	0.019625
4011	0.021042
4012	0.020292
4013	0.023166
4014	0.022833
4015	0.02225
4016	0.022833
4017	0.022084
4018	0.026167
4019	0.022791
4020	0.020875
4021	0.0205
4022	0.025375
4023	0.021875
4024	0.021625
4025	0.021792
4026	0.021667
4027	0.022833
4028	0.021042
4029	0.021541
4030	0.021291
4031	0.021916
4032	0.021458
4033	0.021167
4034	0.021667
4035	0.020708
4036	0.021833
4037	0.022291
4038	0.023667
4039	0.020834
4040	0.023208
4041	0.022333
4042	0.021292
4043	0.021834
4044	0.021583
4045	0.0215
4046	0.022791
4047	0.021125
4048	0.021625
4049	0.022208
4050	0.021708
4051	0.019917
4052	0.019375
4053	0.022209
4054	0.021708
4055	0.017542
4056	0.02275
4057	0.022584
4058	0.020917
4059	0.021208
4060	0.020875
4061	0.021625
4062	0.020917
4063	0.022708
4064	0.018709
4065	0.018625
4066	0.02125
4067	0.022125
4068	0.018666
4069	0.02175
4070	0.020125
4071	0.021417
4072	0.021208
4073	0.022917
4074	0.022458
4075	0.020792
4076	0.0195
4077	0.020167
4078	0.020167
4079	0.02175
4080	0.0205
4081	0.020625
4082	0.021958
4083	0.021792
4084	0.021833
4085	0.021333
4086	0.022417
4087	0.022166
4088	0.018834
4089	0.021625
4090	0.019959
4091	0.022417
4092	0.02225
4093	0.02275
4094	0.022375
4095	0.021084
4096	0.021375
4097	0.022667
4098	0.021333
4099	0.019958
4100	0.02525
4101	0.019542
4102	0.021125
4103	0.02325
4104	0.021166
4105	0.022292
4106	0.022167
4107	0.021625
4108	0.021042
4109	0.0235
4110	0.023333
4111	0.02075
4112	0.024042
4113	0.023708
4114	0.023208
4115	0.023417
4116	0.117708
4117	0.054167
4118	0.046542
4119	0.051458
4120	0.046792
4121	0.045875
4122	0.049541
4123	0.045125
4124	0.045292
4125	0.046083
4126	0.046667
4127	0.067666
4128	0.082375
4129	0.052458
4130	0.050625
4131	0.046375
4132	0.05825
4133	0.028208
4134	0.024541
4135	0.021708
4136	0.021625
4137	0.02075
4138	0.020833
4139	0.021208
4140	0.021709
4141	0.026958
4142	0.023334
4143	0.02075
4144	0.019833
4145	0.022375
4146	0.02275
4147	0.022333
4148	0.022042
4149	0.02025
4150	0.021125
4151	0.025083
4152	0.023792
4153	0.021375
4154	0.022916
4155	0.022834
4156	0.021666
4157	0.021583
4158	0.020792
4159	0.020833
4160	0.021583
4161	0.023166
4162	0.086208
4163	0.074542
4164	0.023083
4165	0.019333
4166	0.019833
4167	0.021083
4168	0.021417
4169	0.022625
4170	0.021875
4171	0.021958
4172	0.020125
4173	0.02725
4174	0.02175
4175	0.019292
4176	0.020958
4177	0.020292
4178	0.021334
4179	0.020208
4180	0.020916
4181	0.020625
4182	0.054209
4183	0.038334
4184	0.02125
4185	0.021125
4186	0.020708
4187	0.02025
4188	0.022041
4189	0.023875
4190	0.021708
4191	0.020959
4192	0.0205
4193	0.028208
4194	0.021167
4195	0.020166
4196	0.023625
4197	0.02075
4198	0.021542
4199	0.020333
4200	0.021209
4201	0.021333
4202	0.022083
4203	0.021042
4204	0.026333
4205	0.023417
4206	0.024875
4207	0.022917
4208	0.02825
4209	0.022875
4210	0.020583
4211	0.022042
4212	0.023083
4213	0.024042
4214	0.0205
4215	0.032042
4216	0.029083
4217	0.02175
4218	0.021292
4219	0.020875
4220	0.023375
4221	0.023167
4222	0.020417
4223	0.021333
4224	0.022334
4225	0.02125
4226	0.021292
4227	0.019208
4228	0.0215
4229	0.020458
4230	0.021375
4231	0.0215
4232	0.02575
4233	0.020958
4234	0.015291
4235	0.022292
4236	0.02175
4237	0.021833
4238	0.022292
4239	0.019458
4240	0.020833
4241	0.020375
4242	0.019833
4243	0.020834
4244	0.022541
4245	0.021958
4246	0.021166
4247	0.023209
4248	0.020292
4249	0.022625
4250	0.021458
4251	0.021708
4252	0.020584
4253	0.019208
4254	0.019834
4255	0.021375
4256	0.021209
4257	0.020625
4258	0.021541
4259	0.0215
4260	0.022083
4261	0.020417
4262	0.026167
4263	0.023167
4264	0.019333
4265	0.019916
4266	0.0185
4267	0.02275
4268	0.023
4269	0.021625
4270	0.018708
4271	0.020583
4272	0.020375
4273	0.02075
4274	0.044583
4275	0.020292
4276	0.019958
4277	0.020667
4278	0.020459
4279	0.024666
4280	0.0205
4281	0.017584
4282	0.0195
4283	0.0215
4284	0.022042
4285	0.021334
4286	0.020416
4287	0.020458
4288	0.020709
4289	0.022209
4290	0.021083
4291	0.021375
4292	0.019584
4293	0.01925
4294	0.021416
4295	0.019916
4296	0.022458
4297	0.021708
4298	0.02025
4299	0.022959
4300	0.023083
4301	0.02
4302	0.019166
4303	0.020458
4304	0.024959
4305	0.021833
4306	0.02175
4307	0.02025
4308	0.021
4309	0.020375
4310	0.021042
4311	0.020416
4312	0.021666
4313	0.020334
4314	0.021
4315	0.0215
4316	0.021458
4317	0.021458
4318	0.019625
4319	0.02125
4320	0.020584
4321	0.022708
4322	0.019959
4323	0.02025
4324	0.021625
4325	0.018834
4326	0.022
4327	0.021875
4328	0.02075
4329	0.020583
4330	0.021542
4331	0.021625
4332	0.019833
4333	0.019917
4334	0.021417
4335	0.020083
4336	0.020791
4337	0.020959
4338	0.018791
4339	0.019584
4340	0.021125
4341	0.020083
4342	0.021
4343	0.018958
4344	0.019041
4345	0.020416
4346	0.021375
4347	0.020042
4348	0.020208
4349	0.024
4350	0.021125
4351	0.019667
4352	0.020708
4353	0.022417
4354	0.019459
4355	0.02175
4356	0.021709
4357	0.020416
4358	0.019208
4359	0.01875
4360	0.022083
4361	0.021709
4362	0.083625
4363	0.026209
4364	0.022125
4365	0.022208
4366	0.02225
4367	0.021709
4368	0.023292
4369	0.022208
4370	0.048125
4371	0.024417
4372	0.022458
4373	0.0225
4374	0.023584
4375	0.024542
4376	0.022833
4377	0.019959
4378	0.02125
4379	0.020209
4380	0.022125
4381	0.020208
4382	0.022625
4383	0.022542
4384	0.022
4385	0.024875
4386	0.029875
4387	0.022
4388	0.024125
4389	0.022667
4390	0.026458
4391	0.026959
4392	0.02425
4393	0.023458
4394	0.021041
4395	0.023542
4396	0.021917
4397	0.023041
4398	0.019959
4399	0.023458
4400	0.022541
4401	0.019834
4402	0.0205
4403	0.018542
4404	0.02125
4405	0.0205
4406	0.020375
4407	0.022625
4408	0.020792
4409	0.021125
4410	0.019792
4411	0.0215
4412	0.019209
4413	0.018167
4414	0.024417
4415	0.02325
4416	0.025291
4417	0.020209
4418	0.022041
4419	0.021834
4420	0.01875
4421	0.054666
4422	0.057958
4423	0.021417
4424	0.021959
4425	0.021167
4426	0.020917
4427	0.021
4428	0.021375
4429	0.02025
4430	0.0205
4431	0.020291
4432	0.020584
4433	0.019875
4434	0.021917
4435	0.021167
4436	0.019417
4437	0.02075
4438	0.020292
4439	0.019834
4440	0.017958
4441	0.020542
4442	0.045584
4443	0.029167
4444	0.023833
4445	0.020708
4446	0.02175
4447	0.021083
4448	0.020417
4449	0.019875
4450	0.021375
4451	0.018458
4452	0.021208
4453	0.0205
4454	0.019833
4455	0.02
4456	0.020459
4457	0.021875
4458	0.020209
4459	0.022875
4460	0.021
4461	0.020875
4462	0.021083
4463	0.02125
4464	0.019833
4465	0.018959
4466	0.021625
4467	0.019375
4468	0.022667
4469	0.02125
4470	0.018625
4471	0.020667
4472	0.020459
4473	0.018666
4474	0.020667
4475	0.018417
4476	0.020458
4477	0.018334
4478	0.020916
4479	0.0215
4480	0.021417
4481	0.020667
4482	0.021167
4483	0.020291
4484	0.021833
4485	0.020958
4486	0.022042
4487	0.020125
4488	0.020625
4489	0.021416
4490	0.020666
4491	0.019417
4492	0.019792
4493	0.019541
4494	0.020209
4495	0.0205
4496	0.021667
4497	0.019208
4498	0.022125
4499	0.020583
4500	0.020709
4501	0.021417
4502	0.021333
4503	0.020541
4504	0.021416
4505	0.022375
4506	0.021541
4507	0.02325
4508	0.020958
4509	0.020167
4510	0.019333
4511	0.018375
4512	0.020833
4513	0.0215
4514	0.021375
4515	0.020459
4516	0.021375
4517	0.018541
4518	0.020125
4519	0.021041
4520	0.020875
4521	0.020083
4522	0.022125
4523	0.022667
4524	0.020792
4525	0.019875
4526	0.02125
4527	0.019834
4528	0.020959
4529	0.022
4530	0.021125
4531	0.022083
4532	0.020583
4533	0.021792
4534	0.021458
4535	0.021291
4536	0.019416
4537	0.017833
4538	0.020042
4539	0.021458
4540	0.021125
4541	0.021458
4542	0.020459
4543	0.02125
4544	0.020916
4545	0.021667
4546	0.0205
4547	0.023125
4548	0.020375
4549	0.020792
4550	0.020208
4551	0.020416
4552	0.021625
4553	0.021833
4554	0.021
4555	0.020208
4556	0.021375
4557	0.0215
4558	0.022375
4559	0.022417
4560	0.021875
4561	0.021791
4562	0.020708
4563	0.018042
4564	0.021667
4565	0.022416
4566	0.020958
4567	0.020916
4568	0.02025
4569	0.019333
4570	0.02025
4571	0.021792
4572	0.019917
4573	0.021875
4574	0.020375
4575	0.021
4576	0.020958
4577	0.019875
4578	0.019042
4579	0.020708
4580	0.019666
4581	0.022708
4582	0.018875
4583	0.018542
4584	0.020958
4585	0.020917
4586	0.020542
4587	0.020041
4588	0.019375
4589	0.021625
4590	0.021042
4591	0.021291
4592	0.021375
4593	0.018292
4594	0.019292
4595	0.020291
4596	0.021625
4597	0.019583
4598	0.019292
4599	0.021208
4600	0.020458
4601	0.021041
4602	0.021083
4603	0.021292
4604	0.021667
4605	0.021458
4606	0.019292
4607	0.021375
4608	0.021958
4609	0.021708
4610	0.020042
4611	0.02175
4612	0.021667
4613	0.021958
4614	0.021459
4615	0.033375
4616	0.021
4617	0.021959
4618	0.021917
4619	0.020333
4620	0.019875
4621	0.022
4622	0.02225
4623	0.023208
4624	0.020542
4625	0.021667
4626	0.022167
4627	0.022417
4628	0.022
4629	0.020666
4630	0.0205
4631	0.020375
4632	0.020083
4633	0.021334
4634	0.02175
4635	0.019792
4636	0.019208
4637	0.018583
4638	0.0215
4639	0.020167
4640	0.019542
4641	0.022459
4642	0.020917
4643	0.021333
4644	0.020167
4645	0.019167
4646	0.021334
4647	0.022208
4648	0.0215
4649	0.02225
4650	0.020917
4651	0.018542
4652	0.01925
4653	0.0205
4654	0.019666
4655	0.022583
4656	0.021917
4657	0.021625
4658	0.021125
4659	0.022583
4660	0.022084
4661	0.078917
4662	0.030042
4663	0.02475
4664	0.023708
4665	0.020292
4666	0.023333
4667	0.023375
4668	0.018459
4669	0.022083
4670	0.021333
4671	0.0225
4672	0.020625
4673	0.021708
4674	0.018959
4675	0.02075
4676	0.02225
4677	0.021834
4678	0.022833
4679	0.022209
4680	0.021542
4681	0.017958
4682	0.020292
4683	0.021667
4684	0.01925
4685	0.020083
4686	0.021958
4687	0.0235
4688	0.021458
4689	0.021625
4690	0.022292
4691	0.022333
4692	0.022
4693	0.02075
4694	0.022333
4695	0.022625
4696	0.021458
4697	0.019625
4698	0.021583
4699	0.02375
4700	0.02275
4701	0.02075
4702	0.019959
4703	0.021625
4704	0.021292
4705	0.022333
4706	0.018458
4707	0.021541
4708	0.022708
4709	0.022834
4710	0.020208
4711	0.021583
4712	0.021
4713	0.022625
4714	0.021583
4715	0.021417
4716	0.021042
4717	0.020709
4718	0.020875
4719	0.021416
4720	0.021333
4721	0.02225
4722	0.022
4723	0.02075
4724	0.020791
4725	0.021167
4726	0.019375
4727	0.021833
4728	0.020291
4729	0.021667
4730	0.021292
4731	0.018
4732	0.020625
4733	0.022292
4734	0.027417
4735	0.022666
4736	0.02175
4737	0.020833
4738	0.019959
4739	0.021542
4740	0.020542
4741	0.020625
4742	0.020125
4743	0.020167
4744	0.022375
4745	0.020167
4746	0.021084
4747	0.02075
4748	0.020083
4749	0.022417
4750	0.020541
4751	0.020583
4752	0.022208
4753	0.039875
4754	0.02525
4755	0.022708
4756	0.021083
4757	0.018917
4758	0.021959
4759	0.020458
4760	0.0215
4761	0.019083
4762	0.017583
4763	0.020542
4764	0.022125
4765	0.019291
4766	0.01975
4767	0.022541
4768	0.020625
4769	0.022
4770	0.020834
4771	0.018875
4772	0.020416
4773	0.021708
4774	0.023167
4775	0.02125
4776	0.020792
4777	0.021583
4778	0.019625
4779	0.021291
4780	0.022041
4781	0.020541
4782	0.020709
4783	0.020125
4784	0.020334
4785	0.022042
4786	0.020333
4787	0.019458
4788	0.021209
4789	0.020833
4790	0.020875
4791	0.022542
4792	0.01875
4793	0.021083
4794	0.021375
4795	0.023292
4796	0.020875
4797	0.0215
4798	0.023291
4799	0.019917
4800	0.022
4801	0.020708
4802	0.020208
4803	0.022208
4804	0.019666
4805	0.022416
4806	0.03
4807	0.022708
4808	0.022
4809	0.022916
4810	0.021875
4811	0.019416
4812	0.02125
4813	0.020875
4814	0.021167
4815	0.020875
4816	0.022542
4817	0.020083
4818	0.017417
4819	0.022209
4820	0.021208
4821	0.022458
4822	0.022709
4823	0.02125
4824	0.021292
4825	0.023833
4826	0.020708
4827	0.021084
4828	0.024625
4829	0.022709
4830	0.022125
4831	0.023417
4832	0.022958
4833	0.023709
4834	0.022667
4835	0.021417
4836	0.022042
4837	0.021833
4838	0.021417
4839	0.021875
4840	0.021666
4841	0.019291
4842	0.021
4843	0.01825
4844	0.021625
4845	0.0225
4846	0.020417
4847	0.019708
4848	0.019459
4849	0.021417
4850	0.020833
4851	0.02025
4852	0.032
4853	0.019
4854	0.020458
4855	0.020875
4856	0.022125
4857	0.023208
4858	0.021792
4859	0.021791
4860	0.028792
4861	0.024333
4862	0.02775
4863	0.019833
4864	0.022084
4865	0.024292
4866	0.02275
4867	0.021917
4868	0.02325
4869	0.02075
4870	0.024584
4871	0.020792
4872	0.019542
4873	0.021375
4874	0.035792
4875	0.024375
4876	0.0185
4877	0.018834
4878	0.021375
4879	0.022166
4880	0.020167
4881	0.021167
4882	0.022959
4883	0.020333
4884	0.02075
4885	0.021083
4886	0.019917
4887	0.022
4888	0.022125
4889	0.01975
4890	0.019542
4891	0.019958
4892	0.021209
4893	0.019917
4894	0.024583
4895	0.021125
4896	0.021708
4897	0.0255
4898	0.020583
4899	0.019667
4900	0.021875
4901	0.02125
4902	0.021666
4903	0.01925
4904	0.020166
4905	0.055041
4906	0.133459
4907	0.062708
4908	0.05075
4909	0.048083
4910	0.048542
4911	0.048041
4912	0.0905
4913	0.043541
4914	0.046042
4915	0.047875
4916	0.076084
4917	0.052541
4918	0.050417
4919	0.060875
4920	0.046667
4921	0.04425
4922	0.044417
4923	0.045583
4924	0.0445
4925	0.106916
4926	0.0585
4927	0.049917
4928	0.056417
4929	0.046416
4930	0.044833
4931	0.045792
4932	0.0445
4933	0.044334
4934	0.051875
4935	0.047458
4936	0.04625
4937	0.05025
4938	0.043
4939	0.043042
4940	0.044625
4941	0.043958
4942	0.042917
4943	0.043625
4944	0.041583
4945	0.041708
4946	0.041667
4947	0.053958
4948	0.047542
4949	0.043166
4950	0.043375
4951	0.0415
4952	0.049833
4953	0.045084
4954	0.04225
4955	0.042792
4956	0.041833
4957	0.043083
4958	0.045458
4959	0.041833
4960	0.042833
4961	0.04375
4962	0.042834
4963	0.042875
4964	0.043375
4965	0.053125
4966	0.043
4967	0.042375
4968	0.044042
4969	0.043208
4970	0.042708
4971	0.0425
4972	0.043667
4973	0.042167
4974	0.042458
4975	0.043167
4976	0.043208
4977	0.0435
4978	0.043417
4979	0.043667
4980	0.0425
4981	0.041584
4982	0.041375
4983	0.040958
4984	0.041875
4985	0.042834
4986	0.043208
4987	0.043167
4988	0.042292
4989	0.044875
4990	0.04975
4991	0.045041
4992	0.044083
4993	0.133709
4994	0.07125
4995	0.038416
4996	0.021458
4997	0.019792
4998	0.046875
4999	0.054667
5000	1.046541
5001	0.130333
5002	0.077166
5003	0.061042
5004	0.056416
5005	0.051291
5006	0.040583
5007	0.038041
5008	0.034333
5009	0.044167
5010	0.035625
5011	0.030625
5012	0.030583
5013	0.033291
5014	0.031042
5015	0.031166
5016	0.035
5017	0.040542
5018	0.071375
5019	0.068375
5020	0.039625
5021	0.030625
5022	0.033166
5023	0.028916
5024	0.029208
5025	0.0285
5026	0.028875
5027	0.029584
5028	0.028166
5029	0.028334
5030	0.028875
5031	0.032541
5032	0.033
5033	0.029416
5034	0.03025
5035	0.027834
5036	0.026791
5037	0.028459
5038	0.027666
5039	0.027792
5040	0.031792
5041	0.030125
5042	0.029709
5043	0.028666
5044	0.028666
5045	0.027584
5046	0.02725
5047	0.028333
5048	0.02725
5049	0.0275
5050	0.028709
5051	0.064833
5052	0.02775
5053	0.028791
5054	0.029542
5055	0.029375
5056	0.029125
5057	0.031292
5058	0.0285
5059	0.026833
5060	0.027292
5061	0.027459
5062	0.027916
5063	0.035334
5064	0.028833
5065	0.028167
5066	0.027
5067	0.027417
5068	0.027708
5069	0.026875
5070	0.027625
5071	0.029042
5072	0.027625
5073	0.02825
5074	0.027375
5075	0.026917
5076	0.02725
5077	0.027583
5078	0.027042
5079	0.028708
5080	0.027042
5081	0.026667
5082	0.026042
5083	0.02675
5084	0.027167
5085	0.026458
5086	0.026291
5087	0.026791
5088	0.027417
5089	0.031833
5090	0.0275
5091	0.026625
5092	0.026375
5093	0.027417
5094	0.026
5095	0.029417
5096	0.028625
5097	0.027708
5098	0.028167
5099	0.027875
5100	0.02775
5101	0.026417
5102	0.026709
5103	0.026416
5104	0.02675
5105	0.027292
5106	0.027
5107	0.027
5108	0.027125
5109	0.027792
5110	0.025875
5111	0.026875
5112	0.02825
5113	0.02725
5114	0.025583
5115	0.0275
5116	0.024916
5117	0.026125
5118	0.0275
5119	0.028708
5120	0.029917
5121	0.026375
5122	0.026292
5123	0.026958
5124	0.025834
5125	0.024375
5126	0.026875
5127	0.031458
5128	0.025792
5129	0.027
5130	0.030083
5131	0.030708
5132	0.026459
5133	0.026083
5134	0.02425
5135	0.025791
5136	0.026458
5137	0.026292
5138	0.024625
5139	0.049875
5140	0.026708
5141	0.024834
5142	0.025333
5143	0.024833
5144	0.025375
5145	0.024875
5146	0.024625
5147	0.0275
5148	0.025333
5149	0.024167
5150	0.024875
5151	0.026084
5152	0.02425
5153	0.024417
5154	0.025292
5155	0.024417
5156	0.025292
5157	0.024125
5158	0.024708
5159	0.023334
5160	0.025333
5161	0.024833
5162	0.023958
5163	0.025
5164	0.025958
5165	0.025833
5166	0.024417
5167	0.0245
5168	0.024125
5169	0.024959
5170	0.028458
5171	0.02575
5172	0.025375
5173	0.023542
5174	0.024583
5175	0.0255
5176	0.025125
5177	0.023625
5178	0.026667
5179	0.026167
5180	0.025458
5181	0.02325
5182	0.056792
5183	0.035625
5184	0.03025
5185	0.027291
5186	0.035084
5187	0.032125
5188	0.025792
5189	0.023916
5190	0.02725
5191	0.026209
5192	0.027042
5193	0.026459
5194	0.025625
5195	0.024666
5196	0.025292
5197	0.027083
5198	0.024
5199	0.027834
5200	0.024834
5201	0.025209
5202	0.025333
5203	0.024667
5204	0.025958
5205	0.026041
5206	0.025959
5207	0.025542
5208	0.026208
5209	0.024625
5210	0.025625
5211	0.025792
5212	0.025375
5213	0.02425
5214	0.024291
5215	0.026375
5216	0.025334
5217	0.027458
5218	0.025583
5219	0.026083
5220	0.024459
5221	0.024791
5222	0.024458
5223	0.025583
5224	0.025083
5225	0.025875
5226	0.026958
5227	0.026541
5228	0.023
5229	0.024875
5230	0.024959
5231	0.0245
5232	0.025708
5233	0.026625
5234	0.025208
5235	0.025667
5236	0.039375
5237	0.026875
5238	0.026125
5239	0.132625
5240	0.137916
5241	0.08125
5242	0.069791
5243	0.081792
5244	0.060666
5245	0.061667
5246	0.062667
5247	0.06925
5248	0.064875
5249	0.073417
5250	0.072667
5251	0.05925
5252	0.058792
5253	0.066125
5254	0.0945
5255	0.072083
5256	0.065958
5257	0.059625
5258	0.059458
5259	0.063292
5260	0.105417
5261	0.093375
5262	0.077125
5263	0.066625
5264	0.06025
5265	0.108459
5266	0.091292
5267	0.05875
5268	0.070042
5269	0.090625
5270	0.117334
5271	0.055334
5272	0.054333
5273	0.052708
5274	0.064084
5275	0.05275
5276	0.051125
5277	0.054625
5278	0.05275
5279	0.067541
5280	0.057333
5281	0.062083
5282	0.055
5283	0.054417
5284	0.057666
5285	0.052667
5286	0.053958
5287	0.053083
5288	0.060833
5289	0.071875
5290	0.045459
5291	0.027583
5292	0.024375
5293	0.025792
5294	0.023875
5295	0.023042
5296	0.023917
5297	0.023083
5298	0.022084
5299	0.022958
5300	0.022292
5301	0.023958
5302	0.022042
5303	0.020792
5304	0.023375
5305	0.02275
5306	0.021291
5307	0.023334
5308	0.021167
5309	0.02175
5310	0.021458
5311	0.020459
5312	0.021125
5313	0.020292
5314	0.0225
5315	0.024042
5316	0.021958
5317	0.023542
5318	0.021042
5319	0.021042
5320	0.021125
5321	0.022542
5322	0.021833
5323	0.022417
5324	0.020958
5325	0.022125
5326	0.021834
5327	0.021375
5328	0.021166
5329	0.022625
5330	0.022208
5331	0.023125
5332	0.021375
5333	0.02125
5334	0.022458
5335	0.02175
5336	0.021584
5337	0.0205
5338	0.022417
5339	0.02175
5340	0.022333
5341	0.02175
5342	0.024166
5343	0.021709
5344	0.021208
5345	0.021792
5346	0.021958
5347	0.026916
5348	0.026709
5349	0.024333
5350	0.025833
5351	0.023875
5352	0.025
5353	0.023291
5354	0.021334
5355	0.023625
5356	0.022709
5357	0.024416
5358	0.021541
5359	0.023625
5360	0.021333
5361	0.022875
5362	0.021208
5363	0.023542
5364	0.022
5365	0.021208
5366	0.023417
5367	0.0215
5368	0.025125
5369	0.022583
5370	0.026583
5371	0.023292
5372	0.022084
5373	0.023667
5374	0.02775
5375	0.024833
5376	0.020958
5377	0.020834
5378	0.022416
5379	0.020917
5380	0.02075
5381	0.020417
5382	0.023
5383	0.036125
5384	0.024792
5385	0.02925
5386	0.026625
5387	0.023167
5388	0.022833
5389	0.022541
5390	0.027042
5391	0.023458
5392	0.091167
5393	0.075458
5394	0.023166
5395	0.022625
5396	0.023917
5397	0.02275
5398	0.021666
5399	0.022875
5400	0.021625
5401	0.022125
5402	0.021833
5403	0.022542
5404	0.022125
5405	0.022916
5406	0.021541
5407	0.022916
5408	0.021541
5409	0.02175
5410	0.020667
5411	0.022792
5412	0.022292
5413	0.028833
5414	0.021208
5415	0.022459
5416	0.023083
5417	0.022667
5418	0.022333
5419	0.022541
5420	0.020625
5421	0.022
5422	0.022708
5423	0.021334
5424	0.021958
5425	0.023375
5426	0.023125
5427	0.02225
5428	0.021625
5429	0.020417
5430	0.0235
5431	0.035125
5432	0.024292
5433	0.022583
5434	0.020958
5435	0.022667
5436	0.019666
5437	0.021459
5438	0.023416
5439	0.022708
5440	0.023083
5441	0.021833
5442	0.023208
5443	0.02225
5444	0.022334
5445	0.022708
5446	0.021375
5447	0.022584
5448	0.023416
5449	0.023
5450	0.021959
5451	0.021
5452	3.634875
5453	0.1125
5454	0.067709
5455	0.056125
5456	0.052417
5457	0.052125
5458	0.052458
5459	0.052208
5460	0.051917
5461	0.053375
5462	0.056458
5463	0.058709
5464	0.076292
5465	0.042125
5466	0.029833
5467	0.151459
5468	0.099583
5469	0.428958
5470	0.062542
5471	0.0245
5472	0.021334
5473	0.019959
5474	0.020709
5475	0.020417
5476	0.020458
5477	0.020542
5478	0.02075
5479	0.021333
5480	0.019583
5481	0.020042
5482	0.019625
5483	0.020708
5484	0.019417
5485	0.01975
5486	0.018042
5487	0.020416
5488	0.020875
5489	0.019708
5490	0.019458
5491	0.020333
5492	0.020042
5493	0.019791
5494	0.019459
5495	0.021084
5496	0.019625
5497	0.020375
5498	0.019208
5499	0.020666
5500	0.0195
5501	0.019333
5502	0.0205
5503	0.020709
5504	0.019625
5505	0.021375
5506	0.018959
5507	0.021417
5508	0.019625
5509	0.019417
5510	0.019375
5511	0.043792
5512	0.026167
5513	0.023416
5514	0.020584
5515	0.019625
5516	0.019208
5517	0.020417
5518	0.01925
5519	0.019375
5520	0.020584
5521	0.020666
5522	0.028792
5523	0.019541
5524	0.019667
5525	0.02025
5526	0.019708
5527	0.021
5528	0.020291
5529	0.020084
5530	0.019291
5531	0.0205
5532	0.020667
5533	0.020042
5534	0.018958
5535	0.019875
5536	0.021208
5537	0.019084
5538	0.023333
5539	0.022875
5540	0.020084
5541	0.020125
5542	0.019792
5543	0.01975
5544	0.019708
5545	0.020125
5546	0.019708
5547	0.019416
5548	0.0195
5549	0.018708
5550	0.019792
5551	0.020209
5552	0.02075
5553	0.019667
5554	0.019125
5555	0.027875
5556	0.01925
5557	0.019625
5558	0.020292
5559	0.02025
5560	0.025291
5561	0.017792
5562	0.0215
5563	0.018875
5564	0.020208
5565	0.019833
5566	0.019125
5567	0.019458
5568	0.020667
5569	0.021083
5570	0.020084
5571	0.019292
5572	0.020333
5573	0.019875
5574	0.020083
5575	0.020125
5576	0.018208
5577	0.073042
5578	0.1175
5579	0.0255
5580	0.019625
5581	0.020084
5582	0.019125
5583	0.019584
5584	0.020125
5585	0.01925
5586	0.017875
5587	0.019542
5588	0.028125
5589	0.019959
5590	0.019333
5591	0.020083
5592	0.019792
5593	0.019583
5594	0.020167
5595	0.020958
5596	0.021
5597	0.023417
5598	0.019458
5599	0.020417
5600	0.019875
5601	0.017417
5602	0.018958
5603	0.01975
5604	0.02425
5605	0.030541
5606	0.022709
5607	0.020834
5608	0.021542
5609	0.017625
5610	0.019583
5611	0.019375
5612	0.02025
5613	0.019125
5614	0.018333
5615	0.019667
5616	0.02
5617	0.020125
5618	0.060625
5619	0.017958
5620	0.019375
5621	0.017459
5622	0.02025
5623	0.019542
5624	0.019375
5625	0.018167
5626	0.0195
5627	0.019375
5628	0.019
5629	0.024334
5630	0.020167
5631	0.018667
5632	0.018583
5633	0.019291
5634	0.01825
5635	0.019042
5636	0.019
5637	0.018375
5638	0.019375
5639	0.019458
5640	0.019333
5641	0.018792
5642	0.0185
5643	0.018583
5644	0.019125
5645	0.018833
5646	0.0195
5647	0.017958
5648	0.018625
5649	0.018458
5650	0.01875
5651	0.018459
5652	0.017417
5653	0.019666
5654	0.019334
5655	0.019666
5656	0.016834
5657	0.02075
5658	0.021125
5659	0.017875
5660	0.017916
5661	0.017584
5662	0.023958
5663	0.0195
5664	0.018375
5665	0.01925
5666	0.0205
5667	0.020666
5668	0.019334
5669	0.019166
5670	0.01825
5671	0.017917
5672	0.019666
5673	0.01775
5674	0.01925
5675	0.019375
5676	0.017
5677	0.018792
5678	0.019125
5679	0.018625
5680	0.018875
5681	0.018542
5682	0.01825
5683	0.01825
5684	0.019042
5685	0.01775
5686	0.019833
5687	0.020459
5688	0.020209
5689	0.019583
5690	0.018417
5691	0.02075
5692	0.017541
5693	0.01975
5694	0.018959
5695	0.019333
5696	0.025125
5697	0.019792
5698	0.018916
5699	0.020667
5700	0.019833
5701	0.01875
5702	0.017917
5703	0.019125
5704	0.019
5705	0.019583
5706	0.018417
5707	0.018208
5708	0.017834
5709	0.019958
5710	0.019292
5711	0.018916
5712	0.020542
5713	0.019167
5714	0.01925
5715	0.018709
5716	0.018416
5717	0.020333
5718	0.018667
5719	0.019542
5720	0.016833
5721	0.019125
5722	0.019208
5723	0.019917
5724	0.019375
5725	0.022875
5726	0.019917
5727	0.017916
5728	0.018917
5729	0.0185
5730	0.018334
5731	0.019416
5732	0.019917
5733	0.016583
5734	0.019209
5735	0.018291
5736	0.018417
5737	0.019875
5738	0.018208
5739	0.019084
5740	0.018583
5741	0.019667
5742	0.017833
5743	0.018875
5744	0.020208
5745	0.018917
5746	0.018292
5747	0.019208
5748	0.01975
5749	0.018541
5750	0.019625
5751	0.017041
5752	0.0195
5753	0.019958
5754	0.0195
5755	0.019167
5756	0.018292
5757	0.0195
5758	0.019375
5759	0.019083
5760	0.019083
5761	0.01775
5762	0.0195
5763	0.019083
5764	0.018583
5765	0.02025
5766	0.020375
5767	0.019542
5768	0.017666
5769	0.019667
5770	0.017125
5771	0.019875
5772	0.019083
5773	0.018208
5774	0.020042
5775	0.019542
5776	0.02075
5777	0.020083
5778	0.018584
5779	0.051208
5780	0.10125
5781	0.061625
5782	0.051667
5783	0.048375
5784	0.044792
5785	0.045166
5786	0.043917
5787	0.044209
5788	0.04325
5789	0.055166
5790	0.045958
5791	0.053584
5792	0.049375
5793	0.043375
5794	0.044625
5795	0.047291
5796	0.045458
5797	0.045167
5798	0.044666
5799	0.045917
5800	0.023458
5801	0.021958
5802	0.020666
5803	0.020208
5804	0.020584
5805	0.019542
5806	0.01825
5807	0.018625
5808	0.020916
5809	0.01925
5810	0.017334
5811	0.019291
5812	0.019084
5813	0.017875
5814	0.019417
5815	0.020375
5816	0.020666
5817	0.0205
5818	0.018667
5819	0.0185
5820	0.018792
5821	0.018833
5822	0.026
5823	0.017959
5824	0.017791
5825	0.028292
5826	0.019125
5827	0.019917
5828	0.020083
5829	0.019625
5830	0.01875
5831	0.019042
5832	0.02
5833	0.02225
5834	0.0195
5835	0.019292
5836	0.020375
5837	0.019084
5838	0.018625
5839	0.0185
5840	0.0195
5841	0.01875
5842	0.018583
5843	0.018708
5844	0.017833
5845	0.02
5846	0.017917
5847	0.018334
5848	0.017125
5849	0.017208
5850	0.01925
5851	0.01875
5852	0.018459
5853	0.018333
5854	0.018042
5855	0.019416
5856	0.018292
5857	0.018667
5858	0.017125
5859	0.019
5860	0.018042
5861	0.019458
5862	0.018917
5863	0.019458
5864	0.019458
5865	0.020959
5866	0.020125
5867	0.019541
5868	0.019334
5869	0.020041
5870	0.01925
5871	0.017584
5872	0.0185
5873	0.019166
5874	0.018833
5875	0.019
5876	0.018916
5877	0.017167
5878	0.017541
5879	0.019458
5880	0.019375
5881	0.019417
5882	0.018417
5883	0.019417
5884	0.018875
5885	0.017416
5886	0.021708
5887	0.023291
5888	0.018709
5889	0.017875
5890	0.020584
5891	0.022708
5892	0.020333
5893	0.021917
5894	0.021583
5895	0.020584
5896	0.020583
5897	0.025167
5898	0.020625
5899	0.018041
5900	0.01825
5901	0.019541
5902	0.019125
5903	0.018583
5904	0.019667
5905	0.019291
5906	0.018959
5907	0.018083
5908	0.019833
5909	0.019834
5910	0.019
5911	0.019458
5912	0.108208
5913	0.056709
5914	0.047833
5915	0.045125
5916	0.044292
5917	0.043916
5918	0.04825
5919	0.046125
5920	0.042875
5921	0.044084
5922	0.043875
5923	0.043333
5924	0.042667
5925	0.046
5926	0.0505
5927	0.027875
5928	0.019958
5929	0.018708
5930	0.03775
5931	0.017625
5932	0.019917
5933	0.016958
5934	0.016959
5935	0.019291
5936	0.018458
5937	0.019
5938	0.018458
5939	0.018625
5940	0.017625
5941	0.018042
5942	0.019
5943	0.0175
5944	0.019167
5945	0.020125
5946	0.01925
5947	0.018417
5948	0.0185
5949	0.019583
5950	0.015875
5951	0.018333
5952	0.018667
5953	0.019417
5954	0.017542
5955	0.017792
5956	0.018708
5957	0.018458
5958	0.020125
5959	0.020167
5960	0.019916
5961	0.018834
5962	0.019375
5963	0.019125
5964	0.018791
5965	0.016917
5966	0.020042
5967	0.018583
5968	0.019542
5969	0.017459
5970	0.01925
5971	0.018833
5972	0.01875
5973	0.018917
5974	0.018667
5975	0.019375
5976	0.019
5977	0.017333
5978	0.018833
5979	0.018375
5980	0.018917
5981	0.01825
5982	0.01925
5983	0.01775
5984	0.01825
5985	0.017167
5986	0.019375
5987	0.018
5988	0.017916
5989	0.017625
5990	0.019209
5991	0.018042
5992	0.017917
5993	0.018333
5994	0.017167
5995	0.01725
5996	0.01775
5997	0.018833
5998	0.018417
5999	0.020458
6000	0.020417
6001	0.018333
6002	0.016375
6003	0.01925
6004	0.018791
6005	0.019125
6006	0.017834
6007	0.01925
6008	0.0185
6009	0.019625
6010	0.018375
6011	0.018625
6012	0.01825
6013	0.019208
6014	0.018834
6015	0.01825
6016	0.018167
6017	0.020292
6018	0.016958
6019	0.017917
6020	0.018333
6021	0.01825
6022	0.018917
6023	0.022833
6024	0.01875
6025	0.019792
6026	0.020125
6027	0.017791
6028	0.018916
6029	0.018084
6030	0.019208
6031	0.018792
6032	0.0185
6033	0.019291
6034	0.018917
6035	0.018708
6036	0.019584
6037	0.0175
6038	0.017083
6039	0.019125
6040	0.020209
6041	0.0195
6042	0.019042
6043	0.018
6044	0.020375
6045	0.066875
6046	0.030875
6047	0.023125
6048	0.019792
6049	0.021833
6050	0.018459
6051	0.019375
6052	0.021916
6053	0.019708
6054	0.019708
6055	0.021583
6056	0.020875
6057	0.019625
6058	0.02075
6059	0.020458
6060	0.018708
6061	0.020083
6062	0.018083
6063	0.017083
6064	0.021917
6065	0.149375
6066	0.021875
6067	0.020375
6068	0.0195
6069	0.0225
6070	0.054708
6071	0.028209
6072	0.020667
6073	0.019917
6074	0.064292
6075	0.020041
6076	0.019083
6077	0.019208
6078	0.019667
6079	0.019083
6080	0.020459
6081	0.020083
6082	0.020375
6083	0.019417
6084	0.02125
6085	0.024875
6086	0.026458
6087	0.0195
6088	0.0195
6089	0.019458
6090	0.01725
6091	0.019209
6092	0.018416
6093	0.019
6094	0.0195
6095	0.021083
6096	0.018375
6097	0.019542
6098	0.069458
6099	0.020208
6100	0.020667
6101	0.018542
6102	0.0195
6103	0.019208
6104	0.027917
6105	0.017083
6106	0.019083
6107	0.017209
6108	0.018166
6109	0.019917
6110	0.019291
6111	0.017375
6112	0.018916
6113	0.019459
6114	0.019833
6115	0.018209
6116	0.016208
6117	0.018458
6118	0.018792
6119	0.019375
6120	0.018416
6121	0.01975
6122	0.019042
6123	0.021375
6124	0.019292
6125	0.017209
6126	0.019125
6127	0.019125
6128	0.016875
6129	0.019083
6130	0.018584
6131	0.018291
6132	0.019209
6133	0.018
6134	0.019083
6135	0.018125
6136	0.018125
6137	0.019833
6138	0.017375
6139	0.01775
6140	0.017292
6141	0.0185
6142	0.018542
6143	0.0175
6144	0.018292
6145	0.018125
6146	0.018041
6147	0.016959
6148	0.017541
6149	0.017584
6150	0.018333
6151	0.019875
6152	0.017667
6153	0.017
6154	0.018375
6155	0.0185
6156	0.018583
6157	0.019333
6158	0.018625
6159	0.017875
6160	0.018416
6161	0.019
6162	0.019625
6163	0.01825
6164	0.016375
6165	0.018833
6166	0.016167
6167	0.018
6168	0.017833
6169	0.01825
6170	0.017459
6171	0.018542
6172	0.019041
6173	0.018958
6174	0.018333
6175	0.018875
6176	0.130167
6177	0.02375
6178	0.0185
6179	0.018917
6180	0.017792
6181	0.017292
6182	0.017792
6183	0.018083
6184	0.019
6185	0.017209
6186	0.017541
6187	0.017042
6188	0.017916
6189	0.018833
6190	0.017833
6191	0.017625
6192	0.019459
6193	0.018958
6194	0.01825
6195	0.017792
6196	0.018625
6197	0.018542
6198	0.017125
6199	0.017291
6200	0.01725
6201	0.0165
6202	0.017166
6203	0.017083
6204	0.017583
6205	0.018667
6206	0.019
6207	0.016583
6208	0.018875
6209	0.019416
6210	0.018625
6211	0.018334
6212	0.017208
6213	0.016958
6214	0.01775
6215	0.017416
6216	0.018542
6217	0.019125
6218	0.017958
6219	0.016041
6220	0.018292
6221	0.017958
6222	0.017292
6223	0.01875
6224	0.018583
6225	0.018542
6226	0.017875
6227	0.017709
6228	0.017958
6229	0.018125
6230	0.017042
6231	0.018375
6232	0.018625
6233	0.017375
6234	0.019333
6235	0.018
6236	0.018875
6237	0.016333
6238	0.018166
6239	0.018167
6240	0.018583
6241	0.018
6242	0.01825
6243	0.017209
6244	0.0165
6245	0.017625
6246	0.018291
6247	0.01975
6248	0.015833
6249	0.018333
6250	0.01725
6251	0.018625
6252	0.016875
6253	0.017708
6254	0.018042
6255	0.019
6256	0.017416
6257	0.018667
6258	0.019166
6259	0.017584
6260	0.019291
6261	0.020292
6262	0.018083
6263	0.017792
6264	0.017292
6265	0.018417
6266	0.017375
6267	0.017333
6268	0.01775
6269	0.018584
6270	0.018417
6271	0.018708
6272	0.016583
6273	0.018
6274	0.018167
6275	0.019208
6276	0.01775
6277	0.018917
6278	0.018
6279	0.019167
6280	0.02
6281	0.018167
6282	0.019125
6283	0.019167
6284	0.019292
6285	0.018458
6286	0.017417
6287	0.018875
6288	0.018458
6289	0.018667
6290	0.017708
6291	0.017583
6292	0.0165
6293	0.01875
6294	0.026583
6295	0.017167
6296	0.018958
6297	0.017666
6298	0.017
6299	0.018459
6300	0.0165
6301	0.036708
6302	0.01825
6303	0.019583
6304	0.019334
6305	0.018375
6306	0.018
6307	0.016625
6308	0.017459
6309	0.018708
6310	0.019042
6311	0.016917
6312	0.017625
6313	0.017917
6314	0.01825
6315	0.018333
6316	0.018833
6317	0.018542
6318	0.017333
6319	0.018125
6320	0.017542
6321	0.017583
6322	0.017583
6323	0.018625
6324	0.01875
6325	0.017583
6326	0.018125
6327	0.0175
6328	0.016875
6329	0.0175
6330	0.01875
6331	0.017084
6332	0.018375
6333	0.01825
6334	0.018417
6335	0.019708
6336	0.016917
6337	0.018083
6338	0.018625
6339	0.018125
6340	0.018667
6341	0.015958
6342	0.018667
6343	0.018667
6344	0.019291
6345	0.019375
6346	0.019083
6347	0.018333
6348	0.019167
6349	0.018292
6350	0.018
6351	0.018875
6352	0.01925
6353	0.019333
6354	0.019125
6355	0.0395
6356	0.020125
6357	0.019292
6358	0.019958
6359	0.017791
6360	0.016125
6361	0.017041
6362	0.019
6363	0.018416
6364	0.017291
6365	0.0175
6366	0.018125
6367	0.018541
6368	0.017917
6369	0.018
6370	0.018125
6371	0.019333
6372	0.019084
6373	0.0195
6374	0.03875
6375	0.018209
6376	0.019833
6377	0.019625
6378	0.016459
6379	0.020208
6380	0.018792
6381	0.020042
6382	0.01675
6383	0.020583
6384	0.017208
6385	0.020666
6386	0.019375
6387	0.019042
6388	0.01875
6389	0.017958
6390	0.019792
6391	0.018125
6392	0.018
6393	0.016125
6394	0.018209
6395	0.018958
6396	0.019292
6397	0.018875
6398	0.019208
6399	0.019792
6400	0.018875
6401	0.018042
6402	0.018625
6403	0.018834
6404	0.017792
6405	0.018375
6406	0.017375
6407	0.018958
6408	0.0175
6409	0.018209
6410	0.01775
6411	0.017208
6412	0.018541
6413	0.02
6414	0.017209
6415	0.019416
6416	0.017875
6417	0.017833
6418	0.016417
6419	0.017458
6420	0.018
6421	0.018583
6422	0.018875
6423	0.018667
6424	0.020208
6425	0.018292
6426	0.01875
6427	0.020417
6428	0.019083
6429	0.019708
6430	0.017959
6431	0.019541
6432	0.017875
6433	0.02
6434	0.018667
6435	0.020041
6436	0.018584
6437	0.01675
6438	0.020458
6439	0.020459
6440	0.022167
6441	0.019583
6442	0.019625
6443	0.017875
6444	0.026292
6445	0.019041
6446	0.019084
6447	0.018542
6448	0.018458
6449	0.018583
6450	0.019625
6451	0.019625
6452	0.019167
6453	0.030625
6454	0.021541
6455	0.019459
6456	0.018583
6457	0.018542
6458	0.0185
6459	0.018875
6460	0.017875
6461	0.01725
6462	0.019584
6463	0.018416
6464	0.020291
6465	0.016875
6466	0.019375
6467	0.019041
6468	0.021
6469	0.018541
6470	0.018417
6471	0.017917
6472	0.019417
6473	0.020292
6474	0.018125
6475	0.018541
6476	0.01825
6477	0.018583
6478	0.01725
6479	0.018292
6480	0.017792
6481	0.019458
6482	0.016375
6483	0.016292
6484	0.018791
6485	0.01625
6486	0.015708
6487	0.020292
6488	0.016625
6489	0.017708
6490	0.019417
6491	0.017708
6492	0.019
6493	0.019792
6494	0.018417
6495	0.018583
6496	0.0175
6497	0.017917
6498	0.016958
6499	0.01875
6500	0.018459
6501	0.019125
6502	0.019208
6503	0.019042
6504	0.019083
6505	0.018958
6506	0.018459
6507	0.018875
6508	0.0185
6509	0.044958
6510	0.033959
6511	0.018666
6512	0.018375
6513	0.018125
6514	0.016916
6515	0.018209
6516	0.018791
6517	0.018292
6518	0.015834
6519	0.0205
6520	0.019084
6521	0.018833
6522	0.018417
6523	0.018083
6524	0.0185
6525	0.018542
6526	0.019417
6527	0.01925
6528	0.016458
6529	0.016458
6530	0.018125
6531	0.018
6532	0.017791
6533	0.017417
6534	0.019542
6535	0.021083
6536	0.017958
6537	0.019959
6538	0.019541
6539	0.019
6540	0.018917
6541	0.01875
6542	0.018208
6543	0.017667
6544	0.018958
6545	0.01875
6546	0.018708
6547	0.017375
6548	0.020209
6549	0.017375
6550	0.019958
6551	0.01775
6552	0.017458
6553	0.0195
6554	0.019167
6555	0.019333
6556	0.020958
6557	0.02225
6558	0.017875
6559	0.035083
6560	0.018417
6561	0.018375
6562	0.0205
6563	0.018417
6564	0.01825
6565	0.019291
6566	0.018291
6567	0.01575
6568	0.016166
6569	0.017875
6570	0.01825
6571	0.017791
6572	0.017584
6573	0.017875
6574	0.018709
6575	0.01675
6576	0.022166
6577	0.019542
6578	0.019
6579	0.017209
6580	0.018416
6581	0.018542
6582	0.017167
6583	0.017333
6584	0.019167
6585	0.018
6586	0.017834
6587	0.018708
6588	0.019292
6589	0.016708
6590	0.0185
6591	0.018208
6592	0.020792
6593	0.0185
6594	0.046416
6595	0.018209
6596	0.022125
6597	0.021541
6598	0.021666
6599	0.021083
6600	0.022875
6601	0.022375
6602	0.0195
6603	0.0195
6604	0.018583
6605	0.020209
6606	0.021041
6607	0.020791
6608	0.020833
6609	0.020292
6610	0.018959
6611	0.021958
6612	0.018209
6613	0.018666
6614	0.018083
6615	0.01775
6616	0.017125
6617	0.01775
6618	0.016292
6619	0.017209
6620	0.01825
6621	0.01575
6622	0.018917
6623	0.01675
6624	0.017209
6625	0.018625
6626	0.017792
6627	0.017542
6628	0.018417
6629	0.017208
6630	0.017417
6631	0.020583
6632	0.019417
6633	0.019167
6634	0.019083
6635	0.018
6636	0.017958
6637	0.101958
6638	0.019917
6639	0.017667
6640	0.017958
6641	0.016542
6642	0.017167
6643	0.018292
6644	0.016208
6645	0.017417
6646	0.017833
6647	0.017917
6648	0.017834
6649	0.017083
6650	0.018292
6651	0.014041
6652	0.018125
6653	0.01675
6654	0.016917
6655	0.018209
6656	0.01775
6657	0.018417
6658	0.01575
6659	0.017875
6660	0.019167
6661	0.01925
6662	0.017833
6663	0.018291
6664	0.017834
6665	0.017458
6666	0.018792
6667	0.016667
6668	0.01725
6669	0.017167
6670	0.017583
6671	0.017958
6672	0.016917
6673	0.017084
6674	0.01825
6675	0.018584
6676	0.017625
6677	0.018167
6678	0.016708
6679	0.01775
6680	0.018125
6681	0.018
6682	0.018333
6683	0.017709
6684	0.017583
6685	0.016875
6686	0.016041
6687	0.017541
6688	0.019958
6689	0.01875
6690	0.020917
6691	0.019542
6692	0.020708
6693	0.01625
6694	0.020334
6695	0.019
6696	0.016916
6697	0.018667
6698	0.018375
6699	0.018667
6700	0.019792
6701	0.0185
6702	0.01525
6703	0.018125
6704	0.017791
6705	0.016
6706	0.017167
6707	0.016
6708	0.018
6709	0.018125
6710	0.019833
6711	0.021292
6712	0.020125
6713	0.018167
6714	0.020083
6715	0.023708
6716	0.023042
6717	0.022
6718	0.020125
6719	0.019708
6720	0.022291
6721	0.018583
6722	0.017542
6723	0.016792
6724	0.0185
6725	0.01875
6726	0.017667
6727	0.019583
6728	0.017708
6729	0.018417
6730	0.016959
6731	0.018833
6732	0.016459
6733	0.018541
6734	0.0185
6735	0.01875
6736	0.019584
6737	0.018625
6738	0.019625
6739	0.01625
6740	0.017208
6741	0.017
6742	0.019209
6743	0.019708
6744	0.017375
6745	0.018917
6746	0.017416
6747	0.030709
6748	0.018041
6749	0.018209
6750	0.016542
6751	0.019125
6752	0.018708
6753	0.018667
6754	0.016625
6755	0.018541
6756	0.018208
6757	0.017959
6758	0.015333
6759	0.018667
6760	0.017875
6761	0.016958
6762	0.017167
6763	0.017375
6764	0.017375
6765	0.017291
6766	0.0165
6767	0.017584
6768	0.025708
6769	0.060791
6770	0.020166
6771	0.018583
6772	0.016583
6773	0.01625
6774	0.017708
6775	0.018375
6776	0.017042
6777	0.018417
6778	0.018458
6779	0.018125
6780	0.015792
6781	0.017875
6782	0.017708
6783	0.017875
6784	0.017917
6785	0.0175
6786	0.0185
6787	0.015917
6788	0.0185
6789	0.016958
6790	0.017834
6791	0.017416
6792	0.017584
6793	0.018042
6794	0.018458
6795	0.016959
6796	0.017791
6797	0.017792
6798	0.019875
6799	0.017792
6800	0.0165
6801	0.017708
6802	0.018541
6803	0.016667
6804	0.0145
6805	0.01975
6806	0.016
6807	0.017125
6808	0.015416
6809	0.019417
6810	0.016667
6811	0.017417
6812	0.018541
6813	0.017792
6814	0.016792
6815	0.01825
6816	0.017291
6817	0.01875
6818	0.016375
6819	0.01575
6820	0.017709
6821	0.018375
6822	0.016333
6823	0.018292
6824	0.016709
6825	0.0175
6826	0.017958
6827	0.017208
6828	0.017667
6829	0.017292
6830	0.017041
6831	0.018916
6832	0.017041
6833	0.016959
6834	0.017666
6835	0.01675
6836	0.018125
6837	0.017875
6838	0.018083
6839	0.017667
6840	0.016625
6841	0.017667
6842	0.016875
6843	0.0175
6844	0.017667
6845	0.018792
6846	0.017125
6847	0.018083
6848	0.016917
6849	0.017917
6850	0.016625
6851	0.016792
6852	0.017
6853	0.018833
6854	0.017167
6855	0.017958
6856	0.017458
6857	0.01625
6858	0.018
6859	0.01625
6860	0.018709
6861	0.016417
6862	0.017125
6863	0.017084
6864	0.017458
6865	0.017417
6866	0.016792
6867	0.017708
6868	0.017917
6869	0.016833
6870	0.018208
6871	0.017292
6872	0.016917
6873	0.017875
6874	0.016
6875	0.018375
6876	0.017542
6877	0.017375
6878	0.015584
6879	0.018416
6880	0.017791
6881	0.017041
6882	0.017083
6883	0.017625
6884	0.018834
6885	0.017708
6886	0.01775
6887	0.017709
6888	0.017333
6889	0.017333
6890	0.018
6891	0.017208
6892	0.018167
6893	0.017792
6894	0.017209
6895	0.017875
6896	0.018875
6897	0.02375
6898	0.019167
6899	0.018167
6900	0.018458
6901	0.01875
6902	0.017875
6903	0.05175
6904	0.042541
6905	0.023084
6906	0.019625
6907	0.018791
6908	0.020083
6909	0.018084
6910	0.016542
6911	0.017125
6912	0.019625
6913	0.020292
6914	0.038125
6915	0.022709
6916	0.019042
6917	0.019125
6918	0.018959
6919	0.018291
6920	0.015333
6921	0.019042
6922	0.030125
6923	0.019125
6924	0.017875
6925	0.017292
6926	0.022542
6927	0.021875
6928	0.021292
6929	0.0195
6930	0.02075
6931	0.019084
6932	0.017
6933	0.019458
6934	0.0215
6935	0.02125
6936	0.017875
6937	0.02025
6938	0.017875
6939	0.017833
6940	0.016708
6941	0.019041
6942	0.018375
6943	0.017708
6944	0.016709
6945	0.019042
6946	0.018042
6947	0.017083
6948	0.017208
6949	0.018625
6950	0.020875
6951	0.018875
6952	0.018625
6953	0.017042
6954	0.017958
6955	0.018291
6956	0.021666
6957	0.019208
6958	0.020791
6959	0.032292
6960	0.021042
6961	0.017708
6962	0.019084
6963	0.01925
6964	0.148875
6965	0.022584
6966	0.01775
6967	0.016916
6968	0.016667
6969	0.01775
6970	0.017417
6971	0.0175
6972	0.018125
6973	0.0155
6974	0.016917
6975	0.015958
6976	0.017917
6977	0.01625
6978	0.018208
6979	0.019041
6980	0.019209
6981	0.016375
6982	0.018
6983	0.019167
6984	0.019083
6985	0.017208
6986	0.022959
6987	0.021834
6988	0.017334
6989	0.017666
6990	0.019334
6991	0.052667
6992	0.054833
6993	0.072166
6994	0.023625
6995	0.020333
6996	0.01925
6997	0.018833
6998	0.018
6999	0.018375
7000	0.01675
7001	0.0175
7002	0.017709
7003	0.017541
7004	0.018
7005	0.0185
7006	0.018083
7007	0.016875
7008	0.017292
7009	0.017083
7010	0.0165
7011	0.017334
7012	0.017333
7013	0.017542
7014	0.01825
7015	0.016708
7016	0.017167
7017	0.016833
7018	0.017333
7019	0.017334
7020	0.016208
7021	0.016375
7022	0.014917
7023	0.025
7024	0.018208
7025	0.016333
7026	0.017833
7027	0.014542
7028	0.017375
7029	0.015666
7030	0.017375
7031	0.019458
7032	0.017333
7033	0.019208
7034	0.015208
7035	0.018125
7036	0.019084
7037	0.017916
7038	0.018458
7039	0.017667
7040	0.0185
7041	0.022167
7042	0.018208
7043	0.017584
7044	0.017125
7045	0.017
7046	0.01725
7047	0.019584
7048	0.018458
7049	0.0185
7050	0.017708
7051	0.017584
7052	0.016875
7053	0.016959
7054	0.035041
7055	0.017875
7056	0.016916
7057	0.021209
7058	0.017666
7059	0.017625
7060	0.016959
7061	0.016958
7062	0.016708
7063	0.017042
7064	0.016417
7065	0.016708
7066	0.016708
7067	0.016542
7068	0.017292
7069	0.016834
7070	0.016458
7071	0.01625
7072	0.01725
7073	0.018791
7074	0.015958
7075	0.017125
7076	0.016792
7077	0.017083
7078	0.0165
7079	0.017167
7080	0.016625
7081	0.0175
7082	0.0235
7083	0.016959
7084	0.017708
7085	0.017375
7086	0.017708
7087	0.017417
7088	0.016084
7089	0.016916
7090	0.016458
7091	0.01725
7092	0.01725
7093	0.017417
7094	0.016875
7095	0.016541
7096	0.016042
7097	0.017375
7098	0.017167
7099	0.017542
7100	0.01775
7101	0.016542
7102	0.01725
7103	0.016583
7104	0.016
7105	0.016916
7106	0.016709
7107	0.0165
7108	0.017125
7109	0.018458
7110	0.017125
7111	0.017625
7112	0.018042
7113	0.015916
7114	0.016459
7115	0.016959
7116	0.016791
7117	0.016542
7118	0.016042
7119	0.016666
7120	0.016084
7121	0.015583
7122	0.015916
7123	0.017709
7124	0.017541
7125	0.016458
7126	0.018167
7127	0.017416
7128	0.016709
7129	0.018375
7130	0.016334
7131	0.016541
7132	0.017583
7133	0.016625
7134	0.017375
7135	0.027875
7136	0.017125
7137	0.017292
7138	0.016292
7139	0.016458
7140	0.015917
7141	0.017958
7142	0.0175
7143	0.016583
7144	0.017375
7145	0.016875
7146	0.016958
7147	0.016791
7148	0.017375
7149	0.016875
7150	0.017166
7151	0.017667
7152	0.017417
7153	0.016292
7154	0.015916
7155	0.017125
7156	0.017041
7157	0.017042
7158	0.015875
7159	0.017334
7160	0.018166
7161	0.016958
7162	0.01675
7163	0.016667
7164	0.016125
7165	0.017708
7166	0.017708
7167	0.017792
7168	0.017458
7169	0.017708
7170	0.016416
7171	0.017042
7172	0.015791
7173	0.017
7174	0.015334
7175	0.017833
7176	0.017417
7177	0.016375
7178	0.016625
7179	0.016084
7180	0.016542
7181	0.016708
7182	0.016
7183	0.017125
7184	0.016708
7185	0.015584
7186	0.017375
7187	0.016916
7188	0.017042
7189	0.016542
7190	0.015416
7191	0.0155
7192	0.017291
7193	0.016625
7194	0.016167
7195	0.016625
7196	0.016958
7197	0.017542
7198	0.016666
7199	0.016833
7200	0.017417
7201	0.016459
7202	0.017208
7203	0.0165
7204	0.01725
7205	0.017041
7206	0.018
7207	0.016417
7208	0.017958
7209	0.016208
7210	0.017083
7211	0.017959
7212	0.017
7213	0.017375
7214	0.016875
7215	0.016958
7216	0.016042
7217	0.046833
7218	0.017542
7219	0.018375
7220	0.016334
7221	0.016625
7222	0.023625
7223	0.018458
7224	0.01825
7225	0.01675
7226	0.017458
7227	0.016625
7228	0.015458
7229	0.016292
7230	0.016375
7231	0.016541
7232	0.016625
7233	0.017083
7234	0.016875
7235	0.016583
7236	0.016625
7237	0.016791
7238	0.017875
7239	0.0175
7240	0.01725
7241	0.016959
7242	0.016667
7243	0.056792
7244	0.081417
7245	0.052333
7246	0.042708
7247	0.045041
7248	0.040792
7249	0.040125
7250	0.040125
7251	0.040083
7252	0.043125
7253	0.042291
7254	0.039917
7255	0.039791
7256	0.040667
7257	0.041792
7258	0.051666
7259	0.0425
7260	0.040084
7261	0.038916
7262	0.040209
7263	0.04025
7264	0.038917
7265	0.044375
7266	0.040375
7267	0.0425
7268	0.021833
7269	0.019292
7270	0.019292
7271	0.018208
7272	0.018
7273	0.02175
7274	0.025958
7275	0.019542
7276	0.017209
7277	0.017208
7278	0.018125
7279	0.022042
7280	0.018458
7281	0.018625
7282	0.0165
7283	0.017375
7284	0.015708
7285	0.017541
7286	0.019583
7287	0.016458
7288	0.017209
7289	0.018291
7290	0.017167
7291	0.017125
7292	0.015792
7293	0.019042
7294	0.016875
7295	0.017417
7296	0.016292
7297	0.017417
7298	0.018
7299	0.017792
7300	0.017458
7301	0.017542
7302	0.017
7303	0.018458
7304	0.018125
7305	0.017542
7306	0.018291
7307	0.019041
7308	0.01825
7309	0.017583
7310	0.016584
7311	0.017458
7312	0.015667
7313	0.018
7314	0.016542
7315	0.015833
7316	0.016584
7317	0.016167
7318	0.017541
7319	0.017834
7320	0.019
7321	0.018167
7322	0.017208
7323	0.01675
7324	0.016875
7325	0.016792
7326	0.017375
7327	0.016667
7328	0.016833
7329	0.017875
7330	0.016583
7331	0.016791
7332	0.01625
7333	0.016834
7334	0.017792
7335	0.016792
7336	0.017417
7337	0.016542
7338	0.016708
7339	0.014709
7340	0.016292
7341	0.017083
7342	0.016916
7343	0.014917
7344	0.015917
7345	0.015208
7346	0.015541
7347	0.017166
7348	0.017333
7349	0.01725
7350	0.016041
7351	0.017584
7352	0.018208
7353	0.016125
7354	0.017125
7355	0.01675
7356	0.015334
7357	0.018125
7358	0.019125
7359	0.017834
7360	0.016041
7361	0.018667
7362	0.018916
7363	0.016583
7364	0.01675
7365	0.016709
7366	0.016666
7367	0.016917
7368	0.017625
7369	0.016334
7370	0.016375
7371	0.017
7372	0.016666
7373	0.017459
7374	0.017333
7375	0.016292
7376	0.01775
7377	0.017209
7378	0.017417
7379	0.016208
7380	0.016833
7381	0.01725
7382	0.017167
7383	0.017708
7384	0.017958
7385	0.017042
7386	0.01625
7387	0.016417
7388	0.017417
7389	0.01775
7390	0.015542
7391	0.0175
7392	0.019125
7393	0.017208
7394	0.017042
7395	0.0175
7396	0.016792
7397	0.019375
7398	0.019083
7399	0.017417
7400	0.019958
7401	0.017583
7402	0.01875
7403	0.018125
7404	0.019625
7405	0.059125
7406	0.022583
7407	0.027458
7408	0.0165
7409	0.017375
7410	0.018541
7411	0.017375
7412	0.017333
7413	0.017125
7414	0.019125
7415	0.01625
7416	0.0175
7417	0.018833
7418	0.016542
7419	0.018041
7420	0.014458
7421	0.016833
7422	0.017583
7423	0.019542
7424	0.017041
7425	0.019
7426	0.018584
7427	0.017542
7428	0.018375
7429	0.017
7430	0.017084
7431	0.021125
7432	0.017417
7433	0.019083
7434	0.016958
7435	0.020125
7436	0.019417
7437	0.021875
7438	0.017791
7439	0.020584
7440	0.022625
7441	0.021833
7442	0.024542
7443	0.019667
7444	0.020125
7445	0.016958
7446	0.017625
7447	0.017584
7448	0.018041
7449	0.017584
7450	0.016625
7451	0.019083
7452	0.016625
7453	0.018708
7454	0.0195
7455	0.017166
7456	0.017334
7457	0.016833
7458	0.018667
7459	0.016084
7460	0.017125
7461	0.016333
7462	0.017584
7463	0.018292
7464	0.01825
7465	0.017
7466	0.017709
7467	0.016417
7468	0.016958
7469	0.018542
7470	0.015334
7471	0.017458
7472	0.018542
7473	0.017583
7474	0.01825
7475	0.017292
7476	0.018125
7477	0.017125
7478	0.019291
7479	0.021166
7480	0.016584
7481	0.016875
7482	0.017291
7483	0.018125
7484	0.017125
7485	0.017125
7486	0.018
7487	0.016209
7488	0.017416
7489	0.017916
7490	0.015916
7491	0.0175
7492	0.018291
7493	0.018167
7494	0.016875
7495	0.015958
7496	0.016792
7497	0.016458
7498	0.017625
7499	0.017791
7500	0.01625
7501	0.017375
7502	0.0175
7503	0.01725
7504	0.017625
7505	0.016792
7506	0.017666
7507	0.016709
7508	0.01725
7509	0.0175
7510	0.016
7511	0.015833
7512	0.017125
7513	0.018667
7514	0.016959
7515	0.016833
7516	0.019083
7517	0.018834
7518	0.017583
7519	0.018167
7520	0.017375
7521	0.017166
7522	0.016458
7523	0.017417
7524	0.017541
7525	0.017167
7526	0.017417
7527	0.017541
7528	0.017
7529	0.017708
7530	0.017459
7531	0.0185
7532	0.016625
7533	0.016542
7534	0.020167
7535	0.020417
7536	0.019417
7537	0.019041
7538	0.01775
7539	0.018292
7540	0.016208
7541	0.019583
7542	0.017375
7543	0.01825
7544	0.017083
7545	0.022708
7546	0.016375
7547	0.016584
7548	0.015791
7549	0.016875
7550	0.017584
7551	0.015666
7552	0.016333
7553	0.016083
7554	0.016792
7555	0.016917
7556	0.016291
7557	0.018
7558	0.016208
7559	0.021375
7560	0.018
7561	0.018458
7562	0.018584
7563	0.017875
7564	0.018459
7565	0.019125
7566	0.018125
7567	0.016958
7568	0.025916
7569	0.022084
7570	0.018916
7571	0.016625
7572	0.016916
7573	0.0165
7574	0.017375
7575	0.016458
7576	0.021875
7577	0.018709
7578	0.015666
7579	0.017875
7580	0.017625
7581	0.016834
7582	0.017542
7583	0.017
7584	0.016916
7585	0.017042
7586	0.018417
7587	0.018542
7588	0.01825
7589	0.017417
7590	0.017375
7591	0.017167
7592	0.018625
7593	0.015125
7594	0.017916
7595	0.016291
7596	0.018875
7597	0.017583
7598	0.016167
7599	0.017541
7600	0.019959
7601	0.017958
7602	0.017542
7603	0.019166
7604	0.018416
7605	0.018041
7606	0.015375
7607	0.017458
7608	0.018167
7609	0.019875
7610	0.018125
7611	0.01775
7612	0.017209
7613	0.017167
7614	0.016584
7615	0.015542
7616	0.017083
7617	0.0165
7618	0.016208
7619	0.018
7620	0.016792
7621	0.018625
7622	0.016042
7623	0.017875
7624	0.018459
7625	0.017167
7626	0.017458
7627	0.016792
7628	0.017292
7629	0.017583
7630	0.017334
7631	0.018042
7632	0.017333
7633	0.01825
7634	0.07125
7635	0.019125
7636	0.019083
7637	0.019209
7638	0.016791
7639	0.018167
7640	0.017458
7641	0.018
7642	0.017875
7643	0.019208
7644	0.017167
7645	0.017375
7646	0.017834
7647	0.018166
7648	0.017209
7649	0.018
7650	0.018125
7651	0.017375
7652	0.017333
7653	0.016959
7654	0.01725
7655	0.016958
7656	0.018083
7657	0.0165
7658	0.016791
7659	0.017166
7660	0.016458
7661	0.017625
7662	0.016791
7663	0.015625
7664	0.017166
7665	0.017083
7666	0.016417
7667	0.017042
7668	0.015542
7669	0.016417
7670	0.018125
7671	0.0165
7672	0.0175
7673	0.016541
7674	0.017
7675	0.017542
7676	0.018292
7677	0.016292
7678	0.017542
7679	0.017917
7680	0.016875
7681	0.016583
7682	0.017
7683	0.016583
7684	0.017542
7685	0.016084
7686	0.017042
7687	0.016958
7688	0.016042
7689	0.017
7690	0.017
7691	0.016708
7692	0.016625
7693	0.017167
7694	0.017666
7695	0.017667
7696	0.01775
7697	0.017875
7698	0.017958
7699	0.016208
7700	0.01725
7701	0.018334
7702	0.017125
7703	0.015917
7704	0.017667
7705	0.016416
7706	0.018166
7707	0.017167
7708	0.017833
7709	0.017417
7710	0.017208
7711	0.017375
7712	0.017375
7713	0.01725
7714	0.016875
7715	0.016958
7716	0.018167
7717	0.016708
7718	0.017167
7719	0.016542
7720	0.017334
7721	0.016
7722	0.01825
7723	0.016459
7724	0.017792
7725	0.017333
7726	0.017209
7727	0.017625
7728	0.018333
7729	0.017125
7730	0.016792
7731	0.017083
7732	0.016292
7733	0.017333
7734	0.016792
7735	0.01725
7736	0.016959
7737	0.016417
7738	0.017292
7739	0.018042
7740	0.016791
7741	0.017
7742	0.0165
7743	0.016792
7744	0.017625
7745	0.017792
7746	0.015792
7747	0.017083
7748	0.015709
7749	0.016792
7750	0.018083
7751	0.017042
7752	0.01625
7753	0.016833
7754	0.016084
7755	0.038333
7756	0.046
7757	0.017833
7758	0.017375
7759	0.017708
7760	0.017042
7761	0.018834
7762	0.017417
7763	0.019125
7764	0.05925
7765	0.07075
7766	0.020417
7767	0.024333
7768	0.01925
7769	0.017083
7770	0.017583
7771	0.015584
7772	0.017917
7773	0.028625
7774	0.017875
7775	0.019042
7776	0.017583
7777	0.01875
7778	0.018125
7779	0.019709
7780	0.016792
7781	0.017583
7782	0.015708
7783	0.02175
7784	0.021125
7785	0.019875
7786	0.023958
7787	0.018542
7788	0.019583
7789	0.01825
7790	0.017042
7791	0.018417
7792	0.016
7793	0.01775
7794	0.01725
7795	0.017208
7796	0.017417
7797	0.017542
7798	0.017167
7799	0.016958
7800	0.016292
7801	0.01925
7802	0.018208
7803	0.017875
7804	0.017459
7805	0.018083
7806	0.017541
7807	0.023209
7808	0.021875
7809	0.022417
7810	0.01675
7811	0.018583
7812	0.017125
7813	0.017459
7814	0.015583
7815	0.015167
7816	0.053333
7817	0.024875
7818	0.019583
7819	0.017375
7820	0.018291
7821	0.016959
7822	0.017417
7823	0.01725
7824	0.017583
7825	0.016667
7826	0.017334
7827	0.017333
7828	0.017833
7829	0.017875
7830	0.017875
7831	0.017625
7832	0.016708
7833	0.016584
7834	0.014458
7835	0.017792
7836	0.0165
7837	0.017709
7838	0.017458
7839	0.017833
7840	0.016333
7841	0.017042
7842	0.016375
7843	0.018292
7844	0.017042
7845	0.016917
7846	0.017083
7847	0.016542
7848	0.018625
7849	0.016417
7850	0.015542
7851	0.015625
7852	0.01675
7853	0.016334
7854	0.017916
7855	0.016959
7856	0.033542
7857	0.020584
7858	0.018667
7859	0.017375
7860	0.016334
7861	0.016708
7862	0.015958
7863	0.017084
7864	0.01725
7865	0.016667
7866	0.016958
7867	0.017541
7868	0.017541
7869	0.016916
7870	0.017
7871	0.01925
7872	0.016167
7873	0.017084
7874	0.017208
7875	0.018
7876	0.017584
7877	0.016541
7878	0.015958
7879	0.016583
7880	0.01875
7881	0.016042
7882	0.017458
7883	0.017125
7884	0.018167
7885	0.018208
7886	0.018291
7887	0.018458
7888	0.017083
7889	0.016709
7890	0.016708
7891	0.017917
7892	0.01625
7893	0.01725
7894	0.017
7895	0.017458
7896	0.016334
7897	0.016125
7898	0.017709
7899	0.017166
7900	0.016291
7901	0.01725
7902	0.015625
7903	0.017333
7904	0.01675
7905	0.016291
7906	0.017334
7907	0.016291
7908	0.015334
7909	0.016792
7910	0.016
7911	0.01625
7912	0.018209
7913	0.016958
7914	0.0175
7915	0.015708
7916	0.017625
7917	0.017416
7918	0.018834
7919	0.017833
7920	0.016125
7921	0.017666
7922	0.01625
7923	0.017
7924	0.017083
7925	0.015917
7926	0.01625
7927	0.0175
7928	0.017459
7929	0.016625
7930	0.01775
7931	0.01725
7932	0.016958
7933	0.016917
7934	0.015333
7935	0.017
7936	0.016792
7937	0.01625
7938	0.015167
7939	0.01725
7940	0.01725
7941	0.017875
7942	0.016
7943	0.01675
7944	0.017541
7945	0.016666
7946	0.015709
7947	0.01725
7948	0.017375
7949	0.015958
7950	0.01675
7951	0.01625
7952	0.01525
7953	0.0175
7954	0.016875
7955	0.017209
7956	0.017125
7957	0.018
7958	0.015834
7959	0.015167
7960	0.017375
7961	0.017208
7962	0.016167
7963	0.016042
7964	0.017208
7965	0.0165
7966	0.019042
7967	0.018917
7968	0.017542
7969	0.01675
7970	0.016792
7971	0.017167
7972	0.015542
7973	0.016167
7974	0.01875
7975	0.017042
7976	0.016625
7977	0.015792
7978	0.017125
7979	0.015875
7980	0.017542
7981	0.02075
7982	0.017625
7983	0.016875
7984	0.017334
7985	0.016333
7986	0.017291
7987	0.016125
7988	0.0175
7989	0.017167
7990	0.017125
7991	0.016958
7992	0.01625
7993	0.017333
7994	0.016833
7995	0.017458
7996	0.017375
7997	0.017291
7998	0.018292
7999	0.017667
8000	0.015917
8001	0.015542
8002	0.015458
8003	0.016167
8004	0.016583
8005	0.015709
8006	0.016458
8007	0.018167
8008	0.017542
8009	0.0175
8010	0.0165
8011	0.015584
8012	0.017125
8013	0.017083
8014	0.016875
8015	0.017625
8016	0.01725
8017	0.016
8018	0.017
8019	0.0175
8020	0.017042
8021	0.014875
8022	0.016917
8023	0.016625
8024	0.01625
8025	0.017042
8026	0.016792
8027	0.017833
8028	0.019459
8029	0.017041
8030	0.017166
8031	0.016792
8032	0.017125
8033	0.014458
8034	0.019375
8035	0.016583
8036	0.017833
8037	0.017292
8038	0.01725
8039	0.017125
8040	0.016334
8041	0.01725
8042	0.017334
8043	0.015667
8044	0.016166
8045	0.017834
8046	0.015042
8047	0.0175
8048	0.017417
8049	0.016625
8050	0.016625
8051	0.015625
8052	0.017042
8053	0.016625
8054	0.017417
8055	0.017125
8056	0.017875
8057	0.016916
8058	0.017209
8059	0.016583
8060	0.016625
8061	0.015833
8062	0.016959
8063	0.0185
8064	0.017375
8065	0.019125
8066	0.0155
8067	0.01725
8068	0.014292
8069	0.015791
8070	0.017417
8071	0.017417
8072	0.078958
8073	0.026875
8074	0.019833
8075	0.018209
8076	0.01775
8077	0.017708
8078	0.018166
8079	0.016625
8080	0.017541
8081	0.0165
8082	0.017959
8083	0.017334
8084	0.01525
8085	0.018625
8086	0.017042
8087	0.017334
8088	0.016291
8089	0.016875
8090	0.017334
8091	0.017792
8092	0.019
8093	0.019375
8094	0.017125
8095	0.018416
8096	0.016833
8097	0.018334
8098	0.015292
8099	0.016166
8100	0.017166
8101	0.016
8102	0.016708
8103	0.017167
8104	0.026792
8105	0.023709
8106	0.019833
8107	0.017291
8108	0.017292
8109	0.018208
8110	0.018375
8111	0.017958
8112	0.017667
8113	0.016875
8114	0.016375
8115	0.016584
8116	0.017583
8117	0.017375
8118	0.019042
8119	0.01725
8120	0.015125
8121	0.0175
8122	0.01675
8123	0.017583
8124	0.017125
8125	0.016292
8126	0.015959
8127	0.016458
8128	0.016333
8129	0.016625
8130	0.0165
8131	0.018167
8132	0.017042
8133	0.017542
8134	0.016291
8135	0.024541
8136	0.015708
8137	0.017625
8138	0.017834
8139	0.018333
8140	0.018541
8141	0.017208
8142	0.016875
8143	0.017917
8144	0.016458
8145	0.016625
8146	0.018167
8147	0.016583
8148	0.018333
8149	0.018334
8150	0.0175
8151	0.017625
8152	0.018625
8153	0.018167
8154	0.017333
8155	0.016958
8156	0.016375
8157	0.017416
8158	0.017125
8159	0.017334
8160	0.017625
8161	0.017417
8162	0.017125
8163	0.016833
8164	0.0165
8165	0.017834
8166	0.015916
8167	0.017583
8168	0.026042
8169	0.018625
8170	0.01675
8171	0.017416
8172	0.0165
8173	0.017958
8174	0.017125
8175	0.014458
8176	0.017458
8177	0.017208
8178	0.016875
8179	0.016875
8180	0.015917
8181	0.016167
8182	0.041083
8183	0.015875
8184	0.018041
8185	0.017084
8186	0.016541
8187	0.017292
8188	0.017166
8189	0.01575
8190	0.016333
8191	0.017958
8192	0.0175
8193	0.0165
8194	0.017458
8195	0.018
8196	0.018042
8197	0.016833
8198	0.017167
8199	0.015459
8200	0.017084
8201	0.017959
8202	0.017666
8203	0.015666
8204	0.017375
8205	0.017208
8206	0.016458
8207	0.017291
8208	0.016166
8209	0.016625
8210	0.017416
8211	0.017292
8212	0.016209
8213	0.017333
8214	0.017125
8215	0.018167
8216	0.017458
8217	0.016458
8218	0.01625
8219	0.015541
8220	0.017209
8221	0.0175
8222	0.016041
8223	0.01675
8224	0.017208
8225	0.016958
8226	0.016375
8227	0.017834
8228	0.018375
8229	0.018083
8230	0.017083
8231	0.016958
8232	0.017334
8233	0.017583
8234	0.014833
8235	0.017125
8236	0.017208
8237	0.016125
8238	0.016917
8239	0.017375
8240	0.016125
8241	0.018208
8242	0.01725
8243	0.018
8244	0.016791
8245	0.0175
8246	0.016667
8247	0.017458
8248	0.016083
8249	0.017292
8250	0.017375
8251	0.0165
8252	0.017834
8253	0.017
8254	0.017
8255	0.016333
8256	0.018084
8257	0.017958
8258	0.017834
8259	0.016083
8260	0.016084
8261	0.016666
8262	0.018083
8263	0.017209
8264	0.016458
8265	0.017584
8266	0.017208
8267	0.01675
8268	0.017166
8269	0.017209
8270	0.018083
8271	0.017541
8272	0.016833
8273	0.016959
8274	0.017833
8275	0.017792
8276	0.016917
8277	0.016541
8278	0.0175
8279	0.01675
8280	0.016208
8281	0.016209
8282	0.018041
8283	0.019459
8284	0.017792
8285	0.019083
8286	0.019125
8287	0.018125
8288	0.015625
8289	0.017333
8290	0.017084
8291	0.017666
8292	0.016166
8293	0.017417
8294	0.016458
8295	0.018542
8296	0.016667
8297	0.016875
8298	0.0165
8299	0.0165
8300	0.017708
8301	0.016541
8302	0.017667
8303	0.015542
8304	0.01775
8305	0.017458
8306	0.018083
8307	0.017542
8308	0.020958
8309	0.015542
8310	0.016542
8311	0.01875
8312	0.016958
8313	0.019584
8314	0.016917
8315	0.017
8316	0.018041
8317	0.01775
8318	0.0175
8319	0.019791
8320	0.019792
8321	0.019792
8322	0.016542
8323	0.016958
8324	0.017125
8325	0.026125
8326	0.018458
8327	0.018667
8328	0.03175
8329	0.027
8330	0.022375
8331	0.019708
8332	0.018875
8333	0.017792
8334	0.019125
8335	0.017584
8336	0.017208
8337	0.018333
8338	0.017417
8339	0.016833
8340	0.0165
8341	0.017042
8342	0.015833
8343	0.016666
8344	0.017959
8345	0.017291
8346	0.017792
8347	0.018459
8348	0.017791
8349	0.018833
8350	0.014875
8351	0.016834
8352	0.016875
8353	0.016875
8354	0.018
8355	0.016041
8356	0.017417
8357	0.017958
8358	0.018083
8359	0.017875
8360	0.01675
8361	0.019666
8362	0.017166
8363	0.016208
8364	0.017625
8365	0.018667
8366	0.01975
8367	0.017666
8368	0.017625
8369	0.018125
8370	0.016834
8371	0.019666
8372	0.017541
8373	0.021125
8374	0.022375
8375	0.019584
8376	0.020125
8377	0.020292
8378	0.016791
8379	0.019416
8380	0.023042
8381	0.045708
8382	0.020459
8383	0.016958
8384	0.017583
8385	0.019125
8386	0.017
8387	0.017292
8388	0.01625
8389	0.016375
8390	0.01775
8391	0.016834
8392	0.017542
8393	0.019042
8394	0.017583
8395	0.018
8396	0.016125
8397	0.017208
8398	0.0165
8399	0.016333
8400	0.016
8401	0.017333
8402	0.01725
8403	0.016416
8404	0.017708
8405	0.019042
8406	0.018625
8407	0.018917
8408	0.017875
8409	0.015666
8410	0.018
8411	0.019417
8412	0.016792
8413	0.02025
8414	0.017792
8415	0.015292
8416	0.01775
8417	0.017541
8418	0.01725
8419	0.016375
8420	0.017416
8421	0.016209
8422	0.016958
8423	0.018084
8424	0.017208
8425	0.017625
8426	0.017708
8427	0.017125
8428	0.0165
8429	0.016875
8430	0.016875
8431	0.017958
8432	0.016042
8433	0.017917
8434	0.017209
8435	0.019042
8436	0.017792
8437	0.017375
8438	0.018459
8439	0.0365
8440	0.060416
8441	0.019583
8442	0.02025
8443	0.017625
8444	0.018667
8445	0.016458
8446	0.017625
8447	0.017917
8448	0.018458
8449	0.016542
8450	0.016292
8451	0.017334
8452	0.017792
8453	0.016125
8454	0.0165
8455	0.01625
8456	0.015958
8457	0.017125
8458	0.017334
8459	0.016042
8460	0.015916
8461	0.017083
8462	0.018875
8463	0.02
8464	0.016208
8465	0.019084
8466	0.019666
8467	0.017791
8468	0.018041
8469	0.020958
8470	0.019125
8471	0.016083
8472	0.017834
8473	0.018875
8474	0.016833
8475	0.018291
8476	0.017167
8477	0.016375
8478	0.016042
8479	0.016875
8480	0.016041
8481	0.016375
8482	0.0165
8483	0.01775
8484	0.01725
8485	0.016792
8486	0.018875
8487	0.019542
8488	0.019583
8489	0.017708
8490	0.024542
8491	0.022667
8492	0.02025
8493	0.018917
8494	0.021625
8495	0.022875
8496	0.023916
8497	0.021458
8498	0.018292
8499	0.018375
8500	0.019833
8501	0.017459
8502	0.017541
8503	0.017958
8504	0.017458
8505	0.0155
8506	0.017167
8507	0.018541
8508	0.015291
8509	0.018291
8510	0.017583
8511	0.018292
8512	0.018166
8513	0.017708
8514	0.016667
8515	0.017292
8516	0.018334
8517	0.017167
8518	0.017167
8519	0.016625
8520	0.018458
8521	0.015959
8522	0.01725
8523	0.015333
8524	0.016333
8525	0.01825
8526	0.016084
8527	0.018292
8528	0.016708
8529	0.017458
8530	0.014917
8531	0.017875
8532	0.01675
8533	0.0175
8534	0.015958
8535	0.018625
8536	0.018709
8537	0.017375
8538	0.017583
8539	0.016958
8540	0.017084
8541	0.018791
8542	0.017084
8543	0.016542
8544	0.017916
8545	0.018167
8546	0.018083
8547	0.017541
8548	0.016875
8549	0.019083
8550	0.015375
8551	0.015042
8552	0.01775
8553	0.06325
8554	0.029416
8555	0.019166
8556	0.018708
8557	0.018166
8558	0.017459
8559	0.021083
8560	0.018208
8561	0.016875
8562	0.017958
8563	0.01725
8564	0.015125
8565	0.0175
8566	0.015
8567	0.019416
8568	0.0175
8569	0.018167
8570	0.0165
8571	0.017417
8572	0.015625
8573	0.0165
8574	0.016625
8575	0.016666
8576	0.018417
8577	0.017834
8578	0.018041
8579	0.017042
8580	0.0175
8581	0.017792
8582	0.018167
8583	0.019375
8584	0.017375
8585	0.017166
8586	0.016708
8587	0.016208
8588	0.018
8589	0.016708
8590	0.018084
8591	0.016833
8592	0.015333
8593	0.017042
8594	0.018083
8595	0.016625
8596	0.01725
8597	0.015833
8598	0.016875
8599	0.016166
8600	0.017709
8601	0.018208
8602	0.016625
8603	0.017625
8604	0.016166
8605	0.0165
8606	0.016166
8607	0.016083
8608	0.016584
8609	0.018125
8610	0.017458
8611	0.016959
8612	0.016625
8613	0.016334
8614	0.019292
8615	0.017583
8616	0.016625
8617	0.016958
8618	0.016667
8619	0.016459
8620	0.016041
8621	0.01725
8622	0.017417
8623	0.01675
8624	0.016708
8625	0.016125
8626	0.016833
8627	0.0175
8628	0.017333
8629	0.015875
8630	0.01725
8631	0.01725
8632	0.016125
8633	0.017708
8634	0.015417
8635	0.018542
8636	0.0165
8637	0.016667
8638	0.016542
8639	0.015667
8640	0.01825
8641	0.019875
8642	0.040875
8643	0.03125
8644	0.018916
8645	0.015417
8646	0.018625
8647	0.018542
8648	0.017708
8649	0.017709
8650	0.018625
8651	0.018042
8652	0.018416
8653	0.01825
8654	0.047584
8655	0.017958
8656	0.018
8657	0.017208
8658	0.016917
8659	0.017375
8660	0.016625
8661	0.017166
8662	0.016875
8663	0.016333
8664	0.017084
8665	0.017541
8666	0.016875
8667	0.018791
8668	0.016833
8669	0.018583
8670	0.018875
8671	0.015166
8672	0.018958
8673	0.017459
8674	0.018042
8675	0.017791
8676	0.016208
8677	0.016292
8678	0.016917
8679	0.018333
8680	0.01675
8681	0.01625
8682	0.016833
8683	0.018208
8684	0.017708
8685	0.016125
8686	0.017084
8687	0.01625
8688	0.016666
8689	0.017459
8690	0.017417
8691	0.017291
8692	0.017833
8693	0.017125
8694	0.017834
8695	0.017916
8696	0.020625
8697	0.018292
8698	0.016583
8699	0.019459
8700	0.015958
8701	0.095125
8702	0.051417
8703	0.018375
8704	0.019375
8705	0.01725
8706	0.015792
8707	0.016417
8708	0.016417
8709	0.017333
8710	0.018583
8711	0.018084
8712	0.020708
8713	0.018459
8714	0.017125
8715	0.01675
8716	0.018375
8717	0.01625
8718	0.016958
8719	0.016041
8720	0.017666
8721	0.017375
8722	0.01675
8723	0.016666
8724	0.018084
8725	0.01675
8726	0.016541
8727	0.016209
8728	0.017041
8729	0.014667
8730	0.017083
8731	0.015208
8732	0.017167
8733	0.015125
8734	0.018084
8735	0.01625
8736	0.140083
8737	0.021291
8738	0.046458
8739	0.022125
8740	0.019416
8741	0.017875
8742	0.01775
8743	0.018583
8744	0.015458
8745	0.017541
8746	0.017625
8747	0.017
8748	0.017166
8749	0.016292
8750	0.016459
8751	0.018417
8752	0.017375
8753	0.016625
8754	0.017458
8755	0.016417
8756	0.016042
8757	0.016833
8758	0.016417
8759	0.016959
8760	0.016541
8761	0.01625
8762	0.015542
8763	0.015542
8764	0.017333
8765	0.0175
8766	0.01575
8767	0.016833
8768	0.01675
8769	0.017291
8770	0.016125
8771	0.016667
8772	0.016708
8773	0.016833
8774	0.016917
8775	0.017208
8776	0.017333
8777	0.017208
8778	0.01475
8779	0.01875
8780	0.01625
8781	0.015875
8782	0.014917
8783	0.015584
8784	0.016
8785	0.017
8786	0.015291
8787	0.01675
8788	0.017375
8789	0.018375
8790	0.017833
8791	0.01825
8792	0.017708
8793	0.016084
8794	0.016875
8795	0.017791
8796	0.017084
8797	0.015917
8798	0.0165
8799	0.0165
8800	0.016583
8801	0.017333
8802	0.017041
8803	0.016167
8804	0.017125
8805	0.0175
8806	0.018
8807	0.017042
8808	0.017583
8809	0.017958
8810	0.017667
8811	0.01775
8812	0.017417
8813	0.015916
8814	0.015917
8815	0.016875
8816	0.017833
8817	0.016167
8818	0.017167
8819	0.014208
8820	0.016459
8821	0.015875
8822	0.017417
8823	0.0155
8824	0.016584
8825	0.0175
8826	0.016333
8827	0.018333
8828	0.017542
8829	0.017584
8830	0.016792
8831	0.014458
8832	0.017417
8833	0.016833
8834	0.01875
8835	0.01825
8836	0.016291
8837	0.015792
8838	0.015292
8839	0.01625
8840	0.017334
8841	0.017
8842	0.017459
8843	0.017042
8844	0.015916
8845	0.01675
8846	0.014833
8847	0.0175
8848	0.015334
8849	0.01725
8850	0.015292
8851	0.016083
8852	0.016417
8853	0.016542
8854	0.016
8855	0.014375
8856	0.017417
8857	0.017
8858	0.01575
8859	0.0155
8860	0.015083
8861	0.016333
8862	0.017125
8863	0.017041
8864	0.0175
8865	0.017542
8866	0.017666
8867	0.017083
8868	0.01675
8869	0.016667
8870	0.0175
8871	0.017375
8872	0.017209
8873	0.017125
8874	0.017208
8875	0.016916
8876	0.016458
8877	0.015083
8878	0.016667
8879	0.016625
8880	0.015958
8881	0.017125
8882	0.017333
8883	0.016166
8884	0.017
8885	0.017
8886	0.01675
8887	0.016291
8888	0.016917
8889	0.016667
8890	0.016792
8891	0.016875
8892	0.016875
8893	0.017125
8894	0.01675
8895	0.016709
8896	0.017208
8897	0.016458
8898	0.016625
8899	0.016
8900	0.016458
8901	0.017375
8902	0.016458
8903	0.017084
8904	0.018542
8905	0.016375
8906	0.016125
8907	0.016083
8908	0.015708
8909	0.014459
8910	0.018708
8911	0.01625
8912	0.015917
8913	0.017458
8914	0.01625
8915	0.017166
8916	0.017875
8917	0.017292
8918	0.017625
8919	0.016875
8920	0.015042
8921	0.018083
8922	0.0155
8923	0.017458
8924	0.017458
8925	0.017041
8926	0.016875
8927	0.016583
8928	0.0165
8929	0.016708
8930	0.016833
8931	0.016917
8932	0.016084
8933	0.0175
8934	0.016625
8935	0.016458
8936	0.016042
8937	0.015292
8938	0.017083
8939	0.016417
8940	0.015792
8941	0.015625
8942	0.016958
8943	0.016958
8944	0.016292
8945	0.0165
8946	0.01625
8947	0.016792
8948	0.017667
8949	0.017209
8950	0.01625
8951	0.017125
8952	0.017458
8953	0.0165
8954	0.016583
8955	0.017375
8956	0.017792
8957	0.016208
8958	0.017042
8959	0.01725
8960	0.016584
8961	0.016166
8962	0.01575
8963	0.016834
8964	0.016292
8965	0.015541
8966	0.016042
8967	0.016875
8968	0.016208
8969	0.016375
8970	0.017292
8971	0.016917
8972	0.016
8973	0.016833
8974	0.016791
8975	0.016
8976	0.017208
8977	0.015833
8978	0.016
8979	0.01775
8980	0.015916
8981	0.016291
8982	0.016625
8983	0.016625
8984	0.015875
8985	0.017125
8986	0.014709
8987	0.016958
8988	0.017084
8989	0.016958
8990	0.016375
8991	0.01525
8992	0.01575
8993	0.016708
8994	0.016958
8995	0.015834
8996	0.017042
8997	0.015416
8998	0.0155
8999	0.017833
9000	0.017541
9001	0.016375
9002	0.017333
9003	0.015916
9004	0.016791
9005	0.016
9006	0.01525
9007	0.016584
9008	0.016042
9009	0.016917
9010	0.016041
9011	0.017041
9012	0.016583
9013	0.016792
9014	0.01575
9015	0.050791
9016	0.017042
9017	0.016542
9018	0.016667
9019	0.017875
9020	0.017
9021	0.017125
9022	0.017041
9023	0.017083
9024	0.016042
9025	0.01725
9026	0.016833
9027	0.017333
9028	0.015875
9029	0.01625
9030	0.016334
9031	0.0175
9032	0.017084
9033	0.016042
9034	0.016708
9035	0.017041
9036	0.016708
9037	0.016625
9038	0.015542
9039	0.015125
9040	0.016917
9041	0.016458
9042	0.086042
9043	0.077792
9044	0.047375
9045	0.047125
9046	0.042542
9047	0.040833
9048	0.040292
9049	0.040459
9050	0.039083
9051	0.040083
9052	0.039084
9053	0.038666
9054	0.046584
9055	0.039125
9056	0.038708
9057	0.040375
9058	0.039916
9059	0.039292
9060	0.037834
9061	0.039166
9062	0.038208
9063	0.037209
9064	0.037708
9065	0.037708
9066	0.038333
9067	0.038
9068	0.039208
9069	0.037625
9070	0.037583
9071	0.041083
9072	0.037375
9073	0.037292
9074	0.037
9075	0.03675
9076	0.036334
9077	0.0375
9078	0.037459
9079	0.038875
9080	0.037709
9081	0.041042
9082	0.037291
9083	0.037583
9084	0.038125
9085	0.0385
9086	0.037709
9087	0.053958
9088	0.063833
9089	0.047875
9090	0.039458
9091	0.038334
9092	0.039417
9093	0.039583
9094	0.038291
9095	0.0425
9096	0.037375
9097	0.054791
9098	0.03825
9099	0.038625
9100	0.037875
9101	0.038
9102	0.03775
9103	0.038
9104	0.037542
9105	0.039542
9106	0.037916
9107	0.036917
9108	0.037792
9109	0.041125
9110	0.037083
9111	0.037166
9112	0.037417
9113	0.03825
9114	0.038583
9115	0.037458
9116	0.039958
9117	0.039125
9118	0.038042
9119	0.038
9120	0.036833
9121	0.039458
9122	0.090459
9123	0.04125
9124	0.038708
9125	0.038208
9126	0.038917
9127	0.039208
9128	0.037459
9129	0.03925
9130	0.040083
9131	0.037625
9132	0.038042
9133	0.037875
9134	0.047917
9135	0.037666
9136	0.040625
9137	0.038292
9138	0.037667
9139	0.037792
9140	0.036542
9141	0.038583
9142	0.052458
9143	0.046583
9144	0.041792
9145	0.038584
9146	0.039
9147	0.039125
9148	0.038459
9149	0.04225
9150	0.04175
9151	0.05
9152	0.025916
9153	0.018541
9154	0.017167
9155	0.017042
9156	0.018
9157	0.016667
9158	0.018042
9159	0.0165
9160	0.016042
9161	0.017334
9162	0.016333
9163	0.016292
9164	0.017292
9165	0.01725
9166	0.016458
9167	0.016959
9168	0.016542
9169	0.016625
9170	0.01575
9171	0.049833
9172	0.019209
9173	0.015625
9174	0.017041
9175	0.017
9176	0.016584
9177	0.017083
9178	0.017125
9179	0.015625
9180	0.015791
9181	0.015375
9182	0.017292
9183	0.015958
9184	0.0165
9185	0.05775
9186	0.040958
9187	0.0335
9188	0.015625
9189	0.016666
9190	0.016959
9191	0.0175
9192	0.022917
9193	0.016084
9194	0.016333
9195	0.016542
9196	0.01525
9197	0.016792
9198	0.016959
9199	0.01575
9200	0.016791
9201	0.016
9202	0.016875
9203	0.016583
9204	0.032375
9205	0.018334
9206	0.017
9207	0.017083
9208	0.017167
9209	0.014834
9210	0.016125
9211	0.017833
9212	0.016084
9213	0.022625
9214	0.025583
9215	0.022875
9216	0.014625
9217	0.01625
9218	0.01675
9219	0.017542
9220	0.016792
9221	0.017958
9222	0.017458
9223	0.017084
9224	0.017875
9225	0.018208
9226	0.018166
9227	0.017625
9228	0.01625
9229	0.016833
9230	0.016042
9231	0.017542
9232	0.01675
9233	0.017125
9234	0.017542
9235	0.015583
9236	0.016833
9237	0.017917
9238	0.01575
9239	0.015875
9240	0.017125
9241	0.016041
9242	0.01625
9243	0.01725
9244	0.015167
9245	0.01575
9246	0.018875
9247	0.016458
9248	0.018208
9249	0.016583
9250	0.014917
9251	0.019
9252	0.017542
9253	0.0175
9254	0.016583
9255	0.017
9256	0.021834
9257	0.020958
9258	0.016292
9259	0.016625
9260	0.016709
9261	0.026375
9262	0.016917
9263	0.016875
9264	0.0165
9265	0.015959
9266	0.015041
9267	0.016584
9268	0.017292
9269	0.017917
9270	0.017208
9271	0.016416
9272	0.016666
9273	0.017125
9274	0.017125
9275	0.017416
9276	0.016458
9277	0.016875
9278	0.015375
9279	0.016625
9280	0.016625
9281	0.017833
9282	0.018416
9283	0.017833
9284	0.015792
9285	0.015917
9286	0.017167
9287	0.015333
9288	0.018875
9289	0.018667
9290	0.015667
9291	0.017208
9292	0.014958
9293	0.018125
9294	0.016833
9295	0.017667
9296	0.015875
9297	0.016167
9298	0.017833
9299	0.016791
9300	0.0165
9301	0.017583
9302	0.016
9303	0.017125
9304	0.014208
9305	0.016667
9306	0.015459
9307	0.015583
9308	0.017625
9309	0.017083
9310	0.016042
9311	0.016709
9312	0.0155
9313	0.017083
9314	0.0175
9315	0.016958
9316	0.015834
9317	0.017292
9318	0.016333
9319	0.016334
9320	0.016333
9321	0.017083
9322	0.017708
9323	0.014291
9324	0.016208
9325	0.016416
9326	0.016791
9327	0.015541
9328	0.015583
9329	0.018
9330	0.058084
9331	0.019125
9332	0.014917
9333	0.016584
9334	0.016333
9335	0.016334
9336	0.015791
9337	0.023958
9338	0.016583
9339	0.01675
9340	0.01625
9341	0.0155
9342	0.01575
9343	0.017875
9344	0.017666
9345	0.013834
9346	0.015583
9347	0.015083
9348	0.016833
9349	0.016625
9350	0.017833
9351	0.01675
9352	0.015625
9353	0.016875
9354	0.019042
9355	0.015917
9356	0.017666
9357	0.016875
9358	0.016708
9359	0.017959
9360	0.015958
9361	0.017792
9362	0.016416
9363	0.016625
9364	0.016875
9365	0.015584
9366	0.015792
9367	0.014875
9368	0.016084
9369	0.015958
9370	0.015584
9371	0.017083
9372	0.016042
9373	0.016417
9374	0.01675
9375	0.015209
9376	0.017
9377	0.015209
9378	0.01625
9379	0.016292
9380	0.016792
9381	0.015334
9382	0.013375
9383	0.016375
9384	0.016875
9385	0.015208
9386	0.016167
9387	0.01675
9388	0.016583
9389	0.015958
9390	0.015916
9391	0.014166
9392	0.015
9393	0.015875
9394	0.015083
9395	0.017042
9396	0.017083
9397	0.015958
9398	0.017458
9399	0.017292
9400	0.015292
9401	0.015833
9402	0.017
9403	0.018958
9404	0.015416
9405	0.015
9406	0.015833
9407	0.014417
9408	0.016875
9409	0.016875
9410	0.016584
9411	3.583042
9412	0.048125
9413	0.021
9414	0.018959
9415	0.017667
9416	0.019208
9417	0.018
9418	0.016916
9419	0.018334
9420	0.016083
9421	0.017333
9422	0.017917
9423	0.016917
9424	0.016584
9425	0.018291
9426	0.017959
9427	0.01675
9428	0.015041
9429	0.017208
9430	0.016875
9431	0.016709
9432	0.016875
9433	0.016084
9434	0.0155
9435	0.014792
9436	0.017583
9437	0.015834
9438	0.017166
9439	0.015917
9440	0.017833
9441	0.016667
9442	0.016916
9443	0.016917
9444	0.017959
9445	0.015958
9446	0.014833
9447	0.016292
9448	0.017959
9449	0.017125
9450	0.017291
9451	0.018166
9452	0.015416
9453	0.01725
9454	0.017667
9455	0.04
9456	0.016167
9457	0.016333
9458	0.016125
9459	0.016083
9460	0.01675
9461	0.01675
9462	0.016458
9463	0.016458
9464	0.015584
9465	0.018083
9466	0.01775
9467	0.016625
9468	0.016167
9469	0.015875
9470	0.016833
9471	0.01475
9472	0.015625
9473	0.015709
9474	0.01675
9475	0.016459
9476	0.01575
9477	0.016625
9478	0.017208
9479	0.016167
9480	0.017083
9481	0.017459
9482	0.016958
9483	0.018
9484	0.01575
9485	0.017375
9486	0.015583
9487	0.015792
9488	0.01575
9489	0.016958
9490	0.016583
9491	0.016
9492	0.0155
9493	0.017
9494	0.016708
9495	0.015458
9496	0.015459
9497	0.016583
9498	0.016584
9499	0.016542
9500	0.016292
9501	0.016333
9502	0.01525
9503	0.01625
9504	0.0165
9505	0.016
9506	0.016333
9507	0.016041
9508	0.017791
9509	0.016792
9510	0.014667
9511	0.017042
9512	0.0165
9513	0.017125
9514	0.015292
9515	0.016042
9516	0.016375
9517	0.015833
9518	0.015625
9519	0.017208
9520	0.01725
9521	0.017042
9522	0.016416
9523	0.0155
9524	0.01625
9525	0.016333
9526	0.015542
9527	0.017625
9528	0.015875
9529	0.016541
9530	0.015917
9531	0.015708
9532	0.019667
9533	0.016333
9534	0.017625
9535	0.015792
9536	0.01625
9537	0.015666
9538	0.017
9539	0.015875
9540	0.015792
9541	0.017208
9542	0.016459
9543	0.016042
9544	0.015958
9545	0.016375
9546	0.015292
9547	0.015167
9548	0.016917
9549	0.01825
9550	0.017042
9551	0.015791
9552	0.017375
9553	0.016667
9554	0.015458
9555	0.016542
9556	0.01675
9557	0.016583
9558	0.016041
9559	0.014916
9560	0.015375
9561	0.016334
9562	0.015792
9563	0.01725
9564	0.015375
9565	0.017291
9566	0.015916
9567	0.0165
9568	0.016583
9569	0.017167
9570	0.016458
9571	0.014209
9572	0.016125
9573	0.017041
9574	0.016875
9575	0.016167
9576	0.01775
9577	0.016709
9578	0.016458
9579	0.016958
9580	0.017417
9581	0.017291
9582	0.017333
9583	0.017125
9584	0.015875
9585	0.016125
9586	0.015583
9587	0.01725
9588	0.016292
9589	0.015875
9590	0.016333
9591	0.016959
9592	0.016125
9593	0.017459
9594	0.016708
9595	0.017083
9596	0.016209
9597	0.016375
9598	0.017042
9599	0.016666
9600	0.017
9601	0.016625
9602	0.016291
9603	0.015541
9604	0.016
9605	0.015208
9606	0.016625
9607	0.02
9608	0.015417
9609	0.01775
9610	0.016459
9611	0.015917
9612	0.013583
9613	0.015375
9614	0.016
9615	0.01625
9616	0.015583
9617	0.017333
9618	0.0885
9619	0.022541
9620	0.017667
9621	0.0175
9622	0.016208
9623	0.01775
9624	0.016958
9625	0.017333
9626	0.015875
9627	0.017
9628	0.016458
9629	0.016625
9630	0.016917
9631	0.016
9632	0.017375
9633	0.015375
9634	0.016083
9635	0.016292
9636	0.017417
9637	0.01675
9638	0.018125
9639	0.016
9640	0.016292
9641	0.016667
9642	0.017167
9643	0.016417
9644	0.016542
9645	0.017333
9646	0.016208
9647	0.017709
9648	0.015375
9649	0.017042
9650	0.018042
9651	0.017
9652	0.017458
9653	0.015375
9654	0.015958
9655	0.015083
9656	0.016459
9657	0.017958
9658	0.016625
9659	0.018208
9660	0.016834
9661	0.01575
9662	0.016375
9663	0.01775
9664	0.015833
9665	0.01775
9666	0.0165
9667	0.017958
9668	0.015958
9669	0.018625
9670	0.017416
9671	0.016333
9672	0.016209
9673	0.016042
9674	0.013875
9675	0.015834
9676	0.015958
9677	0.015916
9678	0.015792
9679	0.016333
9680	0.01725
9681	0.016292
9682	0.016333
9683	0.017791
9684	0.01625
9685	0.016583
9686	0.017
9687	0.018584
9688	0.015459
9689	0.017416
9690	0.016333
9691	0.014458
9692	0.016209
9693	0.015333
9694	0.0165
9695	0.016959
9696	0.016583
9697	0.0165
9698	0.017167
9699	0.01575
9700	0.017625
9701	0.015208
9702	0.016625
9703	0.015667
9704	0.017625
9705	0.016959
9706	0.015084
9707	0.017542
9708	0.015416
9709	0.016875
9710	0.016042
9711	0.017
9712	0.016125
9713	0.016417
9714	0.016292
9715	0.016125
9716	0.015792
9717	0.017
9718	0.016667
9719	0.015875
9720	0.017125
9721	0.016125
9722	0.014958
9723	0.015791
9724	0.017083
9725	0.016459
9726	0.01575
9727	0.015625
9728	0.017917
9729	0.017375
9730	0.016875
9731	0.016792
9732	0.017958
9733	0.0165
9734	0.015916
9735	0.014833
9736	0.016292
9737	0.016792
9738	0.017875
9739	0.016959
9740	0.016917
9741	0.016208
9742	0.017875
9743	0.016
9744	0.017208
9745	0.017167
9746	0.017
9747	0.016125
9748	0.015542
9749	0.016709
9750	0.016292
9751	0.0155
9752	0.017333
9753	0.018
9754	0.017292
9755	0.016417
9756	0.016
9757	0.016416
9758	0.015708
9759	0.016792
9760	0.016417
9761	0.017083
9762	0.017458
9763	0.016917
9764	0.0165
9765	0.015416
9766	0.016708
9767	0.016417
9768	0.018375
9769	0.016833
9770	0.016792
9771	0.015458
9772	0.015708
9773	0.016584
9774	0.014792
9775	0.015667
9776	0.015958
9777	0.016333
9778	0.015167
9779	0.016792
9780	0.015583
9781	0.016416
9782	0.016291
9783	0.017
9784	0.016833
9785	0.01775
9786	0.017667
9787	0.016209
9788	0.01775
9789	0.067959
9790	0.022083
9791	0.017167
9792	0.01475
9793	0.015917
9794	0.016542
9795	0.014292
9796	0.015917
9797	0.017667
9798	0.015209
9799	0.016416
9800	0.015791
9801	0.0165
9802	0.016
9803	0.017458
9804	0.016709
9805	0.017
9806	0.014167
9807	0.015709
9808	0.015375
9809	0.015959
9810	0.017417
9811	0.017875
9812	0.016667
9813	0.015709
9814	0.016584
9815	0.01575
9816	0.017042
9817	0.014958
9818	0.014208
9819	0.016833
9820	0.016084
9821	0.016833
9822	0.016708
9823	0.016041
9824	0.015625
9825	0.016959
9826	0.016625
9827	0.015958
9828	0.016375
9829	0.016292
9830	0.014917
9831	0.016125
9832	0.018
9833	0.016625
9834	0.014833
9835	0.017291
9836	0.016833
9837	0.016459
9838	0.015875
9839	0.01775
9840	0.013709
9841	0.016958
9842	0.016875
9843	0.016042
9844	0.016292
9845	0.016541
9846	0.015916
9847	0.016333
9848	0.017417
9849	0.046625
9850	0.033375
9851	0.020666
9852	0.020709
9853	0.016584
9854	0.016667
9855	0.017375
9856	0.01725
9857	0.015958
9858	0.016666
9859	0.017458
9860	0.016792
9861	0.016
9862	0.015167
9863	0.017333
9864	0.017167
9865	0.017083
9866	0.016625
9867	0.017291
9868	0.014708
9869	0.015625
9870	0.0145
9871	0.015833
9872	0.016333
9873	0.016542
9874	0.017458
9875	0.0165
9876	0.016125
9877	0.017083
9878	0.017542
9879	0.017083
9880	0.015416
9881	0.016125
9882	0.017417
9883	0.015042
9884	0.016958
9885	0.01675
9886	0.017083
9887	0.018667
9888	0.021375
9889	0.020375
9890	0.015875
9891	0.017541
9892	0.017666
9893	0.018416
9894	0.0195
9895	0.019292
9896	0.017584
9897	0.016
9898	0.016791
9899	0.017458
9900	0.015333
9901	0.016083
9902	0.018959
9903	0.02075
9904	0.016125
9905	0.016958
9906	0.015291
9907	0.020958
9908	0.018458
9909	0.017209
9910	0.017916
9911	0.016125
9912	0.016125
9913	0.014667
9914	0.01625
9915	0.016917
9916	0.013625
9917	0.01475
9918	0.0165
9919	0.016041
9920	0.016417
9921	0.017208
9922	0.014792
9923	0.01575
9924	0.015958
9925	0.016459
9926	0.016708
9927	0.015666
9928	0.025875
9929	0.01725
9930	0.017416
9931	0.01725
9932	0.01825
9933	0.015375
9934	0.016417
9935	0.01625
9936	0.013625
9937	0.018458
9938	0.015917
9939	0.015625
9940	0.01675
9941	0.014958
9942	0.014958
9943	0.016375
9944	0.015625
9945	0.015667
9946	0.015875
9947	0.014542
9948	0.017
9949	0.015833
9950	0.014916
9951	0.015458
9952	0.015375
9953	0.016083
9954	0.017333
9955	0.014666
9956	0.014833
9957	0.016083
9958	0.016
9959	0.015167
9960	0.015959
9961	0.0165
9962	0.016625
9963	0.016167
9964	0.016792
9965	0.016167
9966	0.015459
9967	0.0175
9968	0.0145
9969	0.015792
9970	0.015333
9971	0.015541
9972	0.014708
9973	0.0155
9974	0.016166
9975	0.015791
9976	0.01575
9977	0.016042
9978	0.015333
9979	0.016375
9980	0.015917
9981	0.01525
9982	0.015834
9983	0.015875
9984	0.015208
9985	0.014167
9986	0.01625
9987	0.015041
9988	0.015667
9989	0.016959
9990	0.014625
9991	0.015334
9992	0.0155
9993	0.0135
9994	0.015958
9995	0.019
9996	0.01775
9997	0.0155
9998	0.018625
9999	0.015666
