row_id	family	status	reason	repo	file	pre_sha	session	ts	model
77f1d11a3bb0c966	-	ineligible	out-of-family:x-noop	-	-	-	rollout-2026-09-08T22-51-38-01a08338-45b7-70d1-adb2-af4b30986851.jsonl	2026-09-08T22:54:21.957Z	gpt-6-astra
9274695606f67525	-	ineligible	out-of-family:x-noop	-	-	-	rollout-2026-09-08T22-51-38-01a08338-45b7-70d1-adb2-af4b30986851.jsonl	2026-09-08T22:55:27.675Z	gpt-6-astra
e3475ee9fd72cc83	-	ineligible	out-of-family:x-noop	-	-	-	rollout-2026-09-08T22-51-38-01a08338-45b7-70d1-adb2-af4b30986851.jsonl	2026-09-08T22:56:41.786Z	gpt-6-astra
84be0678d3f92462	-	ineligible	out-of-family:x-noop	-	-	-	rollout-2026-09-08T22-51-38-01a08338-45b7-70d1-adb2-af4b30986851.jsonl	2026-09-08T22:57:18.472Z	gpt-6-astra
045ab5707c6a9a64	-	ineligible	out-of-family:x-other	-	-	-	rollout-2026-09-08T22-51-38-01a08338-45b7-70d1-adb2-af4b30986851.jsonl	2026-09-08T22:57:43.054Z	gpt-6-astra
c4172888598790f3	T	eligible	ok	/home/forge/src/clj-surgeon-astra-consult	test/clj_surgeon/namespace_split_test.clj	8b1dd01d89dd7275d5a1f600b5d90b1e5c6383ec	rollout-2026-09-08T22-51-38-01a08338-45b7-70d1-adb2-af4b30986851.jsonl	2026-09-08T22:59:21.732Z	gpt-6-astra
428535117d5f6dfa	-	ineligible	out-of-family:x-other	-	-	-	rollout-2026-09-08T22-51-38-01a08338-45b7-70d1-adb2-af4b30986851.jsonl	2026-09-08T23:00:27.381Z	gpt-6-astra
0c6b85bcc72f7b7d	-	ineligible	out-of-family:x-noop	-	-	-	rollout-2026-09-08T22-51-38-01a08338-45b7-70d1-adb2-af4b30986851.jsonl	2026-09-08T23:02:55.157Z	gpt-6-astra
e2f24b9bc8f1c040	-	ineligible	out-of-family:x-other	-	-	-	rollout-2026-09-08T22-51-38-01a08338-45b7-70d1-adb2-af4b30986851.jsonl	2026-09-08T23:03:31.569Z	gpt-6-astra
981e974b5b6c1a2c	-	ineligible	out-of-family:x-noop	-	-	-	rollout-2026-09-08T22-51-38-01a08338-45b7-70d1-adb2-af4b30986851.jsonl	2026-09-08T23:04:18.524Z	gpt-6-astra
435d8b8e0a2bdbf2	-	ineligible	out-of-family:x-noop	-	-	-	rollout-2026-09-08T22-51-38-01a08338-45b7-70d1-adb2-af4b30986851.jsonl	2026-09-08T23:04:55.025Z	gpt-6-astra
5b0e99baff59a1eb	-	ineligible	out-of-family:x-noop	-	-	-	rollout-2026-09-08T22-51-38-01a08338-45b7-70d1-adb2-af4b30986851.jsonl	2026-09-08T23:06:13.094Z	gpt-6-astra
c2073622242d10fa	-	ineligible	out-of-family:x-noop	-	-	-	rollout-2026-09-08T22-51-38-01a08338-45b7-70d1-adb2-af4b30986851.jsonl	2026-09-08T23:07:38.091Z	gpt-6-astra
ccb4002cf68f81b3	-	ineligible	out-of-family:x-noop	-	-	-	rollout-2026-09-08T22-51-38-01a08338-45b7-70d1-adb2-af4b30986851.jsonl	2026-09-08T23:07:38.091Z	gpt-6-astra
9c061e0518875a06	-	ineligible	out-of-family:x-noop	-	-	-	rollout-2026-09-08T22-51-38-01a08338-45b7-70d1-adb2-af4b30986851.jsonl	2026-09-08T23:08:42.858Z	gpt-6-astra
6c94a5699999ef23	-	ineligible	out-of-family:x-noop	-	-	-	rollout-2026-09-08T22-51-38-01a08338-45b7-70d1-adb2-af4b30986851.jsonl	2026-09-08T23:09:16.312Z	gpt-6-astra
6fce91b0dd6f4719	-	ineligible	out-of-family:x-noop	-	-	-	rollout-2026-09-08T22-51-38-01a08338-45b7-70d1-adb2-af4b30986851.jsonl	2026-09-08T23:09:49.181Z	gpt-6-astra
c1612253604833c4	-	ineligible	out-of-family:x-noop	-	-	-	rollout-2026-09-08T22-51-38-01a08338-45b7-70d1-adb2-af4b30986851.jsonl	2026-09-08T23:10:54.475Z	gpt-6-astra
fdca95c1ef6ad3fd	-	ineligible	out-of-family:x-noop	-	-	-	rollout-2026-09-08T22-51-38-01a08338-45b7-70d1-adb2-af4b30986851.jsonl	2026-09-08T23:11:51.340Z	gpt-6-astra
aef3b34568471892	-	ineligible	out-of-family:x-noop	-	-	-	rollout-2026-09-08T22-51-38-01a08338-45b7-70d1-adb2-af4b30986851.jsonl	2026-09-08T23:12:42.350Z	gpt-6-astra
3d251fd1a509869f	-	ineligible	out-of-family:x-noop	-	-	-	rollout-2026-09-08T22-51-38-01a08338-45b7-70d1-adb2-af4b30986851.jsonl	2026-09-08T23:14:28.252Z	gpt-6-astra
62655f12b72c5b9e	-	ineligible	out-of-family:x-noop	-	-	-	rollout-2026-09-08T22-51-38-01a08338-45b7-70d1-adb2-af4b30986851.jsonl	2026-09-08T23:14:59.762Z	gpt-6-astra
43e9d2a76c9ffcdb	-	ineligible	out-of-family:x-other	-	-	-	rollout-2026-09-08T22-51-38-01a08338-45b7-70d1-adb2-af4b30986851.jsonl	2026-09-08T23:16:09.001Z	gpt-6-astra
866ab25fdd3acc48	-	ineligible	out-of-family:x-other	-	-	-	rollout-2026-09-08T22-51-38-01a08338-45b7-70d1-adb2-af4b30986851.jsonl	2026-09-08T23:19:35.374Z	gpt-6-astra
466802d291a91770	-	ineligible	out-of-family:x-noop	-	-	-	rollout-2026-09-08T22-51-38-01a08338-45b7-70d1-adb2-af4b30986851.jsonl	2026-09-08T23:21:33.097Z	gpt-6-astra
4a40953b3f3d6dac	-	ineligible	out-of-family:x-noop	-	-	-	rollout-2026-09-08T08-11-26-01a08012-6c3c-7861-a69a-7997e4663142.jsonl	2026-09-08T08:15:52.909Z	gpt-6-astra
4bf34b0ff411be67	-	ineligible	out-of-family:x-noop	-	-	-	rollout-2026-09-08T08-11-26-01a08012-6c3c-7861-a69a-7997e4663142.jsonl	2026-09-08T08:20:18.795Z	gpt-6-astra
92a16f09ae678158	-	ineligible	out-of-family:x-noop	-	-	-	rollout-2026-09-08T08-11-26-01a08012-6c3c-7861-a69a-7997e4663142.jsonl	2026-09-08T08:23:47.646Z	gpt-6-astra
ba7f1bc277eca2b3	-	ineligible	out-of-family:x-noop	-	-	-	rollout-2026-09-08T08-11-26-01a08012-6c3c-7861-a69a-7997e4663142.jsonl	2026-09-08T08:26:38.559Z	gpt-6-astra
ac1e31bc853ddcf6	-	ineligible	out-of-family:x-noop	-	-	-	rollout-2026-09-08T08-11-26-01a08012-6c3c-7861-a69a-7997e4663142.jsonl	2026-09-08T08:32:09.710Z	gpt-6-astra
d57415a697b0f827	-	ineligible	out-of-family:x-noop	-	-	-	rollout-2026-09-08T08-11-26-01a08012-6c3c-7861-a69a-7997e4663142.jsonl	2026-09-08T08:33:06.695Z	gpt-6-astra
e19b2451311f0195	-	ineligible	out-of-family:x-noop	-	-	-	rollout-2026-09-08T08-11-26-01a08012-6c3c-7861-a69a-7997e4663142.jsonl	2026-09-08T08:38:57.566Z	gpt-6-astra
032020ac542c2be0	-	ineligible	out-of-family:x-other	-	-	-	rollout-2026-09-08T08-11-26-01a08012-6c3c-7861-a69a-7997e4663142.jsonl	2026-09-08T08:40:01.102Z	gpt-6-astra
f280dc0f1f4e9230	-	ineligible	out-of-family:x-noop	-	-	-	rollout-2026-09-08T08-11-26-01a08012-6c3c-7861-a69a-7997e4663142.jsonl	2026-09-08T08:43:07.079Z	gpt-6-astra
bd25de74097ac5c4	-	ineligible	out-of-family:x-other	-	-	-	rollout-2026-09-08T08-11-26-01a08012-6c3c-7861-a69a-7997e4663142.jsonl	2026-09-08T08:44:26.463Z	gpt-6-astra
9fdb0d01ac8689ba	-	ineligible	out-of-family:x-noop	-	-	-	rollout-2026-09-08T08-11-26-01a08012-6c3c-7861-a69a-7997e4663142.jsonl	2026-09-08T08:48:02.078Z	gpt-6-astra
52a6cae5d8f66301	-	ineligible	out-of-family:x-noop	-	-	-	rollout-2026-09-08T08-11-26-01a08012-6c3c-7861-a69a-7997e4663142.jsonl	2026-09-08T09:04:35.445Z	gpt-6-astra
54a4c2b333fef189	-	ineligible	out-of-family:x-noop	-	-	-	rollout-2026-09-08T08-11-26-01a08012-6c3c-7861-a69a-7997e4663142.jsonl	2026-09-08T09:07:15.809Z	gpt-6-astra
a81a41864ccf8444	-	ineligible	out-of-family:x-noop	-	-	-	rollout-2026-09-08T13-11-07-01a08124-cb61-7391-b48d-c0fd3aa89f6b.jsonl	2026-09-08T13:14:18.715Z	gpt-6-astra
5ea5aedb2b91f865	-	ineligible	out-of-family:x-noop	-	-	-	rollout-2026-09-08T13-11-07-01a08124-cb61-7391-b48d-c0fd3aa89f6b.jsonl	2026-09-08T13:15:33.819Z	gpt-6-astra
70cb75f9269c28b3	T	ineligible	edit-already-present-in-pre-edit	/home/forge/src/clj-surgeon-split	test/clj_surgeon/namespace_split_warm_test.clj	38ecea11b2bd312efdf50d2e9c3320835f2efa0b	rollout-2026-09-08T13-11-07-01a08124-cb61-7391-b48d-c0fd3aa89f6b.jsonl	2026-09-08T13:16:39.835Z	gpt-6-astra
5c38679efa87e0a7	-	ineligible	out-of-family:x-other	-	-	-	rollout-2026-09-08T13-11-07-01a08124-cb61-7391-b48d-c0fd3aa89f6b.jsonl	2026-09-08T13:17:00.891Z	gpt-6-astra
906cd2c7a0d7a493	-	ineligible	out-of-family:x-noop	-	-	-	rollout-2026-09-08T13-11-07-01a08124-cb61-7391-b48d-c0fd3aa89f6b.jsonl	2026-09-08T13:18:06.638Z	gpt-6-astra
baa253731632eda8	-	ineligible	out-of-family:x-noop	-	-	-	rollout-2026-09-08T13-11-07-01a08124-cb61-7391-b48d-c0fd3aa89f6b.jsonl	2026-09-08T13:18:52.791Z	gpt-6-astra
b624178f8923c459	-	ineligible	out-of-family:x-noop	-	-	-	rollout-2026-09-08T13-11-07-01a08124-cb61-7391-b48d-c0fd3aa89f6b.jsonl	2026-09-08T13:19:59.602Z	gpt-6-astra
3cd9350c01bcff54	-	ineligible	out-of-family:x-noop	-	-	-	rollout-2026-09-08T13-11-07-01a08124-cb61-7391-b48d-c0fd3aa89f6b.jsonl	2026-09-08T13:22:13.506Z	gpt-6-astra
ea5cf315793e469f	-	ineligible	out-of-family:x-noop	-	-	-	rollout-2026-09-08T13-11-07-01a08124-cb61-7391-b48d-c0fd3aa89f6b.jsonl	2026-09-08T13:23:28.767Z	gpt-6-astra
ece95aed76a6574a	-	ineligible	out-of-family:x-other	-	-	-	rollout-2026-09-08T13-11-07-01a08124-cb61-7391-b48d-c0fd3aa89f6b.jsonl	2026-09-08T13:24:16.602Z	gpt-6-astra
1a8863b5fff6f76b	-	ineligible	out-of-family:x-other	-	-	-	rollout-2026-09-08T13-11-07-01a08124-cb61-7391-b48d-c0fd3aa89f6b.jsonl	2026-09-08T13:25:27.779Z	gpt-6-astra
eb9c03d976a2ca14	-	ineligible	out-of-family:x-noop	-	-	-	rollout-2026-09-08T13-11-07-01a08124-cb61-7391-b48d-c0fd3aa89f6b.jsonl	2026-09-08T13:27:23.873Z	gpt-6-astra
b0fc523913e63206	T	ineligible	pre-edit-bytes-not-recoverable	/home/forge/src/clj-surgeon-split	-	-	rollout-2026-09-08T13-11-07-01a08124-cb61-7391-b48d-c0fd3aa89f6b.jsonl	2026-09-08T13:31:12.289Z	gpt-6-astra
10a700b3786a34b7	-	ineligible	out-of-family:x-other	-	-	-	rollout-2026-09-08T13-11-07-01a08124-cb61-7391-b48d-c0fd3aa89f6b.jsonl	2026-09-08T13:31:39.862Z	gpt-6-astra
a7619aad82ffc122	-	ineligible	out-of-family:x-other	-	-	-	rollout-2026-09-08T13-11-07-01a08124-cb61-7391-b48d-c0fd3aa89f6b.jsonl	2026-09-08T13:33:06.009Z	gpt-6-astra
67323468616b1db2	T	eligible	ok	/home/forge/src/clj-surgeon-split	test/clj_surgeon/mcp_intent_contract_test.clj	398679fa05bbe42a4aeda36a2442341af149aec0	rollout-2026-09-08T13-11-07-01a08124-cb61-7391-b48d-c0fd3aa89f6b.jsonl	2026-09-08T13:35:30.533Z	gpt-6-astra
1336f3e1993bfa5b	T	eligible	ok	/home/forge/src/clj-surgeon-split	test/clj_surgeon/lane_manifest_test.clj	398679fa05bbe42a4aeda36a2442341af149aec0	rollout-2026-09-08T13-11-07-01a08124-cb61-7391-b48d-c0fd3aa89f6b.jsonl	2026-09-08T13:39:05.674Z	gpt-6-astra
652cedec69bf869a	-	ineligible	out-of-family:x-other	-	-	-	rollout-2026-09-08T13-11-07-01a08124-cb61-7391-b48d-c0fd3aa89f6b.jsonl	2026-09-08T13:39:21.645Z	gpt-6-astra
6a7db0feabd8ea41	T	eligible	ok	/home/forge/src/clj-surgeon-split	test/clj_surgeon/cli_dispatch_test.clj	827a751add48fbb8da364fbbf74544e1cf485d99	rollout-2026-09-08T13-11-07-01a08124-cb61-7391-b48d-c0fd3aa89f6b.jsonl	2026-09-08T13:43:16.918Z	gpt-6-astra
c0167d223efb3338	-	ineligible	out-of-family:x-noop	-	-	-	rollout-2026-09-08T13-11-07-01a08124-cb61-7391-b48d-c0fd3aa89f6b.jsonl	2026-09-08T13:45:00.868Z	gpt-6-astra
12593bf78c9bee8f	-	ineligible	out-of-family:x-noop	-	-	-	rollout-2026-09-08T13-11-07-01a08124-cb61-7391-b48d-c0fd3aa89f6b.jsonl	2026-09-08T13:47:35.902Z	gpt-6-astra
fba1ced86070ef3f	-	ineligible	out-of-family:x-noop	-	-	-	rollout-2026-09-08T13-11-07-01a08124-cb61-7391-b48d-c0fd3aa89f6b.jsonl	2026-09-08T13:57:16.097Z	gpt-6-astra
774064a4cdddd68a	-	ineligible	out-of-family:x-other	-	-	-	rollout-2026-09-08T13-11-07-01a08124-cb61-7391-b48d-c0fd3aa89f6b.jsonl	2026-09-08T13:58:33.925Z	gpt-6-astra
a91e6c3d2cefec49	-	ineligible	out-of-family:x-noop	-	-	-	rollout-2026-09-08T19-43-35-01a0828c-1c31-7852-a9f5-11d0e6a22b94.jsonl	2026-09-08T19:47:35.944Z	gpt-6-astra
9554bafb369a11e7	-	ineligible	out-of-family:x-other	-	-	-	rollout-2026-09-08T19-43-35-01a0828c-1c31-7852-a9f5-11d0e6a22b94.jsonl	2026-09-08T19:47:53.295Z	gpt-6-astra
1d5e3109aad4d5f9	-	ineligible	out-of-family:x-noop	-	-	-	rollout-2026-09-08T19-43-35-01a0828c-1c31-7852-a9f5-11d0e6a22b94.jsonl	2026-09-08T19:48:02.837Z	gpt-6-astra
2bdfced92e4dc821	-	ineligible	out-of-family:x-noop	-	-	-	rollout-2026-09-08T19-43-35-01a0828c-1c31-7852-a9f5-11d0e6a22b94.jsonl	2026-09-08T19:49:41.945Z	gpt-6-astra
b0f39ccc508b7257	-	ineligible	out-of-family:x-other	-	-	-	rollout-2026-09-08T19-43-35-01a0828c-1c31-7852-a9f5-11d0e6a22b94.jsonl	2026-09-08T19:50:02.278Z	gpt-6-astra
2535724bd2549291	-	ineligible	out-of-family:x-other	-	-	-	rollout-2026-09-08T19-43-35-01a0828c-1c31-7852-a9f5-11d0e6a22b94.jsonl	2026-09-08T19:50:16.727Z	gpt-6-astra
d0d018a787b9e580	-	ineligible	out-of-family:x-other	-	-	-	rollout-2026-09-08T19-43-35-01a0828c-1c31-7852-a9f5-11d0e6a22b94.jsonl	2026-09-08T19:50:33.027Z	gpt-6-astra
20780ba53ab1fcfa	-	ineligible	out-of-family:x-other	-	-	-	rollout-2026-09-08T19-43-35-01a0828c-1c31-7852-a9f5-11d0e6a22b94.jsonl	2026-09-08T19:53:01.223Z	gpt-6-astra
d0051e6c30a5729e	R	eligible	ok	/home/forge/src/clj-surgeon-split	src/clj_surgeon/namespace_split.clj	a9da43441234f0f815ab9c9393ae03dda7fa82f4	rollout-2026-09-08T19-43-35-01a0828c-1c31-7852-a9f5-11d0e6a22b94.jsonl	2026-09-08T19:54:28.107Z	gpt-6-astra
16d658706ed74418	-	ineligible	out-of-family:x-noop	-	-	-	rollout-2026-09-08T19-43-35-01a0828c-1c31-7852-a9f5-11d0e6a22b94.jsonl	2026-09-08T19:55:15.781Z	gpt-6-astra
c90a6db7273ef840	-	ineligible	out-of-family:x-other	-	-	-	rollout-2026-09-08T19-43-35-01a0828c-1c31-7852-a9f5-11d0e6a22b94.jsonl	2026-09-08T19:55:43.796Z	gpt-6-astra
be3c8ee69756ecde	-	ineligible	out-of-family:x-noop	-	-	-	rollout-2026-09-08T19-43-35-01a0828c-1c31-7852-a9f5-11d0e6a22b94.jsonl	2026-09-08T19:56:54.941Z	gpt-6-astra
cc082041e8201a78	-	ineligible	out-of-family:x-noop	-	-	-	rollout-2026-09-08T19-43-35-01a0828c-1c31-7852-a9f5-11d0e6a22b94.jsonl	2026-09-08T19:57:24.464Z	gpt-6-astra
b03ac57b3687a883	-	ineligible	out-of-family:x-noop	-	-	-	rollout-2026-09-08T19-43-35-01a0828c-1c31-7852-a9f5-11d0e6a22b94.jsonl	2026-09-08T19:58:56.339Z	gpt-6-astra
b873a4b5ae532670	-	ineligible	out-of-family:x-other	-	-	-	rollout-2026-09-08T19-43-35-01a0828c-1c31-7852-a9f5-11d0e6a22b94.jsonl	2026-09-08T19:59:19.198Z	gpt-6-astra
67a0a8cfcd6dd792	-	ineligible	out-of-family:x-noop	-	-	-	rollout-2026-09-08T19-43-35-01a0828c-1c31-7852-a9f5-11d0e6a22b94.jsonl	2026-09-08T20:00:06.093Z	gpt-6-astra
839a5de26566d08d	-	ineligible	out-of-family:x-noop	-	-	-	rollout-2026-09-08T19-43-35-01a0828c-1c31-7852-a9f5-11d0e6a22b94.jsonl	2026-09-08T20:01:34.188Z	gpt-6-astra
867dde40a545579d	-	ineligible	out-of-family:x-noop	-	-	-	rollout-2026-09-08T19-43-35-01a0828c-1c31-7852-a9f5-11d0e6a22b94.jsonl	2026-09-08T20:02:17.741Z	gpt-6-astra
4bac0478683088b5	-	ineligible	out-of-family:x-other	-	-	-	rollout-2026-09-08T19-43-35-01a0828c-1c31-7852-a9f5-11d0e6a22b94.jsonl	2026-09-08T20:02:28.179Z	gpt-6-astra
3573719c5d128bd7	-	ineligible	out-of-family:x-noop	-	-	-	rollout-2026-09-08T19-43-35-01a0828c-1c31-7852-a9f5-11d0e6a22b94.jsonl	2026-09-08T20:03:17.234Z	gpt-6-astra
1e16d9a8648859b7	-	ineligible	out-of-family:x-other	-	-	-	rollout-2026-09-08T19-43-35-01a0828c-1c31-7852-a9f5-11d0e6a22b94.jsonl	2026-09-08T20:03:41.211Z	gpt-6-astra
ab2be3b2d2f198cc	-	ineligible	out-of-family:x-noop	-	-	-	rollout-2026-09-08T19-43-35-01a0828c-1c31-7852-a9f5-11d0e6a22b94.jsonl	2026-09-08T20:05:00.656Z	gpt-6-astra
7a5063fb5a99b61f	-	ineligible	out-of-family:x-other	-	-	-	rollout-2026-09-08T19-43-35-01a0828c-1c31-7852-a9f5-11d0e6a22b94.jsonl	2026-09-08T20:05:31.046Z	gpt-6-astra
6a5f438cdcb6bcd3	-	ineligible	out-of-family:x-noop	-	-	-	rollout-2026-09-08T19-43-35-01a0828c-1c31-7852-a9f5-11d0e6a22b94.jsonl	2026-09-08T20:09:05.722Z	gpt-6-astra
21f05fd689f9a064	-	ineligible	out-of-family:x-noop	-	-	-	rollout-2026-09-08T19-43-35-01a0828c-1c31-7852-a9f5-11d0e6a22b94.jsonl	2026-09-08T20:10:12.016Z	gpt-6-astra
116d0ba18efce2e7	-	ineligible	out-of-family:x-noop	-	-	-	rollout-2026-09-08T19-43-35-01a0828c-1c31-7852-a9f5-11d0e6a22b94.jsonl	2026-09-08T20:11:23.820Z	gpt-6-astra
dd913b83f06e59ed	-	ineligible	out-of-family:x-noop	-	-	-	rollout-2026-09-08T19-43-35-01a0828c-1c31-7852-a9f5-11d0e6a22b94.jsonl	2026-09-08T20:12:07.331Z	gpt-6-astra
7f258e29048795cc	-	ineligible	out-of-family:x-other	-	-	-	rollout-2026-09-08T19-43-35-01a0828c-1c31-7852-a9f5-11d0e6a22b94.jsonl	2026-09-08T20:13:21.190Z	gpt-6-astra
341387d38e9fec3b	-	ineligible	out-of-family:x-other	-	-	-	rollout-2026-09-08T19-43-35-01a0828c-1c31-7852-a9f5-11d0e6a22b94.jsonl	2026-09-08T20:14:00.530Z	gpt-6-astra
f0270b9f651c8b1f	-	ineligible	out-of-family:x-noop	-	-	-	rollout-2026-09-08T19-43-35-01a0828c-1c31-7852-a9f5-11d0e6a22b94.jsonl	2026-09-08T20:16:33.254Z	gpt-6-astra
99cdce3967317174	-	ineligible	out-of-family:x-noop	-	-	-	rollout-2026-09-08T19-43-35-01a0828c-1c31-7852-a9f5-11d0e6a22b94.jsonl	2026-09-08T20:17:46.348Z	gpt-6-astra
558832dce5b9674e	-	ineligible	out-of-family:x-noop	-	-	-	rollout-2026-09-08T19-43-35-01a0828c-1c31-7852-a9f5-11d0e6a22b94.jsonl	2026-09-08T20:20:18.782Z	gpt-6-astra
e53c43328f296419	-	ineligible	out-of-family:x-other	-	-	-	rollout-2026-09-08T19-43-35-01a0828c-1c31-7852-a9f5-11d0e6a22b94.jsonl	2026-09-08T20:22:05.911Z	gpt-6-astra
18520cb5dd9ba536	-	ineligible	out-of-family:x-other	-	-	-	rollout-2026-09-08T19-43-35-01a0828c-1c31-7852-a9f5-11d0e6a22b94.jsonl	2026-09-08T20:28:24.894Z	gpt-6-astra
98ff11211603648d	-	ineligible	out-of-family:x-noop	-	-	-	rollout-2026-09-08T04-18-56-01a07f3d-91b8-7b41-bad2-950b514fa738.jsonl	2026-09-08T04:23:31.519Z	gpt-6-astra
b6aad4c0f34c28c9	T	ineligible	pre-edit-bytes-not-recoverable	/home/forge/src/clj-surgeon-split	-	-	rollout-2026-09-08T04-18-56-01a07f3d-91b8-7b41-bad2-950b514fa738.jsonl	2026-09-08T04:27:30.501Z	gpt-6-astra
9d64e3add205d14f	-	ineligible	out-of-family:x-noop	-	-	-	rollout-2026-09-08T03-42-49-01a07f1c-7f55-73b0-b113-531d74622fc0.jsonl	2026-09-08T03:54:11.748Z	gpt-6-astra
364d4bd9ff955440	-	ineligible	out-of-family:x-noop	-	-	-	rollout-2026-09-08T05-15-38-01a07f71-7c4f-78a2-bd92-b4109a2ca2ee.jsonl	2026-09-08T05:21:08.202Z	gpt-6-astra
ca730773d782f342	-	ineligible	out-of-family:x-noop	-	-	-	rollout-2026-09-08T09-20-11-01a08051-5ef9-7e23-9a98-bed6916bda7f.jsonl	2026-09-08T09:22:09.767Z	gpt-6-astra
55ab476de0e7a9ba	-	ineligible	out-of-family:x-other	-	-	-	rollout-2026-09-08T09-20-11-01a08051-5ef9-7e23-9a98-bed6916bda7f.jsonl	2026-09-08T09:22:20.217Z	gpt-6-astra
5d36ba59d8a8e00a	-	ineligible	out-of-family:x-other	-	-	-	rollout-2026-09-08T09-20-11-01a08051-5ef9-7e23-9a98-bed6916bda7f.jsonl	2026-09-08T09:22:29.881Z	gpt-6-astra
19ca850b0ca404ea	-	ineligible	out-of-family:x-noop	-	-	-	rollout-2026-09-08T09-20-11-01a08051-5ef9-7e23-9a98-bed6916bda7f.jsonl	2026-09-08T09:26:31.600Z	gpt-6-astra
1574b9368d170c54	-	ineligible	out-of-family:x-noop	-	-	-	rollout-2026-09-08T17-29-17-01a08211-2906-7290-8ba2-9de1c85b466f.jsonl	2026-09-08T17:52:18.871Z	gpt-6-astra
22c96b9dfd460515	-	ineligible	out-of-family:x-other	-	-	-	rollout-2026-09-08T00-31-51-01a07e6d-acac-7541-8e0d-3a3928675e40.jsonl	2026-09-08T00:33:43.518Z	gpt-6-astra
9bbe1d4687daa0f1	-	ineligible	out-of-family:x-noop	-	-	-	rollout-2026-09-08T00-31-51-01a07e6d-acac-7541-8e0d-3a3928675e40.jsonl	2026-09-08T00:34:08.881Z	gpt-6-astra
c3549fc7bf7876f1	-	ineligible	out-of-family:x-noop	-	-	-	rollout-2026-09-08T00-31-51-01a07e6d-acac-7541-8e0d-3a3928675e40.jsonl	2026-09-08T00:35:02.051Z	gpt-6-astra
bf198b7b91a6550e	-	ineligible	out-of-family:x-noop	-	-	-	rollout-2026-09-08T00-31-51-01a07e6d-acac-7541-8e0d-3a3928675e40.jsonl	2026-09-08T00:35:42.486Z	gpt-6-astra
dd68517cb7130b51	-	ineligible	out-of-family:x-noop	-	-	-	rollout-2026-09-08T00-31-51-01a07e6d-acac-7541-8e0d-3a3928675e40.jsonl	2026-09-08T00:37:27.671Z	gpt-6-astra
4da14fdfd134f695	-	ineligible	out-of-family:x-noop	-	-	-	rollout-2026-09-08T00-31-51-01a07e6d-acac-7541-8e0d-3a3928675e40.jsonl	2026-09-08T00:39:29.274Z	gpt-6-astra
bb4981417a4841db	-	ineligible	out-of-family:x-other	-	-	-	rollout-2026-09-08T00-31-51-01a07e6d-acac-7541-8e0d-3a3928675e40.jsonl	2026-09-08T00:41:17.884Z	gpt-6-astra
c1f4de747f9d28db	-	ineligible	out-of-family:x-noop	-	-	-	rollout-2026-09-08T00-31-51-01a07e6d-acac-7541-8e0d-3a3928675e40.jsonl	2026-09-08T00:42:12.230Z	gpt-6-astra
3babc628afd53c6a	-	ineligible	out-of-family:x-other	-	-	-	rollout-2026-09-08T00-31-51-01a07e6d-acac-7541-8e0d-3a3928675e40.jsonl	2026-09-08T00:42:12.230Z	gpt-6-astra
cc21d887d6b84549	-	ineligible	out-of-family:x-noop	-	-	-	rollout-2026-09-08T00-31-51-01a07e6d-acac-7541-8e0d-3a3928675e40.jsonl	2026-09-08T00:42:51.630Z	gpt-6-astra
1edc597685460abc	-	ineligible	out-of-family:x-noop	-	-	-	rollout-2026-09-08T00-31-51-01a07e6d-acac-7541-8e0d-3a3928675e40.jsonl	2026-09-08T00:44:13.967Z	gpt-6-astra
8c90e81b28e025a7	-	ineligible	out-of-family:x-noop	-	-	-	rollout-2026-09-08T00-31-51-01a07e6d-acac-7541-8e0d-3a3928675e40.jsonl	2026-09-08T00:46:21.091Z	gpt-6-astra
9d999a167e69f4cf	-	ineligible	out-of-family:x-other	-	-	-	rollout-2026-09-08T00-31-51-01a07e6d-acac-7541-8e0d-3a3928675e40.jsonl	2026-09-08T00:48:12.704Z	gpt-6-astra
8e8950202ea95287	-	ineligible	out-of-family:x-other	-	-	-	rollout-2026-09-08T00-31-51-01a07e6d-acac-7541-8e0d-3a3928675e40.jsonl	2026-09-08T00:48:36.655Z	gpt-6-astra
962cc0af7d2ceab4	-	ineligible	out-of-family:x-noop	-	-	-	rollout-2026-09-08T00-31-51-01a07e6d-acac-7541-8e0d-3a3928675e40.jsonl	2026-09-08T00:55:53.211Z	gpt-6-astra
f6ed879190222903	-	ineligible	out-of-family:x-noop	-	-	-	rollout-2026-09-08T00-31-51-01a07e6d-acac-7541-8e0d-3a3928675e40.jsonl	2026-09-08T00:56:30.552Z	gpt-6-astra
820c1b7885ef9272	-	ineligible	out-of-family:x-other	-	-	-	rollout-2026-09-08T00-31-51-01a07e6d-acac-7541-8e0d-3a3928675e40.jsonl	2026-09-08T00:57:15.787Z	gpt-6-astra
4539a61b05467743	-	ineligible	out-of-family:x-other	-	-	-	rollout-2026-09-08T00-31-51-01a07e6d-acac-7541-8e0d-3a3928675e40.jsonl	2026-09-08T00:57:43.803Z	gpt-6-astra
1bf25f23bb161b8e	-	ineligible	out-of-family:x-noop	-	-	-	rollout-2026-09-08T00-31-51-01a07e6d-acac-7541-8e0d-3a3928675e40.jsonl	2026-09-08T00:59:47.207Z	gpt-6-astra
21eed24d9fe1a7e9	-	ineligible	out-of-family:x-noop	-	-	-	rollout-2026-09-08T00-31-51-01a07e6d-acac-7541-8e0d-3a3928675e40.jsonl	2026-09-08T01:00:54.425Z	gpt-6-astra
3626cafe0094442e	-	ineligible	out-of-family:x-noop	-	-	-	rollout-2026-09-08T00-31-51-01a07e6d-acac-7541-8e0d-3a3928675e40.jsonl	2026-09-08T01:09:16.501Z	gpt-6-astra
08ac5282d0c0ee14	-	ineligible	out-of-family:x-noop	-	-	-	rollout-2026-09-08T16-18-18-01a081d0-2c74-7872-8e21-24f38a0d5e6a.jsonl	2026-09-08T16:24:02.695Z	gpt-6-astra
742f710f109c1fe8	-	ineligible	out-of-family:x-noop	-	-	-	rollout-2026-09-08T16-18-18-01a081d0-2c74-7872-8e21-24f38a0d5e6a.jsonl	2026-09-08T16:25:21.277Z	gpt-6-astra
631c47f03f87ed20	-	ineligible	out-of-family:x-noop	-	-	-	rollout-2026-09-08T16-18-18-01a081d0-2c74-7872-8e21-24f38a0d5e6a.jsonl	2026-09-08T16:26:22.122Z	gpt-6-astra
c224efb71e893b96	-	ineligible	out-of-family:x-other	-	-	-	rollout-2026-09-08T16-18-18-01a081d0-2c74-7872-8e21-24f38a0d5e6a.jsonl	2026-09-08T16:26:58.363Z	gpt-6-astra
ed38d5315c45413f	-	ineligible	out-of-family:x-other	-	-	-	rollout-2026-09-08T16-18-18-01a081d0-2c74-7872-8e21-24f38a0d5e6a.jsonl	2026-09-08T16:27:27.594Z	gpt-6-astra
f15e1ff1031f44b5	-	ineligible	out-of-family:x-noop	-	-	-	rollout-2026-09-08T16-18-18-01a081d0-2c74-7872-8e21-24f38a0d5e6a.jsonl	2026-09-08T16:29:25.405Z	gpt-6-astra
8ee2231ac7ffcf06	-	ineligible	out-of-family:x-noop	-	-	-	rollout-2026-09-08T16-18-18-01a081d0-2c74-7872-8e21-24f38a0d5e6a.jsonl	2026-09-08T16:30:20.943Z	gpt-6-astra
15ebbf5bf88c4966	-	ineligible	out-of-family:x-other	-	-	-	rollout-2026-09-08T16-18-18-01a081d0-2c74-7872-8e21-24f38a0d5e6a.jsonl	2026-09-08T16:31:03.080Z	gpt-6-astra
cd7176ab3fcd23e9	-	ineligible	out-of-family:x-noop	-	-	-	rollout-2026-09-08T16-18-18-01a081d0-2c74-7872-8e21-24f38a0d5e6a.jsonl	2026-09-08T16:33:13.511Z	gpt-6-astra
a91edd92bc5c996b	-	ineligible	out-of-family:x-other	-	-	-	rollout-2026-09-08T16-18-18-01a081d0-2c74-7872-8e21-24f38a0d5e6a.jsonl	2026-09-08T16:39:31.166Z	gpt-6-astra
4ec03bb40f627d4c	-	ineligible	out-of-family:x-other	-	-	-	rollout-2026-09-08T16-18-18-01a081d0-2c74-7872-8e21-24f38a0d5e6a.jsonl	2026-09-08T16:40:01.169Z	gpt-6-astra
fa27e90f3530bacb	-	ineligible	out-of-family:x-noop	-	-	-	rollout-2026-09-08T16-18-18-01a081d0-2c74-7872-8e21-24f38a0d5e6a.jsonl	2026-09-08T16:41:42.953Z	gpt-6-astra
ff1ff31ac6f7bd88	-	ineligible	out-of-family:x-noop	-	-	-	rollout-2026-09-08T16-18-18-01a081d0-2c74-7872-8e21-24f38a0d5e6a.jsonl	2026-09-08T16:42:47.529Z	gpt-6-astra
0a81418ed09a85b2	-	ineligible	out-of-family:x-noop	-	-	-	rollout-2026-09-08T16-18-18-01a081d0-2c74-7872-8e21-24f38a0d5e6a.jsonl	2026-09-08T16:51:36.003Z	gpt-6-astra
765907d4ec4b96ed	-	ineligible	out-of-family:x-noop	-	-	-	rollout-2026-09-08T16-18-18-01a081d0-2c74-7872-8e21-24f38a0d5e6a.jsonl	2026-09-08T16:54:31.985Z	gpt-6-astra
9ae724e5bc6d34fc	-	ineligible	out-of-family:x-other	-	-	-	rollout-2026-09-08T16-18-18-01a081d0-2c74-7872-8e21-24f38a0d5e6a.jsonl	2026-09-08T16:57:01.020Z	gpt-6-astra
b1955dc52ae1397a	-	ineligible	out-of-family:x-other	-	-	-	rollout-2026-09-08T16-18-18-01a081d0-2c74-7872-8e21-24f38a0d5e6a.jsonl	2026-09-08T17:04:36.598Z	gpt-6-astra
6d3f867672df5b8e	-	ineligible	out-of-family:x-noop	-	-	-	rollout-2026-09-08T16-18-18-01a081d0-2c74-7872-8e21-24f38a0d5e6a.jsonl	2026-09-08T17:08:03.285Z	gpt-6-astra
81bea3eba8b32dd0	-	ineligible	out-of-family:x-other	-	-	-	rollout-2026-09-08T02-06-07-01a07ec3-f6ae-76a1-9ae8-8b9715c6a20e.jsonl	2026-09-08T02:08:03.634Z	gpt-6-astra
5c06710204484028	-	ineligible	out-of-family:x-noop	-	-	-	rollout-2026-09-08T02-06-07-01a07ec3-f6ae-76a1-9ae8-8b9715c6a20e.jsonl	2026-09-08T02:09:18.137Z	gpt-6-astra
c186a0e427c3fdec	-	ineligible	out-of-family:x-other	-	-	-	rollout-2026-09-08T02-06-07-01a07ec3-f6ae-76a1-9ae8-8b9715c6a20e.jsonl	2026-09-08T02:09:54.368Z	gpt-6-astra
71f9e73dd18990b5	-	ineligible	out-of-family:x-noop	-	-	-	rollout-2026-09-08T06-51-34-01a07fc9-4f56-7852-90e3-cb01d9461d6f.jsonl	2026-09-08T06:56:43.983Z	gpt-6-astra
892082cbd2d7106a	-	ineligible	out-of-family:x-other	-	-	-	rollout-2026-09-08T06-51-34-01a07fc9-4f56-7852-90e3-cb01d9461d6f.jsonl	2026-09-08T06:56:43.983Z	gpt-6-astra
5f534408048d787a	-	ineligible	out-of-family:x-noop	-	-	-	rollout-2026-09-08T06-51-34-01a07fc9-4f56-7852-90e3-cb01d9461d6f.jsonl	2026-09-08T06:57:57.814Z	gpt-6-astra
10c4ea804cc403ef	-	ineligible	out-of-family:x-noop	-	-	-	rollout-2026-09-08T06-51-34-01a07fc9-4f56-7852-90e3-cb01d9461d6f.jsonl	2026-09-08T07:02:40.491Z	gpt-6-astra
d5262e0ee06f0eb5	-	ineligible	out-of-family:x-noop	-	-	-	rollout-2026-09-08T06-51-34-01a07fc9-4f56-7852-90e3-cb01d9461d6f.jsonl	2026-09-08T07:03:20.789Z	gpt-6-astra
9bfe914ac0485ae5	-	ineligible	out-of-family:x-other	-	-	-	rollout-2026-09-08T06-51-34-01a07fc9-4f56-7852-90e3-cb01d9461d6f.jsonl	2026-09-08T07:04:19.704Z	gpt-6-astra
7001977d5877f50e	-	ineligible	out-of-family:x-noop	-	-	-	rollout-2026-09-08T06-51-34-01a07fc9-4f56-7852-90e3-cb01d9461d6f.jsonl	2026-09-08T07:05:03.979Z	gpt-6-astra
0f7ddeb1e605d031	-	ineligible	out-of-family:x-noop	-	-	-	rollout-2026-09-08T06-51-34-01a07fc9-4f56-7852-90e3-cb01d9461d6f.jsonl	2026-09-08T07:07:39.525Z	gpt-6-astra
251cf59618459609	-	ineligible	out-of-family:x-noop	-	-	-	rollout-2026-09-08T06-51-34-01a07fc9-4f56-7852-90e3-cb01d9461d6f.jsonl	2026-09-08T07:08:19.176Z	gpt-6-astra
7c1d413aa7c3053d	-	ineligible	out-of-family:x-other	-	-	-	rollout-2026-09-08T06-51-34-01a07fc9-4f56-7852-90e3-cb01d9461d6f.jsonl	2026-09-08T07:08:38.568Z	gpt-6-astra
2f04c1fe9e90fe4c	-	ineligible	out-of-family:x-other	-	-	-	rollout-2026-09-08T06-51-34-01a07fc9-4f56-7852-90e3-cb01d9461d6f.jsonl	2026-09-08T07:09:09.773Z	gpt-6-astra
81bfaaaa93ce931d	-	ineligible	out-of-family:x-noop	-	-	-	rollout-2026-09-08T06-51-34-01a07fc9-4f56-7852-90e3-cb01d9461d6f.jsonl	2026-09-08T07:10:12.687Z	gpt-6-astra
fa64f65fcc062d0f	-	ineligible	out-of-family:x-other	-	-	-	rollout-2026-09-08T06-51-34-01a07fc9-4f56-7852-90e3-cb01d9461d6f.jsonl	2026-09-08T07:13:14.674Z	gpt-6-astra
8413ffafa182948c	-	ineligible	out-of-family:x-noop	-	-	-	rollout-2026-09-08T06-51-34-01a07fc9-4f56-7852-90e3-cb01d9461d6f.jsonl	2026-09-08T07:13:14.674Z	gpt-6-astra
a0658b30f53cf170	-	ineligible	out-of-family:x-noop	-	-	-	rollout-2026-09-08T06-51-34-01a07fc9-4f56-7852-90e3-cb01d9461d6f.jsonl	2026-09-08T07:21:39.343Z	gpt-6-astra
69e75b28274b4527	-	ineligible	out-of-family:x-noop	-	-	-	rollout-2026-09-08T06-51-34-01a07fc9-4f56-7852-90e3-cb01d9461d6f.jsonl	2026-09-08T07:23:54.128Z	gpt-6-astra
c7deac1677005940	-	ineligible	out-of-family:x-noop	-	-	-	rollout-2026-09-08T06-51-34-01a07fc9-4f56-7852-90e3-cb01d9461d6f.jsonl	2026-09-08T07:23:54.128Z	gpt-6-astra
06896258459e791d	-	ineligible	out-of-family:x-noop	-	-	-	rollout-2026-09-08T06-51-34-01a07fc9-4f56-7852-90e3-cb01d9461d6f.jsonl	2026-09-08T07:27:35.043Z	gpt-6-astra
a0a0ec515cf315cb	R	ineligible	pre-edit-bytes-not-recoverable	/home/forge/src/clj-surgeon-split	-	-	rollout-2026-09-08T06-51-34-01a07fc9-4f56-7852-90e3-cb01d9461d6f.jsonl	2026-09-08T07:29:21.252Z	gpt-6-astra
494a4f731cdf7366	-	ineligible	out-of-family:x-noop	-	-	-	rollout-2026-09-08T06-51-34-01a07fc9-4f56-7852-90e3-cb01d9461d6f.jsonl	2026-09-08T07:30:15.438Z	gpt-6-astra
6c0b118ed23ddf68	-	ineligible	out-of-family:x-noop	-	-	-	rollout-2026-09-08T06-51-34-01a07fc9-4f56-7852-90e3-cb01d9461d6f.jsonl	2026-09-08T07:30:35.031Z	gpt-6-astra
af95f2364a064e67	T	eligible	ok	/home/forge/src/clj-surgeon-split	test/clj_surgeon/lane_manifest_test.clj	e04ba0c536a979677dcb9b8d6f75bf9dcfb27318	rollout-2026-09-08T06-51-34-01a07fc9-4f56-7852-90e3-cb01d9461d6f.jsonl	2026-09-08T07:35:03.777Z	gpt-6-astra
9a9e30c3d7066250	T	ineligible	dup-episode-in-session	/home/forge/src/clj-surgeon-split	test/clj_surgeon/lane_manifest_test.clj	e04ba0c536a979677dcb9b8d6f75bf9dcfb27318	rollout-2026-09-08T06-51-34-01a07fc9-4f56-7852-90e3-cb01d9461d6f.jsonl	2026-09-08T07:35:43.088Z	gpt-6-astra
cd807c1b309b79a9	-	ineligible	out-of-family:x-noop	-	-	-	rollout-2026-09-08T06-51-34-01a07fc9-4f56-7852-90e3-cb01d9461d6f.jsonl	2026-09-08T07:35:43.088Z	gpt-6-astra
2758bbf7ece90626	-	ineligible	out-of-family:x-noop	-	-	-	rollout-2026-09-08T06-51-34-01a07fc9-4f56-7852-90e3-cb01d9461d6f.jsonl	2026-09-08T07:40:15.331Z	gpt-6-astra
f1d8d70f406661c7	-	ineligible	out-of-family:x-noop	-	-	-	rollout-2026-09-08T06-51-34-01a07fc9-4f56-7852-90e3-cb01d9461d6f.jsonl	2026-09-08T07:44:14.783Z	gpt-6-astra
6af7f3414929fa1b	-	ineligible	out-of-family:x-noop	-	-	-	rollout-2026-09-08T06-51-34-01a07fc9-4f56-7852-90e3-cb01d9461d6f.jsonl	2026-09-08T07:45:33.626Z	gpt-6-astra
f123720738cfe626	-	ineligible	out-of-family:x-noop	-	-	-	rollout-2026-09-08T06-51-34-01a07fc9-4f56-7852-90e3-cb01d9461d6f.jsonl	2026-09-08T07:48:45.593Z	gpt-6-astra
7695d1b7cccc0f88	-	ineligible	out-of-family:x-noop	-	-	-	rollout-2026-09-08T06-51-34-01a07fc9-4f56-7852-90e3-cb01d9461d6f.jsonl	2026-09-08T07:50:10.362Z	gpt-6-astra
24f5146ae5c67274	-	ineligible	out-of-family:x-other	-	-	-	rollout-2026-09-08T06-51-34-01a07fc9-4f56-7852-90e3-cb01d9461d6f.jsonl	2026-09-08T07:50:40.803Z	gpt-6-astra
76e164071893ac13	-	ineligible	out-of-family:x-other	-	-	-	rollout-2026-09-08T06-51-34-01a07fc9-4f56-7852-90e3-cb01d9461d6f.jsonl	2026-09-08T07:52:39.081Z	gpt-6-astra
30a3d99b81d481c1	-	ineligible	out-of-family:x-noop	-	-	-	rollout-2026-09-08T06-51-34-01a07fc9-4f56-7852-90e3-cb01d9461d6f.jsonl	2026-09-08T07:52:39.081Z	gpt-6-astra
f112c49563fefba9	-	ineligible	out-of-family:x-noop	-	-	-	rollout-2026-09-08T06-51-34-01a07fc9-4f56-7852-90e3-cb01d9461d6f.jsonl	2026-09-08T07:54:14.614Z	gpt-6-astra
08e62ed3087f75a1	-	ineligible	out-of-family:x-noop	-	-	-	rollout-2026-09-08T09-11-54-01a08049-c933-7493-855f-15dc07bb9eb5.jsonl	2026-09-08T09:17:17.813Z	gpt-6-astra
e4e1c4f564e8ca87	-	ineligible	out-of-family:x-other	-	-	-	rollout-2026-09-08T09-11-54-01a08049-c933-7493-855f-15dc07bb9eb5.jsonl	2026-09-08T09:17:44.321Z	gpt-6-astra
c8c1d45d48b280a1	-	ineligible	out-of-family:x-other	-	-	-	rollout-2026-09-08T09-11-54-01a08049-c933-7493-855f-15dc07bb9eb5.jsonl	2026-09-08T09:18:07.481Z	gpt-6-astra
6dab458082ba1477	-	ineligible	out-of-family:x-other	-	-	-	rollout-2026-09-08T09-11-54-01a08049-c933-7493-855f-15dc07bb9eb5.jsonl	2026-09-08T09:18:32.518Z	gpt-6-astra
3f83444d7c87bd11	-	ineligible	out-of-family:x-noop	-	-	-	rollout-2026-09-08T09-11-54-01a08049-c933-7493-855f-15dc07bb9eb5.jsonl	2026-09-08T09:21:12.495Z	gpt-6-astra
f0db2ff3449e4749	-	ineligible	out-of-family:x-noop	-	-	-	rollout-2026-09-08T09-11-54-01a08049-c933-7493-855f-15dc07bb9eb5.jsonl	2026-09-08T09:23:00.106Z	gpt-6-astra
4a11a0e464ad02c5	-	ineligible	out-of-family:x-noop	-	-	-	rollout-2026-09-08T09-11-54-01a08049-c933-7493-855f-15dc07bb9eb5.jsonl	2026-09-08T09:24:31.445Z	gpt-6-astra
aa666d8a9ba96e1a	-	ineligible	out-of-family:x-noop	-	-	-	rollout-2026-09-08T09-11-54-01a08049-c933-7493-855f-15dc07bb9eb5.jsonl	2026-09-08T09:26:19.993Z	gpt-6-astra
e987e75e9b4cdcde	-	ineligible	out-of-family:x-other	-	-	-	rollout-2026-09-08T09-11-54-01a08049-c933-7493-855f-15dc07bb9eb5.jsonl	2026-09-08T09:27:56.456Z	gpt-6-astra
c4ee726b653dee9b	-	ineligible	out-of-family:x-noop	-	-	-	rollout-2026-09-08T09-11-54-01a08049-c933-7493-855f-15dc07bb9eb5.jsonl	2026-09-08T09:28:37.723Z	gpt-6-astra
6dcba61baac23869	-	ineligible	out-of-family:x-noop	-	-	-	rollout-2026-09-08T09-11-54-01a08049-c933-7493-855f-15dc07bb9eb5.jsonl	2026-09-08T09:30:10.636Z	gpt-6-astra
9ef3b646520c578c	-	ineligible	out-of-family:x-other	-	-	-	rollout-2026-09-08T09-11-54-01a08049-c933-7493-855f-15dc07bb9eb5.jsonl	2026-09-08T09:31:48.576Z	gpt-6-astra
48ee37341a3d71c5	-	ineligible	out-of-family:x-other	-	-	-	rollout-2026-09-08T09-11-54-01a08049-c933-7493-855f-15dc07bb9eb5.jsonl	2026-09-08T09:32:52.228Z	gpt-6-astra
b3af240e66fbb6fb	-	ineligible	out-of-family:x-noop	-	-	-	rollout-2026-09-08T09-11-54-01a08049-c933-7493-855f-15dc07bb9eb5.jsonl	2026-09-08T09:33:12.644Z	gpt-6-astra
9de7b5073922bbc5	-	ineligible	out-of-family:x-noop	-	-	-	rollout-2026-09-08T09-11-54-01a08049-c933-7493-855f-15dc07bb9eb5.jsonl	2026-09-08T09:34:31.029Z	gpt-6-astra
059067679b89d8d2	-	ineligible	out-of-family:x-other	-	-	-	rollout-2026-09-08T09-11-54-01a08049-c933-7493-855f-15dc07bb9eb5.jsonl	2026-09-08T09:35:07.728Z	gpt-6-astra
c250f8fb01f7036a	-	ineligible	out-of-family:x-other	-	-	-	rollout-2026-09-08T09-11-54-01a08049-c933-7493-855f-15dc07bb9eb5.jsonl	2026-09-08T09:35:31.217Z	gpt-6-astra
6ff5dbec6db1d5bd	-	ineligible	out-of-family:x-noop	-	-	-	rollout-2026-09-08T09-11-54-01a08049-c933-7493-855f-15dc07bb9eb5.jsonl	2026-09-08T09:36:12.252Z	gpt-6-astra
44f20cb0d92d493d	-	ineligible	out-of-family:x-other	-	-	-	rollout-2026-09-08T09-11-54-01a08049-c933-7493-855f-15dc07bb9eb5.jsonl	2026-09-08T09:37:00.943Z	gpt-6-astra
511a469c3a227a3d	-	ineligible	out-of-family:x-other	-	-	-	rollout-2026-09-08T09-11-54-01a08049-c933-7493-855f-15dc07bb9eb5.jsonl	2026-09-08T09:37:26.342Z	gpt-6-astra
e0e66604a6e79c04	-	ineligible	out-of-family:x-noop	-	-	-	rollout-2026-09-08T09-11-54-01a08049-c933-7493-855f-15dc07bb9eb5.jsonl	2026-09-08T09:38:17.849Z	gpt-6-astra
fa1d61d67ac9fbad	-	ineligible	out-of-family:x-other	-	-	-	rollout-2026-09-08T09-11-54-01a08049-c933-7493-855f-15dc07bb9eb5.jsonl	2026-09-08T09:39:40.313Z	gpt-6-astra
ab83b2c9e3a639aa	-	ineligible	out-of-family:x-other	-	-	-	rollout-2026-09-08T09-11-54-01a08049-c933-7493-855f-15dc07bb9eb5.jsonl	2026-09-08T09:42:42.635Z	gpt-6-astra
7b786d4ac87df44a	-	ineligible	out-of-family:x-other	-	-	-	rollout-2026-09-08T09-11-54-01a08049-c933-7493-855f-15dc07bb9eb5.jsonl	2026-09-08T09:43:12.860Z	gpt-6-astra
25c8d5fe7287f8f1	I	ineligible	pre-edit-bytes-not-recoverable	/home/forge/src/clj-surgeon-split	-	-	rollout-2026-09-08T09-11-54-01a08049-c933-7493-855f-15dc07bb9eb5.jsonl	2026-09-08T09:44:58.898Z	gpt-6-astra
bbe2434565b01be9	T	ineligible	pre-edit-bytes-not-recoverable	/home/forge/src/clj-surgeon-split	-	-	rollout-2026-09-08T09-11-54-01a08049-c933-7493-855f-15dc07bb9eb5.jsonl	2026-09-08T09:47:14.474Z	gpt-6-astra
f61856b8aefb4390	-	ineligible	out-of-family:x-noop	-	-	-	rollout-2026-09-08T01-11-40-01a07e92-1db0-7101-84b7-04bfebf0271d.jsonl	2026-09-08T01:15:09.771Z	gpt-6-astra
39ebce79642ed1a7	-	ineligible	out-of-family:x-noop	-	-	-	rollout-2026-09-08T01-11-40-01a07e92-1db0-7101-84b7-04bfebf0271d.jsonl	2026-09-08T01:16:00.884Z	gpt-6-astra
10786c237fc991c5	-	ineligible	out-of-family:x-noop	-	-	-	rollout-2026-09-08T10-13-01-01a08081-bea1-7371-a785-6742d3b591d4.jsonl	2026-09-08T10:17:19.058Z	gpt-6-astra
205dac213c6b298b	-	ineligible	out-of-family:x-noop	-	-	-	rollout-2026-09-08T10-13-01-01a08081-bea1-7371-a785-6742d3b591d4.jsonl	2026-09-08T10:18:34.512Z	gpt-6-astra
1412ce2f75ae9f23	T	eligible	ok	/home/forge/src/clj-surgeon-split	test/clj_surgeon/mcp_alias_migration_test.clj	827a751add48fbb8da364fbbf74544e1cf485d99	rollout-2026-09-08T10-13-01-01a08081-bea1-7371-a785-6742d3b591d4.jsonl	2026-09-08T10:20:30.730Z	gpt-6-astra
51b827672aaae440	-	ineligible	out-of-family:x-noop	-	-	-	rollout-2026-09-08T10-13-01-01a08081-bea1-7371-a785-6742d3b591d4.jsonl	2026-09-08T10:23:19.379Z	gpt-6-astra
3405af55d6479de1	-	ineligible	out-of-family:x-other	-	-	-	rollout-2026-09-08T10-13-01-01a08081-bea1-7371-a785-6742d3b591d4.jsonl	2026-09-08T10:23:57.920Z	gpt-6-astra
cfd0daac41ef7e9c	-	ineligible	out-of-family:x-noop	-	-	-	rollout-2026-09-08T10-13-01-01a08081-bea1-7371-a785-6742d3b591d4.jsonl	2026-09-08T10:26:10.760Z	gpt-6-astra
8dd9f8efac227e08	T	ineligible	pre-edit-bytes-not-recoverable	/home/forge/src/clj-surgeon-split	-	-	rollout-2026-09-08T10-13-01-01a08081-bea1-7371-a785-6742d3b591d4.jsonl	2026-09-08T10:26:55.112Z	gpt-6-astra
a0a79c0044c2a91d	-	ineligible	out-of-family:x-noop	-	-	-	rollout-2026-09-08T10-13-01-01a08081-bea1-7371-a785-6742d3b591d4.jsonl	2026-09-08T10:28:32.902Z	gpt-6-astra
1cc5fdf59fb96cc6	-	ineligible	out-of-family:x-other	-	-	-	rollout-2026-09-08T10-13-01-01a08081-bea1-7371-a785-6742d3b591d4.jsonl	2026-09-08T10:29:23.713Z	gpt-6-astra
23102fcd18ba2496	-	ineligible	out-of-family:x-other	-	-	-	rollout-2026-09-08T10-13-01-01a08081-bea1-7371-a785-6742d3b591d4.jsonl	2026-09-08T10:29:48.222Z	gpt-6-astra
2de5a1c3df2053a2	T	ineligible	pre-edit-bytes-not-recoverable	/home/forge/src/clj-surgeon-split	-	-	rollout-2026-09-08T10-13-01-01a08081-bea1-7371-a785-6742d3b591d4.jsonl	2026-09-08T10:31:37.508Z	gpt-6-astra
95ebea0e8b1b5f64	T	eligible	ok	/home/forge/src/clj-surgeon-split	test/clj_surgeon/lane_manifest_test.clj	827a751add48fbb8da364fbbf74544e1cf485d99	rollout-2026-09-08T10-13-01-01a08081-bea1-7371-a785-6742d3b591d4.jsonl	2026-09-08T10:32:35.820Z	gpt-6-astra
d0f8366b463a75a2	-	ineligible	out-of-family:x-other	-	-	-	rollout-2026-09-08T10-13-01-01a08081-bea1-7371-a785-6742d3b591d4.jsonl	2026-09-08T10:33:25.986Z	gpt-6-astra
d6fc30589dd8049f	-	ineligible	out-of-family:x-other	-	-	-	rollout-2026-09-08T10-13-01-01a08081-bea1-7371-a785-6742d3b591d4.jsonl	2026-09-08T10:38:00.554Z	gpt-6-astra
1cafec8fe5f2844d	-	ineligible	out-of-family:x-noop	-	-	-	rollout-2026-09-08T17-53-24-01a08227-3b5d-7902-9b9b-ec506b17eb41.jsonl	2026-09-08T17:56:47.030Z	gpt-6-astra
bf7e2e4d73d8e4cc	-	ineligible	out-of-family:x-noop	-	-	-	rollout-2026-09-08T17-53-24-01a08227-3b5d-7902-9b9b-ec506b17eb41.jsonl	2026-09-08T17:58:49.639Z	gpt-6-astra
694e552c5cb2d712	-	ineligible	out-of-family:x-noop	-	-	-	rollout-2026-09-08T17-53-24-01a08227-3b5d-7902-9b9b-ec506b17eb41.jsonl	2026-09-08T18:00:28.243Z	gpt-6-astra
5c9a9b4faa3d344a	-	ineligible	out-of-family:x-noop	-	-	-	rollout-2026-09-08T17-53-24-01a08227-3b5d-7902-9b9b-ec506b17eb41.jsonl	2026-09-08T18:02:39.785Z	gpt-6-astra
baec77add998d051	-	ineligible	out-of-family:x-noop	-	-	-	rollout-2026-09-08T17-53-24-01a08227-3b5d-7902-9b9b-ec506b17eb41.jsonl	2026-09-08T18:06:01.604Z	gpt-6-astra
e93d7afbd51f8faa	-	ineligible	out-of-family:x-noop	-	-	-	rollout-2026-09-08T17-53-24-01a08227-3b5d-7902-9b9b-ec506b17eb41.jsonl	2026-09-08T18:08:50.498Z	gpt-6-astra
3d33b4894ec72a33	-	ineligible	out-of-family:x-other	-	-	-	rollout-2026-09-08T17-53-24-01a08227-3b5d-7902-9b9b-ec506b17eb41.jsonl	2026-09-08T18:12:25.789Z	gpt-6-astra
ac2664dbca825a90	-	ineligible	out-of-family:x-other	-	-	-	rollout-2026-09-08T17-53-24-01a08227-3b5d-7902-9b9b-ec506b17eb41.jsonl	2026-09-08T18:14:06.219Z	gpt-6-astra
25f6ce290c857da7	R	ineligible	pre-edit-bytes-not-recoverable	/home/forge/src/kaocha-sublime	-	-	rollout-2026-09-08T17-53-24-01a08227-3b5d-7902-9b9b-ec506b17eb41.jsonl	2026-09-08T18:16:15.302Z	gpt-6-astra
c43f04de0e7a348b	-	ineligible	out-of-family:x-noop	-	-	-	rollout-2026-09-08T17-53-24-01a08227-3b5d-7902-9b9b-ec506b17eb41.jsonl	2026-09-08T18:16:37.017Z	gpt-6-astra
aaf3d39598963fa1	T	ineligible	pre-edit-bytes-not-recoverable	/home/forge/src/kaocha-sublime	-	-	rollout-2026-09-08T17-53-24-01a08227-3b5d-7902-9b9b-ec506b17eb41.jsonl	2026-09-08T18:17:04.606Z	gpt-6-astra
33a4bbeb2e93d723	-	ineligible	out-of-family:x-noop	-	-	-	rollout-2026-09-08T17-53-24-01a08227-3b5d-7902-9b9b-ec506b17eb41.jsonl	2026-09-08T18:18:30.627Z	gpt-6-astra
88ead683aeafc288	-	ineligible	out-of-family:x-noop	-	-	-	rollout-2026-09-08T17-53-24-01a08227-3b5d-7902-9b9b-ec506b17eb41.jsonl	2026-09-08T18:19:41.649Z	gpt-6-astra
68cccfc79d13201b	-	ineligible	out-of-family:x-noop	-	-	-	rollout-2026-09-08T17-53-24-01a08227-3b5d-7902-9b9b-ec506b17eb41.jsonl	2026-09-08T18:20:34.799Z	gpt-6-astra
037db4e7b9ce3913	-	ineligible	out-of-family:x-other	-	-	-	rollout-2026-09-08T17-53-24-01a08227-3b5d-7902-9b9b-ec506b17eb41.jsonl	2026-09-08T18:22:18.360Z	gpt-6-astra
447b36218ea2345e	-	ineligible	out-of-family:x-other	-	-	-	rollout-2026-09-08T17-53-24-01a08227-3b5d-7902-9b9b-ec506b17eb41.jsonl	2026-09-08T18:24:45.207Z	gpt-6-astra
04127ffe21f2d912	-	ineligible	out-of-family:x-noop	-	-	-	rollout-2026-09-08T17-53-24-01a08227-3b5d-7902-9b9b-ec506b17eb41.jsonl	2026-09-08T18:27:07.016Z	gpt-6-astra
6abcdc7d5d118fa1	-	ineligible	out-of-family:x-other	-	-	-	rollout-2026-09-08T17-53-24-01a08227-3b5d-7902-9b9b-ec506b17eb41.jsonl	2026-09-08T18:28:50.136Z	gpt-6-astra
7c53e49303b0cd83	-	ineligible	out-of-family:x-other	-	-	-	rollout-2026-09-08T17-53-24-01a08227-3b5d-7902-9b9b-ec506b17eb41.jsonl	2026-09-08T18:31:25.411Z	gpt-6-astra
847e51791e219414	-	ineligible	out-of-family:x-noop	-	-	-	rollout-2026-09-08T17-53-24-01a08227-3b5d-7902-9b9b-ec506b17eb41.jsonl	2026-09-08T18:35:13.174Z	gpt-6-astra
8b8cb10e433881c1	-	ineligible	out-of-family:x-other	-	-	-	rollout-2026-09-08T17-53-24-01a08227-3b5d-7902-9b9b-ec506b17eb41.jsonl	2026-09-08T18:37:17.763Z	gpt-6-astra
0df3b1fc9353e579	-	ineligible	out-of-family:x-other	-	-	-	rollout-2026-09-08T17-53-24-01a08227-3b5d-7902-9b9b-ec506b17eb41.jsonl	2026-09-08T18:38:02.973Z	gpt-6-astra
ac62406469bd7143	-	ineligible	out-of-family:x-other	-	-	-	rollout-2026-09-08T17-53-24-01a08227-3b5d-7902-9b9b-ec506b17eb41.jsonl	2026-09-08T18:41:06.775Z	gpt-6-astra
72f329b78e723f20	-	ineligible	out-of-family:x-noop	-	-	-	rollout-2026-09-08T17-53-24-01a08227-3b5d-7902-9b9b-ec506b17eb41.jsonl	2026-09-08T18:44:38.750Z	gpt-6-astra
81eb9065429db924	-	ineligible	out-of-family:x-noop	-	-	-	rollout-2026-09-08T17-53-24-01a08227-3b5d-7902-9b9b-ec506b17eb41.jsonl	2026-09-08T18:45:27.768Z	gpt-6-astra
672a31286e246e15	-	ineligible	out-of-family:x-noop	-	-	-	rollout-2026-09-08T17-53-24-01a08227-3b5d-7902-9b9b-ec506b17eb41.jsonl	2026-09-08T18:49:28.508Z	gpt-6-astra
c888a37087135313	-	ineligible	out-of-family:x-noop	-	-	-	rollout-2026-09-08T17-53-24-01a08227-3b5d-7902-9b9b-ec506b17eb41.jsonl	2026-09-08T18:54:06.525Z	gpt-6-astra
e562edb478ebd811	I	ineligible	anchor-too-short-ambiguous	/home/forge/src/kaocha-sublime	src/kaocha_sublime/image.clj	2b94d97d2d84c12e4cb23a193f982497b79b773f	rollout-2026-09-08T17-53-24-01a08227-3b5d-7902-9b9b-ec506b17eb41.jsonl	2026-09-08T18:56:15.496Z	gpt-6-astra
68f83a8cc1da320f	-	ineligible	out-of-family:x-noop	-	-	-	rollout-2026-09-08T17-53-24-01a08227-3b5d-7902-9b9b-ec506b17eb41.jsonl	2026-09-08T18:59:06.069Z	gpt-6-astra
5c893d5ea46ab448	-	ineligible	out-of-family:x-other	-	-	-	rollout-2026-09-08T17-53-24-01a08227-3b5d-7902-9b9b-ec506b17eb41.jsonl	2026-09-08T18:59:35.233Z	gpt-6-astra
e54de0012e6892d7	-	ineligible	out-of-family:x-noop	-	-	-	rollout-2026-09-08T17-53-24-01a08227-3b5d-7902-9b9b-ec506b17eb41.jsonl	2026-09-08T19:01:22.274Z	gpt-6-astra
6dadeab32319da59	-	ineligible	out-of-family:x-noop	-	-	-	rollout-2026-09-08T17-53-24-01a08227-3b5d-7902-9b9b-ec506b17eb41.jsonl	2026-09-08T19:03:58.634Z	gpt-6-astra
a01557821c497c58	-	ineligible	out-of-family:x-other	-	-	-	rollout-2026-09-08T17-53-24-01a08227-3b5d-7902-9b9b-ec506b17eb41.jsonl	2026-09-08T19:04:22.353Z	gpt-6-astra
025681f05b054963	T	eligible	ok	/home/forge/src/kaocha-sublime	test/kaocha_sublime/receipt_test.clj	51d8866582c17fe824f587cc414714eb60178429	rollout-2026-09-08T17-53-24-01a08227-3b5d-7902-9b9b-ec506b17eb41.jsonl	2026-09-08T19:05:40.624Z	gpt-6-astra
4f45d4ee5e46c51d	-	ineligible	out-of-family:x-noop	-	-	-	rollout-2026-09-08T17-53-24-01a08227-3b5d-7902-9b9b-ec506b17eb41.jsonl	2026-09-08T19:06:26.767Z	gpt-6-astra
06e2c1ee7346aec2	T	ineligible	pre-edit-bytes-not-recoverable	/home/forge/src/kaocha-sublime	-	-	rollout-2026-09-08T17-53-24-01a08227-3b5d-7902-9b9b-ec506b17eb41.jsonl	2026-09-08T19:09:06.532Z	gpt-6-astra
a4b5c91f47ab5c0f	-	ineligible	out-of-family:x-other	-	-	-	rollout-2026-09-08T17-53-24-01a08227-3b5d-7902-9b9b-ec506b17eb41.jsonl	2026-09-08T19:11:38.234Z	gpt-6-astra
4c8e2205f8b37adf	-	ineligible	out-of-family:x-noop	-	-	-	rollout-2026-09-08T17-53-24-01a08227-3b5d-7902-9b9b-ec506b17eb41.jsonl	2026-09-08T19:33:16.246Z	gpt-6-astra
22d704fe2399f5fa	-	ineligible	out-of-family:x-noop	-	-	-	rollout-2026-09-08T21-31-56-01a082ef-4d78-7f11-8928-538e448849a2.jsonl	2026-09-08T21:34:34.614Z	gpt-6-astra
6bb12a3db9ca3cbb	-	ineligible	out-of-family:x-noop	-	-	-	rollout-2026-09-08T21-31-56-01a082ef-4d78-7f11-8928-538e448849a2.jsonl	2026-09-08T21:41:05.187Z	gpt-6-astra
ba6b7eded2d3a750	-	ineligible	out-of-family:x-other	-	-	-	rollout-2026-09-08T21-31-56-01a082ef-4d78-7f11-8928-538e448849a2.jsonl	2026-09-08T21:42:28.176Z	gpt-6-astra
3f20471d1e118451	-	ineligible	out-of-family:x-noop	-	-	-	rollout-2026-09-08T21-31-56-01a082ef-4d78-7f11-8928-538e448849a2.jsonl	2026-09-08T21:45:35.721Z	gpt-6-astra
045f0adfa36f7e32	-	ineligible	out-of-family:x-noop	-	-	-	rollout-2026-09-08T21-31-56-01a082ef-4d78-7f11-8928-538e448849a2.jsonl	2026-09-08T21:46:23.773Z	gpt-6-astra
f84b13389c683093	-	ineligible	out-of-family:x-noop	-	-	-	rollout-2026-09-08T21-31-56-01a082ef-4d78-7f11-8928-538e448849a2.jsonl	2026-09-08T21:47:20.407Z	gpt-6-astra
a069fb962fddd69e	-	ineligible	out-of-family:x-other	-	-	-	rollout-2026-09-08T01-18-47-01a07e98-a141-70c0-9ce4-60ec332d02d9.jsonl	2026-09-08T01:20:11.621Z	gpt-6-astra
1682f9e9ba36c1c5	-	ineligible	out-of-family:x-other	-	-	-	rollout-2026-09-08T01-18-47-01a07e98-a141-70c0-9ce4-60ec332d02d9.jsonl	2026-09-08T01:21:26.922Z	gpt-6-astra
f15178a8e53e5e68	-	ineligible	out-of-family:x-noop	-	-	-	rollout-2026-09-08T01-18-47-01a07e98-a141-70c0-9ce4-60ec332d02d9.jsonl	2026-09-08T01:22:16.343Z	gpt-6-astra
7d7250ce6ca0f09b	-	ineligible	out-of-family:x-other	-	-	-	rollout-2026-09-08T01-18-47-01a07e98-a141-70c0-9ce4-60ec332d02d9.jsonl	2026-09-08T01:22:35.981Z	gpt-6-astra
7022a9f5aac3b3e9	-	ineligible	out-of-family:x-other	-	-	-	rollout-2026-09-08T01-18-47-01a07e98-a141-70c0-9ce4-60ec332d02d9.jsonl	2026-09-08T01:23:25.294Z	gpt-6-astra
1f952e120d744e98	-	ineligible	out-of-family:x-other	-	-	-	rollout-2026-09-08T01-18-47-01a07e98-a141-70c0-9ce4-60ec332d02d9.jsonl	2026-09-08T01:23:56.459Z	gpt-6-astra
bfa0c596f92c9998	-	ineligible	out-of-family:x-noop	-	-	-	rollout-2026-09-08T01-18-47-01a07e98-a141-70c0-9ce4-60ec332d02d9.jsonl	2026-09-08T01:25:24.242Z	gpt-6-astra
8693a0ab989427b6	-	ineligible	out-of-family:x-noop	-	-	-	rollout-2026-09-08T01-18-47-01a07e98-a141-70c0-9ce4-60ec332d02d9.jsonl	2026-09-08T01:27:07.749Z	gpt-6-astra
959595930af19925	-	ineligible	out-of-family:x-noop	-	-	-	rollout-2026-09-08T01-18-47-01a07e98-a141-70c0-9ce4-60ec332d02d9.jsonl	2026-09-08T01:30:09.817Z	gpt-6-astra
d0fef090953bee38	-	ineligible	out-of-family:x-noop	-	-	-	rollout-2026-09-08T21-51-46-01a08301-7751-7de1-9045-7ced7dfdd348.jsonl	2026-09-08T21:57:41.883Z	gpt-6-astra
487df6dd47317358	-	ineligible	out-of-family:x-other	-	-	-	rollout-2026-09-08T21-51-46-01a08301-7751-7de1-9045-7ced7dfdd348.jsonl	2026-09-08T21:58:15.421Z	gpt-6-astra
0d3b4e38eaf7a45c	-	ineligible	out-of-family:x-noop	-	-	-	rollout-2026-09-08T21-51-46-01a08301-7751-7de1-9045-7ced7dfdd348.jsonl	2026-09-08T22:00:06.295Z	gpt-6-astra
b580fd44f654eb0d	-	ineligible	out-of-family:x-noop	-	-	-	rollout-2026-09-08T21-51-46-01a08301-7751-7de1-9045-7ced7dfdd348.jsonl	2026-09-08T22:04:28.356Z	gpt-6-astra
b441c6d343578667	-	ineligible	out-of-family:x-noop	-	-	-	rollout-2026-09-08T21-51-46-01a08301-7751-7de1-9045-7ced7dfdd348.jsonl	2026-09-08T22:11:29.968Z	gpt-6-astra
4fb501b35fa854c2	-	ineligible	out-of-family:x-noop	-	-	-	rollout-2026-09-08T20-11-11-01a082a5-61f6-7793-986d-a4a0a4bd5cf4.jsonl	2026-09-08T20:14:04.039Z	gpt-6-astra
f9bdf536997b9de6	-	ineligible	out-of-family:x-other	-	-	-	rollout-2026-09-08T20-11-11-01a082a5-61f6-7793-986d-a4a0a4bd5cf4.jsonl	2026-09-08T20:14:15.685Z	gpt-6-astra
4b2d108203487ef9	-	ineligible	out-of-family:x-other	-	-	-	rollout-2026-09-08T20-11-11-01a082a5-61f6-7793-986d-a4a0a4bd5cf4.jsonl	2026-09-08T20:14:57.834Z	gpt-6-astra
edb91838507f3d9f	-	ineligible	out-of-family:x-other	-	-	-	rollout-2026-09-08T20-11-11-01a082a5-61f6-7793-986d-a4a0a4bd5cf4.jsonl	2026-09-08T20:44:47.691Z	gpt-6-astra
6a044cce614d1742	-	ineligible	out-of-family:x-noop	-	-	-	rollout-2026-09-08T20-11-11-01a082a5-61f6-7793-986d-a4a0a4bd5cf4.jsonl	2026-09-08T20:45:28.735Z	gpt-6-astra
22bf54d72dc12a75	-	ineligible	out-of-family:x-noop	-	-	-	rollout-2026-09-08T01-10-55-01a07e91-6fbf-74a0-919b-2d112d7c718e.jsonl	2026-09-08T01:13:50.174Z	gpt-6-astra
430b35f3e5d469d5	-	ineligible	out-of-family:x-other	-	-	-	rollout-2026-09-08T01-10-55-01a07e91-6fbf-74a0-919b-2d112d7c718e.jsonl	2026-09-08T01:14:08.153Z	gpt-6-astra
9f6dbbd96f4ae12f	-	ineligible	out-of-family:x-noop	-	-	-	rollout-2026-09-08T01-10-55-01a07e91-6fbf-74a0-919b-2d112d7c718e.jsonl	2026-09-08T01:14:45.743Z	gpt-6-astra
6c66a4966dc7d834	-	ineligible	out-of-family:x-other	-	-	-	rollout-2026-09-08T01-10-55-01a07e91-6fbf-74a0-919b-2d112d7c718e.jsonl	2026-09-08T01:15:42.315Z	gpt-6-astra
0a9e0377eba8b9b1	-	ineligible	out-of-family:x-noop	-	-	-	rollout-2026-09-08T16-50-17-01a081ed-71ba-7591-a3bd-e9c947d31e2c.jsonl	2026-09-08T16:54:29.701Z	gpt-6-astra
b8f682296a94837c	-	ineligible	out-of-family:x-other	-	-	-	rollout-2026-09-08T16-50-17-01a081ed-71ba-7591-a3bd-e9c947d31e2c.jsonl	2026-09-08T16:54:55.002Z	gpt-6-astra
33099d37cead1c98	-	ineligible	out-of-family:x-noop	-	-	-	rollout-2026-09-08T16-50-17-01a081ed-71ba-7591-a3bd-e9c947d31e2c.jsonl	2026-09-08T16:57:46.038Z	gpt-6-astra
c8d73d638a9186a9	-	ineligible	out-of-family:x-other	-	-	-	rollout-2026-09-08T16-50-17-01a081ed-71ba-7591-a3bd-e9c947d31e2c.jsonl	2026-09-08T16:58:46.227Z	gpt-6-astra
85e80088266098d2	-	ineligible	out-of-family:x-other	-	-	-	rollout-2026-09-08T16-50-17-01a081ed-71ba-7591-a3bd-e9c947d31e2c.jsonl	2026-09-08T17:00:49.204Z	gpt-6-astra
170b1b88202a33f0	-	ineligible	out-of-family:x-other	-	-	-	rollout-2026-09-08T16-50-17-01a081ed-71ba-7591-a3bd-e9c947d31e2c.jsonl	2026-09-08T17:16:16.276Z	gpt-6-astra
c4168892f303e269	-	ineligible	out-of-family:x-noop	-	-	-	rollout-2026-09-08T16-50-17-01a081ed-71ba-7591-a3bd-e9c947d31e2c.jsonl	2026-09-08T17:29:30.262Z	gpt-6-astra
1cac7edaedb319a0	-	ineligible	out-of-family:x-noop	-	-	-	rollout-2026-09-08T03-21-34-01a07f09-0d0a-7870-bcd5-284f128f680f.jsonl	2026-09-08T03:28:50.542Z	gpt-6-astra
1e86278e425b95c8	-	ineligible	out-of-family:x-noop	-	-	-	rollout-2026-09-08T15-27-03-01a081a1-3dbd-7753-bafa-517b2628c41b.jsonl	2026-09-08T15:31:15.894Z	gpt-6-astra
fb07fa1a346bdfa4	-	ineligible	out-of-family:x-noop	-	-	-	rollout-2026-09-08T15-27-03-01a081a1-3dbd-7753-bafa-517b2628c41b.jsonl	2026-09-08T15:33:14.340Z	gpt-6-astra
6af42bc342a8305c	-	ineligible	out-of-family:x-other	-	-	-	rollout-2026-09-08T15-27-03-01a081a1-3dbd-7753-bafa-517b2628c41b.jsonl	2026-09-08T15:34:11.586Z	gpt-6-astra
3637b3f9f3fc3e1d	-	ineligible	out-of-family:x-other	-	-	-	rollout-2026-09-08T15-27-03-01a081a1-3dbd-7753-bafa-517b2628c41b.jsonl	2026-09-08T15:34:35.055Z	gpt-6-astra
fee075e6b03d0616	-	ineligible	out-of-family:x-noop	-	-	-	rollout-2026-09-08T15-27-03-01a081a1-3dbd-7753-bafa-517b2628c41b.jsonl	2026-09-08T15:35:27.277Z	gpt-6-astra
2ac7f47906ecb8cc	T	ineligible	pre-edit-bytes-not-recoverable	/home/forge/src/clj-surgeon-split	-	-	rollout-2026-09-08T15-27-03-01a081a1-3dbd-7753-bafa-517b2628c41b.jsonl	2026-09-08T15:35:51.262Z	gpt-6-astra
aa4d4966e0521ce6	-	ineligible	out-of-family:x-noop	-	-	-	rollout-2026-09-08T15-27-03-01a081a1-3dbd-7753-bafa-517b2628c41b.jsonl	2026-09-08T15:37:20.836Z	gpt-6-astra
f5cc1934b7b6c724	-	ineligible	out-of-family:x-other	-	-	-	rollout-2026-09-08T15-27-03-01a081a1-3dbd-7753-bafa-517b2628c41b.jsonl	2026-09-08T15:37:41.941Z	gpt-6-astra
7fc5945c01648fd7	-	ineligible	out-of-family:x-noop	-	-	-	rollout-2026-09-08T15-27-03-01a081a1-3dbd-7753-bafa-517b2628c41b.jsonl	2026-09-08T15:39:02.260Z	gpt-6-astra
55d67bb12bf61d85	-	ineligible	out-of-family:x-noop	-	-	-	rollout-2026-09-08T15-27-03-01a081a1-3dbd-7753-bafa-517b2628c41b.jsonl	2026-09-08T15:42:31.899Z	gpt-6-astra
b4fa48b5a288e43b	-	ineligible	out-of-family:x-noop	-	-	-	rollout-2026-09-08T15-27-03-01a081a1-3dbd-7753-bafa-517b2628c41b.jsonl	2026-09-08T15:45:50.041Z	gpt-6-astra
6d00fe14b1f3ce20	-	ineligible	out-of-family:x-other	-	-	-	rollout-2026-09-08T15-27-03-01a081a1-3dbd-7753-bafa-517b2628c41b.jsonl	2026-09-08T15:47:57.417Z	gpt-6-astra
cac871867b4fcc76	-	ineligible	out-of-family:x-other	-	-	-	rollout-2026-09-08T15-27-03-01a081a1-3dbd-7753-bafa-517b2628c41b.jsonl	2026-09-08T15:48:44.739Z	gpt-6-astra
ca33caf0a36d6edb	-	ineligible	out-of-family:x-noop	-	-	-	rollout-2026-09-08T15-27-03-01a081a1-3dbd-7753-bafa-517b2628c41b.jsonl	2026-09-08T15:48:44.739Z	gpt-6-astra
d0343268b557ed36	T	ineligible	pre-edit-bytes-not-recoverable	/home/forge/src/clj-surgeon-split	-	-	rollout-2026-09-08T15-27-03-01a081a1-3dbd-7753-bafa-517b2628c41b.jsonl	2026-09-08T15:51:14.571Z	gpt-6-astra
f913c9ccb6fc88c5	-	ineligible	out-of-family:x-noop	-	-	-	rollout-2026-09-08T15-27-03-01a081a1-3dbd-7753-bafa-517b2628c41b.jsonl	2026-09-08T15:53:12.384Z	gpt-6-astra
f00c18a25b323128	-	ineligible	out-of-family:x-noop	-	-	-	rollout-2026-09-08T15-27-03-01a081a1-3dbd-7753-bafa-517b2628c41b.jsonl	2026-09-08T15:54:44.321Z	gpt-6-astra
a92e93171069b77b	-	ineligible	out-of-family:x-other	-	-	-	rollout-2026-09-08T15-27-03-01a081a1-3dbd-7753-bafa-517b2628c41b.jsonl	2026-09-08T15:56:18.046Z	gpt-6-astra
5e0863c5d3cda558	-	ineligible	out-of-family:x-noop	-	-	-	rollout-2026-09-08T15-27-03-01a081a1-3dbd-7753-bafa-517b2628c41b.jsonl	2026-09-08T15:59:29.739Z	gpt-6-astra
a99c15c49d6d3d9f	T	ineligible	pre-edit-bytes-not-recoverable	/home/forge/src/clj-surgeon-split	-	-	rollout-2026-09-08T15-27-03-01a081a1-3dbd-7753-bafa-517b2628c41b.jsonl	2026-09-08T16:01:24.593Z	gpt-6-astra
bebb43f3ecee87cd	-	ineligible	out-of-family:x-noop	-	-	-	rollout-2026-09-08T15-27-03-01a081a1-3dbd-7753-bafa-517b2628c41b.jsonl	2026-09-08T16:04:21.955Z	gpt-6-astra
881bb58405ffd59f	-	ineligible	out-of-family:x-noop	-	-	-	rollout-2026-09-08T15-27-03-01a081a1-3dbd-7753-bafa-517b2628c41b.jsonl	2026-09-08T16:05:12.176Z	gpt-6-astra
9cb21e9479b53127	-	ineligible	out-of-family:x-noop	-	-	-	rollout-2026-09-08T15-27-03-01a081a1-3dbd-7753-bafa-517b2628c41b.jsonl	2026-09-08T16:06:55.451Z	gpt-6-astra
0db286f8b6edcee0	T	eligible	ok	/home/forge/src/clj-surgeon-split	test/clj_surgeon/lane_manifest_test.clj	77ac921c96a8cb382d5ee9034919d4bbe45eb9d7	rollout-2026-09-08T15-27-03-01a081a1-3dbd-7753-bafa-517b2628c41b.jsonl	2026-09-08T16:09:17.819Z	gpt-6-astra
6ede58e51c5e1d34	-	ineligible	out-of-family:x-noop	-	-	-	rollout-2026-09-08T15-27-03-01a081a1-3dbd-7753-bafa-517b2628c41b.jsonl	2026-09-08T16:13:41.526Z	gpt-6-astra
2d16a6a41eeffcd4	-	ineligible	out-of-family:x-other	-	-	-	rollout-2026-09-08T15-27-03-01a081a1-3dbd-7753-bafa-517b2628c41b.jsonl	2026-09-08T16:28:04.736Z	gpt-6-astra
8ca13ea6d5d6d19d	-	ineligible	out-of-family:x-noop	-	-	-	rollout-2026-09-03T08-06-14-01a0664d-e052-71a1-897a-dcfdd28819ba.jsonl	2026-09-03T08:11:48.783Z	gpt-5.6-sol
7bdc5eaf6619e2a4	-	ineligible	out-of-family:x-noop	-	-	-	rollout-2026-09-03T08-06-14-01a0664d-e052-71a1-897a-dcfdd28819ba.jsonl	2026-09-03T08:12:14.387Z	gpt-5.6-sol
a1e37da38a3868cb	-	ineligible	out-of-family:x-noop	-	-	-	rollout-2026-09-03T08-06-14-01a0664d-e052-71a1-897a-dcfdd28819ba.jsonl	2026-09-03T08:13:05.269Z	gpt-5.6-sol
24d43dbbbcf03155	-	ineligible	out-of-family:x-noop	-	-	-	rollout-2026-09-03T08-06-14-01a0664d-e052-71a1-897a-dcfdd28819ba.jsonl	2026-09-03T08:28:42.650Z	gpt-5.6-sol
22fabec232bd1305	-	ineligible	out-of-family:x-noop	-	-	-	rollout-2026-09-03T08-59-52-01a0667e-f80e-7543-879f-2645506b925a.jsonl	2026-09-03T09:11:18.870Z	gpt-5.6-sol
2640c72d34edba8e	-	ineligible	out-of-family:x-noop	-	-	-	rollout-2026-09-03T08-59-52-01a0667e-f80e-7543-879f-2645506b925a.jsonl	2026-09-03T09:11:57.050Z	gpt-5.6-sol
4cebfe8c390501e5	-	ineligible	out-of-family:x-noop	-	-	-	rollout-2026-09-03T06-37-38-01a065fc-c24c-7200-b94f-3c6c22706651.jsonl	2026-09-03T07:01:43.530Z	gpt-5.6-sol
3056953c97f8db61	-	ineligible	out-of-family:x-noop	-	-	-	rollout-2026-09-06T17-33-19-01a077c8-2011-78c2-b309-20a7034703d4.jsonl	2026-09-06T17:35:27.733Z	gpt-6-astra
cd4d77f49bf14a68	-	ineligible	out-of-family:x-other	-	-	-	rollout-2026-09-06T10-39-28-01a0764d-3e39-7090-b229-b3694871e260.jsonl	2026-09-06T10:41:21.498Z	gpt-6-astra
8078464f2f864086	-	ineligible	out-of-family:x-noop	-	-	-	rollout-2026-09-06T00-32-05-01a07421-2b54-7f52-97d6-906590ca5e71.jsonl	2026-09-06T05:26:11.527Z	gpt-6-astra
c1dc8f114e753953	-	ineligible	out-of-family:x-noop	-	-	-	rollout-2026-09-06T00-32-05-01a07421-2b54-7f52-97d6-906590ca5e71.jsonl	2026-09-06T07:11:59.966Z	gpt-6-astra
5cff3d7679e1cc64	-	ineligible	out-of-family:x-noop	-	-	-	rollout-2026-09-06T00-32-05-01a07421-2b54-7f52-97d6-906590ca5e71.jsonl	2026-09-06T07:13:20.069Z	gpt-6-astra
432bded7e714287b	-	ineligible	out-of-family:x-other	-	-	-	rollout-2026-09-06T00-32-05-01a07421-2b54-7f52-97d6-906590ca5e71.jsonl	2026-09-06T17:00:31.331Z	gpt-6-astra
256cfab40447602c	-	ineligible	out-of-family:x-noop	-	-	-	rollout-2026-09-06T01-49-24-01a07467-f3ae-7422-8186-80c758f753aa.jsonl	2026-09-06T01:52:34.861Z	gpt-6-astra
7619a33f74fabc9a	-	ineligible	out-of-family:x-noop	-	-	-	rollout-2026-09-06T01-49-24-01a07467-f3ae-7422-8186-80c758f753aa.jsonl	2026-09-06T01:53:25.384Z	gpt-6-astra
a349c7063579e2be	T	ineligible	pre-edit-bytes-not-recoverable	/home/forge/src/clj-surgeon	-	-	rollout-2026-09-06T01-49-24-01a07467-f3ae-7422-8186-80c758f753aa.jsonl	2026-09-06T01:54:00.948Z	gpt-6-astra
97c52ff7c45c2a05	-	ineligible	out-of-family:x-other	-	-	-	rollout-2026-09-06T01-49-24-01a07467-f3ae-7422-8186-80c758f753aa.jsonl	2026-09-06T01:54:37.842Z	gpt-6-astra
1d8a1131ea453cc2	-	ineligible	out-of-family:x-noop	-	-	-	rollout-2026-09-06T01-49-24-01a07467-f3ae-7422-8186-80c758f753aa.jsonl	2026-09-06T01:55:35.761Z	gpt-6-astra
ed665e544044b2d5	-	ineligible	out-of-family:x-noop	-	-	-	rollout-2026-09-06T01-49-24-01a07467-f3ae-7422-8186-80c758f753aa.jsonl	2026-09-06T01:56:00.563Z	gpt-6-astra
62ee1baa9f8cd1ef	-	ineligible	out-of-family:x-noop	-	-	-	rollout-2026-09-06T01-49-24-01a07467-f3ae-7422-8186-80c758f753aa.jsonl	2026-09-06T01:56:33.137Z	gpt-6-astra
ead03be749c941cc	-	ineligible	out-of-family:x-other	-	-	-	rollout-2026-09-06T01-49-24-01a07467-f3ae-7422-8186-80c758f753aa.jsonl	2026-09-06T01:57:53.982Z	gpt-6-astra
2f5e5bc83113b7ae	T	ineligible	pre-edit-bytes-not-recoverable	/home/forge/src/clj-surgeon	-	-	rollout-2026-09-06T01-49-24-01a07467-f3ae-7422-8186-80c758f753aa.jsonl	2026-09-06T01:58:32.073Z	gpt-6-astra
20bda36dd6d6943f	T	ineligible	pre-edit-bytes-not-recoverable	/home/forge/src/clj-surgeon	-	-	rollout-2026-09-06T01-49-24-01a07467-f3ae-7422-8186-80c758f753aa.jsonl	2026-09-06T01:59:06.870Z	gpt-6-astra
efdb3a1b48f8c54b	-	ineligible	out-of-family:x-other	-	-	-	rollout-2026-09-06T01-49-24-01a07467-f3ae-7422-8186-80c758f753aa.jsonl	2026-09-06T01:59:32.393Z	gpt-6-astra
42c301d79f383819	-	ineligible	out-of-family:x-noop	-	-	-	rollout-2026-09-06T01-49-24-01a07467-f3ae-7422-8186-80c758f753aa.jsonl	2026-09-06T02:11:16.466Z	gpt-6-astra
2c5cabf3a1c34fc2	-	ineligible	out-of-family:x-noop	-	-	-	rollout-2026-09-06T01-49-24-01a07467-f3ae-7422-8186-80c758f753aa.jsonl	2026-09-06T02:12:49.326Z	gpt-6-astra
78189f5446a37ad8	-	ineligible	out-of-family:x-noop	-	-	-	rollout-2026-09-06T01-49-24-01a07467-f3ae-7422-8186-80c758f753aa.jsonl	2026-09-06T02:13:41.682Z	gpt-6-astra
e0d9002d8d539fdd	-	ineligible	out-of-family:x-other	-	-	-	rollout-2026-09-06T01-49-24-01a07467-f3ae-7422-8186-80c758f753aa.jsonl	2026-09-06T02:14:39.091Z	gpt-6-astra
24e010b9b9b7097d	-	ineligible	out-of-family:x-other	-	-	-	rollout-2026-09-06T01-49-24-01a07467-f3ae-7422-8186-80c758f753aa.jsonl	2026-09-06T02:16:17.657Z	gpt-6-astra
ce0458b35a0a7429	-	ineligible	out-of-family:x-noop	-	-	-	rollout-2026-09-06T01-49-24-01a07467-f3ae-7422-8186-80c758f753aa.jsonl	2026-09-06T02:39:43.822Z	gpt-6-astra
5836bd995ac6dacb	-	ineligible	out-of-family:x-noop	-	-	-	rollout-2026-09-06T01-49-24-01a07467-f3ae-7422-8186-80c758f753aa.jsonl	2026-09-06T02:42:40.418Z	gpt-6-astra
f116fccd9033fdb5	-	ineligible	out-of-family:x-noop	-	-	-	rollout-2026-09-06T01-49-24-01a07467-f3ae-7422-8186-80c758f753aa.jsonl	2026-09-06T02:43:11.593Z	gpt-6-astra
77e1a6cbce94a2ce	-	ineligible	out-of-family:x-other	-	-	-	rollout-2026-09-06T01-49-24-01a07467-f3ae-7422-8186-80c758f753aa.jsonl	2026-09-06T02:43:52.146Z	gpt-6-astra
099b840e1bd02eb9	T	eligible	ok	/home/forge/src/clj-surgeon	test/clj_surgeon/telemetry_events_test.clj	b4ec5548012895fe919d67defd4821caf5d8e4b2	rollout-2026-09-06T01-49-24-01a07467-f3ae-7422-8186-80c758f753aa.jsonl	2026-09-06T02:44:49.030Z	gpt-6-astra
8ce67c68770c4468	-	ineligible	out-of-family:x-noop	-	-	-	rollout-2026-09-06T01-49-24-01a07467-f3ae-7422-8186-80c758f753aa.jsonl	2026-09-06T02:53:49.416Z	gpt-6-astra
1dc7be9c37e8786e	-	ineligible	out-of-family:x-other	-	-	-	rollout-2026-09-06T01-49-24-01a07467-f3ae-7422-8186-80c758f753aa.jsonl	2026-09-06T02:54:19.083Z	gpt-6-astra
f67c931fe9cf3fe0	-	ineligible	out-of-family:x-noop	-	-	-	rollout-2026-09-06T01-49-24-01a07467-f3ae-7422-8186-80c758f753aa.jsonl	2026-09-06T02:55:06.391Z	gpt-6-astra
de2affd41902c24f	-	ineligible	out-of-family:x-noop	-	-	-	rollout-2026-09-06T01-49-24-01a07467-f3ae-7422-8186-80c758f753aa.jsonl	2026-09-06T03:06:14.504Z	gpt-6-astra
76afdb229db929a6	-	ineligible	out-of-family:x-noop	-	-	-	rollout-2026-09-06T01-49-24-01a07467-f3ae-7422-8186-80c758f753aa.jsonl	2026-09-06T03:07:07.853Z	gpt-6-astra
21471d1589885abf	-	ineligible	out-of-family:x-noop	-	-	-	rollout-2026-09-06T01-49-24-01a07467-f3ae-7422-8186-80c758f753aa.jsonl	2026-09-06T03:08:34.142Z	gpt-6-astra
febe6a77af523478	T	ineligible	pre-edit-bytes-not-recoverable	/home/forge/src/clj-surgeon	-	-	rollout-2026-09-06T01-49-24-01a07467-f3ae-7422-8186-80c758f753aa.jsonl	2026-09-06T03:09:28.906Z	gpt-6-astra
a036b08fa9b41e15	-	ineligible	out-of-family:x-noop	-	-	-	rollout-2026-09-06T01-49-24-01a07467-f3ae-7422-8186-80c758f753aa.jsonl	2026-09-06T03:10:01.117Z	gpt-6-astra
ce03c67d61997086	I	ineligible	edit-already-present-in-pre-edit	/home/forge/src/clj-surgeon	test/clj_surgeon/mission_test.clj	719564a61e3f99938ba3cf11399ded8b1bc6ed0d	rollout-2026-09-06T01-49-24-01a07467-f3ae-7422-8186-80c758f753aa.jsonl	2026-09-06T03:13:17.821Z	gpt-6-astra
bd6ef5575b32473e	T	ineligible	pre-edit-bytes-not-recoverable	/home/forge/src/clj-surgeon	-	-	rollout-2026-09-06T01-49-24-01a07467-f3ae-7422-8186-80c758f753aa.jsonl	2026-09-06T03:13:55.444Z	gpt-6-astra
6eb372e5d331fbbf	T	ineligible	pre-edit-bytes-not-recoverable	/home/forge/src/clj-surgeon	-	-	rollout-2026-09-06T01-49-24-01a07467-f3ae-7422-8186-80c758f753aa.jsonl	2026-09-06T03:15:16.555Z	gpt-6-astra
2366b6c6b1478976	-	ineligible	out-of-family:x-other	-	-	-	rollout-2026-09-06T01-49-24-01a07467-f3ae-7422-8186-80c758f753aa.jsonl	2026-09-06T03:15:49.259Z	gpt-6-astra
0769c59f643fd1f7	-	ineligible	out-of-family:x-noop	-	-	-	rollout-2026-09-06T01-49-24-01a07467-f3ae-7422-8186-80c758f753aa.jsonl	2026-09-06T03:16:30.338Z	gpt-6-astra
068573bea5912caf	-	ineligible	out-of-family:x-noop	-	-	-	rollout-2026-09-06T01-49-24-01a07467-f3ae-7422-8186-80c758f753aa.jsonl	2026-09-06T03:21:46.808Z	gpt-6-astra
d0bf60322e21e21d	-	ineligible	out-of-family:x-noop	-	-	-	rollout-2026-09-06T01-49-24-01a07467-f3ae-7422-8186-80c758f753aa.jsonl	2026-09-06T03:22:23.482Z	gpt-6-astra
dde6d6c9094319e0	-	ineligible	out-of-family:x-other	-	-	-	rollout-2026-09-06T01-49-24-01a07467-f3ae-7422-8186-80c758f753aa.jsonl	2026-09-06T03:22:41.644Z	gpt-6-astra
93ea8f7a08af5147	-	ineligible	out-of-family:x-other	-	-	-	rollout-2026-09-06T01-49-24-01a07467-f3ae-7422-8186-80c758f753aa.jsonl	2026-09-06T03:23:03.689Z	gpt-6-astra
1e108d5bfc2685b1	-	ineligible	out-of-family:x-noop	-	-	-	rollout-2026-09-06T01-49-24-01a07467-f3ae-7422-8186-80c758f753aa.jsonl	2026-09-06T03:24:29.335Z	gpt-6-astra
9cc35c31e08f6690	-	ineligible	out-of-family:x-other	-	-	-	rollout-2026-09-06T01-49-24-01a07467-f3ae-7422-8186-80c758f753aa.jsonl	2026-09-06T03:25:18.571Z	gpt-6-astra
e5ccbe1b47512aa8	-	ineligible	out-of-family:x-noop	-	-	-	rollout-2026-09-06T01-49-24-01a07467-f3ae-7422-8186-80c758f753aa.jsonl	2026-09-06T03:29:55.822Z	gpt-6-astra
2f27c0e451a62006	I	eligible	ok	/home/forge/src/clj-surgeon	src/clj_surgeon/mission_display.clj	2bbcc530df8270e52f800896ea5cf586e4bb9a37	rollout-2026-09-06T01-49-24-01a07467-f3ae-7422-8186-80c758f753aa.jsonl	2026-09-06T03:30:39.173Z	gpt-6-astra
c2fed419d8ef49b8	-	ineligible	out-of-family:x-noop	-	-	-	rollout-2026-09-06T01-49-24-01a07467-f3ae-7422-8186-80c758f753aa.jsonl	2026-09-06T03:41:30.245Z	gpt-6-astra
88877221c6e38fa4	-	ineligible	out-of-family:x-other	-	-	-	rollout-2026-09-06T01-49-24-01a07467-f3ae-7422-8186-80c758f753aa.jsonl	2026-09-06T03:41:43.894Z	gpt-6-astra
fa95a7323ba23294	-	ineligible	out-of-family:x-noop	-	-	-	rollout-2026-09-06T01-49-24-01a07467-f3ae-7422-8186-80c758f753aa.jsonl	2026-09-06T03:42:29.217Z	gpt-6-astra
846a85639c968815	-	ineligible	out-of-family:x-noop	-	-	-	rollout-2026-09-06T01-49-24-01a07467-f3ae-7422-8186-80c758f753aa.jsonl	2026-09-06T03:43:08.738Z	gpt-6-astra
adadb6b0c0e9c50c	-	ineligible	out-of-family:x-other	-	-	-	rollout-2026-09-06T01-49-24-01a07467-f3ae-7422-8186-80c758f753aa.jsonl	2026-09-06T03:43:59.609Z	gpt-6-astra
7d6644f133d34b53	-	ineligible	out-of-family:x-other	-	-	-	rollout-2026-09-06T01-49-24-01a07467-f3ae-7422-8186-80c758f753aa.jsonl	2026-09-06T03:46:10.993Z	gpt-6-astra
7eea78671721ffde	-	ineligible	out-of-family:x-noop	-	-	-	rollout-2026-09-06T01-49-24-01a07467-f3ae-7422-8186-80c758f753aa.jsonl	2026-09-06T03:48:56.340Z	gpt-6-astra
4e1dc98ba27f7f6e	-	ineligible	out-of-family:x-noop	-	-	-	rollout-2026-09-06T01-49-24-01a07467-f3ae-7422-8186-80c758f753aa.jsonl	2026-09-06T03:49:34.488Z	gpt-6-astra
fcb36840c81aa20f	-	ineligible	out-of-family:x-other	-	-	-	rollout-2026-09-06T01-49-24-01a07467-f3ae-7422-8186-80c758f753aa.jsonl	2026-09-06T03:50:34.543Z	gpt-6-astra
2739a626a8dcd947	-	ineligible	out-of-family:x-other	-	-	-	rollout-2026-09-06T01-49-24-01a07467-f3ae-7422-8186-80c758f753aa.jsonl	2026-09-06T03:52:12.013Z	gpt-6-astra
f4c42e746c9a0e8f	-	ineligible	out-of-family:x-noop	-	-	-	rollout-2026-09-06T01-49-24-01a07467-f3ae-7422-8186-80c758f753aa.jsonl	2026-09-06T03:59:11.079Z	gpt-6-astra
99d16e5a863765a4	-	ineligible	out-of-family:x-other	-	-	-	rollout-2026-09-06T01-49-24-01a07467-f3ae-7422-8186-80c758f753aa.jsonl	2026-09-06T03:59:55.523Z	gpt-6-astra
2ae6056e1de270ec	R	eligible	ok	/home/forge/src/clj-surgeon	test/clj_surgeon/mission_display_test.clj	3a3b7d2fc46ec9b3d59d7028a04d3b2d3e8becbf	rollout-2026-09-06T01-49-24-01a07467-f3ae-7422-8186-80c758f753aa.jsonl	2026-09-06T04:00:59.035Z	gpt-6-astra
e528ac41defd5485	-	ineligible	out-of-family:x-noop	-	-	-	rollout-2026-09-06T01-49-24-01a07467-f3ae-7422-8186-80c758f753aa.jsonl	2026-09-06T04:12:22.992Z	gpt-6-astra
34e2a4bbbb42601e	-	ineligible	out-of-family:x-noop	-	-	-	rollout-2026-09-06T01-49-24-01a07467-f3ae-7422-8186-80c758f753aa.jsonl	2026-09-06T04:14:53.825Z	gpt-6-astra
ce0b0ca30295c3c0	T	eligible	ok	/home/forge/src/clj-surgeon	test/clj_surgeon/mission_commit_cli_test.clj	b3dbd9e4df251258eec869d54d037f6541e7dc5c	rollout-2026-09-06T01-49-24-01a07467-f3ae-7422-8186-80c758f753aa.jsonl	2026-09-06T04:15:55.253Z	gpt-6-astra
d81c234a302ea1b9	-	ineligible	out-of-family:x-other	-	-	-	rollout-2026-09-06T01-49-24-01a07467-f3ae-7422-8186-80c758f753aa.jsonl	2026-09-06T04:16:31.385Z	gpt-6-astra
55ef24947cea828d	-	ineligible	out-of-family:x-noop	-	-	-	rollout-2026-09-06T01-49-24-01a07467-f3ae-7422-8186-80c758f753aa.jsonl	2026-09-06T04:21:09.539Z	gpt-6-astra
d2b779e2f6bf2275	-	ineligible	out-of-family:x-other	-	-	-	rollout-2026-09-06T01-49-24-01a07467-f3ae-7422-8186-80c758f753aa.jsonl	2026-09-06T04:23:30.762Z	gpt-6-astra
93797fbdbc166434	I	ineligible	pre-edit-bytes-not-recoverable	/home/forge/src/clj-surgeon	-	-	rollout-2026-09-06T01-49-24-01a07467-f3ae-7422-8186-80c758f753aa.jsonl	2026-09-06T04:25:25.051Z	gpt-6-astra
c06d8f4500985843	I	ineligible	edit-already-present-in-pre-edit	/home/forge/src/clj-surgeon	test/clj_surgeon/mission_test.clj	8da3b20c3c865a4703086a55e46e4d92112ac269	rollout-2026-09-06T01-49-24-01a07467-f3ae-7422-8186-80c758f753aa.jsonl	2026-09-06T04:25:51.088Z	gpt-6-astra
8546930d9db3a940	-	ineligible	out-of-family:x-noop	-	-	-	rollout-2026-09-06T01-49-24-01a07467-f3ae-7422-8186-80c758f753aa.jsonl	2026-09-06T04:46:10.172Z	gpt-6-astra
cc82a29c5aef96aa	-	ineligible	out-of-family:x-noop	-	-	-	rollout-2026-09-06T01-49-24-01a07467-f3ae-7422-8186-80c758f753aa.jsonl	2026-09-06T04:48:39.993Z	gpt-6-astra
b3a4748ee5edd6c4	-	ineligible	out-of-family:x-other	-	-	-	rollout-2026-09-06T01-49-24-01a07467-f3ae-7422-8186-80c758f753aa.jsonl	2026-09-06T04:51:39.960Z	gpt-6-astra
e49a387c40c7c373	-	ineligible	out-of-family:x-noop	-	-	-	rollout-2026-09-06T01-49-24-01a07467-f3ae-7422-8186-80c758f753aa.jsonl	2026-09-06T04:55:00.660Z	gpt-6-astra
dc507020fc7780a4	-	ineligible	out-of-family:x-other	-	-	-	rollout-2026-09-06T01-49-24-01a07467-f3ae-7422-8186-80c758f753aa.jsonl	2026-09-06T04:55:20.927Z	gpt-6-astra
259823fa0e204e44	-	ineligible	out-of-family:x-other	-	-	-	rollout-2026-09-06T01-49-24-01a07467-f3ae-7422-8186-80c758f753aa.jsonl	2026-09-06T04:55:59.637Z	gpt-6-astra
ab5faa26cdebb38e	T	ineligible	pre-edit-bytes-not-recoverable	/home/forge/src/clj-surgeon	-	-	rollout-2026-09-06T01-49-24-01a07467-f3ae-7422-8186-80c758f753aa.jsonl	2026-09-06T04:56:31.946Z	gpt-6-astra
fd17b9d227fdd9d2	T	ineligible	pre-edit-bytes-not-recoverable	/home/forge/src/clj-surgeon	-	-	rollout-2026-09-06T01-49-24-01a07467-f3ae-7422-8186-80c758f753aa.jsonl	2026-09-06T04:57:33.060Z	gpt-6-astra
4df8a2c7f04ebbb3	-	ineligible	out-of-family:x-other	-	-	-	rollout-2026-09-06T01-49-24-01a07467-f3ae-7422-8186-80c758f753aa.jsonl	2026-09-06T04:58:55.818Z	gpt-6-astra
5ca2a5d822a4246e	-	ineligible	out-of-family:x-noop	-	-	-	rollout-2026-09-06T01-49-24-01a07467-f3ae-7422-8186-80c758f753aa.jsonl	2026-09-06T05:17:35.856Z	gpt-6-astra
2111345301a19b18	-	ineligible	out-of-family:x-noop	-	-	-	rollout-2026-09-06T01-49-24-01a07467-f3ae-7422-8186-80c758f753aa.jsonl	2026-09-06T05:24:24.135Z	gpt-6-astra
09106bca53678b1f	-	ineligible	out-of-family:x-other	-	-	-	rollout-2026-09-06T01-49-24-01a07467-f3ae-7422-8186-80c758f753aa.jsonl	2026-09-06T05:24:49.369Z	gpt-6-astra
d1abe50bd631e82f	-	ineligible	out-of-family:x-noop	-	-	-	rollout-2026-09-06T01-49-24-01a07467-f3ae-7422-8186-80c758f753aa.jsonl	2026-09-06T05:25:34.159Z	gpt-6-astra
774aed564eec5d11	-	ineligible	out-of-family:x-noop	-	-	-	rollout-2026-09-06T01-49-24-01a07467-f3ae-7422-8186-80c758f753aa.jsonl	2026-09-06T05:26:04.635Z	gpt-6-astra
4a380eff61778239	-	ineligible	out-of-family:x-other	-	-	-	rollout-2026-09-06T01-49-24-01a07467-f3ae-7422-8186-80c758f753aa.jsonl	2026-09-06T05:26:57.206Z	gpt-6-astra
bc7c79a5bca29c9c	T	eligible	ok	/home/forge/src/clj-surgeon	test/clj_surgeon/mission_display_test.clj	a135402d41b475fd97680272a9f556b44d508998	rollout-2026-09-06T01-49-24-01a07467-f3ae-7422-8186-80c758f753aa.jsonl	2026-09-06T05:28:08.454Z	gpt-6-astra
0bcd3f79cbf6de82	T	ineligible	edit-already-present-in-pre-edit	/home/forge/src/clj-surgeon	test/clj_surgeon/mission_display_test.clj	a135402d41b475fd97680272a9f556b44d508998	rollout-2026-09-06T01-49-24-01a07467-f3ae-7422-8186-80c758f753aa.jsonl	2026-09-06T05:28:27.526Z	gpt-6-astra
22e6c1b0b8c05443	-	ineligible	out-of-family:x-other	-	-	-	rollout-2026-09-06T01-49-24-01a07467-f3ae-7422-8186-80c758f753aa.jsonl	2026-09-06T05:29:53.792Z	gpt-6-astra
828759e8cbdea039	-	ineligible	out-of-family:x-noop	-	-	-	rollout-2026-09-06T01-49-24-01a07467-f3ae-7422-8186-80c758f753aa.jsonl	2026-09-06T05:43:08.996Z	gpt-6-astra
bc22e1afe481dd5b	-	ineligible	out-of-family:x-noop	-	-	-	rollout-2026-09-06T01-49-24-01a07467-f3ae-7422-8186-80c758f753aa.jsonl	2026-09-06T05:57:29.991Z	gpt-6-astra
cb3f8886e8d00e66	I	ineligible	insertion-introduces-no-new-named-form	/home/forge/src/clj-surgeon	test/clj_surgeon/analyzer_contract_test.clj	c01b838c6efa999edfed5cf91ac1fd6ff760188f	rollout-2026-09-06T01-49-24-01a07467-f3ae-7422-8186-80c758f753aa.jsonl	2026-09-06T06:14:25.838Z	gpt-6-astra
f96e4f459f3e01ba	-	ineligible	out-of-family:x-noop	-	-	-	rollout-2026-09-06T01-49-24-01a07467-f3ae-7422-8186-80c758f753aa.jsonl	2026-09-06T06:15:01.704Z	gpt-6-astra
a2a80a9287df04cc	-	ineligible	out-of-family:x-noop	-	-	-	rollout-2026-09-06T01-49-24-01a07467-f3ae-7422-8186-80c758f753aa.jsonl	2026-09-06T07:14:28.679Z	gpt-6-astra
1237fe8f1fea7ac9	-	ineligible	out-of-family:x-noop	-	-	-	rollout-2026-09-06T01-49-24-01a07467-f3ae-7422-8186-80c758f753aa.jsonl	2026-09-06T07:21:27.243Z	gpt-6-astra
16c33fd55e3e2287	-	ineligible	out-of-family:x-noop	-	-	-	rollout-2026-09-06T01-49-24-01a07467-f3ae-7422-8186-80c758f753aa.jsonl	2026-09-06T07:23:01.893Z	gpt-6-astra
a8b321f4eb89b66d	-	ineligible	out-of-family:x-other	-	-	-	rollout-2026-09-06T01-49-24-01a07467-f3ae-7422-8186-80c758f753aa.jsonl	2026-09-06T07:23:29.418Z	gpt-6-astra
71760dae84330fc5	-	ineligible	out-of-family:x-noop	-	-	-	rollout-2026-09-06T01-49-24-01a07467-f3ae-7422-8186-80c758f753aa.jsonl	2026-09-06T08:09:06.167Z	gpt-6-astra
7bc689f64fc89d0f	-	ineligible	out-of-family:x-noop	-	-	-	rollout-2026-09-06T01-49-24-01a07467-f3ae-7422-8186-80c758f753aa.jsonl	2026-09-06T08:11:08.065Z	gpt-6-astra
5a8779047784b0dd	-	ineligible	out-of-family:x-noop	-	-	-	rollout-2026-09-06T01-49-24-01a07467-f3ae-7422-8186-80c758f753aa.jsonl	2026-09-06T08:12:39.274Z	gpt-6-astra
34227d58df04e0ce	-	ineligible	out-of-family:x-noop	-	-	-	rollout-2026-09-06T01-49-24-01a07467-f3ae-7422-8186-80c758f753aa.jsonl	2026-09-06T09:14:38.020Z	gpt-6-astra
37c6d3ec9ad91c73	-	ineligible	out-of-family:x-noop	-	-	-	rollout-2026-09-06T01-49-24-01a07467-f3ae-7422-8186-80c758f753aa.jsonl	2026-09-06T09:15:20.860Z	gpt-6-astra
5783eba6a3121adb	-	ineligible	out-of-family:x-other	-	-	-	rollout-2026-09-06T01-49-24-01a07467-f3ae-7422-8186-80c758f753aa.jsonl	2026-09-06T09:17:30.762Z	gpt-6-astra
09efd8069798d650	-	ineligible	out-of-family:x-noop	-	-	-	rollout-2026-09-06T01-49-24-01a07467-f3ae-7422-8186-80c758f753aa.jsonl	2026-09-06T09:18:35.412Z	gpt-6-astra
aa28e826813d514f	-	ineligible	out-of-family:x-noop	-	-	-	rollout-2026-09-06T01-49-24-01a07467-f3ae-7422-8186-80c758f753aa.jsonl	2026-09-06T09:18:58.105Z	gpt-6-astra
7ac17907adbc77c0	-	ineligible	out-of-family:x-noop	-	-	-	rollout-2026-09-06T01-49-24-01a07467-f3ae-7422-8186-80c758f753aa.jsonl	2026-09-06T09:23:07.133Z	gpt-6-astra
3b321266fb7006b8	-	ineligible	out-of-family:x-other	-	-	-	rollout-2026-09-06T01-49-24-01a07467-f3ae-7422-8186-80c758f753aa.jsonl	2026-09-06T09:23:47.309Z	gpt-6-astra
4b2452e9ce101a4e	-	ineligible	out-of-family:x-noop	-	-	-	rollout-2026-09-06T01-49-24-01a07467-f3ae-7422-8186-80c758f753aa.jsonl	2026-09-06T10:45:47.126Z	gpt-6-astra
e49bee557acbd8ff	-	ineligible	out-of-family:x-noop	-	-	-	rollout-2026-09-06T01-49-24-01a07467-f3ae-7422-8186-80c758f753aa.jsonl	2026-09-06T10:46:37.182Z	gpt-6-astra
a948ff43c6d77be3	-	ineligible	out-of-family:x-noop	-	-	-	rollout-2026-09-06T01-49-24-01a07467-f3ae-7422-8186-80c758f753aa.jsonl	2026-09-06T11:41:05.559Z	gpt-6-astra
3d4aca765df5a5a0	-	ineligible	out-of-family:x-noop	-	-	-	rollout-2026-09-06T01-49-24-01a07467-f3ae-7422-8186-80c758f753aa.jsonl	2026-09-06T11:42:12.685Z	gpt-6-astra
ef0a59a68199b2af	-	ineligible	out-of-family:x-other	-	-	-	rollout-2026-09-06T01-49-24-01a07467-f3ae-7422-8186-80c758f753aa.jsonl	2026-09-06T11:43:44.569Z	gpt-6-astra
e71443fcfd388769	-	ineligible	out-of-family:x-noop	-	-	-	rollout-2026-09-06T01-49-24-01a07467-f3ae-7422-8186-80c758f753aa.jsonl	2026-09-06T11:47:19.288Z	gpt-6-astra
4c10066c17e38677	-	ineligible	out-of-family:x-noop	-	-	-	rollout-2026-09-06T01-49-24-01a07467-f3ae-7422-8186-80c758f753aa.jsonl	2026-09-06T12:44:26.581Z	gpt-6-astra
0385bfaf301e61c5	-	ineligible	out-of-family:x-noop	-	-	-	rollout-2026-09-06T01-49-24-01a07467-f3ae-7422-8186-80c758f753aa.jsonl	2026-09-06T13:04:42.910Z	gpt-6-astra
d5dc7818c72fff1f	-	ineligible	out-of-family:x-other	-	-	-	rollout-2026-09-06T01-49-24-01a07467-f3ae-7422-8186-80c758f753aa.jsonl	2026-09-06T13:05:57.439Z	gpt-6-astra
407971a54b9ab9c5	-	ineligible	out-of-family:x-other	-	-	-	rollout-2026-09-06T01-49-24-01a07467-f3ae-7422-8186-80c758f753aa.jsonl	2026-09-06T13:58:13.688Z	gpt-6-astra
6b85e3017522fe64	-	ineligible	out-of-family:x-noop	-	-	-	rollout-2026-09-06T01-49-24-01a07467-f3ae-7422-8186-80c758f753aa.jsonl	2026-09-06T14:16:49.506Z	gpt-6-astra
9e797cc8233c8cdc	-	ineligible	out-of-family:x-noop	-	-	-	rollout-2026-09-06T01-49-24-01a07467-f3ae-7422-8186-80c758f753aa.jsonl	2026-09-06T14:17:54.450Z	gpt-6-astra
c010f2f8db012381	-	ineligible	out-of-family:x-noop	-	-	-	rollout-2026-09-06T01-49-24-01a07467-f3ae-7422-8186-80c758f753aa.jsonl	2026-09-06T16:56:16.094Z	gpt-6-astra
328b216d4421a64e	-	ineligible	out-of-family:x-noop	-	-	-	rollout-2026-09-06T01-49-24-01a07467-f3ae-7422-8186-80c758f753aa.jsonl	2026-09-06T17:02:00.533Z	gpt-6-astra
f4f53a247d7af944	-	ineligible	out-of-family:x-noop	-	-	-	rollout-2026-09-06T01-49-24-01a07467-f3ae-7422-8186-80c758f753aa.jsonl	2026-09-06T17:25:24.058Z	gpt-6-astra
5e922f1dd3928398	-	ineligible	out-of-family:x-noop	-	-	-	rollout-2026-09-06T17-08-49-01a077b1-b1ab-7170-b942-d0c9e35103d9.jsonl	2026-09-06T17:09:52.660Z	gpt-6-astra
4227397339bd4b95	-	ineligible	out-of-family:x-other	-	-	-	rollout-2026-09-06T17-08-49-01a077b1-b1ab-7170-b942-d0c9e35103d9.jsonl	2026-09-06T17:10:34.306Z	gpt-6-astra
9f39fddf36d6eb92	R	ineligible	lab-fixture-repo-not-original	/var/tmp/forge/astra-alias-replication-fx/C2/workspace	-	-	rollout-2026-09-06T19-31-06-01a07833-f6ba-7d63-aa74-49f15406b1c3.jsonl	2026-09-06T19:31:37.324Z	gpt-6-astra
918f2c26464f8a47	-	ineligible	out-of-family:x-other	-	-	-	rollout-2026-09-06T19-33-25-01a07836-16a7-7fd0-80ff-fe9e64e617bd.jsonl	2026-09-06T19:34:01.965Z	gpt-6-astra
bd4e7f2c43c500c1	-	ineligible	out-of-family:x-noop	-	-	-	rollout-2026-09-06T19-35-12-01a07837-b77c-7263-a070-8ce442afa226.jsonl	2026-09-06T19:35:45.573Z	gpt-6-astra
1cba3af20562d62d	-	ineligible	out-of-family:x-noop	-	-	-	rollout-2026-09-10T18-10-37-01a08c83-b579-79a1-b661-ce5cb4058d9d.jsonl	2026-09-10T18:14:21.055Z	gpt-5.6-sol
4de30cc6f20ef963	-	ineligible	out-of-family:x-noop	-	-	-	rollout-2026-09-10T18-10-37-01a08c83-b579-79a1-b661-ce5cb4058d9d.jsonl	2026-09-10T18:15:13.770Z	gpt-5.6-sol
7068389d1e2451cf	-	ineligible	out-of-family:x-noop	-	-	-	rollout-2026-09-10T18-10-37-01a08c83-b579-79a1-b661-ce5cb4058d9d.jsonl	2026-09-10T18:16:47.778Z	gpt-5.6-sol
8018c05fa03c0484	-	ineligible	out-of-family:x-other	-	-	-	rollout-2026-09-10T02-05-22-01a08910-0059-7980-9015-6627e6ff599b.jsonl	2026-09-10T02:07:29.676Z	gpt-6-astra
c19de0e1d1489564	-	ineligible	out-of-family:x-other	-	-	-	rollout-2026-09-10T02-05-22-01a08910-0059-7980-9015-6627e6ff599b.jsonl	2026-09-10T02:12:07.641Z	gpt-6-astra
8c7cdba661844847	-	ineligible	out-of-family:x-other	-	-	-	rollout-2026-09-10T02-05-22-01a08910-0059-7980-9015-6627e6ff599b.jsonl	2026-09-10T02:18:40.523Z	gpt-6-astra
bf24a5f20a058d32	-	ineligible	out-of-family:x-noop	-	-	-	rollout-2026-09-10T02-05-22-01a08910-0059-7980-9015-6627e6ff599b.jsonl	2026-09-10T02:21:34.477Z	gpt-6-astra
7960cdb4cde2a61a	-	ineligible	out-of-family:x-noop	-	-	-	rollout-2026-09-10T07-07-00-01a08a24-2739-79d3-9030-6876a6e12229.jsonl	2026-09-10T07:14:20.206Z	gpt-6-astra
bf9dd23e07fe9cc8	-	ineligible	out-of-family:x-other	-	-	-	rollout-2026-09-10T15-39-32-01a08bf9-6366-7351-931a-990f6287755a.jsonl	2026-09-10T15:55:26.912Z	gpt-6-astra
26c69373a89d029e	-	ineligible	out-of-family:x-noop	-	-	-	rollout-2026-09-09T00-45-03-01a083a0-1d30-7730-8532-6b4e0c4744ec.jsonl	2026-09-09T00:48:52.043Z	gpt-6-astra
92b12fc2c82d8c81	-	ineligible	out-of-family:x-other	-	-	-	rollout-2026-09-09T00-45-03-01a083a0-1d30-7730-8532-6b4e0c4744ec.jsonl	2026-09-09T00:49:04.416Z	gpt-6-astra
4dbf362f486aaf3c	-	ineligible	out-of-family:x-noop	-	-	-	rollout-2026-09-09T00-45-03-01a083a0-1d30-7730-8532-6b4e0c4744ec.jsonl	2026-09-09T00:50:52.863Z	gpt-6-astra
4e392ed00fe79d14	-	ineligible	out-of-family:x-other	-	-	-	rollout-2026-09-09T00-45-03-01a083a0-1d30-7730-8532-6b4e0c4744ec.jsonl	2026-09-09T00:51:16.481Z	gpt-6-astra
4f9037059a3197df	-	ineligible	out-of-family:x-noop	-	-	-	rollout-2026-09-09T00-45-03-01a083a0-1d30-7730-8532-6b4e0c4744ec.jsonl	2026-09-09T00:52:12.977Z	gpt-6-astra
2c0c7f3babf54114	-	ineligible	out-of-family:x-noop	-	-	-	rollout-2026-09-09T00-45-03-01a083a0-1d30-7730-8532-6b4e0c4744ec.jsonl	2026-09-09T00:52:12.977Z	gpt-6-astra
79f4517f68334971	-	ineligible	out-of-family:x-noop	-	-	-	rollout-2026-09-09T00-45-03-01a083a0-1d30-7730-8532-6b4e0c4744ec.jsonl	2026-09-09T00:53:03.503Z	gpt-6-astra
53b9caf29135a72f	-	ineligible	out-of-family:x-noop	-	-	-	rollout-2026-09-09T00-45-03-01a083a0-1d30-7730-8532-6b4e0c4744ec.jsonl	2026-09-09T00:54:17.025Z	gpt-6-astra
8b369775d172fcbc	-	ineligible	out-of-family:x-noop	-	-	-	rollout-2026-09-09T00-45-03-01a083a0-1d30-7730-8532-6b4e0c4744ec.jsonl	2026-09-09T00:54:52.001Z	gpt-6-astra
f973cb26c5c7a2da	-	ineligible	out-of-family:x-noop	-	-	-	rollout-2026-09-09T00-45-03-01a083a0-1d30-7730-8532-6b4e0c4744ec.jsonl	2026-09-09T00:55:37.935Z	gpt-6-astra
b77125daedf78a59	-	ineligible	out-of-family:x-noop	-	-	-	rollout-2026-09-09T00-45-03-01a083a0-1d30-7730-8532-6b4e0c4744ec.jsonl	2026-09-09T00:56:03.573Z	gpt-6-astra
759e7ab888be649d	-	ineligible	out-of-family:x-noop	-	-	-	rollout-2026-09-09T00-45-03-01a083a0-1d30-7730-8532-6b4e0c4744ec.jsonl	2026-09-09T00:56:55.693Z	gpt-6-astra
fa75978d2add7efb	-	ineligible	out-of-family:x-noop	-	-	-	rollout-2026-09-09T00-45-03-01a083a0-1d30-7730-8532-6b4e0c4744ec.jsonl	2026-09-09T00:58:09.765Z	gpt-6-astra
0a96edb6895c5fea	-	ineligible	out-of-family:x-other	-	-	-	rollout-2026-09-09T00-45-03-01a083a0-1d30-7730-8532-6b4e0c4744ec.jsonl	2026-09-09T00:58:29.484Z	gpt-6-astra
43e630dcfa1bc75d	-	ineligible	out-of-family:x-noop	-	-	-	rollout-2026-09-09T00-45-03-01a083a0-1d30-7730-8532-6b4e0c4744ec.jsonl	2026-09-09T00:58:54.387Z	gpt-6-astra
313a81e4294c2fc9	-	ineligible	out-of-family:x-noop	-	-	-	rollout-2026-09-09T00-45-03-01a083a0-1d30-7730-8532-6b4e0c4744ec.jsonl	2026-09-09T00:59:26.936Z	gpt-6-astra
404687de6274e8cc	-	ineligible	out-of-family:x-noop	-	-	-	rollout-2026-09-09T00-45-03-01a083a0-1d30-7730-8532-6b4e0c4744ec.jsonl	2026-09-09T01:00:46.204Z	gpt-6-astra
d2f062942d408a40	-	ineligible	out-of-family:x-noop	-	-	-	rollout-2026-09-09T00-45-03-01a083a0-1d30-7730-8532-6b4e0c4744ec.jsonl	2026-09-09T01:02:13.305Z	gpt-6-astra
cbaf653deb7cf317	-	ineligible	out-of-family:x-noop	-	-	-	rollout-2026-09-09T00-45-03-01a083a0-1d30-7730-8532-6b4e0c4744ec.jsonl	2026-09-09T01:03:30.185Z	gpt-6-astra
aa5bcf3ea4a80071	-	ineligible	out-of-family:x-noop	-	-	-	rollout-2026-09-09T00-45-03-01a083a0-1d30-7730-8532-6b4e0c4744ec.jsonl	2026-09-09T01:04:02.173Z	gpt-6-astra
a71a7a55885c851f	-	ineligible	out-of-family:x-noop	-	-	-	rollout-2026-09-09T00-45-03-01a083a0-1d30-7730-8532-6b4e0c4744ec.jsonl	2026-09-09T01:04:57.505Z	gpt-6-astra
27593092f348e261	-	ineligible	out-of-family:x-other	-	-	-	rollout-2026-09-09T00-45-03-01a083a0-1d30-7730-8532-6b4e0c4744ec.jsonl	2026-09-09T01:05:54.343Z	gpt-6-astra
9c4424a9f23352a0	-	ineligible	out-of-family:x-noop	-	-	-	rollout-2026-09-09T00-45-03-01a083a0-1d30-7730-8532-6b4e0c4744ec.jsonl	2026-09-09T01:06:13.950Z	gpt-6-astra
5d0116d8bed99174	-	ineligible	out-of-family:x-other	-	-	-	rollout-2026-09-09T00-45-03-01a083a0-1d30-7730-8532-6b4e0c4744ec.jsonl	2026-09-09T01:07:07.822Z	gpt-6-astra
47c3526223b288d6	-	ineligible	out-of-family:x-noop	-	-	-	rollout-2026-09-09T00-45-03-01a083a0-1d30-7730-8532-6b4e0c4744ec.jsonl	2026-09-09T01:09:11.592Z	gpt-6-astra
f93476ebb5f525e7	-	ineligible	out-of-family:x-noop	-	-	-	rollout-2026-09-09T00-45-03-01a083a0-1d30-7730-8532-6b4e0c4744ec.jsonl	2026-09-09T01:10:56.049Z	gpt-6-astra
9c401025d69b910f	-	ineligible	out-of-family:x-other	-	-	-	rollout-2026-09-09T00-45-03-01a083a0-1d30-7730-8532-6b4e0c4744ec.jsonl	2026-09-09T01:10:56.049Z	gpt-6-astra
b1c0f39d80c9147b	-	ineligible	out-of-family:x-noop	-	-	-	rollout-2026-09-09T00-45-03-01a083a0-1d30-7730-8532-6b4e0c4744ec.jsonl	2026-09-09T01:14:00.757Z	gpt-6-astra
f47dd0addedf6c51	T	ineligible	pre-edit-bytes-not-recoverable	/home/forge/src/clj-surgeon-astra-consult	-	-	rollout-2026-09-09T00-45-03-01a083a0-1d30-7730-8532-6b4e0c4744ec.jsonl	2026-09-09T01:17:10.539Z	gpt-6-astra
4229bdf0fd46f09d	-	ineligible	out-of-family:x-noop	-	-	-	rollout-2026-09-09T00-45-03-01a083a0-1d30-7730-8532-6b4e0c4744ec.jsonl	2026-09-09T01:17:27.301Z	gpt-6-astra
923344d7d87828e6	T	eligible	ok	/home/forge/src/clj-surgeon-astra-consult	test/clj_surgeon/mcp_namespace_split_test.clj	65a542bb385038fd5ff12b97c70d3e1fb03b20ac	rollout-2026-09-09T00-45-03-01a083a0-1d30-7730-8532-6b4e0c4744ec.jsonl	2026-09-09T01:18:11.619Z	gpt-6-astra
aeb3dfd35452ea0b	-	ineligible	out-of-family:x-noop	-	-	-	rollout-2026-09-09T00-45-03-01a083a0-1d30-7730-8532-6b4e0c4744ec.jsonl	2026-09-09T01:20:05.787Z	gpt-6-astra
ea075c59c1443733	-	ineligible	out-of-family:x-other	-	-	-	rollout-2026-09-09T00-45-03-01a083a0-1d30-7730-8532-6b4e0c4744ec.jsonl	2026-09-09T01:23:14.524Z	gpt-6-astra
faa2e43325fd3d86	-	ineligible	out-of-family:x-noop	-	-	-	rollout-2026-09-09T00-45-03-01a083a0-1d30-7730-8532-6b4e0c4744ec.jsonl	2026-09-09T01:24:05.223Z	gpt-6-astra
1f409c5a598495e9	-	ineligible	out-of-family:x-noop	-	-	-	rollout-2026-09-09T00-45-03-01a083a0-1d30-7730-8532-6b4e0c4744ec.jsonl	2026-09-09T01:25:31.037Z	gpt-6-astra
cea2fbb83fd3d15e	-	ineligible	out-of-family:x-other	-	-	-	rollout-2026-09-09T00-45-03-01a083a0-1d30-7730-8532-6b4e0c4744ec.jsonl	2026-09-09T01:26:15.485Z	gpt-6-astra
fa1241df295b4e90	-	ineligible	out-of-family:x-noop	-	-	-	rollout-2026-09-09T00-45-03-01a083a0-1d30-7730-8532-6b4e0c4744ec.jsonl	2026-09-09T01:28:09.302Z	gpt-6-astra
99ddf21256cae500	-	ineligible	out-of-family:x-noop	-	-	-	rollout-2026-09-09T00-45-03-01a083a0-1d30-7730-8532-6b4e0c4744ec.jsonl	2026-09-09T01:34:48.032Z	gpt-6-astra
c4156ab174c662d5	-	ineligible	out-of-family:x-noop	-	-	-	rollout-2026-09-09T02-42-29-01a0840b-a1d7-7df2-b5fc-37eabcbaff13.jsonl	2026-09-09T02:44:26.896Z	gpt-6-astra
a75d8fb342d591ea	-	ineligible	out-of-family:x-noop	-	-	-	rollout-2026-09-09T02-42-29-01a0840b-a1d7-7df2-b5fc-37eabcbaff13.jsonl	2026-09-09T02:46:34.009Z	gpt-6-astra
f0b23cdf4ed029a5	-	ineligible	out-of-family:x-noop	-	-	-	rollout-2026-09-09T02-42-29-01a0840b-a1d7-7df2-b5fc-37eabcbaff13.jsonl	2026-09-09T02:49:32.401Z	gpt-6-astra
7bd2d68b3a6fb0b4	-	ineligible	out-of-family:x-noop	-	-	-	rollout-2026-09-09T02-42-29-01a0840b-a1d7-7df2-b5fc-37eabcbaff13.jsonl	2026-09-09T02:50:26.453Z	gpt-6-astra
7c90d85ea09371c3	-	ineligible	out-of-family:x-noop	-	-	-	rollout-2026-09-09T02-42-29-01a0840b-a1d7-7df2-b5fc-37eabcbaff13.jsonl	2026-09-09T02:51:19.590Z	gpt-6-astra
5adac877bab8360d	-	ineligible	out-of-family:x-noop	-	-	-	rollout-2026-09-09T02-42-29-01a0840b-a1d7-7df2-b5fc-37eabcbaff13.jsonl	2026-09-09T02:52:26.373Z	gpt-6-astra
b4cf296e5031d696	-	ineligible	out-of-family:x-noop	-	-	-	rollout-2026-09-09T02-42-29-01a0840b-a1d7-7df2-b5fc-37eabcbaff13.jsonl	2026-09-09T02:53:26.171Z	gpt-6-astra
951cdc06f77d09b9	-	ineligible	out-of-family:x-noop	-	-	-	rollout-2026-09-09T02-42-29-01a0840b-a1d7-7df2-b5fc-37eabcbaff13.jsonl	2026-09-09T02:59:57.792Z	gpt-6-astra
9d11376bf9ec0d06	-	ineligible	out-of-family:x-noop	-	-	-	rollout-2026-09-09T02-42-29-01a0840b-a1d7-7df2-b5fc-37eabcbaff13.jsonl	2026-09-09T03:00:41.323Z	gpt-6-astra
c1e902fd416987f3	-	ineligible	out-of-family:x-noop	-	-	-	rollout-2026-09-09T02-42-29-01a0840b-a1d7-7df2-b5fc-37eabcbaff13.jsonl	2026-09-09T03:04:04.213Z	gpt-6-astra
e278f1adeac60da2	-	ineligible	out-of-family:x-other	-	-	-	rollout-2026-09-09T02-42-29-01a0840b-a1d7-7df2-b5fc-37eabcbaff13.jsonl	2026-09-09T03:06:22.065Z	gpt-6-astra
2f48f0ac55702799	-	ineligible	out-of-family:x-noop	-	-	-	rollout-2026-09-09T02-42-29-01a0840b-a1d7-7df2-b5fc-37eabcbaff13.jsonl	2026-09-09T03:09:37.497Z	gpt-6-astra
70112a50dcbd3a3f	-	ineligible	out-of-family:x-noop	-	-	-	rollout-2026-09-09T02-42-29-01a0840b-a1d7-7df2-b5fc-37eabcbaff13.jsonl	2026-09-09T03:12:04.481Z	gpt-6-astra
c274667382563627	-	ineligible	out-of-family:x-other	-	-	-	rollout-2026-09-09T02-42-29-01a0840b-a1d7-7df2-b5fc-37eabcbaff13.jsonl	2026-09-09T03:12:37.537Z	gpt-6-astra
f65b5b258dee3691	-	ineligible	out-of-family:x-other	-	-	-	rollout-2026-09-09T02-42-29-01a0840b-a1d7-7df2-b5fc-37eabcbaff13.jsonl	2026-09-09T03:15:57.458Z	gpt-6-astra
2ebc30d16c7c00ce	-	ineligible	out-of-family:x-other	-	-	-	rollout-2026-09-09T02-42-29-01a0840b-a1d7-7df2-b5fc-37eabcbaff13.jsonl	2026-09-09T03:24:03.344Z	gpt-6-astra
88f3a5a457d0fa9d	-	ineligible	out-of-family:x-other	-	-	-	rollout-2026-09-09T02-42-29-01a0840b-a1d7-7df2-b5fc-37eabcbaff13.jsonl	2026-09-09T03:25:03.115Z	gpt-6-astra
6b3a6128e1bba492	-	ineligible	out-of-family:x-other	-	-	-	rollout-2026-09-09T02-42-29-01a0840b-a1d7-7df2-b5fc-37eabcbaff13.jsonl	2026-09-09T03:31:34.794Z	gpt-6-astra
1b089642a0d3ef64	-	ineligible	out-of-family:x-other	-	-	-	rollout-2026-09-09T02-42-29-01a0840b-a1d7-7df2-b5fc-37eabcbaff13.jsonl	2026-09-09T03:32:21.974Z	gpt-6-astra
49bc61014c990790	-	ineligible	out-of-family:x-noop	-	-	-	rollout-2026-09-09T02-42-29-01a0840b-a1d7-7df2-b5fc-37eabcbaff13.jsonl	2026-09-09T03:47:28.728Z	gpt-6-astra
a717cc8ca580c4dc	T	ineligible	pre-edit-bytes-not-recoverable	/home/forge/src/clj-surgeon-astra-consult	-	-	rollout-2026-09-09T02-42-29-01a0840b-a1d7-7df2-b5fc-37eabcbaff13.jsonl	2026-09-09T03:52:32.655Z	gpt-6-astra
c4aa53b737616a38	-	ineligible	out-of-family:x-other	-	-	-	rollout-2026-09-09T02-42-29-01a0840b-a1d7-7df2-b5fc-37eabcbaff13.jsonl	2026-09-09T03:53:44.140Z	gpt-6-astra
a7b110dc0b8fe66e	-	ineligible	out-of-family:x-noop	-	-	-	rollout-2026-09-09T02-42-29-01a0840b-a1d7-7df2-b5fc-37eabcbaff13.jsonl	2026-09-09T04:09:29.948Z	gpt-6-astra
ef568a2759ad7765	-	ineligible	out-of-family:x-noop	-	-	-	rollout-2026-09-09T02-42-29-01a0840b-a1d7-7df2-b5fc-37eabcbaff13.jsonl	2026-09-09T04:10:34.398Z	gpt-6-astra
ef8c7ea3fb3351dc	T	ineligible	pre-edit-bytes-not-recoverable	/home/forge/src/clj-surgeon-astra-consult	-	-	rollout-2026-09-09T02-42-29-01a0840b-a1d7-7df2-b5fc-37eabcbaff13.jsonl	2026-09-09T04:12:08.256Z	gpt-6-astra
3ee3be80e4984fcf	-	ineligible	out-of-family:x-noop	-	-	-	rollout-2026-09-09T02-42-29-01a0840b-a1d7-7df2-b5fc-37eabcbaff13.jsonl	2026-09-09T04:13:24.922Z	gpt-6-astra
da5bc607697612c7	-	ineligible	out-of-family:x-noop	-	-	-	rollout-2026-09-09T02-42-29-01a0840b-a1d7-7df2-b5fc-37eabcbaff13.jsonl	2026-09-09T04:30:36.393Z	gpt-6-astra
d99c8e71f783076c	-	ineligible	out-of-family:x-noop	-	-	-	rollout-2026-09-09T15-35-10-01a086cf-08b2-7a70-9cb6-74c35d7f9697.jsonl	2026-09-09T15:38:40.095Z	gpt-5.6-sol
0fc79563d64bf152	-	ineligible	out-of-family:x-noop	-	-	-	rollout-2026-09-09T15-35-10-01a086cf-08b2-7a70-9cb6-74c35d7f9697.jsonl	2026-09-09T15:42:05.550Z	gpt-5.6-sol
5280774f88277fb2	-	ineligible	out-of-family:x-other	-	-	-	rollout-2026-09-09T06-08-44-01a084c8-7306-76d2-a22a-daa6c4fbf623.jsonl	2026-09-09T06:10:03.270Z	gpt-6-astra
092f09b0e0b64039	-	ineligible	out-of-family:x-noop	-	-	-	rollout-2026-09-09T13-37-56-01a08663-b605-7ae3-9850-20acdc9533fb.jsonl	2026-09-09T13:50:53.777Z	gpt-6-astra
ad5a7d1564432c16	-	ineligible	out-of-family:x-noop	-	-	-	rollout-2026-09-09T06-36-39-01a084e2-011d-7353-afbc-ed50e941add2.jsonl	2026-09-09T06:43:03.959Z	gpt-6-astra
97d4f43d873be0a6	-	ineligible	out-of-family:x-other	-	-	-	rollout-2026-09-09T06-36-39-01a084e2-011d-7353-afbc-ed50e941add2.jsonl	2026-09-09T06:51:23.997Z	gpt-6-astra
b089812572b1cb9e	-	ineligible	out-of-family:x-noop	-	-	-	rollout-2026-09-09T06-36-39-01a084e2-011d-7353-afbc-ed50e941add2.jsonl	2026-09-09T06:55:37.039Z	gpt-6-astra
674229878802fef7	-	ineligible	out-of-family:x-other	-	-	-	rollout-2026-09-09T04-47-15-01a0847d-db0e-7cb3-9bde-719bd52f8f15.jsonl	2026-09-09T04:55:17.720Z	gpt-6-astra
1d6879265c7ea6fc	T	eligible	ok	/home/forge/src/clj-surgeon-astra-consult	test/clj_surgeon/lane_manifest_test.clj	ebaf7aec0dbdc1b77f36cc70a3db91c71bd5a180	rollout-2026-09-09T04-47-15-01a0847d-db0e-7cb3-9bde-719bd52f8f15.jsonl	2026-09-09T04:55:54.326Z	gpt-6-astra
1462a42b6c409409	-	ineligible	out-of-family:x-other	-	-	-	rollout-2026-09-09T04-47-15-01a0847d-db0e-7cb3-9bde-719bd52f8f15.jsonl	2026-09-09T04:56:34.236Z	gpt-6-astra
8d8b7030b5040403	-	ineligible	out-of-family:x-other	-	-	-	rollout-2026-09-09T04-47-15-01a0847d-db0e-7cb3-9bde-719bd52f8f15.jsonl	2026-09-09T05:08:43.619Z	gpt-6-astra
1b771668ad0a3d26	-	ineligible	out-of-family:x-other	-	-	-	rollout-2026-09-09T04-47-15-01a0847d-db0e-7cb3-9bde-719bd52f8f15.jsonl	2026-09-09T05:13:16.742Z	gpt-6-astra
1ae9e00f74eb45c2	-	ineligible	out-of-family:x-noop	-	-	-	rollout-2026-09-09T04-47-15-01a0847d-db0e-7cb3-9bde-719bd52f8f15.jsonl	2026-09-09T05:31:43.792Z	gpt-6-astra
989a3a8c471ca2a5	-	ineligible	out-of-family:x-noop	-	-	-	rollout-2026-09-09T04-47-15-01a0847d-db0e-7cb3-9bde-719bd52f8f15.jsonl	2026-09-09T05:33:14.769Z	gpt-6-astra
c61ffc9b3ff31470	-	ineligible	out-of-family:x-other	-	-	-	rollout-2026-09-05T22-19-32-01a073a7-cf5d-74f2-a256-0373472e01ba.jsonl	2026-09-05T22:20:07.244Z	gpt-6-astra
8b87de8d3d045971	-	ineligible	out-of-family:x-noop	-	-	-	rollout-2026-09-05T00-19-35-01a06eef-5d41-77d1-93eb-b6e8ec55181f.jsonl	2026-09-05T00:20:14.717Z	gpt-6-astra
f3195f3fa9b97937	-	ineligible	out-of-family:x-noop	-	-	-	rollout-2026-09-05T22-29-57-01a073b1-57cd-7b42-bc32-f5c827e58e97.jsonl	2026-09-05T22:30:35.282Z	gpt-6-astra
2a5e7bfe5f939a6e	-	ineligible	out-of-family:x-noop	-	-	-	rollout-2026-09-05T22-35-44-01a073b6-a281-7803-917e-05cd7e002208.jsonl	2026-09-05T22:36:21.061Z	gpt-6-astra
c0a84699187c5c49	-	ineligible	out-of-family:x-noop	-	-	-	rollout-2026-09-05T08-14-11-01a070a1-df74-7d02-9ded-f8739ff45577.jsonl	2026-09-05T08:15:25.062Z	gpt-6-astra
1fa3faf1b61b5582	-	ineligible	out-of-family:x-other	-	-	-	rollout-2026-09-05T22-37-46-01a073b8-81c8-7591-a095-29e934d58823.jsonl	2026-09-05T22:38:20.678Z	gpt-6-astra
afb394506ff88484	R	ineligible	lab-fixture-repo-not-original	/var/tmp/forge/astra-fair2-data-fx/fixtures/pair-6-astra-native	-	-	rollout-2026-09-05T22-52-35-01a073c6-0f8d-7011-b0f3-a3099cf6d2b1.jsonl	2026-09-05T22:53:08.595Z	gpt-6-astra
105fedfb5f226ea0	-	ineligible	out-of-family:x-noop	-	-	-	rollout-2026-09-05T22-42-48-01a073bd-1d84-7ef3-a93d-49c2ce858cc5.jsonl	2026-09-05T22:43:24.021Z	gpt-6-astra
28e1b20e4f5d054c	I	ineligible	lab-fixture-repo-not-original	/var/tmp/forge/astra-fair2-data-fx/fixtures/floor-4-astra	-	-	rollout-2026-09-05T22-25-24-01a073ad-2e34-7090-a059-21987c4c37ea.jsonl	2026-09-05T22:25:55.304Z	gpt-6-astra
8be5a24f9ff42e96	-	ineligible	out-of-family:x-other	-	-	-	rollout-2026-09-05T22-44-45-01a073be-e481-7700-8649-be141435fa90.jsonl	2026-09-05T22:45:21.372Z	gpt-6-astra
c4258a71b3da9399	-	ineligible	out-of-family:x-noop	-	-	-	rollout-2026-09-05T22-20-16-01a073a8-7a48-7142-88ec-35a220df52b6.jsonl	2026-09-05T22:20:53.890Z	gpt-6-astra
f5ae2fcca3f592a9	-	ineligible	out-of-family:x-other	-	-	-	rollout-2026-09-05T02-12-37-01a06f56-d666-7940-9f2f-eb13a75bf9ad.jsonl	2026-09-05T02:13:48.414Z	gpt-6-astra
908682241ebd9c2c	-	ineligible	out-of-family:x-noop	-	-	-	rollout-2026-09-05T22-24-33-01a073ac-65e2-7121-8165-5d3034ee71ac.jsonl	2026-09-05T22:25:12.344Z	gpt-6-astra
550c52aa09bd0dd0	-	ineligible	out-of-family:x-other	-	-	-	rollout-2026-09-05T22-50-28-01a073c4-1f2e-7560-b546-b140da63fade.jsonl	2026-09-05T22:51:04.158Z	gpt-6-astra
b6ee1f6690424f70	-	ineligible	out-of-family:x-noop	-	-	-	rollout-2026-09-05T22-30-51-01a073b2-2c6f-70f1-9a53-4270d666d835.jsonl	2026-09-05T22:31:26.120Z	gpt-6-astra
f3a3ea8e0fe316c2	-	ineligible	out-of-family:x-noop	-	-	-	rollout-2026-09-04T08-39-23-01a06b92-95ef-7e71-8f75-d40721599167.jsonl	2026-09-04T09:02:56.647Z	gpt-5.6-sol
d0cc36337afeaa4e	-	ineligible	out-of-family:x-noop	-	-	-	rollout-2026-09-04T08-39-23-01a06b92-95ef-7e71-8f75-d40721599167.jsonl	2026-09-04T09:03:19.797Z	gpt-5.6-sol
0941338bb9f2b4e3	-	ineligible	out-of-family:x-noop	-	-	-	rollout-2026-09-04T08-39-23-01a06b92-95ef-7e71-8f75-d40721599167.jsonl	2026-09-04T09:03:39.938Z	gpt-5.6-sol
4228ec15619fd816	-	ineligible	out-of-family:x-noop	-	-	-	rollout-2026-09-04T08-39-23-01a06b92-95ef-7e71-8f75-d40721599167.jsonl	2026-09-04T09:04:19.783Z	gpt-5.6-sol
b070d3054865d2ca	R	ineligible	lab-fixture-repo-not-original	/var/tmp/forge/astra-program/fixtures/cal-astra-6	-	-	rollout-2026-09-04T23-16-44-01a06eb5-cff4-79b2-9630-6c38d88a086f.jsonl	2026-09-04T23:17:22.910Z	gpt-6-astra
e56d2883e254cc7e	R	ineligible	lab-fixture-repo-not-original	/var/tmp/forge/astra-program/fixtures/cal-astra-3	-	-	rollout-2026-09-04T23-08-47-01a06eae-8a56-7cc2-8c5a-d0d81278fa05.jsonl	2026-09-04T23:09:27.880Z	gpt-6-astra
43f80ce9da767915	-	ineligible	out-of-family:x-noop	-	-	-	rollout-2026-09-04T22-56-59-01a06ea3-bbb7-7e81-a7f3-4785ece6bb8a.jsonl	2026-09-04T22:57:39.799Z	gpt-6-astra
c2d178a5a9b52fd6	R	ineligible	lab-fixture-repo-not-original	/var/tmp/forge/astra-program/fixtures/cal-astra-5	-	-	rollout-2026-09-04T23-15-49-01a06eb4-fae1-7171-a47d-b1555391dfa4.jsonl	2026-09-04T23:16:34.519Z	gpt-6-astra
1256f5c44c9c7c28	R	ineligible	lab-fixture-repo-not-original	/var/tmp/forge/astra-program/fixtures/cal-astra-1	-	-	rollout-2026-09-04T22-55-11-01a06ea2-1658-7b00-8308-41e750b90cac.jsonl	2026-09-04T22:55:55.644Z	gpt-6-astra
38cf263b14d847bb	-	ineligible	out-of-family:x-noop	-	-	-	rollout-2026-09-04T21-56-42-01a06e6c-8bff-7cc3-8402-14d16b3eca60.jsonl	2026-09-04T22:26:33.274Z	gpt-6-astra
8851cbc837004918	-	ineligible	out-of-family:x-noop	-	-	-	rollout-2026-09-04T21-56-42-01a06e6c-8bff-7cc3-8402-14d16b3eca60.jsonl	2026-09-05T22:14:30.045Z	gpt-6-astra
23fcca583dacc424	-	ineligible	out-of-family:x-noop	-	-	-	rollout-2026-09-04T21-56-42-01a06e6c-8bff-7cc3-8402-14d16b3eca60.jsonl	2026-09-06T00:52:25.438Z	gpt-6-astra
b608051febbab36c	-	ineligible	out-of-family:x-noop	-	-	-	rollout-2026-09-04T21-56-42-01a06e6c-8bff-7cc3-8402-14d16b3eca60.jsonl	2026-09-06T00:53:02.331Z	gpt-6-astra
5eb172a5d615cc48	-	ineligible	out-of-family:x-noop	-	-	-	rollout-2026-09-04T21-56-42-01a06e6c-8bff-7cc3-8402-14d16b3eca60.jsonl	2026-09-06T00:54:29.708Z	gpt-6-astra
8feeba2d9c140a6e	-	ineligible	out-of-family:x-noop	-	-	-	rollout-2026-09-04T21-56-42-01a06e6c-8bff-7cc3-8402-14d16b3eca60.jsonl	2026-09-06T00:55:20.992Z	gpt-6-astra
26a42bf07bf00dfa	-	ineligible	out-of-family:x-other	-	-	-	rollout-2026-09-04T21-56-42-01a06e6c-8bff-7cc3-8402-14d16b3eca60.jsonl	2026-09-06T00:56:07.463Z	gpt-6-astra
d9ad8d734ba4efd8	-	ineligible	out-of-family:x-noop	-	-	-	rollout-2026-09-04T21-56-42-01a06e6c-8bff-7cc3-8402-14d16b3eca60.jsonl	2026-09-06T00:57:01.157Z	gpt-6-astra
bdc10a201087b3aa	-	ineligible	out-of-family:x-noop	-	-	-	rollout-2026-09-04T21-56-42-01a06e6c-8bff-7cc3-8402-14d16b3eca60.jsonl	2026-09-06T01:01:08.805Z	gpt-6-astra
751baf2e4b7ee29e	-	ineligible	out-of-family:x-other	-	-	-	rollout-2026-09-04T21-56-42-01a06e6c-8bff-7cc3-8402-14d16b3eca60.jsonl	2026-09-06T01:02:01.415Z	gpt-6-astra
eae563c8c6756041	-	ineligible	out-of-family:x-noop	-	-	-	rollout-2026-09-04T21-56-42-01a06e6c-8bff-7cc3-8402-14d16b3eca60.jsonl	2026-09-06T01:03:40.107Z	gpt-6-astra
848b86769816cf9b	-	ineligible	out-of-family:x-noop	-	-	-	rollout-2026-09-04T21-56-42-01a06e6c-8bff-7cc3-8402-14d16b3eca60.jsonl	2026-09-06T01:04:31.380Z	gpt-6-astra
2e21e69f0de7c720	-	ineligible	out-of-family:x-other	-	-	-	rollout-2026-09-04T21-56-42-01a06e6c-8bff-7cc3-8402-14d16b3eca60.jsonl	2026-09-06T01:06:00.076Z	gpt-6-astra
a9e584c98926ed43	-	ineligible	out-of-family:x-other	-	-	-	rollout-2026-09-04T21-56-42-01a06e6c-8bff-7cc3-8402-14d16b3eca60.jsonl	2026-09-06T01:07:14.322Z	gpt-6-astra
45a99980f3e00be1	-	ineligible	out-of-family:x-noop	-	-	-	rollout-2026-09-04T21-56-42-01a06e6c-8bff-7cc3-8402-14d16b3eca60.jsonl	2026-09-06T01:08:38.834Z	gpt-6-astra
fdb0991c10b7114f	-	ineligible	out-of-family:x-noop	-	-	-	rollout-2026-09-04T21-56-42-01a06e6c-8bff-7cc3-8402-14d16b3eca60.jsonl	2026-09-06T01:10:11.991Z	gpt-6-astra
e9dd681937ef8a2f	-	ineligible	out-of-family:x-noop	-	-	-	rollout-2026-09-04T21-56-42-01a06e6c-8bff-7cc3-8402-14d16b3eca60.jsonl	2026-09-06T01:12:18.896Z	gpt-6-astra
c96b88ae6208963e	-	ineligible	out-of-family:x-other	-	-	-	rollout-2026-09-04T21-56-42-01a06e6c-8bff-7cc3-8402-14d16b3eca60.jsonl	2026-09-06T01:15:03.818Z	gpt-6-astra
cf0119392deeafc0	-	ineligible	out-of-family:x-other	-	-	-	rollout-2026-09-04T21-56-42-01a06e6c-8bff-7cc3-8402-14d16b3eca60.jsonl	2026-09-06T01:16:34.790Z	gpt-6-astra
1d19941523b8b2e6	-	ineligible	out-of-family:x-other	-	-	-	rollout-2026-09-04T21-56-42-01a06e6c-8bff-7cc3-8402-14d16b3eca60.jsonl	2026-09-06T01:17:49.433Z	gpt-6-astra
4849bb8e322a569a	-	ineligible	out-of-family:x-noop	-	-	-	rollout-2026-09-04T21-56-42-01a06e6c-8bff-7cc3-8402-14d16b3eca60.jsonl	2026-09-06T01:19:10.825Z	gpt-6-astra
e94a76d8951056e2	-	ineligible	out-of-family:x-other	-	-	-	rollout-2026-09-04T21-56-42-01a06e6c-8bff-7cc3-8402-14d16b3eca60.jsonl	2026-09-06T01:19:52.306Z	gpt-6-astra
c283bf8712e23c28	I	ineligible	pre-edit-bytes-not-recoverable	/home/forge/src/clj-surgeon	-	-	rollout-2026-09-04T21-56-42-01a06e6c-8bff-7cc3-8402-14d16b3eca60.jsonl	2026-09-06T01:22:40.722Z	gpt-6-astra
75c6e81cd7ae5556	-	ineligible	out-of-family:x-noop	-	-	-	rollout-2026-09-04T21-56-42-01a06e6c-8bff-7cc3-8402-14d16b3eca60.jsonl	2026-09-06T01:24:36.443Z	gpt-6-astra
cb19d3bc329acb06	T	ineligible	pre-edit-bytes-not-recoverable	/home/forge/src/clj-surgeon	-	-	rollout-2026-09-04T21-56-42-01a06e6c-8bff-7cc3-8402-14d16b3eca60.jsonl	2026-09-06T01:26:23.846Z	gpt-6-astra
f9592a686b9595fd	-	ineligible	out-of-family:x-noop	-	-	-	rollout-2026-09-04T21-56-42-01a06e6c-8bff-7cc3-8402-14d16b3eca60.jsonl	2026-09-06T01:29:01.709Z	gpt-6-astra
113cad3be63b1e1f	-	ineligible	out-of-family:x-noop	-	-	-	rollout-2026-09-04T21-56-42-01a06e6c-8bff-7cc3-8402-14d16b3eca60.jsonl	2026-09-06T01:32:33.324Z	gpt-6-astra
4901b6cd51308f31	-	ineligible	out-of-family:x-noop	-	-	-	rollout-2026-09-04T21-56-42-01a06e6c-8bff-7cc3-8402-14d16b3eca60.jsonl	2026-09-06T01:35:33.391Z	gpt-6-astra
71f307b74a975d15	-	ineligible	out-of-family:x-noop	-	-	-	rollout-2026-09-04T21-56-42-01a06e6c-8bff-7cc3-8402-14d16b3eca60.jsonl	2026-09-06T01:39:20.557Z	gpt-6-astra
2b6b12fce6ad3c6a	-	ineligible	out-of-family:x-noop	-	-	-	rollout-2026-09-04T21-56-42-01a06e6c-8bff-7cc3-8402-14d16b3eca60.jsonl	2026-09-06T01:46:40.691Z	gpt-6-astra
38eb5b8cbab31ec6	T	ineligible	pre-edit-bytes-not-recoverable	/home/forge/src/clj-surgeon	-	-	rollout-2026-09-04T21-56-42-01a06e6c-8bff-7cc3-8402-14d16b3eca60.jsonl	2026-09-06T01:58:43.214Z	gpt-6-astra
8eb21c297d2046ef	-	ineligible	out-of-family:x-other	-	-	-	rollout-2026-09-04T21-56-42-01a06e6c-8bff-7cc3-8402-14d16b3eca60.jsonl	2026-09-06T02:01:18.070Z	gpt-6-astra
3aa4b516cd0d21bc	-	ineligible	out-of-family:x-other	-	-	-	rollout-2026-09-04T21-56-42-01a06e6c-8bff-7cc3-8402-14d16b3eca60.jsonl	2026-09-06T02:02:16.977Z	gpt-6-astra
b9195c99e2327cb9	-	ineligible	out-of-family:x-other	-	-	-	rollout-2026-09-04T21-56-42-01a06e6c-8bff-7cc3-8402-14d16b3eca60.jsonl	2026-09-06T02:07:23.528Z	gpt-6-astra
77d34592bb386bd7	-	ineligible	out-of-family:x-other	-	-	-	rollout-2026-09-04T21-56-42-01a06e6c-8bff-7cc3-8402-14d16b3eca60.jsonl	2026-09-06T02:21:26.939Z	gpt-6-astra
7f8d120665fb96be	-	ineligible	out-of-family:x-noop	-	-	-	rollout-2026-09-04T21-56-42-01a06e6c-8bff-7cc3-8402-14d16b3eca60.jsonl	2026-09-06T02:27:59.168Z	gpt-6-astra
5fea4d9ebe5473d9	-	ineligible	out-of-family:x-other	-	-	-	rollout-2026-09-04T21-56-42-01a06e6c-8bff-7cc3-8402-14d16b3eca60.jsonl	2026-09-06T02:30:21.431Z	gpt-6-astra
a7908b00a25a7f08	-	ineligible	out-of-family:x-noop	-	-	-	rollout-2026-09-04T21-56-42-01a06e6c-8bff-7cc3-8402-14d16b3eca60.jsonl	2026-09-06T02:31:48.443Z	gpt-6-astra
dc080067afd133de	-	ineligible	out-of-family:x-noop	-	-	-	rollout-2026-09-04T21-56-42-01a06e6c-8bff-7cc3-8402-14d16b3eca60.jsonl	2026-09-06T02:34:23.822Z	gpt-6-astra
87cebe531b0de618	-	ineligible	out-of-family:x-noop	-	-	-	rollout-2026-09-04T21-56-42-01a06e6c-8bff-7cc3-8402-14d16b3eca60.jsonl	2026-09-06T02:42:20.203Z	gpt-6-astra
f938f29c8e251458	-	ineligible	out-of-family:x-noop	-	-	-	rollout-2026-09-04T21-56-42-01a06e6c-8bff-7cc3-8402-14d16b3eca60.jsonl	2026-09-06T03:04:25.957Z	gpt-6-astra
d9dfa0f58f5c0f9b	-	ineligible	out-of-family:x-noop	-	-	-	rollout-2026-09-04T21-56-42-01a06e6c-8bff-7cc3-8402-14d16b3eca60.jsonl	2026-09-06T03:05:36.296Z	gpt-6-astra
d161828f4f42a030	-	ineligible	out-of-family:x-other	-	-	-	rollout-2026-09-04T21-56-42-01a06e6c-8bff-7cc3-8402-14d16b3eca60.jsonl	2026-09-06T03:06:05.353Z	gpt-6-astra
91d98af6020fcb45	-	ineligible	out-of-family:x-noop	-	-	-	rollout-2026-09-04T21-56-42-01a06e6c-8bff-7cc3-8402-14d16b3eca60.jsonl	2026-09-06T03:07:55.828Z	gpt-6-astra
6035ff7a55c52b9c	-	ineligible	out-of-family:x-other	-	-	-	rollout-2026-09-04T21-56-42-01a06e6c-8bff-7cc3-8402-14d16b3eca60.jsonl	2026-09-06T03:13:38.255Z	gpt-6-astra
1d25e6f4d66f881f	-	ineligible	out-of-family:x-other	-	-	-	rollout-2026-09-04T21-56-42-01a06e6c-8bff-7cc3-8402-14d16b3eca60.jsonl	2026-09-06T03:15:41.057Z	gpt-6-astra
f977212fcf793201	-	ineligible	out-of-family:x-other	-	-	-	rollout-2026-09-04T21-56-42-01a06e6c-8bff-7cc3-8402-14d16b3eca60.jsonl	2026-09-06T03:16:28.147Z	gpt-6-astra
3fd525b1560ab0a6	-	ineligible	out-of-family:x-other	-	-	-	rollout-2026-09-04T21-56-42-01a06e6c-8bff-7cc3-8402-14d16b3eca60.jsonl	2026-09-06T03:27:36.791Z	gpt-6-astra
de3164866664f335	-	ineligible	out-of-family:x-noop	-	-	-	rollout-2026-09-04T21-56-42-01a06e6c-8bff-7cc3-8402-14d16b3eca60.jsonl	2026-09-06T03:33:10.362Z	gpt-6-astra
6fb5aea7e31ba4cf	-	ineligible	out-of-family:x-noop	-	-	-	rollout-2026-09-04T21-56-42-01a06e6c-8bff-7cc3-8402-14d16b3eca60.jsonl	2026-09-06T03:33:43.064Z	gpt-6-astra
bbf733a92c0b1c7b	-	ineligible	out-of-family:x-other	-	-	-	rollout-2026-09-04T21-56-42-01a06e6c-8bff-7cc3-8402-14d16b3eca60.jsonl	2026-09-06T03:36:49.424Z	gpt-6-astra
b4b8ca2686b6b00a	-	ineligible	out-of-family:x-other	-	-	-	rollout-2026-09-04T21-56-42-01a06e6c-8bff-7cc3-8402-14d16b3eca60.jsonl	2026-09-06T03:42:21.524Z	gpt-6-astra
f91fcabb328e9fcf	-	ineligible	out-of-family:x-noop	-	-	-	rollout-2026-09-04T21-56-42-01a06e6c-8bff-7cc3-8402-14d16b3eca60.jsonl	2026-09-06T03:53:48.516Z	gpt-6-astra
fc8d205be45f0b3f	-	ineligible	out-of-family:x-other	-	-	-	rollout-2026-09-04T21-56-42-01a06e6c-8bff-7cc3-8402-14d16b3eca60.jsonl	2026-09-06T03:55:52.976Z	gpt-6-astra
82a46140f06abc9d	-	ineligible	out-of-family:x-other	-	-	-	rollout-2026-09-04T21-56-42-01a06e6c-8bff-7cc3-8402-14d16b3eca60.jsonl	2026-09-06T04:01:49.146Z	gpt-6-astra
6585ca02c0896cda	-	ineligible	out-of-family:x-other	-	-	-	rollout-2026-09-04T21-56-42-01a06e6c-8bff-7cc3-8402-14d16b3eca60.jsonl	2026-09-06T04:03:53.639Z	gpt-6-astra
81916167e1fde177	-	ineligible	out-of-family:x-other	-	-	-	rollout-2026-09-04T21-56-42-01a06e6c-8bff-7cc3-8402-14d16b3eca60.jsonl	2026-09-06T04:11:47.533Z	gpt-6-astra
627a94279cc52314	-	ineligible	out-of-family:x-other	-	-	-	rollout-2026-09-04T21-56-42-01a06e6c-8bff-7cc3-8402-14d16b3eca60.jsonl	2026-09-06T04:23:48.590Z	gpt-6-astra
c3ed692ca709bf48	-	ineligible	out-of-family:x-noop	-	-	-	rollout-2026-09-04T21-56-42-01a06e6c-8bff-7cc3-8402-14d16b3eca60.jsonl	2026-09-06T04:30:12.326Z	gpt-6-astra
6bdb1ed7590e8594	-	ineligible	out-of-family:x-other	-	-	-	rollout-2026-09-04T21-56-42-01a06e6c-8bff-7cc3-8402-14d16b3eca60.jsonl	2026-09-06T04:31:32.113Z	gpt-6-astra
3445e7affc6e6a87	-	ineligible	out-of-family:x-other	-	-	-	rollout-2026-09-04T21-56-42-01a06e6c-8bff-7cc3-8402-14d16b3eca60.jsonl	2026-09-06T04:32:39.298Z	gpt-6-astra
882a567a577a0db4	-	ineligible	out-of-family:x-other	-	-	-	rollout-2026-09-04T21-56-42-01a06e6c-8bff-7cc3-8402-14d16b3eca60.jsonl	2026-09-06T04:39:12.617Z	gpt-6-astra
30961c3c60643059	-	ineligible	out-of-family:x-other	-	-	-	rollout-2026-09-04T21-56-42-01a06e6c-8bff-7cc3-8402-14d16b3eca60.jsonl	2026-09-06T04:59:54.981Z	gpt-6-astra
14b73680c9f51155	-	ineligible	out-of-family:x-other	-	-	-	rollout-2026-09-04T21-56-42-01a06e6c-8bff-7cc3-8402-14d16b3eca60.jsonl	2026-09-06T05:31:47.952Z	gpt-6-astra
17c96ccb45cf5faa	-	ineligible	out-of-family:x-noop	-	-	-	rollout-2026-09-04T21-56-42-01a06e6c-8bff-7cc3-8402-14d16b3eca60.jsonl	2026-09-06T07:24:33.547Z	gpt-6-astra
47d1c554480f3129	-	ineligible	out-of-family:x-other	-	-	-	rollout-2026-09-04T21-56-42-01a06e6c-8bff-7cc3-8402-14d16b3eca60.jsonl	2026-09-06T08:17:38.886Z	gpt-6-astra
de29521c201e9d5d	-	ineligible	out-of-family:x-other	-	-	-	rollout-2026-09-04T21-56-42-01a06e6c-8bff-7cc3-8402-14d16b3eca60.jsonl	2026-09-06T08:18:17.636Z	gpt-6-astra
9d13040cba25f630	-	ineligible	out-of-family:x-other	-	-	-	rollout-2026-09-04T21-56-42-01a06e6c-8bff-7cc3-8402-14d16b3eca60.jsonl	2026-09-06T09:20:48.458Z	gpt-6-astra
11ad26c211850068	-	ineligible	out-of-family:x-noop	-	-	-	rollout-2026-09-04T21-56-42-01a06e6c-8bff-7cc3-8402-14d16b3eca60.jsonl	2026-09-06T12:44:09.669Z	gpt-6-astra
fe1dc034fb97e0f1	-	ineligible	out-of-family:x-other	-	-	-	rollout-2026-09-04T21-56-42-01a06e6c-8bff-7cc3-8402-14d16b3eca60.jsonl	2026-09-06T14:11:14.766Z	gpt-6-astra
1a2a0f6f0fa09d0a	-	ineligible	out-of-family:x-other	-	-	-	rollout-2026-09-04T21-56-42-01a06e6c-8bff-7cc3-8402-14d16b3eca60.jsonl	2026-09-06T14:36:20.970Z	gpt-6-astra
934a304594f6531a	-	ineligible	out-of-family:x-noop	-	-	-	rollout-2026-09-04T21-56-42-01a06e6c-8bff-7cc3-8402-14d16b3eca60.jsonl	2026-09-06T14:44:42.437Z	gpt-6-astra
25ab6799763fa347	-	ineligible	out-of-family:x-other	-	-	-	rollout-2026-09-04T21-56-42-01a06e6c-8bff-7cc3-8402-14d16b3eca60.jsonl	2026-09-06T14:52:34.213Z	gpt-6-astra
8bfed5ae25db7fe9	-	ineligible	out-of-family:x-noop	-	-	-	rollout-2026-09-04T21-56-42-01a06e6c-8bff-7cc3-8402-14d16b3eca60.jsonl	2026-09-06T17:03:59.899Z	gpt-6-astra
ad5632a1cbd631ce	-	ineligible	out-of-family:x-noop	-	-	-	rollout-2026-09-04T21-56-42-01a06e6c-8bff-7cc3-8402-14d16b3eca60.jsonl	2026-09-06T17:05:11.106Z	gpt-6-astra
14abe59cf7302e6a	-	ineligible	out-of-family:x-noop	-	-	-	rollout-2026-09-04T21-56-42-01a06e6c-8bff-7cc3-8402-14d16b3eca60.jsonl	2026-09-06T19:27:57.328Z	gpt-6-astra
c4b52e0f53bd9c28	-	ineligible	out-of-family:x-noop	-	-	-	rollout-2026-09-04T22-07-14-01a06e76-314b-7ca1-8a26-347576dac6b7.jsonl	2026-09-05T00:36:57.839Z	gpt-6-astra
b548fcb299aff95c	-	ineligible	out-of-family:x-noop	-	-	-	rollout-2026-09-04T22-07-14-01a06e76-314b-7ca1-8a26-347576dac6b7.jsonl	2026-09-05T01:05:39.136Z	gpt-6-astra
7a33e162e81ea461	-	ineligible	out-of-family:x-other	-	-	-	rollout-2026-09-04T22-07-14-01a06e76-314b-7ca1-8a26-347576dac6b7.jsonl	2026-09-05T01:06:50.235Z	gpt-6-astra
a37ff2f0f312ff57	-	ineligible	out-of-family:x-noop	-	-	-	rollout-2026-09-04T22-07-14-01a06e76-314b-7ca1-8a26-347576dac6b7.jsonl	2026-09-05T01:08:05.763Z	gpt-6-astra
a6ac43d7767f3d49	-	ineligible	out-of-family:x-other	-	-	-	rollout-2026-09-04T22-07-14-01a06e76-314b-7ca1-8a26-347576dac6b7.jsonl	2026-09-05T01:12:32.451Z	gpt-6-astra
a466f54a6cdf8b51	-	ineligible	out-of-family:x-noop	-	-	-	rollout-2026-09-04T22-07-14-01a06e76-314b-7ca1-8a26-347576dac6b7.jsonl	2026-09-05T01:14:05.097Z	gpt-6-astra
c90ae427210d1be7	-	ineligible	out-of-family:x-noop	-	-	-	rollout-2026-09-04T22-07-14-01a06e76-314b-7ca1-8a26-347576dac6b7.jsonl	2026-09-05T01:15:32.753Z	gpt-6-astra
728438ce8949bd07	-	ineligible	out-of-family:x-noop	-	-	-	rollout-2026-09-04T22-07-14-01a06e76-314b-7ca1-8a26-347576dac6b7.jsonl	2026-09-05T01:43:05.276Z	gpt-6-astra
d129b1ed8bb80093	R	ineligible	edit-already-present-in-pre-edit	/home/forge/src/clj-surgeon	test/clj_surgeon/alias_migration_test.clj	252bdc30433eeb9b3bc54bd43a6509d056ef76fd	rollout-2026-09-04T22-07-14-01a06e76-314b-7ca1-8a26-347576dac6b7.jsonl	2026-09-05T01:43:58.807Z	gpt-6-astra
0eb258f82745eba6	-	ineligible	out-of-family:x-noop	-	-	-	rollout-2026-09-04T22-07-14-01a06e76-314b-7ca1-8a26-347576dac6b7.jsonl	2026-09-05T01:46:43.167Z	gpt-6-astra
e7731043df491c66	-	ineligible	out-of-family:x-noop	-	-	-	rollout-2026-09-04T22-07-14-01a06e76-314b-7ca1-8a26-347576dac6b7.jsonl	2026-09-05T02:42:51.058Z	gpt-6-astra
34ed770a837d8290	-	ineligible	out-of-family:x-noop	-	-	-	rollout-2026-09-04T22-07-14-01a06e76-314b-7ca1-8a26-347576dac6b7.jsonl	2026-09-05T02:43:23.324Z	gpt-6-astra
d608a88f45d89708	-	ineligible	out-of-family:x-noop	-	-	-	rollout-2026-09-04T22-07-14-01a06e76-314b-7ca1-8a26-347576dac6b7.jsonl	2026-09-05T02:59:57.043Z	gpt-6-astra
9a832a37de8df6f9	-	ineligible	out-of-family:x-noop	-	-	-	rollout-2026-09-04T22-07-14-01a06e76-314b-7ca1-8a26-347576dac6b7.jsonl	2026-09-06T01:00:58.685Z	gpt-6-astra
4f150932cf58e74f	-	ineligible	out-of-family:x-other	-	-	-	rollout-2026-09-04T22-07-14-01a06e76-314b-7ca1-8a26-347576dac6b7.jsonl	2026-09-06T01:02:09.915Z	gpt-6-astra
78f4a5992cba7379	-	ineligible	out-of-family:x-noop	-	-	-	rollout-2026-09-04T22-07-14-01a06e76-314b-7ca1-8a26-347576dac6b7.jsonl	2026-09-06T01:03:15.763Z	gpt-6-astra
a78da9d6f0f25b9f	-	ineligible	out-of-family:x-noop	-	-	-	rollout-2026-09-04T22-07-14-01a06e76-314b-7ca1-8a26-347576dac6b7.jsonl	2026-09-06T01:06:16.703Z	gpt-6-astra
991d11696773185b	-	ineligible	out-of-family:x-noop	-	-	-	rollout-2026-09-04T22-07-14-01a06e76-314b-7ca1-8a26-347576dac6b7.jsonl	2026-09-06T01:15:40.681Z	gpt-6-astra
1dce7ad12211d57d	-	ineligible	out-of-family:x-other	-	-	-	rollout-2026-09-04T22-07-14-01a06e76-314b-7ca1-8a26-347576dac6b7.jsonl	2026-09-06T01:16:43.817Z	gpt-6-astra
94faa81b4f7ba4d3	-	ineligible	out-of-family:x-other	-	-	-	rollout-2026-09-04T22-07-14-01a06e76-314b-7ca1-8a26-347576dac6b7.jsonl	2026-09-06T01:16:57.386Z	gpt-6-astra
dbb202f36065487a	-	ineligible	out-of-family:x-noop	-	-	-	rollout-2026-09-04T22-07-14-01a06e76-314b-7ca1-8a26-347576dac6b7.jsonl	2026-09-06T02:21:57.364Z	gpt-6-astra
1f7996984b54db05	-	ineligible	out-of-family:x-noop	-	-	-	rollout-2026-09-04T22-07-14-01a06e76-314b-7ca1-8a26-347576dac6b7.jsonl	2026-09-06T02:23:01.540Z	gpt-6-astra
292cc2445f2db352	T	ineligible	pre-edit-bytes-not-recoverable	/home/forge/src/clj-surgeon	-	-	rollout-2026-09-04T22-07-14-01a06e76-314b-7ca1-8a26-347576dac6b7.jsonl	2026-09-06T02:23:46.971Z	gpt-6-astra
104b502d75a0c668	T	ineligible	pre-edit-bytes-not-recoverable	/home/forge/src/clj-surgeon	-	-	rollout-2026-09-04T22-07-14-01a06e76-314b-7ca1-8a26-347576dac6b7.jsonl	2026-09-06T02:24:14.303Z	gpt-6-astra
789be9057fca2883	-	ineligible	out-of-family:x-other	-	-	-	rollout-2026-09-04T22-07-14-01a06e76-314b-7ca1-8a26-347576dac6b7.jsonl	2026-09-06T02:25:06.325Z	gpt-6-astra
6e6c9f03a24b9495	-	ineligible	out-of-family:x-other	-	-	-	rollout-2026-09-04T22-07-14-01a06e76-314b-7ca1-8a26-347576dac6b7.jsonl	2026-09-06T02:28:34.407Z	gpt-6-astra
5321a3d93388ec23	-	ineligible	out-of-family:x-noop	-	-	-	rollout-2026-09-04T22-07-14-01a06e76-314b-7ca1-8a26-347576dac6b7.jsonl	2026-09-06T02:45:03.562Z	gpt-6-astra
0436d4721d1e9018	-	ineligible	out-of-family:x-noop	-	-	-	rollout-2026-09-04T22-07-14-01a06e76-314b-7ca1-8a26-347576dac6b7.jsonl	2026-09-06T02:47:04.595Z	gpt-6-astra
ca7465880035da7d	-	ineligible	out-of-family:x-noop	-	-	-	rollout-2026-09-04T22-07-14-01a06e76-314b-7ca1-8a26-347576dac6b7.jsonl	2026-09-06T02:48:01.675Z	gpt-6-astra
a0145398ed5e9829	-	ineligible	out-of-family:x-noop	-	-	-	rollout-2026-09-04T22-07-14-01a06e76-314b-7ca1-8a26-347576dac6b7.jsonl	2026-09-06T02:49:13.886Z	gpt-6-astra
35c4cc2e51f54b94	-	ineligible	out-of-family:x-noop	-	-	-	rollout-2026-09-04T22-07-14-01a06e76-314b-7ca1-8a26-347576dac6b7.jsonl	2026-09-06T02:53:39.745Z	gpt-6-astra
b098adabd7fbbeb0	-	ineligible	out-of-family:x-other	-	-	-	rollout-2026-09-04T22-07-14-01a06e76-314b-7ca1-8a26-347576dac6b7.jsonl	2026-09-06T03:03:27.799Z	gpt-6-astra
4060f3599a7c343b	-	ineligible	out-of-family:x-noop	-	-	-	rollout-2026-09-04T22-07-14-01a06e76-314b-7ca1-8a26-347576dac6b7.jsonl	2026-09-06T03:07:50.784Z	gpt-6-astra
3c33ba5568a7baa9	-	ineligible	out-of-family:x-noop	-	-	-	rollout-2026-09-04T22-07-14-01a06e76-314b-7ca1-8a26-347576dac6b7.jsonl	2026-09-06T03:09:20.411Z	gpt-6-astra
6297193deb29f32a	-	ineligible	out-of-family:x-noop	-	-	-	rollout-2026-09-04T22-07-14-01a06e76-314b-7ca1-8a26-347576dac6b7.jsonl	2026-09-06T03:10:30.272Z	gpt-6-astra
2834a44c48bc0102	-	ineligible	out-of-family:x-noop	-	-	-	rollout-2026-09-04T22-07-14-01a06e76-314b-7ca1-8a26-347576dac6b7.jsonl	2026-09-06T03:12:44.180Z	gpt-6-astra
9d1d2b9c4b0c6147	-	ineligible	out-of-family:x-noop	-	-	-	rollout-2026-09-04T22-07-14-01a06e76-314b-7ca1-8a26-347576dac6b7.jsonl	2026-09-06T03:31:28.296Z	gpt-6-astra
f2efbb7801351d6d	-	ineligible	out-of-family:x-noop	-	-	-	rollout-2026-09-04T22-07-14-01a06e76-314b-7ca1-8a26-347576dac6b7.jsonl	2026-09-06T03:34:52.539Z	gpt-6-astra
f89b303a855e197b	-	ineligible	out-of-family:x-noop	-	-	-	rollout-2026-09-04T22-07-14-01a06e76-314b-7ca1-8a26-347576dac6b7.jsonl	2026-09-06T03:35:58.182Z	gpt-6-astra
afca8733e5fc73b9	-	ineligible	out-of-family:x-other	-	-	-	rollout-2026-09-04T22-07-14-01a06e76-314b-7ca1-8a26-347576dac6b7.jsonl	2026-09-06T03:40:10.170Z	gpt-6-astra
e5020a4fa2741600	-	ineligible	out-of-family:x-other	-	-	-	rollout-2026-09-04T22-07-14-01a06e76-314b-7ca1-8a26-347576dac6b7.jsonl	2026-09-06T03:41:39.810Z	gpt-6-astra
2623d8d775245463	-	ineligible	out-of-family:x-other	-	-	-	rollout-2026-09-04T22-07-14-01a06e76-314b-7ca1-8a26-347576dac6b7.jsonl	2026-09-06T04:13:26.711Z	gpt-6-astra
2786a75239259c13	-	ineligible	out-of-family:x-noop	-	-	-	rollout-2026-09-04T22-07-14-01a06e76-314b-7ca1-8a26-347576dac6b7.jsonl	2026-09-06T04:44:55.103Z	gpt-6-astra
7d0279174244045b	-	ineligible	out-of-family:x-other	-	-	-	rollout-2026-09-04T22-07-14-01a06e76-314b-7ca1-8a26-347576dac6b7.jsonl	2026-09-06T04:45:16.710Z	gpt-6-astra
51ef41bd5f6f9683	-	ineligible	out-of-family:x-noop	-	-	-	rollout-2026-09-04T22-07-14-01a06e76-314b-7ca1-8a26-347576dac6b7.jsonl	2026-09-06T05:17:12.200Z	gpt-6-astra
2801713031e689c0	-	ineligible	out-of-family:x-noop	-	-	-	rollout-2026-09-04T22-07-14-01a06e76-314b-7ca1-8a26-347576dac6b7.jsonl	2026-09-06T05:23:17.425Z	gpt-6-astra
cf4313beb8a58480	-	ineligible	out-of-family:x-other	-	-	-	rollout-2026-09-04T22-07-14-01a06e76-314b-7ca1-8a26-347576dac6b7.jsonl	2026-09-06T05:24:36.636Z	gpt-6-astra
561d8a7b990bd06c	-	ineligible	out-of-family:x-other	-	-	-	rollout-2026-09-04T22-07-14-01a06e76-314b-7ca1-8a26-347576dac6b7.jsonl	2026-09-06T06:02:01.489Z	gpt-6-astra
66c806455d3ca25c	-	ineligible	out-of-family:x-noop	-	-	-	rollout-2026-09-04T22-07-14-01a06e76-314b-7ca1-8a26-347576dac6b7.jsonl	2026-09-06T06:31:44.037Z	gpt-6-astra
1ec4bd459003cf05	-	ineligible	out-of-family:x-noop	-	-	-	rollout-2026-09-04T22-07-14-01a06e76-314b-7ca1-8a26-347576dac6b7.jsonl	2026-09-06T06:32:11.007Z	gpt-6-astra
c51af117af5e24ab	-	ineligible	out-of-family:x-other	-	-	-	rollout-2026-09-04T22-07-14-01a06e76-314b-7ca1-8a26-347576dac6b7.jsonl	2026-09-06T06:32:24.906Z	gpt-6-astra
991681168106c06f	-	ineligible	out-of-family:x-other	-	-	-	rollout-2026-09-04T22-07-14-01a06e76-314b-7ca1-8a26-347576dac6b7.jsonl	2026-09-06T06:33:01.698Z	gpt-6-astra
86ee33200c61e462	-	ineligible	out-of-family:x-other	-	-	-	rollout-2026-09-04T22-07-14-01a06e76-314b-7ca1-8a26-347576dac6b7.jsonl	2026-09-06T06:33:35.232Z	gpt-6-astra
47cc29af304cdb45	-	ineligible	out-of-family:x-other	-	-	-	rollout-2026-09-04T22-07-14-01a06e76-314b-7ca1-8a26-347576dac6b7.jsonl	2026-09-06T06:33:54.097Z	gpt-6-astra
d7134ef23a3093a7	-	ineligible	out-of-family:x-other	-	-	-	rollout-2026-09-04T22-07-14-01a06e76-314b-7ca1-8a26-347576dac6b7.jsonl	2026-09-06T06:34:08.179Z	gpt-6-astra
8d16088d7d19e0e7	-	ineligible	out-of-family:x-noop	-	-	-	rollout-2026-09-04T22-07-14-01a06e76-314b-7ca1-8a26-347576dac6b7.jsonl	2026-09-06T06:39:43.899Z	gpt-6-astra
44685db4eb804288	-	ineligible	out-of-family:x-noop	-	-	-	rollout-2026-09-04T22-07-14-01a06e76-314b-7ca1-8a26-347576dac6b7.jsonl	2026-09-06T08:12:50.479Z	gpt-6-astra
1d06b21cc5b11444	-	ineligible	out-of-family:x-noop	-	-	-	rollout-2026-09-04T22-07-14-01a06e76-314b-7ca1-8a26-347576dac6b7.jsonl	2026-09-06T08:14:03.076Z	gpt-6-astra
d8cae81c776c2455	-	ineligible	out-of-family:x-noop	-	-	-	rollout-2026-09-04T22-07-14-01a06e76-314b-7ca1-8a26-347576dac6b7.jsonl	2026-09-06T08:15:57.491Z	gpt-6-astra
e9950d0bc351ad7b	-	ineligible	out-of-family:x-other	-	-	-	rollout-2026-09-04T22-07-14-01a06e76-314b-7ca1-8a26-347576dac6b7.jsonl	2026-09-06T08:16:38.954Z	gpt-6-astra
a3c6c9e90c9cc305	-	ineligible	out-of-family:x-other	-	-	-	rollout-2026-09-04T22-07-14-01a06e76-314b-7ca1-8a26-347576dac6b7.jsonl	2026-09-06T08:17:23.874Z	gpt-6-astra
a0dab87f0de42754	-	ineligible	out-of-family:x-noop	-	-	-	rollout-2026-09-04T22-07-14-01a06e76-314b-7ca1-8a26-347576dac6b7.jsonl	2026-09-06T08:20:19.289Z	gpt-6-astra
e3524ff6169dcadd	-	ineligible	out-of-family:x-noop	-	-	-	rollout-2026-09-04T22-07-14-01a06e76-314b-7ca1-8a26-347576dac6b7.jsonl	2026-09-06T08:25:26.579Z	gpt-6-astra
63c06ecf5528d642	-	ineligible	out-of-family:x-noop	-	-	-	rollout-2026-09-04T22-07-14-01a06e76-314b-7ca1-8a26-347576dac6b7.jsonl	2026-09-06T08:36:31.203Z	gpt-6-astra
baf6db9c5564de27	-	ineligible	out-of-family:x-other	-	-	-	rollout-2026-09-04T22-07-14-01a06e76-314b-7ca1-8a26-347576dac6b7.jsonl	2026-09-06T08:36:48.492Z	gpt-6-astra
b3ea62a6bef9b5be	-	ineligible	out-of-family:x-noop	-	-	-	rollout-2026-09-04T22-07-14-01a06e76-314b-7ca1-8a26-347576dac6b7.jsonl	2026-09-06T08:38:11.805Z	gpt-6-astra
69f4c1d680dc5e66	-	ineligible	out-of-family:x-other	-	-	-	rollout-2026-09-04T22-07-14-01a06e76-314b-7ca1-8a26-347576dac6b7.jsonl	2026-09-06T08:46:55.332Z	gpt-6-astra
4d0340b16b39bdd7	-	ineligible	out-of-family:x-other	-	-	-	rollout-2026-09-04T22-07-14-01a06e76-314b-7ca1-8a26-347576dac6b7.jsonl	2026-09-06T08:49:42.669Z	gpt-6-astra
07a1dca87b6b63b1	-	ineligible	out-of-family:x-other	-	-	-	rollout-2026-09-04T22-07-14-01a06e76-314b-7ca1-8a26-347576dac6b7.jsonl	2026-09-06T08:50:15.172Z	gpt-6-astra
396cfd30d7543415	-	ineligible	out-of-family:x-noop	-	-	-	rollout-2026-09-04T22-07-14-01a06e76-314b-7ca1-8a26-347576dac6b7.jsonl	2026-09-06T09:34:17.315Z	gpt-6-astra
f7bd80d6d5486a5c	-	ineligible	out-of-family:x-noop	-	-	-	rollout-2026-09-04T22-07-14-01a06e76-314b-7ca1-8a26-347576dac6b7.jsonl	2026-09-06T09:36:26.200Z	gpt-6-astra
bbf78427f5a3bdb2	-	ineligible	out-of-family:x-other	-	-	-	rollout-2026-09-04T22-07-14-01a06e76-314b-7ca1-8a26-347576dac6b7.jsonl	2026-09-06T09:37:20.913Z	gpt-6-astra
e4178c5d48fd5cba	-	ineligible	out-of-family:x-noop	-	-	-	rollout-2026-09-04T22-07-14-01a06e76-314b-7ca1-8a26-347576dac6b7.jsonl	2026-09-06T09:45:41.580Z	gpt-6-astra
91e255f08481a917	-	ineligible	out-of-family:x-noop	-	-	-	rollout-2026-09-04T22-07-14-01a06e76-314b-7ca1-8a26-347576dac6b7.jsonl	2026-09-06T09:47:23.926Z	gpt-6-astra
72e3ad50bac4a456	-	ineligible	out-of-family:x-other	-	-	-	rollout-2026-09-04T22-07-14-01a06e76-314b-7ca1-8a26-347576dac6b7.jsonl	2026-09-06T10:23:22.585Z	gpt-6-astra
e36a7badf540a000	-	ineligible	out-of-family:x-noop	-	-	-	rollout-2026-09-04T22-07-14-01a06e76-314b-7ca1-8a26-347576dac6b7.jsonl	2026-09-06T10:24:43.165Z	gpt-6-astra
381476c950353015	-	ineligible	out-of-family:x-noop	-	-	-	rollout-2026-09-04T22-07-14-01a06e76-314b-7ca1-8a26-347576dac6b7.jsonl	2026-09-06T10:25:50.406Z	gpt-6-astra
c5dbd0149452ef7c	I	ineligible	no-clj-path-resolved	/home/forge/src/clj-surgeon	-	-	rollout-2026-09-04T22-07-14-01a06e76-314b-7ca1-8a26-347576dac6b7.jsonl	2026-09-06T10:28:52.392Z	gpt-6-astra
275ca2b0b071da9c	-	ineligible	out-of-family:x-noop	-	-	-	rollout-2026-09-04T22-07-14-01a06e76-314b-7ca1-8a26-347576dac6b7.jsonl	2026-09-06T10:36:39.856Z	gpt-6-astra
66807bb9ba4cb937	-	ineligible	out-of-family:x-noop	-	-	-	rollout-2026-09-04T22-07-14-01a06e76-314b-7ca1-8a26-347576dac6b7.jsonl	2026-09-06T10:37:30.078Z	gpt-6-astra
cbda3390c1c7f24b	-	ineligible	out-of-family:x-noop	-	-	-	rollout-2026-09-04T22-07-14-01a06e76-314b-7ca1-8a26-347576dac6b7.jsonl	2026-09-06T10:50:51.078Z	gpt-6-astra
2752d0ab3d7d4335	-	ineligible	out-of-family:x-noop	-	-	-	rollout-2026-09-04T22-07-14-01a06e76-314b-7ca1-8a26-347576dac6b7.jsonl	2026-09-06T12:59:33.506Z	gpt-6-astra
db25d372b46bd2c0	-	ineligible	out-of-family:x-noop	-	-	-	rollout-2026-09-04T22-07-14-01a06e76-314b-7ca1-8a26-347576dac6b7.jsonl	2026-09-06T14:30:35.846Z	gpt-6-astra
994b59658df6558b	-	ineligible	out-of-family:x-noop	-	-	-	rollout-2026-09-04T22-07-14-01a06e76-314b-7ca1-8a26-347576dac6b7.jsonl	2026-09-06T14:39:21.147Z	gpt-6-astra
1b16e24975c87848	-	ineligible	out-of-family:x-other	-	-	-	rollout-2026-09-04T22-07-14-01a06e76-314b-7ca1-8a26-347576dac6b7.jsonl	2026-09-06T14:39:48.206Z	gpt-6-astra
a757a02f8d7f6d7d	-	ineligible	out-of-family:x-noop	-	-	-	rollout-2026-09-04T22-07-14-01a06e76-314b-7ca1-8a26-347576dac6b7.jsonl	2026-09-06T16:57:42.177Z	gpt-6-astra
d43b6abbd2396881	-	ineligible	out-of-family:x-other	-	-	-	rollout-2026-09-04T22-07-14-01a06e76-314b-7ca1-8a26-347576dac6b7.jsonl	2026-09-06T19:28:50.647Z	gpt-6-astra
5de4b13adc555a6d	-	ineligible	out-of-family:x-other	-	-	-	rollout-2026-09-04T22-07-14-01a06e76-314b-7ca1-8a26-347576dac6b7.jsonl	2026-09-06T19:29:16.124Z	gpt-6-astra
ae1cfd298ee7c46c	-	ineligible	out-of-family:x-noop	-	-	-	rollout-2026-09-04T22-07-14-01a06e76-314b-7ca1-8a26-347576dac6b7.jsonl	2026-09-06T19:39:40.847Z	gpt-6-astra
c33301ccdc2b0479	-	ineligible	out-of-family:x-noop	-	-	-	rollout-2026-09-04T22-07-14-01a06e76-314b-7ca1-8a26-347576dac6b7.jsonl	2026-09-06T19:40:48.591Z	gpt-6-astra
e000a5cf449813af	R	ineligible	lab-fixture-repo-not-original	/var/tmp/forge/astra-program/fixtures/pair-1-astra-native	-	-	rollout-2026-09-04T23-53-06-01a06ed7-1bbf-72a0-ac68-6f643ecd0a75.jsonl	2026-09-04T23:53:43.569Z	gpt-6-astra
52ec0e307eced583	-	ineligible	out-of-family:x-noop	-	-	-	rollout-2026-09-04T23-54-32-01a06ed8-6e46-79d0-9e96-7e00b693427b.jsonl	2026-09-04T23:55:13.499Z	gpt-6-astra
987b55c15685a695	-	ineligible	out-of-family:x-noop	-	-	-	rollout-2026-09-04T22-05-02-01a06e74-2b4c-7bc1-8ce7-3e249cf924b0.jsonl	2026-09-04T23:06:22.628Z	gpt-6-astra
20a9ee21b560ee4a	-	ineligible	out-of-family:x-noop	-	-	-	rollout-2026-09-04T22-05-02-01a06e74-2b4c-7bc1-8ce7-3e249cf924b0.jsonl	2026-09-04T23:11:07.337Z	gpt-6-astra
e5e77c1cd22b99a8	-	ineligible	out-of-family:x-other	-	-	-	rollout-2026-09-04T22-05-02-01a06e74-2b4c-7bc1-8ce7-3e249cf924b0.jsonl	2026-09-04T23:16:05.245Z	gpt-6-astra
ab061913448aa0ab	-	ineligible	out-of-family:x-noop	-	-	-	rollout-2026-09-04T22-05-02-01a06e74-2b4c-7bc1-8ce7-3e249cf924b0.jsonl	2026-09-04T23:23:34.654Z	gpt-6-astra
b24afc4f2eb628dc	-	ineligible	out-of-family:x-noop	-	-	-	rollout-2026-09-04T22-05-02-01a06e74-2b4c-7bc1-8ce7-3e249cf924b0.jsonl	2026-09-04T23:28:46.861Z	gpt-6-astra
7231d2867bc370e8	-	ineligible	out-of-family:x-noop	-	-	-	rollout-2026-09-04T22-05-02-01a06e74-2b4c-7bc1-8ce7-3e249cf924b0.jsonl	2026-09-04T23:40:12.405Z	gpt-6-astra
2f258537b1592617	-	ineligible	out-of-family:x-noop	-	-	-	rollout-2026-09-04T22-05-02-01a06e74-2b4c-7bc1-8ce7-3e249cf924b0.jsonl	2026-09-04T23:50:03.629Z	gpt-6-astra
1986b99cec70c269	-	ineligible	out-of-family:x-noop	-	-	-	rollout-2026-09-04T22-05-02-01a06e74-2b4c-7bc1-8ce7-3e249cf924b0.jsonl	2026-09-05T00:10:16.537Z	gpt-6-astra
5bdc2048cbc35c9f	-	ineligible	out-of-family:x-noop	-	-	-	rollout-2026-09-04T22-05-02-01a06e74-2b4c-7bc1-8ce7-3e249cf924b0.jsonl	2026-09-05T00:11:10.516Z	gpt-6-astra
b8fa525f010c97b8	-	ineligible	out-of-family:x-noop	-	-	-	rollout-2026-09-04T22-05-02-01a06e74-2b4c-7bc1-8ce7-3e249cf924b0.jsonl	2026-09-05T00:12:39.058Z	gpt-6-astra
8e482f8469e8a7b9	-	ineligible	out-of-family:x-noop	-	-	-	rollout-2026-09-04T22-05-02-01a06e74-2b4c-7bc1-8ce7-3e249cf924b0.jsonl	2026-09-05T00:28:50.421Z	gpt-6-astra
2b6be23228d88fab	-	ineligible	out-of-family:x-noop	-	-	-	rollout-2026-09-04T22-05-02-01a06e74-2b4c-7bc1-8ce7-3e249cf924b0.jsonl	2026-09-05T00:30:52.125Z	gpt-6-astra
9ebb1c31694be657	-	ineligible	out-of-family:x-noop	-	-	-	rollout-2026-09-04T22-05-02-01a06e74-2b4c-7bc1-8ce7-3e249cf924b0.jsonl	2026-09-05T01:42:43.414Z	gpt-6-astra
4451d124f7e4d8fe	-	ineligible	out-of-family:x-noop	-	-	-	rollout-2026-09-04T22-05-02-01a06e74-2b4c-7bc1-8ce7-3e249cf924b0.jsonl	2026-09-05T01:43:50.513Z	gpt-6-astra
e9d6a896ad3be70b	-	ineligible	out-of-family:x-other	-	-	-	rollout-2026-09-04T22-05-02-01a06e74-2b4c-7bc1-8ce7-3e249cf924b0.jsonl	2026-09-05T01:44:02.190Z	gpt-6-astra
79582aab8d5d6ff6	-	ineligible	out-of-family:x-noop	-	-	-	rollout-2026-09-04T22-05-02-01a06e74-2b4c-7bc1-8ce7-3e249cf924b0.jsonl	2026-09-05T01:44:49.363Z	gpt-6-astra
3a3802618cca17f7	-	ineligible	out-of-family:x-noop	-	-	-	rollout-2026-09-04T22-05-02-01a06e74-2b4c-7bc1-8ce7-3e249cf924b0.jsonl	2026-09-05T01:45:38.037Z	gpt-6-astra
ad0c0303ffb47bae	-	ineligible	out-of-family:x-noop	-	-	-	rollout-2026-09-04T22-05-02-01a06e74-2b4c-7bc1-8ce7-3e249cf924b0.jsonl	2026-09-05T01:47:03.323Z	gpt-6-astra
5f5a6d84f6773241	-	ineligible	out-of-family:x-noop	-	-	-	rollout-2026-09-04T22-05-02-01a06e74-2b4c-7bc1-8ce7-3e249cf924b0.jsonl	2026-09-05T01:48:07.242Z	gpt-6-astra
13802b96f7d909e9	-	ineligible	out-of-family:x-noop	-	-	-	rollout-2026-09-04T22-05-02-01a06e74-2b4c-7bc1-8ce7-3e249cf924b0.jsonl	2026-09-05T01:48:45.584Z	gpt-6-astra
1e1be605493c54cf	-	ineligible	out-of-family:x-other	-	-	-	rollout-2026-09-04T22-05-02-01a06e74-2b4c-7bc1-8ce7-3e249cf924b0.jsonl	2026-09-05T01:50:11.237Z	gpt-6-astra
b84a35a34900f7a0	-	ineligible	out-of-family:x-other	-	-	-	rollout-2026-09-04T22-05-02-01a06e74-2b4c-7bc1-8ce7-3e249cf924b0.jsonl	2026-09-05T01:51:08.595Z	gpt-6-astra
984a223e80c68a35	-	ineligible	out-of-family:x-other	-	-	-	rollout-2026-09-04T22-05-02-01a06e74-2b4c-7bc1-8ce7-3e249cf924b0.jsonl	2026-09-05T01:51:48.844Z	gpt-6-astra
8228f03243e6fbfc	-	ineligible	out-of-family:x-noop	-	-	-	rollout-2026-09-04T22-05-02-01a06e74-2b4c-7bc1-8ce7-3e249cf924b0.jsonl	2026-09-05T01:54:45.420Z	gpt-6-astra
cfb1722fd11f3731	-	ineligible	out-of-family:x-noop	-	-	-	rollout-2026-09-04T22-05-02-01a06e74-2b4c-7bc1-8ce7-3e249cf924b0.jsonl	2026-09-05T02:06:12.117Z	gpt-6-astra
2585205491f8235f	-	ineligible	out-of-family:x-noop	-	-	-	rollout-2026-09-04T22-05-02-01a06e74-2b4c-7bc1-8ce7-3e249cf924b0.jsonl	2026-09-05T02:50:13.266Z	gpt-6-astra
8485f642b41da77c	-	ineligible	out-of-family:x-noop	-	-	-	rollout-2026-09-04T22-05-02-01a06e74-2b4c-7bc1-8ce7-3e249cf924b0.jsonl	2026-09-05T05:09:22.771Z	gpt-6-astra
add36adfde4f240c	-	ineligible	out-of-family:x-other	-	-	-	rollout-2026-09-04T22-05-02-01a06e74-2b4c-7bc1-8ce7-3e249cf924b0.jsonl	2026-09-05T05:19:28.593Z	gpt-6-astra
365fa2ab3c48550f	-	ineligible	out-of-family:x-other	-	-	-	rollout-2026-09-04T22-05-02-01a06e74-2b4c-7bc1-8ce7-3e249cf924b0.jsonl	2026-09-05T05:44:48.027Z	gpt-6-astra
77d3cdcb38aa25f2	-	ineligible	out-of-family:x-noop	-	-	-	rollout-2026-09-04T22-05-02-01a06e74-2b4c-7bc1-8ce7-3e249cf924b0.jsonl	2026-09-05T08:07:58.217Z	gpt-6-astra
a2210a3452b4f4ae	-	ineligible	out-of-family:x-noop	-	-	-	rollout-2026-09-04T22-05-02-01a06e74-2b4c-7bc1-8ce7-3e249cf924b0.jsonl	2026-09-05T08:08:58.215Z	gpt-6-astra
9bb60889fc07d356	-	ineligible	out-of-family:x-noop	-	-	-	rollout-2026-09-04T23-00-51-01a06ea7-4693-7bd3-ace4-f669664a7369.jsonl	2026-09-04T23:03:41.689Z	gpt-6-astra
1d58aec5288a8b2b	-	ineligible	out-of-family:x-noop	-	-	-	rollout-2026-09-04T23-00-51-01a06ea7-4693-7bd3-ace4-f669664a7369.jsonl	2026-09-04T23:18:02.176Z	gpt-6-astra
40ae8dfba222541a	-	ineligible	out-of-family:x-other	-	-	-	rollout-2026-09-04T23-00-51-01a06ea7-4693-7bd3-ace4-f669664a7369.jsonl	2026-09-04T23:18:39.197Z	gpt-6-astra
87512603b9bfc4be	-	ineligible	out-of-family:x-other	-	-	-	rollout-2026-09-04T23-00-51-01a06ea7-4693-7bd3-ace4-f669664a7369.jsonl	2026-09-04T23:26:09.281Z	gpt-6-astra
4492d86f3c88bed0	-	ineligible	out-of-family:x-other	-	-	-	rollout-2026-09-04T23-00-51-01a06ea7-4693-7bd3-ace4-f669664a7369.jsonl	2026-09-04T23:31:25.938Z	gpt-6-astra
04e291c6611249f6	-	ineligible	out-of-family:x-noop	-	-	-	rollout-2026-09-04T23-00-51-01a06ea7-4693-7bd3-ace4-f669664a7369.jsonl	2026-09-04T23:32:06.788Z	gpt-6-astra
4e8169606463139b	-	ineligible	out-of-family:x-noop	-	-	-	rollout-2026-09-04T23-00-51-01a06ea7-4693-7bd3-ace4-f669664a7369.jsonl	2026-09-04T23:32:20.396Z	gpt-6-astra
1f7504916472ab50	-	ineligible	out-of-family:x-noop	-	-	-	rollout-2026-09-04T23-00-51-01a06ea7-4693-7bd3-ace4-f669664a7369.jsonl	2026-09-04T23:36:22.978Z	gpt-6-astra
93173391cf5c0904	-	ineligible	out-of-family:x-other	-	-	-	rollout-2026-09-04T23-00-51-01a06ea7-4693-7bd3-ace4-f669664a7369.jsonl	2026-09-04T23:37:12.608Z	gpt-6-astra
cdbc74f8a81f7831	-	ineligible	out-of-family:x-noop	-	-	-	rollout-2026-09-04T23-00-51-01a06ea7-4693-7bd3-ace4-f669664a7369.jsonl	2026-09-05T00:15:33.732Z	gpt-6-astra
ac36e58e679e8a80	-	ineligible	out-of-family:x-noop	-	-	-	rollout-2026-09-04T23-00-51-01a06ea7-4693-7bd3-ace4-f669664a7369.jsonl	2026-09-05T00:23:04.362Z	gpt-6-astra
f0899cfa99b420b1	-	ineligible	out-of-family:x-noop	-	-	-	rollout-2026-09-04T23-00-51-01a06ea7-4693-7bd3-ace4-f669664a7369.jsonl	2026-09-05T00:52:40.210Z	gpt-6-astra
fbc05128860d32a4	-	ineligible	out-of-family:x-other	-	-	-	rollout-2026-09-04T23-00-51-01a06ea7-4693-7bd3-ace4-f669664a7369.jsonl	2026-09-05T00:53:33.015Z	gpt-6-astra
8a3b53dffc13816d	-	ineligible	out-of-family:x-noop	-	-	-	rollout-2026-09-04T23-00-51-01a06ea7-4693-7bd3-ace4-f669664a7369.jsonl	2026-09-05T01:11:01.509Z	gpt-6-astra
966041e04a1d445b	-	ineligible	out-of-family:x-noop	-	-	-	rollout-2026-09-04T23-00-51-01a06ea7-4693-7bd3-ace4-f669664a7369.jsonl	2026-09-05T01:40:14.436Z	gpt-6-astra
05ba2b1c451b93b5	-	ineligible	out-of-family:x-noop	-	-	-	rollout-2026-09-04T23-00-51-01a06ea7-4693-7bd3-ace4-f669664a7369.jsonl	2026-09-05T01:43:00.019Z	gpt-6-astra
0bc4965df313b136	-	ineligible	out-of-family:x-other	-	-	-	rollout-2026-09-04T23-00-51-01a06ea7-4693-7bd3-ace4-f669664a7369.jsonl	2026-09-05T01:47:10.751Z	gpt-6-astra
886a3ded62f55a59	-	ineligible	out-of-family:x-noop	-	-	-	rollout-2026-09-04T23-00-51-01a06ea7-4693-7bd3-ace4-f669664a7369.jsonl	2026-09-05T01:57:16.538Z	gpt-6-astra
ff4978cf2f0992ba	-	ineligible	out-of-family:x-other	-	-	-	rollout-2026-09-04T23-00-51-01a06ea7-4693-7bd3-ace4-f669664a7369.jsonl	2026-09-05T01:58:22.846Z	gpt-6-astra
5f9f80f2bcda7764	-	ineligible	out-of-family:x-noop	-	-	-	rollout-2026-09-04T23-00-51-01a06ea7-4693-7bd3-ace4-f669664a7369.jsonl	2026-09-05T02:47:19.169Z	gpt-6-astra
2ce95ea5711d1029	-	ineligible	out-of-family:x-noop	-	-	-	rollout-2026-09-04T23-00-51-01a06ea7-4693-7bd3-ace4-f669664a7369.jsonl	2026-09-05T02:54:40.030Z	gpt-6-astra
bcb4d6bd0722dd1d	-	ineligible	out-of-family:x-noop	-	-	-	rollout-2026-09-04T23-00-51-01a06ea7-4693-7bd3-ace4-f669664a7369.jsonl	2026-09-05T05:43:08.739Z	gpt-6-astra
d47a195b9788044d	-	ineligible	out-of-family:x-other	-	-	-	rollout-2026-09-04T23-00-51-01a06ea7-4693-7bd3-ace4-f669664a7369.jsonl	2026-09-05T05:43:18.177Z	gpt-6-astra
42be78213957f6ac	-	ineligible	out-of-family:x-noop	-	-	-	rollout-2026-09-04T23-00-51-01a06ea7-4693-7bd3-ace4-f669664a7369.jsonl	2026-09-05T05:58:53.458Z	gpt-6-astra
bbdcd68f19f001e4	-	ineligible	out-of-family:x-noop	-	-	-	rollout-2026-09-04T23-00-51-01a06ea7-4693-7bd3-ace4-f669664a7369.jsonl	2026-09-05T07:21:15.117Z	gpt-6-astra
b936b8ff2f672cfc	-	ineligible	out-of-family:x-noop	-	-	-	rollout-2026-09-04T23-00-51-01a06ea7-4693-7bd3-ace4-f669664a7369.jsonl	2026-09-05T07:44:22.876Z	gpt-6-astra
c09683dd01f72ae2	-	ineligible	out-of-family:x-noop	-	-	-	rollout-2026-09-04T23-00-51-01a06ea7-4693-7bd3-ace4-f669664a7369.jsonl	2026-09-05T08:55:20.604Z	gpt-6-astra
ef2196a95b37ae3f	-	ineligible	out-of-family:x-noop	-	-	-	rollout-2026-09-07T18-20-51-01a07d1a-022b-77d3-bdd8-8d1b41138031.jsonl	2026-09-07T18:27:28.951Z	gpt-6-astra
8d41017308c42425	-	ineligible	out-of-family:x-noop	-	-	-	rollout-2026-09-07T18-20-51-01a07d1a-022b-77d3-bdd8-8d1b41138031.jsonl	2026-09-07T18:34:59.091Z	gpt-6-astra
b566443fce00deb6	-	ineligible	out-of-family:x-other	-	-	-	rollout-2026-09-07T18-20-51-01a07d1a-022b-77d3-bdd8-8d1b41138031.jsonl	2026-09-07T18:35:21.031Z	gpt-6-astra
b74c407b58dc402e	-	ineligible	out-of-family:x-other	-	-	-	rollout-2026-09-07T18-20-51-01a07d1a-022b-77d3-bdd8-8d1b41138031.jsonl	2026-09-07T18:35:32.493Z	gpt-6-astra
e84fa989b18c9646	-	ineligible	out-of-family:x-noop	-	-	-	rollout-2026-09-07T18-20-51-01a07d1a-022b-77d3-bdd8-8d1b41138031.jsonl	2026-09-07T18:37:47.799Z	gpt-6-astra
15b75fad96452f07	-	ineligible	out-of-family:x-other	-	-	-	rollout-2026-09-07T18-20-51-01a07d1a-022b-77d3-bdd8-8d1b41138031.jsonl	2026-09-07T18:38:21.925Z	gpt-6-astra
40c16aab489ea2c6	-	ineligible	out-of-family:x-other	-	-	-	rollout-2026-09-07T18-20-51-01a07d1a-022b-77d3-bdd8-8d1b41138031.jsonl	2026-09-07T18:39:28.919Z	gpt-6-astra
a17c3745145ab263	-	ineligible	out-of-family:x-noop	-	-	-	rollout-2026-09-07T21-52-27-01a07ddb-bcd0-7e03-8994-959cc2bbb552.jsonl	2026-09-07T21:55:40.275Z	gpt-6-astra
69bdb21660321eb4	-	ineligible	out-of-family:x-other	-	-	-	rollout-2026-09-07T21-52-27-01a07ddb-bcd0-7e03-8994-959cc2bbb552.jsonl	2026-09-07T22:00:06.139Z	gpt-6-astra
93d05ba1693bddfb	-	ineligible	out-of-family:x-noop	-	-	-	rollout-2026-09-07T21-52-27-01a07ddb-bcd0-7e03-8994-959cc2bbb552.jsonl	2026-09-07T22:04:02.446Z	gpt-6-astra
2ce1b3eea6d734ff	-	ineligible	out-of-family:x-noop	-	-	-	rollout-2026-09-07T23-45-07-01a07e42-e130-7461-b5d2-3280e19d6e75.jsonl	2026-09-07T23:46:41.909Z	gpt-6-astra
fa6a647fbaf10e37	-	ineligible	out-of-family:x-noop	-	-	-	rollout-2026-09-07T23-45-07-01a07e42-e130-7461-b5d2-3280e19d6e75.jsonl	2026-09-07T23:51:20.823Z	gpt-6-astra
aaabc57562cdfb90	-	ineligible	out-of-family:x-noop	-	-	-	rollout-2026-09-07T23-45-07-01a07e42-e130-7461-b5d2-3280e19d6e75.jsonl	2026-09-07T23:56:17.607Z	gpt-6-astra
566039cea0301fb7	-	ineligible	out-of-family:x-other	-	-	-	rollout-2026-09-07T23-45-07-01a07e42-e130-7461-b5d2-3280e19d6e75.jsonl	2026-09-07T23:56:44.091Z	gpt-6-astra
e255053f2597430b	-	ineligible	out-of-family:x-other	-	-	-	rollout-2026-09-07T23-45-07-01a07e42-e130-7461-b5d2-3280e19d6e75.jsonl	2026-09-07T23:57:23.318Z	gpt-6-astra
34e9d6588189daff	-	ineligible	out-of-family:x-other	-	-	-	rollout-2026-09-07T23-45-07-01a07e42-e130-7461-b5d2-3280e19d6e75.jsonl	2026-09-07T23:58:00.413Z	gpt-6-astra
faa397ac83de7625	-	ineligible	out-of-family:x-other	-	-	-	rollout-2026-09-07T23-45-07-01a07e42-e130-7461-b5d2-3280e19d6e75.jsonl	2026-09-07T23:58:33.258Z	gpt-6-astra
895c7cdc870e1e18	-	ineligible	out-of-family:x-noop	-	-	-	rollout-2026-09-07T23-45-07-01a07e42-e130-7461-b5d2-3280e19d6e75.jsonl	2026-09-08T00:00:45.188Z	gpt-6-astra
4c260f00d4635084	R	ineligible	pre-edit-bytes-not-recoverable	/home/forge/src/clj-surgeon-split	-	-	rollout-2026-09-07T23-45-07-01a07e42-e130-7461-b5d2-3280e19d6e75.jsonl	2026-09-08T00:01:53.030Z	gpt-6-astra
b27c2145f85ad4a0	-	ineligible	out-of-family:x-noop	-	-	-	rollout-2026-09-07T23-45-07-01a07e42-e130-7461-b5d2-3280e19d6e75.jsonl	2026-09-08T00:03:28.361Z	gpt-6-astra
c1c9fa6a326fe9ff	-	ineligible	out-of-family:x-other	-	-	-	rollout-2026-09-07T23-45-07-01a07e42-e130-7461-b5d2-3280e19d6e75.jsonl	2026-09-08T00:04:01.152Z	gpt-6-astra
be2876ef9cbeb34a	-	ineligible	out-of-family:x-other	-	-	-	rollout-2026-09-07T23-45-07-01a07e42-e130-7461-b5d2-3280e19d6e75.jsonl	2026-09-08T00:05:08.144Z	gpt-6-astra
38fbd17bcccb04b1	-	ineligible	out-of-family:x-other	-	-	-	rollout-2026-09-07T23-45-07-01a07e42-e130-7461-b5d2-3280e19d6e75.jsonl	2026-09-08T00:05:36.704Z	gpt-6-astra
be3261558e5cbde4	-	ineligible	out-of-family:x-noop	-	-	-	rollout-2026-09-07T23-45-07-01a07e42-e130-7461-b5d2-3280e19d6e75.jsonl	2026-09-08T00:07:01.236Z	gpt-6-astra
c3c1ca1d453a63e5	-	ineligible	out-of-family:x-other	-	-	-	rollout-2026-09-07T23-45-07-01a07e42-e130-7461-b5d2-3280e19d6e75.jsonl	2026-09-08T00:09:25.823Z	gpt-6-astra
b31b9725ece7ca25	-	ineligible	out-of-family:x-noop	-	-	-	rollout-2026-09-07T23-45-07-01a07e42-e130-7461-b5d2-3280e19d6e75.jsonl	2026-09-08T00:11:14.741Z	gpt-6-astra
ddac775b51e3e77c	-	ineligible	out-of-family:x-other	-	-	-	rollout-2026-09-07T23-45-07-01a07e42-e130-7461-b5d2-3280e19d6e75.jsonl	2026-09-08T00:11:54.099Z	gpt-6-astra
9a91202554640b22	-	ineligible	out-of-family:x-noop	-	-	-	rollout-2026-09-07T23-45-07-01a07e42-e130-7461-b5d2-3280e19d6e75.jsonl	2026-09-08T00:12:36.300Z	gpt-6-astra
5caa76696c9a8738	-	ineligible	out-of-family:x-noop	-	-	-	rollout-2026-09-07T23-45-07-01a07e42-e130-7461-b5d2-3280e19d6e75.jsonl	2026-09-08T00:13:30.428Z	gpt-6-astra
ca093d5dc303c30b	-	ineligible	out-of-family:x-noop	-	-	-	rollout-2026-09-07T23-45-07-01a07e42-e130-7461-b5d2-3280e19d6e75.jsonl	2026-09-08T00:15:34.441Z	gpt-6-astra
29a705459fed5106	-	ineligible	out-of-family:x-noop	-	-	-	rollout-2026-09-07T23-45-07-01a07e42-e130-7461-b5d2-3280e19d6e75.jsonl	2026-09-08T00:16:39.047Z	gpt-6-astra
8e24d83c697ad835	-	ineligible	out-of-family:x-other	-	-	-	rollout-2026-09-07T23-45-07-01a07e42-e130-7461-b5d2-3280e19d6e75.jsonl	2026-09-08T00:19:29.573Z	gpt-6-astra
29e337ea3d71edd4	-	ineligible	out-of-family:x-other	-	-	-	rollout-2026-09-07T23-45-07-01a07e42-e130-7461-b5d2-3280e19d6e75.jsonl	2026-09-08T00:20:07.424Z	gpt-6-astra
6b0b6b04c144cb4d	-	ineligible	out-of-family:x-other	-	-	-	rollout-2026-09-07T23-45-07-01a07e42-e130-7461-b5d2-3280e19d6e75.jsonl	2026-09-08T00:21:38.348Z	gpt-6-astra
b84411121cc9ef1c	-	ineligible	out-of-family:x-noop	-	-	-	rollout-2026-09-07T23-45-07-01a07e42-e130-7461-b5d2-3280e19d6e75.jsonl	2026-09-08T00:22:30.390Z	gpt-6-astra
9de68821c2ba2f37	-	ineligible	out-of-family:x-other	-	-	-	rollout-2026-09-07T23-45-07-01a07e42-e130-7461-b5d2-3280e19d6e75.jsonl	2026-09-08T00:30:06.931Z	gpt-6-astra
75557f02bac7d914	-	ineligible	out-of-family:x-noop	-	-	-	rollout-2026-09-07T17-57-46-01a07d04-df2f-75b3-9798-b9239d0e12ad.jsonl	2026-09-07T18:02:49.023Z	gpt-6-astra
13f840e3a4541a58	-	ineligible	out-of-family:x-noop	-	-	-	rollout-2026-09-07T17-57-46-01a07d04-df2f-75b3-9798-b9239d0e12ad.jsonl	2026-09-07T18:03:11.869Z	gpt-6-astra
81bd0b6d68af265e	-	ineligible	out-of-family:x-noop	-	-	-	rollout-2026-09-07T17-57-46-01a07d04-df2f-75b3-9798-b9239d0e12ad.jsonl	2026-09-07T18:09:33.455Z	gpt-6-astra
0faa9f25d71c4ba6	-	ineligible	out-of-family:x-noop	-	-	-	rollout-2026-09-07T17-57-46-01a07d04-df2f-75b3-9798-b9239d0e12ad.jsonl	2026-09-07T18:12:18.309Z	gpt-6-astra
748633d062e86f1e	-	ineligible	out-of-family:x-noop	-	-	-	rollout-2026-09-07T17-57-46-01a07d04-df2f-75b3-9798-b9239d0e12ad.jsonl	2026-09-07T18:17:38.838Z	gpt-6-astra
3fb7d9b73d0ab1f9	-	ineligible	out-of-family:x-noop	-	-	-	rollout-2026-09-07T23-18-13-01a07e2a-414c-7411-9a7f-dbbf5966997c.jsonl	2026-09-07T23:21:24.875Z	gpt-6-astra
7aca62368f13cac6	-	ineligible	out-of-family:x-other	-	-	-	rollout-2026-09-07T23-18-13-01a07e2a-414c-7411-9a7f-dbbf5966997c.jsonl	2026-09-07T23:23:03.132Z	gpt-6-astra
083fd66591ef3f92	-	ineligible	out-of-family:x-noop	-	-	-	rollout-2026-09-07T23-18-13-01a07e2a-414c-7411-9a7f-dbbf5966997c.jsonl	2026-09-07T23:23:03.132Z	gpt-6-astra
1870fab71d5c10bd	-	ineligible	out-of-family:x-noop	-	-	-	rollout-2026-09-07T23-18-13-01a07e2a-414c-7411-9a7f-dbbf5966997c.jsonl	2026-09-07T23:23:56.454Z	gpt-6-astra
b1d9e2bc08185dd1	-	ineligible	out-of-family:x-noop	-	-	-	rollout-2026-09-07T23-18-13-01a07e2a-414c-7411-9a7f-dbbf5966997c.jsonl	2026-09-07T23:24:49.405Z	gpt-6-astra
3bf97a0a91ce696c	-	ineligible	out-of-family:x-noop	-	-	-	rollout-2026-09-07T23-18-13-01a07e2a-414c-7411-9a7f-dbbf5966997c.jsonl	2026-09-07T23:24:49.405Z	gpt-6-astra
b51e2c6f220ee6c5	-	ineligible	out-of-family:x-other	-	-	-	rollout-2026-09-07T23-18-13-01a07e2a-414c-7411-9a7f-dbbf5966997c.jsonl	2026-09-07T23:25:18.535Z	gpt-6-astra
b6de7200a868efa7	-	ineligible	out-of-family:x-noop	-	-	-	rollout-2026-09-07T23-18-13-01a07e2a-414c-7411-9a7f-dbbf5966997c.jsonl	2026-09-07T23:26:10.490Z	gpt-6-astra
7b4419aea52cc53d	-	ineligible	out-of-family:x-noop	-	-	-	rollout-2026-09-07T23-18-13-01a07e2a-414c-7411-9a7f-dbbf5966997c.jsonl	2026-09-07T23:27:18.218Z	gpt-6-astra
d7bc0acf6fe08784	T	ineligible	pre-edit-bytes-not-recoverable	/home/forge/src/clj-surgeon-split	-	-	rollout-2026-09-07T23-18-13-01a07e2a-414c-7411-9a7f-dbbf5966997c.jsonl	2026-09-07T23:27:48.514Z	gpt-6-astra
28449f9a3bb15cb1	-	ineligible	out-of-family:x-other	-	-	-	rollout-2026-09-07T23-18-13-01a07e2a-414c-7411-9a7f-dbbf5966997c.jsonl	2026-09-07T23:28:22.966Z	gpt-6-astra
fce28169be004e36	-	ineligible	out-of-family:x-noop	-	-	-	rollout-2026-09-07T23-18-13-01a07e2a-414c-7411-9a7f-dbbf5966997c.jsonl	2026-09-07T23:30:16.211Z	gpt-6-astra
44cae45ecfdaba9a	T	eligible	ok	/home/forge/src/clj-surgeon-split	test/clj_surgeon/lane_manifest_test.clj	913020c88a6af4813d8a5c2747f77951fd4c3d8f	rollout-2026-09-07T23-18-13-01a07e2a-414c-7411-9a7f-dbbf5966997c.jsonl	2026-09-07T23:31:23.044Z	gpt-6-astra
66561863e0ea7f29	-	ineligible	out-of-family:x-noop	-	-	-	rollout-2026-09-07T23-18-13-01a07e2a-414c-7411-9a7f-dbbf5966997c.jsonl	2026-09-07T23:31:37.354Z	gpt-6-astra
0c39cba8137136e1	-	ineligible	out-of-family:x-noop	-	-	-	rollout-2026-09-07T23-18-13-01a07e2a-414c-7411-9a7f-dbbf5966997c.jsonl	2026-09-07T23:31:55.060Z	gpt-6-astra
01ed7b40293ac410	-	ineligible	out-of-family:x-noop	-	-	-	rollout-2026-09-07T23-18-13-01a07e2a-414c-7411-9a7f-dbbf5966997c.jsonl	2026-09-07T23:33:07.676Z	gpt-6-astra
e1a450f027c8a260	-	ineligible	out-of-family:x-noop	-	-	-	rollout-2026-09-07T23-18-13-01a07e2a-414c-7411-9a7f-dbbf5966997c.jsonl	2026-09-07T23:35:05.674Z	gpt-6-astra
fe8d4307c37042dc	-	ineligible	out-of-family:x-other	-	-	-	rollout-2026-09-07T18-58-31-01a07d3c-7d2a-74c2-afec-14f68c8f84fd.jsonl	2026-09-07T19:02:31.334Z	gpt-6-astra
87b068b7404189de	-	ineligible	out-of-family:x-other	-	-	-	rollout-2026-09-07T18-58-31-01a07d3c-7d2a-74c2-afec-14f68c8f84fd.jsonl	2026-09-07T19:03:54.726Z	gpt-6-astra
3219cebd2547ddc0	-	ineligible	out-of-family:x-other	-	-	-	rollout-2026-09-07T18-58-31-01a07d3c-7d2a-74c2-afec-14f68c8f84fd.jsonl	2026-09-07T19:06:18.274Z	gpt-6-astra
07d30294fc4337ab	-	ineligible	out-of-family:x-other	-	-	-	rollout-2026-09-07T18-58-31-01a07d3c-7d2a-74c2-afec-14f68c8f84fd.jsonl	2026-09-07T19:11:01.157Z	gpt-6-astra
7c93f1b1e1e243cb	-	ineligible	out-of-family:x-noop	-	-	-	rollout-2026-09-07T18-58-31-01a07d3c-7d2a-74c2-afec-14f68c8f84fd.jsonl	2026-09-07T19:16:27.671Z	gpt-6-astra
9356a0b62e9ffa7f	-	ineligible	out-of-family:x-noop	-	-	-	rollout-2026-09-07T17-30-03-01a07ceb-7e01-7e90-b1a9-1067f3674bb5.jsonl	2026-09-07T17:34:26.871Z	gpt-6-astra
30fb26772a92de2d	-	ineligible	out-of-family:x-noop	-	-	-	rollout-2026-09-07T17-30-03-01a07ceb-7e01-7e90-b1a9-1067f3674bb5.jsonl	2026-09-07T17:36:39.892Z	gpt-6-astra
89b1eba2f7abcd15	-	ineligible	out-of-family:x-noop	-	-	-	rollout-2026-09-07T17-30-03-01a07ceb-7e01-7e90-b1a9-1067f3674bb5.jsonl	2026-09-07T17:37:01.014Z	gpt-6-astra
9e7512c3cf1be32f	-	ineligible	out-of-family:x-other	-	-	-	rollout-2026-09-07T17-30-03-01a07ceb-7e01-7e90-b1a9-1067f3674bb5.jsonl	2026-09-07T17:38:43.862Z	gpt-6-astra
45218fe0db00e5a7	-	ineligible	out-of-family:x-other	-	-	-	rollout-2026-09-07T17-30-03-01a07ceb-7e01-7e90-b1a9-1067f3674bb5.jsonl	2026-09-07T17:40:07.557Z	gpt-6-astra
d8d3632999456d7d	-	ineligible	out-of-family:x-noop	-	-	-	rollout-2026-09-07T17-30-03-01a07ceb-7e01-7e90-b1a9-1067f3674bb5.jsonl	2026-09-07T17:41:31.229Z	gpt-6-astra
27c5b5b0b6c85fa4	-	ineligible	out-of-family:x-other	-	-	-	rollout-2026-09-07T17-30-03-01a07ceb-7e01-7e90-b1a9-1067f3674bb5.jsonl	2026-09-07T17:45:26.758Z	gpt-6-astra
04b2ed2d6fa0cd15	-	ineligible	out-of-family:x-noop	-	-	-	rollout-2026-09-07T17-30-03-01a07ceb-7e01-7e90-b1a9-1067f3674bb5.jsonl	2026-09-07T17:47:38.769Z	gpt-6-astra
3d9ee0cc039128b7	-	ineligible	out-of-family:x-other	-	-	-	rollout-2026-09-07T17-30-03-01a07ceb-7e01-7e90-b1a9-1067f3674bb5.jsonl	2026-09-07T17:49:31.251Z	gpt-6-astra
7ee270a1ed48f952	-	ineligible	out-of-family:x-other	-	-	-	rollout-2026-09-07T17-30-03-01a07ceb-7e01-7e90-b1a9-1067f3674bb5.jsonl	2026-09-07T17:51:03.957Z	gpt-6-astra
8fd1aff6feca4450	-	ineligible	out-of-family:x-noop	-	-	-	rollout-2026-09-07T21-48-04-01a07dd7-b647-7522-9630-7cf99d8fa5e5.jsonl	2026-09-07T21:57:17.730Z	gpt-6-astra
5d8868f296030e89	-	ineligible	out-of-family:x-noop	-	-	-	rollout-2026-09-07T21-48-04-01a07dd7-b647-7522-9630-7cf99d8fa5e5.jsonl	2026-09-07T21:58:41.597Z	gpt-6-astra
c304821321212a0f	-	ineligible	out-of-family:x-noop	-	-	-	rollout-2026-09-07T21-48-04-01a07dd7-b647-7522-9630-7cf99d8fa5e5.jsonl	2026-09-07T22:02:12.785Z	gpt-6-astra
66e2b7fca79f271e	-	ineligible	out-of-family:x-noop	-	-	-	rollout-2026-09-07T21-48-04-01a07dd7-b647-7522-9630-7cf99d8fa5e5.jsonl	2026-09-07T22:06:09.097Z	gpt-6-astra
ed2470a9eb4dda77	-	ineligible	out-of-family:x-other	-	-	-	rollout-2026-09-07T21-48-04-01a07dd7-b647-7522-9630-7cf99d8fa5e5.jsonl	2026-09-07T22:12:19.580Z	gpt-6-astra
b7ff42be92291897	-	ineligible	out-of-family:x-noop	-	-	-	rollout-2026-09-07T21-48-04-01a07dd7-b647-7522-9630-7cf99d8fa5e5.jsonl	2026-09-07T22:14:28.299Z	gpt-6-astra
9891857ecb0c1be4	-	ineligible	out-of-family:x-noop	-	-	-	rollout-2026-09-07T21-48-04-01a07dd7-b647-7522-9630-7cf99d8fa5e5.jsonl	2026-09-07T22:30:22.386Z	gpt-6-astra
3f6350e426a00fac	-	ineligible	out-of-family:x-noop	-	-	-	rollout-2026-09-07T21-48-04-01a07dd7-b647-7522-9630-7cf99d8fa5e5.jsonl	2026-09-07T23:03:28.682Z	gpt-6-astra
2c2da069cc596e9e	-	ineligible	out-of-family:x-noop	-	-	-	rollout-2026-09-07T21-48-04-01a07dd7-b647-7522-9630-7cf99d8fa5e5.jsonl	2026-09-07T23:06:25.426Z	gpt-6-astra
1af4d0d08c81cddf	-	ineligible	out-of-family:x-noop	-	-	-	rollout-2026-09-07T17-32-36-01a07ced-d691-7912-a6bf-4f3eac45a27e.jsonl	2026-09-07T17:40:32.025Z	gpt-6-astra
941e8e24b8845dea	-	ineligible	out-of-family:x-noop	-	-	-	rollout-2026-09-07T17-55-31-01a07d02-cf66-7890-9bbe-1a4700e7a58a.jsonl	2026-09-07T18:01:51.628Z	gpt-6-astra
49307b9f9164b702	-	ineligible	out-of-family:x-other	-	-	-	rollout-2026-09-07T17-55-31-01a07d02-cf66-7890-9bbe-1a4700e7a58a.jsonl	2026-09-07T18:04:33.175Z	gpt-6-astra
872fc3c16e2a3628	-	ineligible	out-of-family:x-noop	-	-	-	rollout-2026-09-07T17-55-31-01a07d02-cf66-7890-9bbe-1a4700e7a58a.jsonl	2026-09-07T18:07:19.165Z	gpt-6-astra
b10e76cbd7441f56	-	ineligible	out-of-family:x-noop	-	-	-	rollout-2026-09-07T21-27-39-01a07dc5-0859-7220-90d3-21578730c46c.jsonl	2026-09-07T21:42:24.529Z	gpt-6-astra
4752ae03d9e61823	-	ineligible	out-of-family:x-noop	-	-	-	rollout-2026-09-07T17-11-51-01a07cda-d45b-7322-877b-fe0b5a78a6fe.jsonl	2026-09-07T17:14:55.083Z	gpt-6-astra
5e689f46700c822b	-	ineligible	out-of-family:x-noop	-	-	-	rollout-2026-09-07T17-11-51-01a07cda-d45b-7322-877b-fe0b5a78a6fe.jsonl	2026-09-07T17:18:40.473Z	gpt-6-astra
b969fa544f1f3eec	-	ineligible	out-of-family:x-noop	-	-	-	rollout-2026-09-07T17-11-51-01a07cda-d45b-7322-877b-fe0b5a78a6fe.jsonl	2026-09-07T17:22:09.815Z	gpt-6-astra
6bbf339cfe7b822a	-	ineligible	out-of-family:x-noop	-	-	-	rollout-2026-09-07T17-11-51-01a07cda-d45b-7322-877b-fe0b5a78a6fe.jsonl	2026-09-07T17:23:15.961Z	gpt-6-astra
0ea9955830132654	-	ineligible	out-of-family:x-other	-	-	-	rollout-2026-09-07T17-11-51-01a07cda-d45b-7322-877b-fe0b5a78a6fe.jsonl	2026-09-07T17:25:50.753Z	gpt-6-astra
9664033f20f8f497	-	ineligible	out-of-family:x-noop	-	-	-	rollout-2026-09-07T17-11-51-01a07cda-d45b-7322-877b-fe0b5a78a6fe.jsonl	2026-09-07T17:30:17.380Z	gpt-6-astra
dd2540e0e55dca74	-	ineligible	out-of-family:x-noop	-	-	-	rollout-2026-09-07T17-41-54-01a07cf6-5764-7233-a642-4c037f822c13.jsonl	2026-09-07T17:47:32.293Z	gpt-6-astra
961146d02d3e11c7	-	ineligible	out-of-family:x-noop	-	-	-	rollout-2026-09-07T16-44-54-01a07cc2-2a6c-7fb3-9539-6c871cc8adcd.jsonl	2026-09-07T16:46:25.664Z	gpt-6-astra
549844ea695b2dcd	-	ineligible	out-of-family:x-other	-	-	-	rollout-2026-09-07T16-44-54-01a07cc2-2a6c-7fb3-9539-6c871cc8adcd.jsonl	2026-09-07T16:48:17.543Z	gpt-6-astra
5891f6ae0e576e01	-	ineligible	out-of-family:x-noop	-	-	-	rollout-2026-09-07T16-44-54-01a07cc2-2a6c-7fb3-9539-6c871cc8adcd.jsonl	2026-09-07T16:49:54.512Z	gpt-6-astra
7854fe9cc63da2aa	-	ineligible	out-of-family:x-noop	-	-	-	rollout-2026-09-07T16-44-54-01a07cc2-2a6c-7fb3-9539-6c871cc8adcd.jsonl	2026-09-07T16:51:33.768Z	gpt-6-astra
af8aa0429606119c	-	ineligible	out-of-family:x-noop	-	-	-	rollout-2026-09-07T17-23-31-01a07ce5-846f-73b0-ae9e-dfeef54f3a3a.jsonl	2026-09-07T17:31:03.935Z	gpt-6-astra
f0a62994b70a8ecd	-	ineligible	out-of-family:x-noop	-	-	-	rollout-2026-09-07T07-54-15-01a07adc-55d8-7202-a12f-7d08850a4ccb.jsonl	2026-09-07T08:10:51.659Z	gpt-5.6-sol
938f1dd02f191a92	-	ineligible	out-of-family:x-noop	-	-	-	rollout-2026-09-07T17-14-58-01a07cdd-b225-7962-927b-c35262fd7b58.jsonl	2026-09-07T17:28:30.848Z	gpt-6-astra
8eca64ffee80e3cd	-	ineligible	out-of-family:x-noop	-	-	-	rollout-2026-09-07T16-44-54-01a07cc2-2aab-7d33-9833-b1980b57f9f8.jsonl	2026-09-07T16:46:04.832Z	gpt-6-astra
e436432ece825d07	-	ineligible	out-of-family:x-noop	-	-	-	rollout-2026-09-07T16-44-54-01a07cc2-2aab-7d33-9833-b1980b57f9f8.jsonl	2026-09-07T16:53:01.831Z	gpt-6-astra
49ac1eb20f0acd57	-	ineligible	out-of-family:x-noop	-	-	-	rollout-2026-09-07T16-44-54-01a07cc2-2aab-7d33-9833-b1980b57f9f8.jsonl	2026-09-07T16:55:05.781Z	gpt-6-astra
9337428226f34232	-	ineligible	out-of-family:x-noop	-	-	-	rollout-2026-09-07T16-44-54-01a07cc2-2aab-7d33-9833-b1980b57f9f8.jsonl	2026-09-07T16:56:22.235Z	gpt-6-astra
c6d871e061493713	-	ineligible	out-of-family:x-other	-	-	-	rollout-2026-09-07T16-44-54-01a07cc2-2aab-7d33-9833-b1980b57f9f8.jsonl	2026-09-07T16:56:44.142Z	gpt-6-astra
ba126ad9f2c32e87	-	ineligible	out-of-family:x-noop	-	-	-	rollout-2026-09-07T16-44-54-01a07cc2-2aab-7d33-9833-b1980b57f9f8.jsonl	2026-09-07T17:01:53.098Z	gpt-6-astra
cfeb2f59e64eda02	-	ineligible	out-of-family:x-noop	-	-	-	rollout-2026-09-07T17-11-51-01a07cda-d46a-7763-a368-c38648139b90.jsonl	2026-09-07T17:19:11.689Z	gpt-6-astra
1eebdab0c546c947	-	ineligible	out-of-family:x-other	-	-	-	rollout-2026-09-07T17-11-51-01a07cda-d46a-7763-a368-c38648139b90.jsonl	2026-09-07T17:22:17.561Z	gpt-6-astra
b1901c4d649e7662	-	ineligible	out-of-family:x-noop	-	-	-	rollout-2026-09-07T23-08-14-01a07e21-1c37-7d22-80d9-908805f5d569.jsonl	2026-09-07T23:12:56.930Z	gpt-5.6-sol
201e0ccd6869f37b	-	ineligible	out-of-family:x-noop	-	-	-	rollout-2026-09-07T23-08-14-01a07e21-1c37-7d22-80d9-908805f5d569.jsonl	2026-09-07T23:17:48.134Z	gpt-5.6-sol
c6ff7f42af51d2d4	-	ineligible	out-of-family:x-noop	-	-	-	rollout-2026-09-07T23-08-14-01a07e21-1c37-7d22-80d9-908805f5d569.jsonl	2026-09-07T23:19:38.996Z	gpt-5.6-sol
06f794656180deed	-	ineligible	out-of-family:x-noop	-	-	-	rollout-2026-09-07T23-08-14-01a07e21-1c37-7d22-80d9-908805f5d569.jsonl	2026-09-07T23:21:25.163Z	gpt-5.6-sol
d3cb398ee173bf38	-	ineligible	out-of-family:x-noop	-	-	-	rollout-2026-09-07T23-08-14-01a07e21-1c37-7d22-80d9-908805f5d569.jsonl	2026-09-07T23:23:19.562Z	gpt-5.6-sol
a28ab0a0a1ae5ae4	-	ineligible	out-of-family:x-noop	-	-	-	rollout-2026-09-07T23-08-14-01a07e21-1c37-7d22-80d9-908805f5d569.jsonl	2026-09-07T23:23:55.428Z	gpt-5.6-sol
1f2dd705785126df	-	ineligible	out-of-family:x-noop	-	-	-	rollout-2026-09-07T21-10-05-01a07db4-f321-7133-aebc-c4bc04219650.jsonl	2026-09-07T21:19:24.148Z	gpt-6-astra
a5af60c3ad8dff5a	-	ineligible	out-of-family:x-noop	-	-	-	rollout-2026-09-07T21-10-05-01a07db4-f321-7133-aebc-c4bc04219650.jsonl	2026-09-07T21:20:26.406Z	gpt-6-astra
fde08dd5acd0098f	-	ineligible	out-of-family:x-noop	-	-	-	rollout-2026-09-07T21-10-05-01a07db4-f321-7133-aebc-c4bc04219650.jsonl	2026-09-07T21:23:46.865Z	gpt-6-astra
5b26613a14bf7948	-	ineligible	out-of-family:x-other	-	-	-	rollout-2026-09-07T21-10-05-01a07db4-f321-7133-aebc-c4bc04219650.jsonl	2026-09-07T21:26:06.992Z	gpt-6-astra
6ad77e62c8c819f4	-	ineligible	out-of-family:x-noop	-	-	-	9b84d127-52ac-4a75-9bfa-1bbbb282ab81.jsonl	2026-09-08T03:03:18.404Z	claude-opus-5
beb69e91bff41be5	-	ineligible	out-of-family:x-noop	-	-	-	9b84d127-52ac-4a75-9bfa-1bbbb282ab81.jsonl	2026-09-08T03:03:30.426Z	claude-opus-5
7739ba67b480ae47	-	ineligible	out-of-family:x-noop	-	-	-	8df73fb6-ae6c-491f-8012-8747f94c8bcb.jsonl	2026-09-08T03:44:57.832Z	claude-opus-5
969cb29795f25e0f	-	ineligible	out-of-family:x-noop	-	-	-	469f7c8d-b2bc-4f56-80bb-b97769feb0af.jsonl	2026-09-08T03:29:18.038Z	claude-opus-5
51a40a233766cf2e	-	ineligible	out-of-family:x-noop	-	-	-	b12a5e60-b263-427f-92dd-bd0988f1f462.jsonl	2026-09-08T18:25:56.423Z	claude-opus-5
663a9ccf4e258274	-	ineligible	out-of-family:x-noop	-	-	-	10941779-ed52-4519-9445-232bebac29a2.jsonl	2026-09-09T06:05:30.389Z	claude-opus-5
6fa020a0c406c6d5	-	ineligible	out-of-family:x-other	-	-	-	b623492c-458d-4156-a14d-a041f5a37e7c.jsonl	2026-09-02T01:54:17.018Z	claude-fable-5-1
12c30b45b311558f	-	ineligible	out-of-family:x-other	-	-	-	b623492c-458d-4156-a14d-a041f5a37e7c.jsonl	2026-09-02T01:55:03.739Z	claude-fable-5-1
5f23e1123768876e	-	ineligible	out-of-family:x-noop	-	-	-	b623492c-458d-4156-a14d-a041f5a37e7c.jsonl	2026-09-02T02:02:23.318Z	claude-fable-5-1
86e200196dbaa17c	-	ineligible	out-of-family:x-noop	-	-	-	b623492c-458d-4156-a14d-a041f5a37e7c.jsonl	2026-09-02T02:03:19.850Z	claude-fable-5-1
1d1aa771f5a4dbc8	-	ineligible	out-of-family:x-other	-	-	-	b623492c-458d-4156-a14d-a041f5a37e7c.jsonl	2026-09-02T02:12:23.642Z	claude-fable-5-1
e95550c33ca0633c	-	ineligible	out-of-family:x-noop	-	-	-	b623492c-458d-4156-a14d-a041f5a37e7c.jsonl	2026-09-02T02:27:17.448Z	claude-fable-5-1
1d1e9eed50fcd3ec	-	ineligible	out-of-family:x-other	-	-	-	b623492c-458d-4156-a14d-a041f5a37e7c.jsonl	2026-09-02T02:29:21.290Z	claude-fable-5-1
c0cb034e869f1472	-	ineligible	out-of-family:x-other	-	-	-	b623492c-458d-4156-a14d-a041f5a37e7c.jsonl	2026-09-02T02:29:44.204Z	claude-fable-5-1
f9e6fb0bf763c891	-	ineligible	out-of-family:x-noop	-	-	-	b623492c-458d-4156-a14d-a041f5a37e7c.jsonl	2026-09-02T03:31:56.099Z	claude-fable-5-1
32a1a4d4f4fb3e83	-	ineligible	out-of-family:x-noop	-	-	-	b623492c-458d-4156-a14d-a041f5a37e7c.jsonl	2026-09-02T03:40:26.968Z	claude-fable-5-1
4ec36599c4cf5d7e	-	ineligible	out-of-family:x-noop	-	-	-	b623492c-458d-4156-a14d-a041f5a37e7c.jsonl	2026-09-02T04:36:24.441Z	claude-fable-5-1
517972f935391c13	-	ineligible	out-of-family:x-other	-	-	-	b623492c-458d-4156-a14d-a041f5a37e7c.jsonl	2026-09-02T04:39:59.740Z	claude-fable-5-1
a30aaceaebdfa1ee	-	ineligible	out-of-family:x-other	-	-	-	b623492c-458d-4156-a14d-a041f5a37e7c.jsonl	2026-09-02T05:18:49.074Z	claude-fable-5-1
cc0bf047852e0dbf	-	ineligible	out-of-family:x-noop	-	-	-	b623492c-458d-4156-a14d-a041f5a37e7c.jsonl	2026-09-02T05:21:41.622Z	claude-fable-5-1
7a66ab5cfd93b6a2	-	ineligible	out-of-family:x-other	-	-	-	b623492c-458d-4156-a14d-a041f5a37e7c.jsonl	2026-09-02T05:35:30.649Z	claude-fable-5-1
1db33c273c55c009	-	ineligible	out-of-family:x-noop	-	-	-	b623492c-458d-4156-a14d-a041f5a37e7c.jsonl	2026-09-02T07:36:01.035Z	claude-fable-5-1
8cd87cb545ce361a	-	ineligible	out-of-family:x-other	-	-	-	b623492c-458d-4156-a14d-a041f5a37e7c.jsonl	2026-09-02T08:34:55.588Z	claude-fable-5-1
288e83f67e2f92d5	-	ineligible	out-of-family:x-noop	-	-	-	b623492c-458d-4156-a14d-a041f5a37e7c.jsonl	2026-09-02T12:24:12.534Z	claude-fable-5-1
52b9e6a4e4b5d228	-	ineligible	out-of-family:x-noop	-	-	-	b623492c-458d-4156-a14d-a041f5a37e7c.jsonl	2026-09-02T12:44:08.137Z	claude-fable-5-1
ee425fdc77e8d4e8	-	ineligible	out-of-family:x-noop	-	-	-	b623492c-458d-4156-a14d-a041f5a37e7c.jsonl	2026-09-02T13:58:38.913Z	claude-fable-5-1
7906b56ddfd89018	-	ineligible	out-of-family:x-other	-	-	-	b623492c-458d-4156-a14d-a041f5a37e7c.jsonl	2026-09-02T14:28:51.655Z	claude-fable-5-1
b076898e1632ac3c	-	ineligible	out-of-family:x-other	-	-	-	b623492c-458d-4156-a14d-a041f5a37e7c.jsonl	2026-09-02T15:22:16.715Z	claude-fable-5-1
5a835291ebd981e2	-	ineligible	out-of-family:x-noop	-	-	-	b623492c-458d-4156-a14d-a041f5a37e7c.jsonl	2026-09-02T15:23:08.177Z	claude-fable-5-1
df65a50aa22af728	-	ineligible	out-of-family:x-noop	-	-	-	b623492c-458d-4156-a14d-a041f5a37e7c.jsonl	2026-09-02T16:20:08.783Z	claude-fable-5-1
aa82895d44a84ae9	-	ineligible	out-of-family:x-noop	-	-	-	b623492c-458d-4156-a14d-a041f5a37e7c.jsonl	2026-09-02T16:51:12.115Z	claude-fable-5-1
c8e226ba2f5c09ce	-	ineligible	out-of-family:x-noop	-	-	-	b623492c-458d-4156-a14d-a041f5a37e7c.jsonl	2026-09-02T17:45:10.467Z	claude-fable-5-1
4882cda05b12fa36	-	ineligible	out-of-family:x-noop	-	-	-	b623492c-458d-4156-a14d-a041f5a37e7c.jsonl	2026-09-02T18:24:44.113Z	claude-fable-5-1
990b77aa175a4a14	-	ineligible	out-of-family:x-other	-	-	-	b623492c-458d-4156-a14d-a041f5a37e7c.jsonl	2026-09-02T18:25:02.619Z	claude-fable-5-1
cde0a51cbac6c3b5	-	ineligible	out-of-family:x-other	-	-	-	b623492c-458d-4156-a14d-a041f5a37e7c.jsonl	2026-09-02T18:36:21.690Z	claude-fable-5-1
732d5dbadaac1008	-	ineligible	out-of-family:x-noop	-	-	-	b623492c-458d-4156-a14d-a041f5a37e7c.jsonl	2026-09-02T18:43:22.230Z	claude-fable-5-1
645aff37b86583e4	-	ineligible	out-of-family:x-noop	-	-	-	b623492c-458d-4156-a14d-a041f5a37e7c.jsonl	2026-09-02T19:48:18.701Z	claude-fable-5-1
e146f75c90d87435	-	ineligible	out-of-family:x-noop	-	-	-	b623492c-458d-4156-a14d-a041f5a37e7c.jsonl	2026-09-02T22:12:44.393Z	claude-fable-5-1
dca83e41eb89c057	-	ineligible	out-of-family:x-noop	-	-	-	b623492c-458d-4156-a14d-a041f5a37e7c.jsonl	2026-09-02T22:24:54.194Z	claude-fable-5-1
50435e2c8deed91d	-	ineligible	out-of-family:x-noop	-	-	-	b623492c-458d-4156-a14d-a041f5a37e7c.jsonl	2026-09-02T22:28:29.007Z	claude-fable-5-1
d652bb891ccb9302	-	ineligible	out-of-family:x-noop	-	-	-	b623492c-458d-4156-a14d-a041f5a37e7c.jsonl	2026-09-02T23:05:24.999Z	claude-fable-5-1
6c7cb393db705591	-	ineligible	out-of-family:x-other	-	-	-	b623492c-458d-4156-a14d-a041f5a37e7c.jsonl	2026-09-02T23:32:10.598Z	claude-fable-5-1
8cbb4be19f074f47	-	ineligible	out-of-family:x-other	-	-	-	b623492c-458d-4156-a14d-a041f5a37e7c.jsonl	2026-09-02T23:52:18.177Z	claude-fable-5-1
75444af6c35aa492	-	ineligible	out-of-family:x-noop	-	-	-	b623492c-458d-4156-a14d-a041f5a37e7c.jsonl	2026-09-03T04:02:00.615Z	claude-fable-5-1
c9b5b9252674dee0	-	ineligible	out-of-family:x-noop	-	-	-	b623492c-458d-4156-a14d-a041f5a37e7c.jsonl	2026-09-03T04:37:05.025Z	claude-fable-5-1
65e07e1085a1d5fa	-	ineligible	out-of-family:x-noop	-	-	-	b623492c-458d-4156-a14d-a041f5a37e7c.jsonl	2026-09-03T04:50:47.940Z	claude-fable-5-1
14876b73fb83687e	-	ineligible	out-of-family:x-noop	-	-	-	b623492c-458d-4156-a14d-a041f5a37e7c.jsonl	2026-09-03T04:51:45.058Z	claude-fable-5-1
27ed21afbb00e251	-	ineligible	out-of-family:x-other	-	-	-	b623492c-458d-4156-a14d-a041f5a37e7c.jsonl	2026-09-03T04:56:58.111Z	claude-fable-5-1
5aedf25b74beb323	-	ineligible	out-of-family:x-other	-	-	-	b623492c-458d-4156-a14d-a041f5a37e7c.jsonl	2026-09-03T05:08:53.661Z	claude-fable-5-1
bc057cccd9249b97	-	ineligible	out-of-family:x-noop	-	-	-	b623492c-458d-4156-a14d-a041f5a37e7c.jsonl	2026-09-03T05:16:19.761Z	claude-fable-5-1
0e68a11b6d099ce6	-	ineligible	out-of-family:x-noop	-	-	-	b623492c-458d-4156-a14d-a041f5a37e7c.jsonl	2026-09-03T05:40:04.162Z	claude-fable-5-1
7ee2bc14d2995c5d	-	ineligible	out-of-family:x-noop	-	-	-	b623492c-458d-4156-a14d-a041f5a37e7c.jsonl	2026-09-03T06:05:06.979Z	claude-fable-5-1
b200d32ed79daf3d	-	ineligible	out-of-family:x-other	-	-	-	b623492c-458d-4156-a14d-a041f5a37e7c.jsonl	2026-09-03T06:15:31.896Z	claude-fable-5-1
00b9ce98191df194	-	ineligible	out-of-family:x-other	-	-	-	b623492c-458d-4156-a14d-a041f5a37e7c.jsonl	2026-09-03T06:18:08.809Z	claude-fable-5-1
a79b984fd758496e	-	ineligible	out-of-family:x-noop	-	-	-	b623492c-458d-4156-a14d-a041f5a37e7c.jsonl	2026-09-03T06:21:18.953Z	claude-fable-5-1
6d6042dbdba2ec96	-	ineligible	out-of-family:x-other	-	-	-	b623492c-458d-4156-a14d-a041f5a37e7c.jsonl	2026-09-03T06:27:08.521Z	claude-fable-5-1
e3bdc80a19f880a5	-	ineligible	out-of-family:x-other	-	-	-	b623492c-458d-4156-a14d-a041f5a37e7c.jsonl	2026-09-03T06:27:48.283Z	claude-fable-5-1
264e181e94653efd	-	ineligible	out-of-family:x-noop	-	-	-	b623492c-458d-4156-a14d-a041f5a37e7c.jsonl	2026-09-03T06:37:35.448Z	claude-fable-5-1
58ca7419a56a7730	-	ineligible	out-of-family:x-noop	-	-	-	b623492c-458d-4156-a14d-a041f5a37e7c.jsonl	2026-09-03T06:55:56.492Z	claude-fable-5-1
84029612952535af	-	ineligible	out-of-family:x-other	-	-	-	b623492c-458d-4156-a14d-a041f5a37e7c.jsonl	2026-09-03T07:04:00.774Z	claude-fable-5-1
0305c89ae5ac8d93	-	ineligible	out-of-family:x-other	-	-	-	b623492c-458d-4156-a14d-a041f5a37e7c.jsonl	2026-09-03T07:04:49.493Z	claude-fable-5-1
9aa94a9f8e913d41	-	ineligible	out-of-family:x-other	-	-	-	b623492c-458d-4156-a14d-a041f5a37e7c.jsonl	2026-09-03T07:08:44.531Z	claude-fable-5-1
ba466775d82d0e21	-	ineligible	out-of-family:x-other	-	-	-	b623492c-458d-4156-a14d-a041f5a37e7c.jsonl	2026-09-03T07:09:33.846Z	claude-fable-5-1
58e8cf89a288ec24	-	ineligible	out-of-family:x-noop	-	-	-	b623492c-458d-4156-a14d-a041f5a37e7c.jsonl	2026-09-03T07:11:26.617Z	claude-fable-5-1
3c3fbcc3a24c7204	-	ineligible	out-of-family:x-other	-	-	-	b623492c-458d-4156-a14d-a041f5a37e7c.jsonl	2026-09-03T07:16:50.036Z	claude-fable-5-1
b63c4f0c8cf35d2e	-	ineligible	out-of-family:x-noop	-	-	-	b623492c-458d-4156-a14d-a041f5a37e7c.jsonl	2026-09-03T07:18:31.069Z	claude-fable-5-1
3c0cbbd3e4b0bdf0	-	ineligible	out-of-family:x-other	-	-	-	b623492c-458d-4156-a14d-a041f5a37e7c.jsonl	2026-09-03T07:46:42.172Z	claude-fable-5-1
9eb4e81dadbbbe52	-	ineligible	out-of-family:x-noop	-	-	-	b623492c-458d-4156-a14d-a041f5a37e7c.jsonl	2026-09-03T08:11:50.721Z	claude-fable-5-1
751756495b70fb4b	-	ineligible	out-of-family:x-other	-	-	-	b623492c-458d-4156-a14d-a041f5a37e7c.jsonl	2026-09-03T08:33:12.469Z	claude-fable-5-1
eb0b229104b6516b	-	ineligible	out-of-family:x-other	-	-	-	b623492c-458d-4156-a14d-a041f5a37e7c.jsonl	2026-09-03T08:53:05.179Z	claude-fable-5-1
96c1f77653d9a539	-	ineligible	out-of-family:x-noop	-	-	-	b623492c-458d-4156-a14d-a041f5a37e7c.jsonl	2026-09-03T08:55:16.624Z	claude-fable-5-1
56a8c05624707784	-	ineligible	out-of-family:x-other	-	-	-	b623492c-458d-4156-a14d-a041f5a37e7c.jsonl	2026-09-03T09:19:40.320Z	claude-fable-5-1
1981fa9a44d7e73f	-	ineligible	out-of-family:x-noop	-	-	-	b623492c-458d-4156-a14d-a041f5a37e7c.jsonl	2026-09-03T09:31:31.917Z	claude-fable-5-1
ab5ce3c1400c25e2	-	ineligible	out-of-family:x-other	-	-	-	b623492c-458d-4156-a14d-a041f5a37e7c.jsonl	2026-09-03T09:37:42.750Z	claude-fable-5-1
aacfc5e96b6da82e	-	ineligible	out-of-family:x-noop	-	-	-	b623492c-458d-4156-a14d-a041f5a37e7c.jsonl	2026-09-03T09:44:00.481Z	claude-fable-5-1
1ebd8304ddfda255	-	ineligible	out-of-family:x-other	-	-	-	b623492c-458d-4156-a14d-a041f5a37e7c.jsonl	2026-09-03T10:23:02.697Z	claude-fable-5-1
cf4ddff8ebce6ee0	-	ineligible	out-of-family:x-noop	-	-	-	b623492c-458d-4156-a14d-a041f5a37e7c.jsonl	2026-09-03T10:31:21.534Z	claude-fable-5-1
96dbb12a1c10994f	-	ineligible	out-of-family:x-other	-	-	-	b623492c-458d-4156-a14d-a041f5a37e7c.jsonl	2026-09-03T11:15:42.966Z	claude-fable-5-1
67905205f28b0259	-	ineligible	out-of-family:x-other	-	-	-	b623492c-458d-4156-a14d-a041f5a37e7c.jsonl	2026-09-03T11:17:10.360Z	claude-fable-5-1
94adec5b49f23bd4	-	ineligible	out-of-family:x-other	-	-	-	b623492c-458d-4156-a14d-a041f5a37e7c.jsonl	2026-09-03T11:19:37.699Z	claude-fable-5-1
589a36a32d44b98e	-	ineligible	out-of-family:x-noop	-	-	-	b623492c-458d-4156-a14d-a041f5a37e7c.jsonl	2026-09-03T11:34:53.625Z	claude-fable-5-1
3243ea23d84358c1	-	ineligible	out-of-family:x-noop	-	-	-	b623492c-458d-4156-a14d-a041f5a37e7c.jsonl	2026-09-03T11:42:55.999Z	claude-fable-5-1
47756dedffaeb847	-	ineligible	out-of-family:x-noop	-	-	-	b623492c-458d-4156-a14d-a041f5a37e7c.jsonl	2026-09-03T11:48:44.691Z	claude-fable-5-1
13a60f34eebe064f	-	ineligible	out-of-family:x-other	-	-	-	b623492c-458d-4156-a14d-a041f5a37e7c.jsonl	2026-09-03T11:50:47.767Z	claude-fable-5-1
10c69269dc760ecc	-	ineligible	out-of-family:x-other	-	-	-	b623492c-458d-4156-a14d-a041f5a37e7c.jsonl	2026-09-03T11:57:00.335Z	claude-fable-5-1
9a62b3172e6083e4	-	ineligible	out-of-family:x-noop	-	-	-	b623492c-458d-4156-a14d-a041f5a37e7c.jsonl	2026-09-03T12:04:46.036Z	claude-fable-5-1
c7df3a3617b2f622	-	ineligible	out-of-family:x-noop	-	-	-	b623492c-458d-4156-a14d-a041f5a37e7c.jsonl	2026-09-03T12:27:36.083Z	claude-fable-5-1
40c0a5cafb6c6c24	-	ineligible	out-of-family:x-noop	-	-	-	b623492c-458d-4156-a14d-a041f5a37e7c.jsonl	2026-09-03T12:49:56.301Z	claude-fable-5-1
c49ea55fc03c5cff	-	ineligible	out-of-family:x-noop	-	-	-	b623492c-458d-4156-a14d-a041f5a37e7c.jsonl	2026-09-03T12:50:21.446Z	claude-fable-5-1
f7218f9faff5b547	-	ineligible	out-of-family:x-noop	-	-	-	b623492c-458d-4156-a14d-a041f5a37e7c.jsonl	2026-09-03T12:54:24.120Z	claude-fable-5-1
217640a9b70c8293	-	ineligible	out-of-family:x-noop	-	-	-	b623492c-458d-4156-a14d-a041f5a37e7c.jsonl	2026-09-03T19:05:45.786Z	claude-fable-5-1
da1df3c3a454a1d1	-	ineligible	out-of-family:x-noop	-	-	-	b623492c-458d-4156-a14d-a041f5a37e7c.jsonl	2026-09-03T19:22:11.373Z	claude-fable-5-1
a79080542bf2673f	-	ineligible	out-of-family:x-noop	-	-	-	b623492c-458d-4156-a14d-a041f5a37e7c.jsonl	2026-09-03T19:27:28.729Z	claude-fable-5-1
6f923771d79138ca	-	ineligible	out-of-family:x-noop	-	-	-	b623492c-458d-4156-a14d-a041f5a37e7c.jsonl	2026-09-03T19:50:01.777Z	claude-fable-5-1
2f5f9b1b0fdd9b58	-	ineligible	out-of-family:x-other	-	-	-	b623492c-458d-4156-a14d-a041f5a37e7c.jsonl	2026-09-03T19:52:53.975Z	claude-fable-5-1
0993a27235e2859f	-	ineligible	out-of-family:x-noop	-	-	-	b623492c-458d-4156-a14d-a041f5a37e7c.jsonl	2026-09-03T20:02:57.300Z	claude-fable-5-1
b2cfe992187e1093	-	ineligible	out-of-family:x-noop	-	-	-	b623492c-458d-4156-a14d-a041f5a37e7c.jsonl	2026-09-03T20:07:30.051Z	claude-fable-5-1
9053a82dd1684efd	-	ineligible	out-of-family:x-noop	-	-	-	b623492c-458d-4156-a14d-a041f5a37e7c.jsonl	2026-09-03T20:09:48.443Z	claude-fable-5-1
b7649a3440261091	-	ineligible	out-of-family:x-other	-	-	-	b623492c-458d-4156-a14d-a041f5a37e7c.jsonl	2026-09-03T20:10:26.358Z	claude-fable-5-1
6bc35184f3568a98	-	ineligible	out-of-family:x-other	-	-	-	b623492c-458d-4156-a14d-a041f5a37e7c.jsonl	2026-09-03T20:10:55.957Z	claude-fable-5-1
e657cb53eb5d6b95	-	ineligible	out-of-family:x-noop	-	-	-	b623492c-458d-4156-a14d-a041f5a37e7c.jsonl	2026-09-03T20:24:54.153Z	claude-fable-5-1
6a0366a49c36f367	-	ineligible	out-of-family:x-noop	-	-	-	b623492c-458d-4156-a14d-a041f5a37e7c.jsonl	2026-09-03T20:26:40.722Z	claude-fable-5-1
a17907f4c29b7010	-	ineligible	out-of-family:x-noop	-	-	-	b623492c-458d-4156-a14d-a041f5a37e7c.jsonl	2026-09-03T20:43:18.082Z	claude-fable-5-1
63444bb39bba67ab	-	ineligible	out-of-family:x-noop	-	-	-	b623492c-458d-4156-a14d-a041f5a37e7c.jsonl	2026-09-03T20:46:35.751Z	claude-fable-5-1
14c805ce763c03f2	-	ineligible	out-of-family:x-noop	-	-	-	b623492c-458d-4156-a14d-a041f5a37e7c.jsonl	2026-09-03T20:52:22.801Z	claude-fable-5-1
b6f704bb4db7c28e	-	ineligible	out-of-family:x-noop	-	-	-	b623492c-458d-4156-a14d-a041f5a37e7c.jsonl	2026-09-03T21:06:29.056Z	claude-fable-5-1
4d1c831ab76cb306	-	ineligible	out-of-family:x-noop	-	-	-	b623492c-458d-4156-a14d-a041f5a37e7c.jsonl	2026-09-03T21:07:56.446Z	claude-fable-5-1
444aec64bc5a51c9	-	ineligible	out-of-family:x-noop	-	-	-	b623492c-458d-4156-a14d-a041f5a37e7c.jsonl	2026-09-03T21:21:24.534Z	claude-fable-5-1
f14145d36e834740	-	ineligible	out-of-family:x-noop	-	-	-	b623492c-458d-4156-a14d-a041f5a37e7c.jsonl	2026-09-03T21:28:35.424Z	claude-fable-5-1
e44c6c76607a6c0e	-	ineligible	out-of-family:x-noop	-	-	-	b623492c-458d-4156-a14d-a041f5a37e7c.jsonl	2026-09-03T21:34:18.821Z	claude-fable-5-1
0a1ece1ccd7164ca	-	ineligible	out-of-family:x-noop	-	-	-	b623492c-458d-4156-a14d-a041f5a37e7c.jsonl	2026-09-03T21:44:00.838Z	claude-fable-5-1
235487028d30028b	-	ineligible	out-of-family:x-noop	-	-	-	b623492c-458d-4156-a14d-a041f5a37e7c.jsonl	2026-09-03T21:46:44.388Z	claude-fable-5-1
6c868ed046fc1953	-	ineligible	out-of-family:x-noop	-	-	-	b623492c-458d-4156-a14d-a041f5a37e7c.jsonl	2026-09-03T22:03:46.960Z	claude-fable-5-1
2dfedfbdae1ef5c1	-	ineligible	out-of-family:x-other	-	-	-	b623492c-458d-4156-a14d-a041f5a37e7c.jsonl	2026-09-03T22:06:21.798Z	claude-fable-5-1
db0139e5094fd232	-	ineligible	out-of-family:x-noop	-	-	-	b623492c-458d-4156-a14d-a041f5a37e7c.jsonl	2026-09-03T22:08:58.008Z	claude-fable-5-1
4b68030a9fc24a54	-	ineligible	out-of-family:x-noop	-	-	-	b623492c-458d-4156-a14d-a041f5a37e7c.jsonl	2026-09-03T22:20:01.859Z	claude-fable-5-1
728819c7e78b332d	-	ineligible	out-of-family:x-noop	-	-	-	b623492c-458d-4156-a14d-a041f5a37e7c.jsonl	2026-09-03T22:25:10.905Z	claude-fable-5-1
0c8f02fab577cc47	-	ineligible	out-of-family:x-noop	-	-	-	b623492c-458d-4156-a14d-a041f5a37e7c.jsonl	2026-09-03T22:41:56.164Z	claude-fable-5-1
59526ba4b6eb9335	-	ineligible	out-of-family:x-noop	-	-	-	b623492c-458d-4156-a14d-a041f5a37e7c.jsonl	2026-09-03T22:53:08.567Z	claude-fable-5-1
2cef771997096024	-	ineligible	out-of-family:x-noop	-	-	-	b623492c-458d-4156-a14d-a041f5a37e7c.jsonl	2026-09-03T22:54:59.075Z	claude-fable-5-1
ddcff06efbe3e523	-	ineligible	out-of-family:x-noop	-	-	-	b623492c-458d-4156-a14d-a041f5a37e7c.jsonl	2026-09-03T23:01:37.800Z	claude-fable-5-1
778cbb5ccb7112ee	-	ineligible	out-of-family:x-other	-	-	-	b623492c-458d-4156-a14d-a041f5a37e7c.jsonl	2026-09-03T23:07:13.689Z	claude-fable-5-1
5e40801027406319	-	ineligible	out-of-family:x-noop	-	-	-	b623492c-458d-4156-a14d-a041f5a37e7c.jsonl	2026-09-03T23:14:12.779Z	claude-fable-5-1
ab2099a784d27f40	-	ineligible	out-of-family:x-other	-	-	-	b623492c-458d-4156-a14d-a041f5a37e7c.jsonl	2026-09-03T23:28:31.903Z	claude-fable-5-1
704b2254df8e06e9	-	ineligible	out-of-family:x-noop	-	-	-	b623492c-458d-4156-a14d-a041f5a37e7c.jsonl	2026-09-03T23:32:49.378Z	claude-fable-5-1
cc62d877bea3c939	-	ineligible	out-of-family:x-noop	-	-	-	b623492c-458d-4156-a14d-a041f5a37e7c.jsonl	2026-09-03T23:42:08.710Z	claude-fable-5-1
ad56dfab02bb04f2	-	ineligible	out-of-family:x-noop	-	-	-	b623492c-458d-4156-a14d-a041f5a37e7c.jsonl	2026-09-04T00:00:06.202Z	claude-fable-5-1
69c0a0b6c8e0beef	-	ineligible	out-of-family:x-noop	-	-	-	b623492c-458d-4156-a14d-a041f5a37e7c.jsonl	2026-09-04T00:00:55.374Z	claude-fable-5-1
58862b0b902da14c	-	ineligible	out-of-family:x-noop	-	-	-	b623492c-458d-4156-a14d-a041f5a37e7c.jsonl	2026-09-04T00:02:22.715Z	claude-fable-5-1
109efdb2e8154920	-	ineligible	out-of-family:x-noop	-	-	-	b623492c-458d-4156-a14d-a041f5a37e7c.jsonl	2026-09-04T00:12:23.700Z	claude-fable-5-1
b17de83ed6faf7f7	-	ineligible	out-of-family:x-noop	-	-	-	b623492c-458d-4156-a14d-a041f5a37e7c.jsonl	2026-09-04T00:23:04.270Z	claude-fable-5-1
033bd4528735a571	-	ineligible	out-of-family:x-noop	-	-	-	b623492c-458d-4156-a14d-a041f5a37e7c.jsonl	2026-09-04T00:23:25.358Z	claude-fable-5-1
0143208f633c583c	-	ineligible	out-of-family:x-noop	-	-	-	b623492c-458d-4156-a14d-a041f5a37e7c.jsonl	2026-09-04T00:44:36.190Z	claude-fable-5-1
68d8185822c5b2a9	-	ineligible	out-of-family:x-noop	-	-	-	b623492c-458d-4156-a14d-a041f5a37e7c.jsonl	2026-09-04T00:47:43.550Z	claude-fable-5-1
d7943f21bc7ad405	-	ineligible	out-of-family:x-noop	-	-	-	b623492c-458d-4156-a14d-a041f5a37e7c.jsonl	2026-09-04T01:32:21.819Z	claude-fable-5-1
e14a1bcb558ce511	-	ineligible	out-of-family:x-noop	-	-	-	b623492c-458d-4156-a14d-a041f5a37e7c.jsonl	2026-09-04T01:38:18.310Z	claude-fable-5-1
d8801b46fcf3a88a	-	ineligible	out-of-family:x-noop	-	-	-	b623492c-458d-4156-a14d-a041f5a37e7c.jsonl	2026-09-04T02:13:19.346Z	claude-fable-5-1
38e325e4f6030a32	-	ineligible	out-of-family:x-noop	-	-	-	b623492c-458d-4156-a14d-a041f5a37e7c.jsonl	2026-09-04T02:14:24.829Z	claude-fable-5-1
4791d24f49534366	-	ineligible	out-of-family:x-noop	-	-	-	b623492c-458d-4156-a14d-a041f5a37e7c.jsonl	2026-09-04T02:19:43.453Z	claude-fable-5-1
032ddfbf75f1011b	-	ineligible	out-of-family:x-noop	-	-	-	b623492c-458d-4156-a14d-a041f5a37e7c.jsonl	2026-09-04T02:23:21.079Z	claude-fable-5-1
c1edf86d4f0f61a4	-	ineligible	out-of-family:x-noop	-	-	-	b623492c-458d-4156-a14d-a041f5a37e7c.jsonl	2026-09-04T02:45:59.628Z	claude-fable-5-1
3b365e0a1a3fb386	-	ineligible	out-of-family:x-noop	-	-	-	b623492c-458d-4156-a14d-a041f5a37e7c.jsonl	2026-09-04T02:55:20.077Z	claude-fable-5-1
969d5d696902ca1b	-	ineligible	out-of-family:x-noop	-	-	-	b623492c-458d-4156-a14d-a041f5a37e7c.jsonl	2026-09-04T03:01:37.953Z	claude-fable-5-1
b1cede6d26b2a5ac	-	ineligible	out-of-family:x-noop	-	-	-	b623492c-458d-4156-a14d-a041f5a37e7c.jsonl	2026-09-04T03:06:49.198Z	claude-fable-5-1
ebd2d27685bee92a	-	ineligible	out-of-family:x-noop	-	-	-	b623492c-458d-4156-a14d-a041f5a37e7c.jsonl	2026-09-04T03:08:12.629Z	claude-fable-5-1
a562358a05b5f50a	-	ineligible	out-of-family:x-noop	-	-	-	b623492c-458d-4156-a14d-a041f5a37e7c.jsonl	2026-09-04T03:43:27.272Z	claude-fable-5-1
1cfef7914953a372	-	ineligible	out-of-family:x-noop	-	-	-	b623492c-458d-4156-a14d-a041f5a37e7c.jsonl	2026-09-04T04:24:52.899Z	claude-fable-5-1
62b8eeeb97f7ffd4	-	ineligible	out-of-family:x-noop	-	-	-	b623492c-458d-4156-a14d-a041f5a37e7c.jsonl	2026-09-04T04:47:23.898Z	claude-fable-5-1
3717dbe1d78190fa	-	ineligible	out-of-family:x-noop	-	-	-	b623492c-458d-4156-a14d-a041f5a37e7c.jsonl	2026-09-04T04:48:17.650Z	claude-fable-5-1
973815145b1b2737	-	ineligible	out-of-family:x-noop	-	-	-	b623492c-458d-4156-a14d-a041f5a37e7c.jsonl	2026-09-04T05:08:23.407Z	claude-fable-5-1
ebb90bdef962f063	-	ineligible	out-of-family:x-noop	-	-	-	b623492c-458d-4156-a14d-a041f5a37e7c.jsonl	2026-09-04T05:11:15.729Z	claude-fable-5-1
0018c9566eca2a95	-	ineligible	out-of-family:x-noop	-	-	-	b623492c-458d-4156-a14d-a041f5a37e7c.jsonl	2026-09-04T05:15:20.999Z	claude-fable-5-1
893f2fc1c580a5f3	-	ineligible	out-of-family:x-noop	-	-	-	b623492c-458d-4156-a14d-a041f5a37e7c.jsonl	2026-09-04T05:26:47.957Z	claude-fable-5-1
955d9749b5df817a	-	ineligible	out-of-family:x-noop	-	-	-	b623492c-458d-4156-a14d-a041f5a37e7c.jsonl	2026-09-04T05:28:32.825Z	claude-fable-5-1
9990a09058ee83f6	-	ineligible	out-of-family:x-noop	-	-	-	b623492c-458d-4156-a14d-a041f5a37e7c.jsonl	2026-09-04T05:29:47.458Z	claude-fable-5-1
f66d5d0bfba79878	-	ineligible	out-of-family:x-noop	-	-	-	b623492c-458d-4156-a14d-a041f5a37e7c.jsonl	2026-09-04T06:10:27.471Z	claude-fable-5-1
6ba3e96bb1d08489	-	ineligible	out-of-family:x-noop	-	-	-	b623492c-458d-4156-a14d-a041f5a37e7c.jsonl	2026-09-04T06:20:18.142Z	claude-fable-5-1
501b982b8ee4760f	-	ineligible	out-of-family:x-noop	-	-	-	b623492c-458d-4156-a14d-a041f5a37e7c.jsonl	2026-09-04T06:22:09.483Z	claude-fable-5-1
b1d1841b92e88feb	-	ineligible	out-of-family:x-noop	-	-	-	b623492c-458d-4156-a14d-a041f5a37e7c.jsonl	2026-09-04T06:27:37.973Z	claude-fable-5-1
29ada600fb5e9cc4	-	ineligible	out-of-family:x-other	-	-	-	b623492c-458d-4156-a14d-a041f5a37e7c.jsonl	2026-09-04T06:29:57.569Z	claude-fable-5-1
d4001bf7f11af4a8	-	ineligible	out-of-family:x-noop	-	-	-	b623492c-458d-4156-a14d-a041f5a37e7c.jsonl	2026-09-04T06:36:36.578Z	claude-fable-5-1
777c65d2f5e85313	-	ineligible	out-of-family:x-noop	-	-	-	b623492c-458d-4156-a14d-a041f5a37e7c.jsonl	2026-09-04T06:37:12.949Z	claude-fable-5-1
49778020357b61e7	-	ineligible	out-of-family:x-noop	-	-	-	b623492c-458d-4156-a14d-a041f5a37e7c.jsonl	2026-09-04T06:39:54.729Z	claude-fable-5-1
4725961146fa5787	-	ineligible	out-of-family:x-noop	-	-	-	b623492c-458d-4156-a14d-a041f5a37e7c.jsonl	2026-09-04T06:51:20.182Z	claude-fable-5-1
f16a11222b43186b	-	ineligible	out-of-family:x-noop	-	-	-	b623492c-458d-4156-a14d-a041f5a37e7c.jsonl	2026-09-04T07:05:42.955Z	claude-fable-5-1
7536e716c3f5be84	-	ineligible	out-of-family:x-noop	-	-	-	b623492c-458d-4156-a14d-a041f5a37e7c.jsonl	2026-09-04T07:13:29.466Z	claude-fable-5-1
16a135cf646f8d58	-	ineligible	out-of-family:x-other	-	-	-	b623492c-458d-4156-a14d-a041f5a37e7c.jsonl	2026-09-04T07:35:27.049Z	claude-fable-5-1
9de7a7ea55bba83f	-	ineligible	out-of-family:x-noop	-	-	-	b623492c-458d-4156-a14d-a041f5a37e7c.jsonl	2026-09-04T07:45:09.569Z	claude-fable-5-1
517d648bf19c02fb	-	ineligible	out-of-family:x-noop	-	-	-	b623492c-458d-4156-a14d-a041f5a37e7c.jsonl	2026-09-04T07:49:07.589Z	claude-fable-5-1
276823202c8e11b9	-	ineligible	out-of-family:x-noop	-	-	-	b623492c-458d-4156-a14d-a041f5a37e7c.jsonl	2026-09-04T08:21:49.027Z	claude-fable-5-1
aa136a1faff6ac0e	-	ineligible	out-of-family:x-noop	-	-	-	b623492c-458d-4156-a14d-a041f5a37e7c.jsonl	2026-09-04T08:34:00.359Z	claude-fable-5-1
dbb592cb6af47eba	-	ineligible	out-of-family:x-noop	-	-	-	b623492c-458d-4156-a14d-a041f5a37e7c.jsonl	2026-09-04T08:41:40.769Z	claude-fable-5-1
1348c453558e01b3	-	ineligible	out-of-family:x-noop	-	-	-	b623492c-458d-4156-a14d-a041f5a37e7c.jsonl	2026-09-04T08:42:03.398Z	claude-fable-5-1
ba87794bbb47e809	-	ineligible	out-of-family:x-noop	-	-	-	b623492c-458d-4156-a14d-a041f5a37e7c.jsonl	2026-09-04T11:02:16.206Z	claude-fable-5-1
bfb08361674109c3	-	ineligible	out-of-family:x-noop	-	-	-	b623492c-458d-4156-a14d-a041f5a37e7c.jsonl	2026-09-04T11:14:55.133Z	claude-fable-5-1
c4bc30df42cd1cf4	-	ineligible	out-of-family:x-noop	-	-	-	b623492c-458d-4156-a14d-a041f5a37e7c.jsonl	2026-09-04T11:26:38.516Z	claude-fable-5-1
c89e3d9cc11d2a7f	-	ineligible	out-of-family:x-noop	-	-	-	b623492c-458d-4156-a14d-a041f5a37e7c.jsonl	2026-09-04T11:36:32.203Z	claude-fable-5-1
693e6c6ba422d303	-	ineligible	out-of-family:x-other	-	-	-	b623492c-458d-4156-a14d-a041f5a37e7c.jsonl	2026-09-04T11:53:20.792Z	claude-fable-5-1
a60143088618d52f	T	ineligible	repo-unresolvable	-	-	-	b623492c-458d-4156-a14d-a041f5a37e7c.jsonl	2026-09-04T11:56:18.928Z	claude-fable-5-1
7f7aa598878fdbad	-	ineligible	out-of-family:x-noop	-	-	-	b623492c-458d-4156-a14d-a041f5a37e7c.jsonl	2026-09-04T12:00:07.042Z	claude-fable-5-1
5f07e253193ec4c7	-	ineligible	out-of-family:x-noop	-	-	-	b623492c-458d-4156-a14d-a041f5a37e7c.jsonl	2026-09-04T13:18:15.205Z	claude-fable-5-1
75e5e2d0664f27d6	-	ineligible	out-of-family:x-noop	-	-	-	b623492c-458d-4156-a14d-a041f5a37e7c.jsonl	2026-09-04T14:23:34.848Z	claude-fable-5-1
a940f08dd51611ce	-	ineligible	out-of-family:x-noop	-	-	-	b623492c-458d-4156-a14d-a041f5a37e7c.jsonl	2026-09-04T15:13:31.052Z	claude-fable-5-1
d062348371fc87d5	-	ineligible	out-of-family:x-noop	-	-	-	b623492c-458d-4156-a14d-a041f5a37e7c.jsonl	2026-09-04T15:22:36.470Z	claude-fable-5-1
9de9333f8280c11d	-	ineligible	out-of-family:x-noop	-	-	-	b623492c-458d-4156-a14d-a041f5a37e7c.jsonl	2026-09-04T16:13:13.715Z	claude-fable-5-1
ecad9dcd49879853	-	ineligible	out-of-family:x-noop	-	-	-	b623492c-458d-4156-a14d-a041f5a37e7c.jsonl	2026-09-04T17:34:03.302Z	claude-fable-5-1
9ab41e1abd004cd8	-	ineligible	out-of-family:x-noop	-	-	-	b623492c-458d-4156-a14d-a041f5a37e7c.jsonl	2026-09-04T18:06:24.329Z	claude-fable-5-1
5a0ad9b27f6e701f	-	ineligible	out-of-family:x-noop	-	-	-	b623492c-458d-4156-a14d-a041f5a37e7c.jsonl	2026-09-04T18:09:33.981Z	claude-fable-5-1
423dcefff6f3800d	-	ineligible	out-of-family:x-noop	-	-	-	b623492c-458d-4156-a14d-a041f5a37e7c.jsonl	2026-09-04T20:15:58.338Z	claude-fable-5-1
7e8c38bb81b374b0	-	ineligible	out-of-family:x-noop	-	-	-	b623492c-458d-4156-a14d-a041f5a37e7c.jsonl	2026-09-04T20:25:03.175Z	claude-fable-5-1
95f399a2d13e2a6f	-	ineligible	out-of-family:x-noop	-	-	-	b623492c-458d-4156-a14d-a041f5a37e7c.jsonl	2026-09-04T21:08:12.642Z	claude-fable-5-1
1e1c0bccec76b2f2	-	ineligible	out-of-family:x-noop	-	-	-	b623492c-458d-4156-a14d-a041f5a37e7c.jsonl	2026-09-04T21:50:09.242Z	claude-fable-5-1
e5aac896feb5308d	-	ineligible	out-of-family:x-noop	-	-	-	b623492c-458d-4156-a14d-a041f5a37e7c.jsonl	2026-09-04T21:53:40.712Z	claude-fable-5-1
97fd35ba24072a9e	-	ineligible	out-of-family:x-noop	-	-	-	b623492c-458d-4156-a14d-a041f5a37e7c.jsonl	2026-09-04T22:14:29.189Z	claude-fable-5-1
903e9ee676eb1e2c	-	ineligible	out-of-family:x-noop	-	-	-	b623492c-458d-4156-a14d-a041f5a37e7c.jsonl	2026-09-04T22:14:48.017Z	claude-fable-5-1
61bc6be2c9ee2cd6	-	ineligible	out-of-family:x-noop	-	-	-	b623492c-458d-4156-a14d-a041f5a37e7c.jsonl	2026-09-04T22:15:32.570Z	claude-fable-5-1
857ce54db24ad23f	-	ineligible	out-of-family:x-noop	-	-	-	b623492c-458d-4156-a14d-a041f5a37e7c.jsonl	2026-09-04T22:39:43.655Z	claude-fable-5-1
21767ccad51fc608	-	ineligible	out-of-family:x-noop	-	-	-	b623492c-458d-4156-a14d-a041f5a37e7c.jsonl	2026-09-04T22:54:58.286Z	claude-fable-5-1
f3c20eac128ffd19	-	ineligible	out-of-family:x-noop	-	-	-	b623492c-458d-4156-a14d-a041f5a37e7c.jsonl	2026-09-04T23:42:16.713Z	claude-fable-5-1
e905a9a435b4643f	-	ineligible	out-of-family:x-noop	-	-	-	b623492c-458d-4156-a14d-a041f5a37e7c.jsonl	2026-09-05T00:25:15.586Z	claude-fable-5-1
f5530693414b7ac3	-	ineligible	out-of-family:x-noop	-	-	-	b623492c-458d-4156-a14d-a041f5a37e7c.jsonl	2026-09-05T02:01:40.977Z	claude-fable-5-1
d95cb6973937287b	-	ineligible	out-of-family:x-noop	-	-	-	b623492c-458d-4156-a14d-a041f5a37e7c.jsonl	2026-09-05T03:04:21.150Z	claude-fable-5-1
6585279365012f15	-	ineligible	out-of-family:x-other	-	-	-	b623492c-458d-4156-a14d-a041f5a37e7c.jsonl	2026-09-05T03:13:40.194Z	claude-fable-5-1
edfdc6205cfba5a5	-	ineligible	out-of-family:x-other	-	-	-	b623492c-458d-4156-a14d-a041f5a37e7c.jsonl	2026-09-05T03:46:02.690Z	claude-fable-5-1
b2c89d16d6e6078a	-	ineligible	out-of-family:x-noop	-	-	-	b623492c-458d-4156-a14d-a041f5a37e7c.jsonl	2026-09-05T04:23:35.921Z	claude-fable-5-1
29b7b35989af863d	-	ineligible	out-of-family:x-noop	-	-	-	b623492c-458d-4156-a14d-a041f5a37e7c.jsonl	2026-09-05T04:56:54.360Z	claude-fable-5-1
797fb9a61913bfc0	-	ineligible	out-of-family:x-noop	-	-	-	b623492c-458d-4156-a14d-a041f5a37e7c.jsonl	2026-09-05T05:05:59.394Z	claude-fable-5-1
9a91c9bd98b45240	-	ineligible	out-of-family:x-noop	-	-	-	b623492c-458d-4156-a14d-a041f5a37e7c.jsonl	2026-09-05T05:14:02.038Z	claude-fable-5-1
456a791382725762	-	ineligible	out-of-family:x-noop	-	-	-	b623492c-458d-4156-a14d-a041f5a37e7c.jsonl	2026-09-05T05:24:44.378Z	claude-fable-5-1
46057cc4507411cf	-	ineligible	out-of-family:x-noop	-	-	-	b623492c-458d-4156-a14d-a041f5a37e7c.jsonl	2026-09-05T05:30:46.447Z	claude-fable-5-1
b4e20c4e08d4d5f8	-	ineligible	out-of-family:x-other	-	-	-	b623492c-458d-4156-a14d-a041f5a37e7c.jsonl	2026-09-05T18:28:52.285Z	claude-fable-5-1
ec718a984dc96d0f	-	ineligible	out-of-family:x-noop	-	-	-	b623492c-458d-4156-a14d-a041f5a37e7c.jsonl	2026-09-05T18:37:49.047Z	claude-fable-5-1
d5ab9b5a6e8cfa94	-	ineligible	out-of-family:x-noop	-	-	-	b623492c-458d-4156-a14d-a041f5a37e7c.jsonl	2026-09-05T18:48:12.053Z	claude-fable-5-1
1181a1e82f2fd2bf	-	ineligible	out-of-family:x-noop	-	-	-	b623492c-458d-4156-a14d-a041f5a37e7c.jsonl	2026-09-05T19:01:25.658Z	claude-fable-5-1
6cb488d32953546b	-	ineligible	out-of-family:x-noop	-	-	-	b623492c-458d-4156-a14d-a041f5a37e7c.jsonl	2026-09-06T00:46:03.762Z	claude-fable-5-1
08042153fb7d0fbf	-	ineligible	out-of-family:x-noop	-	-	-	b623492c-458d-4156-a14d-a041f5a37e7c.jsonl	2026-09-06T03:16:17.441Z	claude-fable-5-1
d86df0f79b81ad21	-	ineligible	out-of-family:x-other	-	-	-	b623492c-458d-4156-a14d-a041f5a37e7c.jsonl	2026-09-06T07:34:03.617Z	claude-fable-5-1
594331e8d25dd973	-	ineligible	out-of-family:x-other	-	-	-	b623492c-458d-4156-a14d-a041f5a37e7c.jsonl	2026-09-06T07:42:09.854Z	claude-fable-5-1
8d1698c8996d793d	-	ineligible	out-of-family:x-other	-	-	-	b623492c-458d-4156-a14d-a041f5a37e7c.jsonl	2026-09-06T07:44:34.670Z	claude-fable-5-1
bbd21bbb3d7b5255	-	ineligible	out-of-family:x-noop	-	-	-	b623492c-458d-4156-a14d-a041f5a37e7c.jsonl	2026-09-06T07:54:25.335Z	claude-fable-5-1
025d84580ebc9257	-	ineligible	out-of-family:x-noop	-	-	-	b623492c-458d-4156-a14d-a041f5a37e7c.jsonl	2026-09-06T08:04:29.238Z	claude-fable-5-1
7da910e063d10a90	-	ineligible	out-of-family:x-other	-	-	-	b623492c-458d-4156-a14d-a041f5a37e7c.jsonl	2026-09-06T08:15:27.434Z	claude-fable-5-1
ec198cb7cdd97f1e	-	ineligible	out-of-family:x-noop	-	-	-	b623492c-458d-4156-a14d-a041f5a37e7c.jsonl	2026-09-06T12:52:34.723Z	claude-fable-5-1
24ff772a7e79951d	-	ineligible	out-of-family:x-other	-	-	-	b623492c-458d-4156-a14d-a041f5a37e7c.jsonl	2026-09-06T14:36:49.840Z	claude-fable-5-1
ff66661682db9d3c	-	ineligible	out-of-family:x-noop	-	-	-	b623492c-458d-4156-a14d-a041f5a37e7c.jsonl	2026-09-06T14:37:27.187Z	claude-fable-5-1
946d71a8688c5526	-	ineligible	out-of-family:x-other	-	-	-	b623492c-458d-4156-a14d-a041f5a37e7c.jsonl	2026-09-06T14:43:09.090Z	claude-fable-5-1
fb549c4b78ada470	-	ineligible	out-of-family:x-noop	-	-	-	b623492c-458d-4156-a14d-a041f5a37e7c.jsonl	2026-09-06T19:04:00.924Z	claude-fable-5-1
769b709ff3914226	-	ineligible	out-of-family:x-noop	-	-	-	b623492c-458d-4156-a14d-a041f5a37e7c.jsonl	2026-09-06T22:09:03.473Z	claude-fable-5-1
ca2e1d991fd9f65f	-	ineligible	out-of-family:x-other	-	-	-	b623492c-458d-4156-a14d-a041f5a37e7c.jsonl	2026-09-06T22:09:59.441Z	claude-fable-5-1
2b55a1741ec013ea	-	ineligible	out-of-family:x-noop	-	-	-	b623492c-458d-4156-a14d-a041f5a37e7c.jsonl	2026-09-06T22:29:46.469Z	claude-fable-5-1
3869c917236026df	-	ineligible	out-of-family:x-noop	-	-	-	b623492c-458d-4156-a14d-a041f5a37e7c.jsonl	2026-09-07T00:40:12.086Z	claude-fable-5-1
1eda85606910e16f	-	ineligible	out-of-family:x-noop	-	-	-	b623492c-458d-4156-a14d-a041f5a37e7c.jsonl	2026-09-07T00:40:33.675Z	claude-fable-5-1
2cffec6c40fbaf8f	-	ineligible	out-of-family:x-noop	-	-	-	b623492c-458d-4156-a14d-a041f5a37e7c.jsonl	2026-09-07T00:41:01.742Z	claude-fable-5-1
317c147ea730f801	-	ineligible	out-of-family:x-other	-	-	-	b623492c-458d-4156-a14d-a041f5a37e7c.jsonl	2026-09-07T07:03:39.624Z	claude-fable-5-1
ce418f9f86c2e27a	-	ineligible	out-of-family:x-noop	-	-	-	b623492c-458d-4156-a14d-a041f5a37e7c.jsonl	2026-09-07T07:13:03.130Z	claude-fable-5-1
97f0ae33c2e5b9a1	-	ineligible	out-of-family:x-noop	-	-	-	b623492c-458d-4156-a14d-a041f5a37e7c.jsonl	2026-09-07T14:28:43.773Z	claude-fable-5-1
c11d8f6fe97fa1dd	-	ineligible	out-of-family:x-noop	-	-	-	b623492c-458d-4156-a14d-a041f5a37e7c.jsonl	2026-09-07T19:41:24.986Z	claude-fable-5-1
63f44949e78ef877	-	ineligible	out-of-family:x-other	-	-	-	b623492c-458d-4156-a14d-a041f5a37e7c.jsonl	2026-09-07T23:08:33.895Z	claude-fable-5-1
ea93e7a744967c28	-	ineligible	out-of-family:x-noop	-	-	-	b623492c-458d-4156-a14d-a041f5a37e7c.jsonl	2026-09-07T23:09:33.099Z	claude-fable-5-1
e16b1bf35906a133	-	ineligible	out-of-family:x-noop	-	-	-	b623492c-458d-4156-a14d-a041f5a37e7c.jsonl	2026-09-07T23:10:56.577Z	claude-fable-5-1
e4e901700e026d67	-	ineligible	out-of-family:x-noop	-	-	-	b623492c-458d-4156-a14d-a041f5a37e7c.jsonl	2026-09-07T23:18:47.532Z	claude-fable-5-1
abbd54e378630b19	-	ineligible	out-of-family:x-noop	-	-	-	b623492c-458d-4156-a14d-a041f5a37e7c.jsonl	2026-09-07T23:24:22.860Z	claude-fable-5-1
cff5995bed1a0875	-	ineligible	out-of-family:x-noop	-	-	-	b623492c-458d-4156-a14d-a041f5a37e7c.jsonl	2026-09-07T23:32:59.830Z	claude-fable-5-1
d0c2d0112d919c13	-	ineligible	out-of-family:x-noop	-	-	-	b623492c-458d-4156-a14d-a041f5a37e7c.jsonl	2026-09-07T23:39:42.156Z	claude-fable-5-1
cd9b9ea402346412	-	ineligible	out-of-family:x-other	-	-	-	b623492c-458d-4156-a14d-a041f5a37e7c.jsonl	2026-09-07T23:45:02.855Z	claude-fable-5-1
c1c19d798ec9baaf	-	ineligible	out-of-family:x-noop	-	-	-	b623492c-458d-4156-a14d-a041f5a37e7c.jsonl	2026-09-08T00:11:34.191Z	claude-fable-5-1
dc97f4e408f773e6	-	ineligible	out-of-family:x-noop	-	-	-	b623492c-458d-4156-a14d-a041f5a37e7c.jsonl	2026-09-08T01:21:49.560Z	claude-fable-5-1
576a3d44527a969f	-	ineligible	out-of-family:x-noop	-	-	-	b623492c-458d-4156-a14d-a041f5a37e7c.jsonl	2026-09-08T02:53:48.227Z	claude-fable-5-1
c0b5295d68355725	-	ineligible	out-of-family:x-noop	-	-	-	b623492c-458d-4156-a14d-a041f5a37e7c.jsonl	2026-09-08T03:25:04.635Z	claude-fable-5-1
934e14ab96efb0d9	-	ineligible	out-of-family:x-noop	-	-	-	b623492c-458d-4156-a14d-a041f5a37e7c.jsonl	2026-09-08T10:12:28.277Z	claude-fable-5-1
eab374ad4c4ddf5d	-	ineligible	out-of-family:x-noop	-	-	-	b623492c-458d-4156-a14d-a041f5a37e7c.jsonl	2026-09-08T11:16:12.126Z	claude-fable-5-1
d4b6b087558d270a	-	ineligible	out-of-family:x-noop	-	-	-	b623492c-458d-4156-a14d-a041f5a37e7c.jsonl	2026-09-08T11:22:35.102Z	claude-fable-5-1
f09c02338d56675f	-	ineligible	out-of-family:x-noop	-	-	-	b623492c-458d-4156-a14d-a041f5a37e7c.jsonl	2026-09-08T16:18:18.503Z	claude-fable-5-1
dcad1f3ddd9d42a4	-	ineligible	out-of-family:x-noop	-	-	-	b623492c-458d-4156-a14d-a041f5a37e7c.jsonl	2026-09-08T16:43:56.338Z	claude-fable-5-1
e78638e0ca78be7a	-	ineligible	out-of-family:x-noop	-	-	-	b623492c-458d-4156-a14d-a041f5a37e7c.jsonl	2026-09-08T17:01:59.252Z	claude-fable-5-1
e801cad05ed07beb	-	ineligible	out-of-family:x-noop	-	-	-	b623492c-458d-4156-a14d-a041f5a37e7c.jsonl	2026-09-08T17:23:54.059Z	claude-fable-5-1
e351cff77a4bed90	-	ineligible	out-of-family:x-noop	-	-	-	b623492c-458d-4156-a14d-a041f5a37e7c.jsonl	2026-09-08T17:26:20.361Z	claude-fable-5-1
9cc4c65963023f9b	-	ineligible	out-of-family:x-noop	-	-	-	b623492c-458d-4156-a14d-a041f5a37e7c.jsonl	2026-09-08T17:53:11.716Z	claude-fable-5-1
8cf62def8d63c165	-	ineligible	out-of-family:x-noop	-	-	-	b623492c-458d-4156-a14d-a041f5a37e7c.jsonl	2026-09-08T18:03:04.228Z	claude-fable-5-1
c5d1bc7ab4c912d4	-	ineligible	out-of-family:x-noop	-	-	-	b623492c-458d-4156-a14d-a041f5a37e7c.jsonl	2026-09-08T18:08:21.933Z	claude-fable-5-1
6ec3cfb10eaf1149	-	ineligible	out-of-family:x-other	-	-	-	b623492c-458d-4156-a14d-a041f5a37e7c.jsonl	2026-09-08T19:38:26.934Z	claude-fable-5-1
bec6ea1a24bda9aa	-	ineligible	out-of-family:x-noop	-	-	-	b623492c-458d-4156-a14d-a041f5a37e7c.jsonl	2026-09-08T19:41:37.410Z	claude-fable-5-1
9e5ad33d4df55228	-	ineligible	out-of-family:x-noop	-	-	-	b623492c-458d-4156-a14d-a041f5a37e7c.jsonl	2026-09-08T21:11:37.466Z	claude-fable-5-1
c325db8b22253aba	-	ineligible	out-of-family:x-other	-	-	-	b623492c-458d-4156-a14d-a041f5a37e7c.jsonl	2026-09-08T21:12:21.301Z	claude-fable-5-1
736f928df4352c50	-	ineligible	out-of-family:x-noop	-	-	-	b623492c-458d-4156-a14d-a041f5a37e7c.jsonl	2026-09-08T21:12:43.682Z	claude-fable-5-1
eb8a26087461cc46	-	ineligible	out-of-family:x-other	-	-	-	b623492c-458d-4156-a14d-a041f5a37e7c.jsonl	2026-09-08T22:26:58.707Z	claude-fable-5-1
dabd20a27a2aa936	-	ineligible	out-of-family:x-noop	-	-	-	b623492c-458d-4156-a14d-a041f5a37e7c.jsonl	2026-09-08T22:51:37.164Z	claude-fable-5-1
7a2650f39f610016	-	ineligible	out-of-family:x-noop	-	-	-	b623492c-458d-4156-a14d-a041f5a37e7c.jsonl	2026-09-09T06:03:17.681Z	claude-fable-5-1
5593e1fc706e7cfc	-	ineligible	out-of-family:x-noop	-	-	-	b623492c-458d-4156-a14d-a041f5a37e7c.jsonl	2026-09-09T08:05:40.800Z	claude-fable-5-1
fb28fa4c6d913203	-	ineligible	out-of-family:x-noop	-	-	-	b623492c-458d-4156-a14d-a041f5a37e7c.jsonl	2026-09-09T16:02:49.851Z	claude-fable-5-1
bc9a5775c488e5c4	-	ineligible	out-of-family:x-noop	-	-	-	b623492c-458d-4156-a14d-a041f5a37e7c.jsonl	2026-09-09T16:33:38.182Z	claude-fable-5-1
ad33490e435c3623	-	ineligible	out-of-family:x-noop	-	-	-	b623492c-458d-4156-a14d-a041f5a37e7c.jsonl	2026-09-09T16:59:30.065Z	claude-fable-5-1
331e2f5f18d5ee2e	-	ineligible	out-of-family:x-noop	-	-	-	b623492c-458d-4156-a14d-a041f5a37e7c.jsonl	2026-09-09T19:51:07.578Z	claude-fable-5-1
1c33626157559526	-	ineligible	out-of-family:x-noop	-	-	-	b623492c-458d-4156-a14d-a041f5a37e7c.jsonl	2026-09-09T20:43:04.715Z	claude-fable-5-1
af20d366cce40058	-	ineligible	out-of-family:x-noop	-	-	-	b623492c-458d-4156-a14d-a041f5a37e7c.jsonl	2026-09-09T21:41:17.565Z	claude-fable-5-1
190d0d917ccfcb44	-	ineligible	out-of-family:x-noop	-	-	-	b623492c-458d-4156-a14d-a041f5a37e7c.jsonl	2026-09-09T22:56:44.010Z	claude-fable-5-1
81ebcec01be86b24	-	ineligible	out-of-family:x-noop	-	-	-	b623492c-458d-4156-a14d-a041f5a37e7c.jsonl	2026-09-09T23:59:45.251Z	claude-fable-5-1
bb7179b99ac47762	-	ineligible	out-of-family:x-noop	-	-	-	b623492c-458d-4156-a14d-a041f5a37e7c.jsonl	2026-09-10T03:14:48.903Z	claude-fable-5-1
05380cfa1d621ae0	-	ineligible	out-of-family:x-other	-	-	-	b623492c-458d-4156-a14d-a041f5a37e7c.jsonl	2026-09-10T03:21:58.789Z	claude-fable-5-1
9bbb4d7c2302762b	-	ineligible	out-of-family:x-noop	-	-	-	b623492c-458d-4156-a14d-a041f5a37e7c.jsonl	2026-09-10T03:22:56.298Z	claude-fable-5-1
600771f33609ae6b	-	ineligible	out-of-family:x-noop	-	-	-	b623492c-458d-4156-a14d-a041f5a37e7c.jsonl	2026-09-10T07:07:33.056Z	claude-fable-5-1
707d54faf90cc278	-	ineligible	out-of-family:x-noop	-	-	-	b623492c-458d-4156-a14d-a041f5a37e7c.jsonl	2026-09-10T16:35:24.807Z	claude-fable-5-1
9dc5a599231e5e3d	-	ineligible	out-of-family:x-noop	-	-	-	b623492c-458d-4156-a14d-a041f5a37e7c.jsonl	2026-09-10T16:59:19.221Z	claude-fable-5-1
22aa1114c31ed8cf	-	ineligible	out-of-family:x-noop	-	-	-	b623492c-458d-4156-a14d-a041f5a37e7c.jsonl	2026-09-10T17:11:36.611Z	claude-fable-5-1
cc5ca1601d1b4e13	-	ineligible	out-of-family:x-noop	-	-	-	b623492c-458d-4156-a14d-a041f5a37e7c.jsonl	2026-09-10T17:35:38.931Z	claude-fable-5-1
1f65ed02e1c1a98c	-	ineligible	out-of-family:x-noop	-	-	-	b623492c-458d-4156-a14d-a041f5a37e7c.jsonl	2026-09-10T17:36:37.917Z	claude-fable-5-1
5d7632960dfbb932	-	ineligible	out-of-family:x-noop	-	-	-	b623492c-458d-4156-a14d-a041f5a37e7c.jsonl	2026-09-10T18:33:40.897Z	claude-fable-5-1
46c00ed2d54ab4c8	-	ineligible	out-of-family:x-noop	-	-	-	b623492c-458d-4156-a14d-a041f5a37e7c.jsonl	2026-09-10T18:34:40.017Z	claude-fable-5-1
d02ab6804b8b665d	-	ineligible	out-of-family:x-noop	-	-	-	b623492c-458d-4156-a14d-a041f5a37e7c.jsonl	2026-09-10T19:33:06.420Z	claude-fable-5-1
9c07a5b028518f5e	-	ineligible	out-of-family:x-noop	-	-	-	b623492c-458d-4156-a14d-a041f5a37e7c.jsonl	2026-09-10T19:33:49.326Z	claude-fable-5-1
2f4fe8b55995f65b	-	ineligible	out-of-family:x-noop	-	-	-	b623492c-458d-4156-a14d-a041f5a37e7c.jsonl	2026-09-10T19:55:50.453Z	claude-fable-5-1
f5756cba8c287198	-	ineligible	out-of-family:x-noop	-	-	-	b623492c-458d-4156-a14d-a041f5a37e7c.jsonl	2026-09-10T19:56:18.847Z	claude-fable-5-1
a37691512586e211	-	ineligible	out-of-family:x-noop	-	-	-	agent-ada427e9dced53e0e.jsonl	2026-09-06T03:56:59.597Z	claude-opus-5
606adb6cc957d584	-	ineligible	out-of-family:x-noop	-	-	-	agent-ada427e9dced53e0e.jsonl	2026-09-06T03:57:14.333Z	claude-opus-5
265a5326ec389cf9	-	ineligible	out-of-family:x-noop	-	-	-	agent-a376c172cd7a6257b.jsonl	2026-09-07T14:32:38.721Z	claude-opus-5
147192fbfd93fb7e	-	ineligible	out-of-family:x-noop	-	-	-	agent-a376c172cd7a6257b.jsonl	2026-09-07T14:32:50.739Z	claude-opus-5
0ab216d4be4d9191	-	ineligible	out-of-family:x-noop	-	-	-	agent-a03e5089b00c30094.jsonl	2026-09-04T03:56:10.200Z	claude-sonnet-5
51122ebeb210b6e8	-	ineligible	out-of-family:x-noop	-	-	-	agent-a9e478f415128fe6f.jsonl	2026-09-04T16:20:39.557Z	claude-opus-5
93b94b57e7216c40	-	ineligible	out-of-family:x-noop	-	-	-	agent-a9e478f415128fe6f.jsonl	2026-09-04T16:23:13.301Z	claude-opus-5
37a2e46502422b18	-	ineligible	out-of-family:x-noop	-	-	-	agent-a9e478f415128fe6f.jsonl	2026-09-04T16:27:54.364Z	claude-opus-5
89fc7804635e5bba	-	ineligible	out-of-family:x-other	-	-	-	agent-a9e478f415128fe6f.jsonl	2026-09-04T16:29:21.220Z	claude-opus-5
47ade2eea54a65f7	-	ineligible	out-of-family:x-noop	-	-	-	agent-a9e478f415128fe6f.jsonl	2026-09-04T16:29:41.389Z	claude-opus-5
f968041c25d02278	-	ineligible	out-of-family:x-noop	-	-	-	agent-a9e478f415128fe6f.jsonl	2026-09-04T16:30:46.738Z	claude-opus-5
1d3f787a9f6fd0f2	-	ineligible	out-of-family:x-other	-	-	-	agent-a9e478f415128fe6f.jsonl	2026-09-04T16:40:08.426Z	claude-opus-5
d906db6883ac257a	-	ineligible	out-of-family:x-noop	-	-	-	agent-a9e478f415128fe6f.jsonl	2026-09-04T16:42:49.488Z	claude-opus-5
4a3b2b71f823e98b	-	ineligible	out-of-family:x-noop	-	-	-	agent-a64653304f869e583.jsonl	2026-09-03T11:38:45.408Z	claude-opus-5
db46a9fe97932efb	-	ineligible	out-of-family:x-other	-	-	-	agent-a64653304f869e583.jsonl	2026-09-03T11:39:02.862Z	claude-opus-5
d7b5cc33dcf5a744	-	ineligible	out-of-family:x-noop	-	-	-	agent-a64653304f869e583.jsonl	2026-09-03T11:42:00.863Z	claude-opus-5
03d92bf4542d431e	I	ineligible	pre-edit-bytes-not-recoverable	/home/forge/src/clj-surgeon-txn	-	-	agent-a64653304f869e583.jsonl	2026-09-03T11:42:16.402Z	claude-opus-5
77fc92b4440aa6f4	-	ineligible	out-of-family:x-noop	-	-	-	agent-a64653304f869e583.jsonl	2026-09-03T11:42:38.574Z	claude-opus-5
341a12dd9ce88b06	-	ineligible	out-of-family:x-noop	-	-	-	agent-a64653304f869e583.jsonl	2026-09-03T11:43:56.487Z	claude-opus-5
317ee0748def6ed5	-	ineligible	out-of-family:x-noop	-	-	-	agent-a64653304f869e583.jsonl	2026-09-03T11:44:10.524Z	claude-opus-5
2203c443183f6aee	-	ineligible	out-of-family:x-noop	-	-	-	agent-a64653304f869e583.jsonl	2026-09-03T11:44:25.282Z	claude-opus-5
d581636c3748462e	-	ineligible	out-of-family:x-noop	-	-	-	agent-a64653304f869e583.jsonl	2026-09-03T11:45:27.949Z	claude-opus-5
b25845d470253d35	-	ineligible	out-of-family:x-noop	-	-	-	agent-a64653304f869e583.jsonl	2026-09-03T11:45:37.445Z	claude-opus-5
5e3f1d1071a7188c	-	ineligible	out-of-family:x-noop	-	-	-	agent-a64653304f869e583.jsonl	2026-09-03T11:46:00.093Z	claude-opus-5
12a91460e5c89193	-	ineligible	out-of-family:x-noop	-	-	-	agent-a64653304f869e583.jsonl	2026-09-03T11:47:17.731Z	claude-opus-5
61dcf02038de6973	-	ineligible	out-of-family:x-noop	-	-	-	agent-a64653304f869e583.jsonl	2026-09-03T11:47:59.708Z	claude-opus-5
b6676f72a970d3ef	-	ineligible	out-of-family:x-noop	-	-	-	agent-a64653304f869e583.jsonl	2026-09-03T11:48:25.366Z	claude-opus-5
efe9e797d4ccf42f	-	ineligible	out-of-family:x-noop	-	-	-	agent-a64653304f869e583.jsonl	2026-09-03T11:48:46.351Z	claude-opus-5
077dba7ffcec9504	-	ineligible	out-of-family:x-noop	-	-	-	agent-a64653304f869e583.jsonl	2026-09-03T11:50:16.902Z	claude-opus-5
5c8849e71e9d2b6f	-	ineligible	out-of-family:x-noop	-	-	-	agent-a64653304f869e583.jsonl	2026-09-03T11:50:51.787Z	claude-opus-5
1565aa97f9ad3613	-	ineligible	out-of-family:x-noop	-	-	-	agent-a64653304f869e583.jsonl	2026-09-03T11:51:26.368Z	claude-opus-5
c15aa24109e1d7bd	-	ineligible	out-of-family:x-noop	-	-	-	agent-a64653304f869e583.jsonl	2026-09-03T11:52:44.488Z	claude-opus-5
bd542a9e18ccf4ab	-	ineligible	out-of-family:x-noop	-	-	-	agent-a64653304f869e583.jsonl	2026-09-03T11:53:00.375Z	claude-opus-5
ce037c9e0aa9d2c1	-	ineligible	out-of-family:x-noop	-	-	-	agent-a64653304f869e583.jsonl	2026-09-03T11:57:18.551Z	claude-opus-5
641d2da5e64e6245	-	ineligible	out-of-family:x-noop	-	-	-	agent-a64653304f869e583.jsonl	2026-09-03T12:09:03.267Z	claude-opus-5
79419a1d6154bb56	-	ineligible	out-of-family:x-noop	-	-	-	agent-a64653304f869e583.jsonl	2026-09-03T12:09:15.353Z	claude-opus-5
2ca9fd049fa6bacd	-	ineligible	out-of-family:x-noop	-	-	-	agent-a81e5dc0fde7b9711.jsonl	2026-09-04T17:36:48.616Z	claude-opus-5
66d05037c43c842e	-	ineligible	out-of-family:x-noop	-	-	-	agent-a81e5dc0fde7b9711.jsonl	2026-09-04T17:42:15.948Z	claude-opus-5
6e0e268714075347	-	ineligible	out-of-family:x-noop	-	-	-	agent-a81e5dc0fde7b9711.jsonl	2026-09-04T17:44:48.777Z	claude-opus-5
06c4eb96a7e3c07d	-	ineligible	out-of-family:x-noop	-	-	-	agent-a81e5dc0fde7b9711.jsonl	2026-09-04T17:45:02.695Z	claude-opus-5
838cbfae9230c7ba	-	ineligible	out-of-family:x-noop	-	-	-	agent-a81e5dc0fde7b9711.jsonl	2026-09-04T17:45:37.790Z	claude-opus-5
cea293ceb2e102a5	-	ineligible	out-of-family:x-other	-	-	-	agent-a81e5dc0fde7b9711.jsonl	2026-09-04T17:46:44.336Z	claude-opus-5
04edc69ce8258fb3	-	ineligible	out-of-family:x-noop	-	-	-	agent-a81e5dc0fde7b9711.jsonl	2026-09-04T17:49:20.077Z	claude-opus-5
d406c97a601911a3	-	ineligible	out-of-family:x-noop	-	-	-	agent-a81e5dc0fde7b9711.jsonl	2026-09-04T17:49:27.439Z	claude-opus-5
14d24b046666a1b4	-	ineligible	out-of-family:x-noop	-	-	-	agent-a81e5dc0fde7b9711.jsonl	2026-09-04T17:50:58.685Z	claude-opus-5
c44f79f30bb1808f	-	ineligible	out-of-family:x-other	-	-	-	agent-a81e5dc0fde7b9711.jsonl	2026-09-04T17:53:45.025Z	claude-opus-5
feae0641e55cc361	-	ineligible	out-of-family:x-noop	-	-	-	agent-a81e5dc0fde7b9711.jsonl	2026-09-04T17:53:50.398Z	claude-opus-5
8f1c2822252667d4	-	ineligible	out-of-family:x-noop	-	-	-	agent-a81e5dc0fde7b9711.jsonl	2026-09-04T17:54:22.888Z	claude-opus-5
f2ba089869758182	-	ineligible	out-of-family:x-noop	-	-	-	agent-a81e5dc0fde7b9711.jsonl	2026-09-04T17:59:26.440Z	claude-opus-5
1d62848879a606eb	-	ineligible	out-of-family:x-noop	-	-	-	agent-a506a674c0aa993d5.jsonl	2026-09-04T05:46:35.389Z	claude-opus-5
ee6b778dd737993f	-	ineligible	out-of-family:x-noop	-	-	-	agent-a506a674c0aa993d5.jsonl	2026-09-04T05:47:25.325Z	claude-opus-5
57662201e441ca83	-	ineligible	out-of-family:x-noop	-	-	-	agent-a506a674c0aa993d5.jsonl	2026-09-04T05:48:58.352Z	claude-opus-5
4538b65d99f1c582	-	ineligible	out-of-family:x-other	-	-	-	agent-a506a674c0aa993d5.jsonl	2026-09-04T05:51:23.116Z	claude-opus-5
391b07c60b0d6314	-	ineligible	out-of-family:x-noop	-	-	-	agent-aebec76c940f7bcde.jsonl	2026-09-03T23:21:54.440Z	claude-opus-5
9b7c709fcb57b2de	-	ineligible	out-of-family:x-noop	-	-	-	agent-aebec76c940f7bcde.jsonl	2026-09-03T23:23:56.406Z	claude-opus-5
a504486e67a85d3f	-	ineligible	out-of-family:x-noop	-	-	-	agent-aebec76c940f7bcde.jsonl	2026-09-03T23:25:33.224Z	claude-opus-5
36e11cdda0af4ed5	-	ineligible	out-of-family:x-noop	-	-	-	agent-aebec76c940f7bcde.jsonl	2026-09-03T23:27:42.958Z	claude-opus-5
119b869151a977bb	-	ineligible	out-of-family:x-noop	-	-	-	agent-aebec76c940f7bcde.jsonl	2026-09-03T23:29:22.618Z	claude-opus-5
9dc0f53dc49238de	-	ineligible	out-of-family:x-other	-	-	-	agent-aebec76c940f7bcde.jsonl	2026-09-03T23:31:43.843Z	claude-opus-5
88d21d8b184020aa	-	ineligible	out-of-family:x-noop	-	-	-	agent-acc2f17f92525452a.jsonl	2026-09-08T04:05:39.143Z	claude-opus-5
665c2c25ee3845ba	-	ineligible	out-of-family:x-noop	-	-	-	agent-afe5eedc8f5241b1e.jsonl	2026-09-10T16:05:52.597Z	claude-opus-5
de644884e0b2da64	-	ineligible	out-of-family:x-other	-	-	-	agent-afe5eedc8f5241b1e.jsonl	2026-09-10T16:06:08.741Z	claude-opus-5
32657a303e8c9dc1	-	ineligible	out-of-family:x-noop	-	-	-	agent-afe5eedc8f5241b1e.jsonl	2026-09-10T16:07:15.825Z	claude-opus-5
31657067c3ee0b7e	-	ineligible	out-of-family:x-noop	-	-	-	agent-afe5eedc8f5241b1e.jsonl	2026-09-10T16:08:31.981Z	claude-opus-5
275766e1de9e45b5	-	ineligible	out-of-family:x-other	-	-	-	agent-afe5eedc8f5241b1e.jsonl	2026-09-10T16:08:48.260Z	claude-opus-5
c653050410e5f6f2	-	ineligible	out-of-family:x-other	-	-	-	agent-afe5eedc8f5241b1e.jsonl	2026-09-10T16:09:09.276Z	claude-opus-5
c29d5d24085c5e6a	-	ineligible	out-of-family:x-other	-	-	-	agent-afe5eedc8f5241b1e.jsonl	2026-09-10T16:09:54.681Z	claude-opus-5
16f7905fc2d4ee85	-	ineligible	out-of-family:x-noop	-	-	-	agent-afe5eedc8f5241b1e.jsonl	2026-09-10T16:12:25.670Z	claude-opus-5
ac35e54526491319	-	ineligible	out-of-family:x-noop	-	-	-	agent-afe5eedc8f5241b1e.jsonl	2026-09-10T16:45:06.558Z	claude-opus-5
8c728b70d737b1ae	-	ineligible	out-of-family:x-noop	-	-	-	agent-afe5eedc8f5241b1e.jsonl	2026-09-10T16:45:24.448Z	claude-opus-5
471f3870a86b2fb6	-	ineligible	out-of-family:x-noop	-	-	-	agent-afe5eedc8f5241b1e.jsonl	2026-09-10T16:45:49.261Z	claude-opus-5
face703edb9ed6d0	-	ineligible	out-of-family:x-other	-	-	-	agent-afe5eedc8f5241b1e.jsonl	2026-09-10T16:46:41.605Z	claude-opus-5
fb6a2a7f9cf036de	-	ineligible	out-of-family:x-other	-	-	-	agent-afe5eedc8f5241b1e.jsonl	2026-09-10T16:56:57.573Z	claude-opus-5
10f9323922783f0d	-	ineligible	out-of-family:x-noop	-	-	-	agent-afe5eedc8f5241b1e.jsonl	2026-09-10T16:57:04.409Z	claude-opus-5
02d951a8fee653fa	-	ineligible	out-of-family:x-other	-	-	-	agent-afe5eedc8f5241b1e.jsonl	2026-09-10T16:57:50.262Z	claude-opus-5
0ba9e15a030bbaa4	-	ineligible	out-of-family:x-other	-	-	-	agent-afe5eedc8f5241b1e.jsonl	2026-09-10T16:58:03.978Z	claude-opus-5
375eb7d25a13e5cb	-	ineligible	out-of-family:x-noop	-	-	-	agent-afe5eedc8f5241b1e.jsonl	2026-09-10T16:58:54.631Z	claude-opus-5
31aa68c1468a401c	-	ineligible	out-of-family:x-other	-	-	-	agent-afe5eedc8f5241b1e.jsonl	2026-09-10T16:59:26.158Z	claude-opus-5
d291f6fb0e298677	-	ineligible	out-of-family:x-noop	-	-	-	agent-ab7c669f395b14cac.jsonl	2026-09-03T20:31:39.558Z	claude-opus-5
276d61078ab174ee	-	ineligible	out-of-family:x-noop	-	-	-	agent-ab7c669f395b14cac.jsonl	2026-09-03T20:31:51.113Z	claude-opus-5
affe8264407f5777	-	ineligible	out-of-family:x-noop	-	-	-	agent-ab7c669f395b14cac.jsonl	2026-09-03T20:32:03.021Z	claude-opus-5
6a7211cc1041c223	-	ineligible	out-of-family:x-noop	-	-	-	agent-ab7c669f395b14cac.jsonl	2026-09-03T20:32:30.963Z	claude-opus-5
8debe2f582edbb80	-	ineligible	out-of-family:x-noop	-	-	-	agent-ab7c669f395b14cac.jsonl	2026-09-03T20:33:02.712Z	claude-opus-5
31d069e4ba85cb0c	-	ineligible	out-of-family:x-noop	-	-	-	agent-ab7c669f395b14cac.jsonl	2026-09-03T20:33:15.074Z	claude-opus-5
27b9222a5ee4635d	-	ineligible	out-of-family:x-noop	-	-	-	agent-ab7c669f395b14cac.jsonl	2026-09-03T20:33:28.881Z	claude-opus-5
f9512e7140295dfa	-	ineligible	out-of-family:x-noop	-	-	-	agent-ab7c669f395b14cac.jsonl	2026-09-03T20:33:55.169Z	claude-opus-5
52c9fc4377b81c5e	-	ineligible	out-of-family:x-noop	-	-	-	agent-ab7c669f395b14cac.jsonl	2026-09-03T20:37:00.039Z	claude-opus-5
37384ec7ce41acfc	-	ineligible	out-of-family:x-noop	-	-	-	agent-ab7c669f395b14cac.jsonl	2026-09-03T20:37:54.491Z	claude-opus-5
148cdb7f401f3213	-	ineligible	out-of-family:x-noop	-	-	-	agent-ab7c669f395b14cac.jsonl	2026-09-03T20:38:08.409Z	claude-opus-5
1690c8f69bfe0563	-	ineligible	out-of-family:x-noop	-	-	-	agent-ab7c669f395b14cac.jsonl	2026-09-03T20:40:32.138Z	claude-opus-5
f04f1243c89fe9da	-	ineligible	out-of-family:x-noop	-	-	-	agent-ab7c669f395b14cac.jsonl	2026-09-03T20:40:59.762Z	claude-opus-5
567ca8f8b9015617	-	ineligible	out-of-family:x-noop	-	-	-	agent-ab7c669f395b14cac.jsonl	2026-09-03T20:41:30.963Z	claude-opus-5
925aeda47834f4db	-	ineligible	out-of-family:x-other	-	-	-	agent-ab7c669f395b14cac.jsonl	2026-09-03T20:41:48.990Z	claude-opus-5
b67a760971a53387	-	ineligible	out-of-family:x-noop	-	-	-	agent-ab7c669f395b14cac.jsonl	2026-09-03T20:54:13.673Z	claude-opus-5
84b9adcf05220d58	-	ineligible	out-of-family:x-noop	-	-	-	agent-ab7c669f395b14cac.jsonl	2026-09-03T20:54:55.073Z	claude-opus-5
2ed86c307dd4821e	-	ineligible	out-of-family:x-noop	-	-	-	agent-ab7c669f395b14cac.jsonl	2026-09-03T20:55:07.001Z	claude-opus-5
8e2bc8dd479b776a	-	ineligible	out-of-family:x-noop	-	-	-	agent-ab7c669f395b14cac.jsonl	2026-09-03T20:56:53.589Z	claude-opus-5
ec90e34cbaf0ed99	-	ineligible	out-of-family:x-noop	-	-	-	agent-ab7c669f395b14cac.jsonl	2026-09-03T20:57:08.310Z	claude-opus-5
5fd7e83fda1780a9	-	ineligible	out-of-family:x-noop	-	-	-	agent-ab7c669f395b14cac.jsonl	2026-09-03T21:02:37.303Z	claude-opus-5
2dfc4c608c2208be	-	ineligible	out-of-family:x-noop	-	-	-	agent-ab7c669f395b14cac.jsonl	2026-09-03T21:03:48.582Z	claude-opus-5
017711f14070342e	-	ineligible	out-of-family:x-noop	-	-	-	agent-ab7c669f395b14cac.jsonl	2026-09-03T21:04:07.124Z	claude-opus-5
72e8b6c3513f0a0a	-	ineligible	out-of-family:x-noop	-	-	-	agent-ab7c669f395b14cac.jsonl	2026-09-03T21:04:19.449Z	claude-opus-5
2e60a0dde3e19b0e	-	ineligible	out-of-family:x-other	-	-	-	agent-a0cbb4b142e0a3abe.jsonl	2026-09-08T08:53:27.106Z	claude-opus-5
4691bba38a808300	-	ineligible	out-of-family:x-noop	-	-	-	agent-a8d42eb1c1b3c5a6d.jsonl	2026-09-06T03:37:09.237Z	claude-opus-5
f5fa0c4b5724d773	-	ineligible	out-of-family:x-noop	-	-	-	agent-a8d42eb1c1b3c5a6d.jsonl	2026-09-06T03:37:34.547Z	claude-opus-5
a5441a7674b3601d	-	ineligible	out-of-family:x-noop	-	-	-	agent-a8d42eb1c1b3c5a6d.jsonl	2026-09-06T03:39:40.237Z	claude-opus-5
445fd2db313c8157	-	ineligible	out-of-family:x-other	-	-	-	agent-a8d42eb1c1b3c5a6d.jsonl	2026-09-06T03:40:10.300Z	claude-opus-5
8b9236de078449fe	-	ineligible	out-of-family:x-noop	-	-	-	agent-a8d42eb1c1b3c5a6d.jsonl	2026-09-06T03:40:32.281Z	claude-opus-5
54ca53777a4883f4	-	ineligible	out-of-family:x-noop	-	-	-	agent-a8d42eb1c1b3c5a6d.jsonl	2026-09-06T03:41:10.350Z	claude-opus-5
dcd771786a0e9643	-	ineligible	out-of-family:x-noop	-	-	-	agent-a8d42eb1c1b3c5a6d.jsonl	2026-09-06T03:41:41.898Z	claude-opus-5
213c93bb38994660	-	ineligible	out-of-family:x-noop	-	-	-	agent-a8d42eb1c1b3c5a6d.jsonl	2026-09-06T03:41:56.938Z	claude-opus-5
f931c74d6c2591e7	T	eligible	ok	/home/forge/src/clj-surgeon	test/clj_surgeon/agent_routing_test.clj	c1d6028afa59054ddca84ecfc36a356306e8d207	agent-a8d42eb1c1b3c5a6d.jsonl	2026-09-06T03:42:03.775Z	claude-opus-5
ee1e0b9ea6c5bbfe	-	ineligible	out-of-family:x-noop	-	-	-	agent-ab2215019a303f6f9.jsonl	2026-09-04T20:31:29.557Z	claude-sonnet-5
e3310c9284c4cc46	-	ineligible	out-of-family:x-noop	-	-	-	agent-ab2215019a303f6f9.jsonl	2026-09-04T20:47:05.291Z	claude-sonnet-5
a4dfab12357fc96b	-	ineligible	out-of-family:x-noop	-	-	-	agent-ab2215019a303f6f9.jsonl	2026-09-04T20:53:34.888Z	claude-sonnet-5
031086fd737e6765	-	ineligible	out-of-family:x-noop	-	-	-	agent-ab2215019a303f6f9.jsonl	2026-09-04T20:54:15.867Z	claude-sonnet-5
7485531c7cf8d1eb	-	ineligible	out-of-family:x-noop	-	-	-	agent-ab2215019a303f6f9.jsonl	2026-09-04T20:57:03.699Z	claude-sonnet-5
c74e9ec43c8d2947	-	ineligible	out-of-family:x-noop	-	-	-	agent-ab2215019a303f6f9.jsonl	2026-09-04T20:57:45.621Z	claude-sonnet-5
a51bcd7faeb59446	-	ineligible	out-of-family:x-noop	-	-	-	agent-ac621a440d5557307.jsonl	2026-09-03T04:34:15.096Z	claude-sonnet-5
e80f0a3cf25e8cef	-	ineligible	out-of-family:x-other	-	-	-	agent-ac621a440d5557307.jsonl	2026-09-03T04:35:04.157Z	claude-sonnet-5
a19de608d763bcc1	-	ineligible	out-of-family:x-other	-	-	-	agent-ac621a440d5557307.jsonl	2026-09-03T04:36:51.335Z	claude-sonnet-5
eb0691baa2fb0cc7	-	ineligible	out-of-family:x-other	-	-	-	agent-ac621a440d5557307.jsonl	2026-09-03T04:38:27.286Z	claude-sonnet-5
3e348f3cdf9bff66	-	ineligible	out-of-family:x-noop	-	-	-	agent-ac621a440d5557307.jsonl	2026-09-03T04:51:26.660Z	claude-sonnet-5
5fe08d21129f78fb	-	ineligible	out-of-family:x-noop	-	-	-	agent-ac621a440d5557307.jsonl	2026-09-03T04:53:41.083Z	claude-sonnet-5
7de38f0443ef3462	-	ineligible	out-of-family:x-noop	-	-	-	agent-ac621a440d5557307.jsonl	2026-09-03T04:58:00.403Z	claude-sonnet-5
441f1a0ea709e8cc	-	ineligible	out-of-family:x-noop	-	-	-	agent-ac621a440d5557307.jsonl	2026-09-03T05:05:33.130Z	claude-sonnet-5
09fd94ab99a23a30	-	ineligible	out-of-family:x-noop	-	-	-	agent-ac621a440d5557307.jsonl	2026-09-03T05:07:47.627Z	claude-sonnet-5
a74db6fae58374eb	-	ineligible	out-of-family:x-noop	-	-	-	agent-ae0bc32bf242ba523.jsonl	2026-09-07T21:16:42.691Z	claude-opus-5
c82c586775664fdf	-	ineligible	out-of-family:x-noop	-	-	-	agent-ae0bc32bf242ba523.jsonl	2026-09-07T21:17:50.846Z	claude-opus-5
8cb2380805e4eb3f	-	ineligible	out-of-family:x-noop	-	-	-	agent-ae0bc32bf242ba523.jsonl	2026-09-07T21:20:12.986Z	claude-opus-5
bb17f797c97c90ba	-	ineligible	out-of-family:x-other	-	-	-	agent-ae0bc32bf242ba523.jsonl	2026-09-07T21:20:42.357Z	claude-opus-5
36565f322a45bda5	-	ineligible	out-of-family:x-noop	-	-	-	agent-ae0bc32bf242ba523.jsonl	2026-09-07T21:20:55.173Z	claude-opus-5
cdd1214efc526dba	-	ineligible	out-of-family:x-other	-	-	-	agent-ae0bc32bf242ba523.jsonl	2026-09-07T21:21:09.180Z	claude-opus-5
5a8f51e926e33b9f	-	ineligible	out-of-family:x-other	-	-	-	agent-ae0bc32bf242ba523.jsonl	2026-09-07T21:21:29.318Z	claude-opus-5
d8dd9684b5487e9f	-	ineligible	out-of-family:x-noop	-	-	-	agent-a18ac72a47906c529.jsonl	2026-09-09T02:24:04.980Z	claude-opus-5
4046163f89445233	-	ineligible	out-of-family:x-noop	-	-	-	agent-a94e2e37c80843f35.jsonl	2026-09-03T03:55:17.236Z	claude-opus-5
9d908af2ddd9c309	-	ineligible	out-of-family:x-noop	-	-	-	agent-afdadf6caec16c22a.jsonl	2026-09-06T17:57:42.845Z	claude-opus-5
8a94d95773a3f640	-	ineligible	out-of-family:x-noop	-	-	-	agent-afdadf6caec16c22a.jsonl	2026-09-06T17:58:10.376Z	claude-opus-5
8a0448b70753a2b8	-	ineligible	out-of-family:x-noop	-	-	-	agent-afdadf6caec16c22a.jsonl	2026-09-06T17:58:18.506Z	claude-opus-5
2524ed6b79fa1382	-	ineligible	out-of-family:x-noop	-	-	-	agent-afdadf6caec16c22a.jsonl	2026-09-06T18:12:37.859Z	claude-opus-5
237f6b45bb194a0e	-	ineligible	out-of-family:x-noop	-	-	-	agent-afdadf6caec16c22a.jsonl	2026-09-06T18:12:52.544Z	claude-opus-5
3395a5bd7d38e663	-	ineligible	out-of-family:x-noop	-	-	-	agent-afdadf6caec16c22a.jsonl	2026-09-06T18:13:15.980Z	claude-opus-5
516dde807d1ccccb	-	ineligible	out-of-family:x-noop	-	-	-	agent-afdadf6caec16c22a.jsonl	2026-09-06T18:13:42.394Z	claude-opus-5
6f6749d5af2c2d3d	-	ineligible	out-of-family:x-noop	-	-	-	agent-afdadf6caec16c22a.jsonl	2026-09-06T18:13:56.235Z	claude-opus-5
f7eb164af8f07a03	-	ineligible	out-of-family:x-noop	-	-	-	agent-afdadf6caec16c22a.jsonl	2026-09-06T18:14:58.063Z	claude-opus-5
bf8b48a616478176	-	ineligible	out-of-family:x-noop	-	-	-	agent-afdadf6caec16c22a.jsonl	2026-09-06T18:15:19.955Z	claude-opus-5
c3d18e45ef10b494	-	ineligible	out-of-family:x-noop	-	-	-	agent-afdadf6caec16c22a.jsonl	2026-09-06T18:15:27.963Z	claude-opus-5
e50739023e7d0a83	-	ineligible	out-of-family:x-noop	-	-	-	agent-afdadf6caec16c22a.jsonl	2026-09-06T18:16:17.882Z	claude-opus-5
a4f9e422a540cec3	-	ineligible	out-of-family:x-noop	-	-	-	agent-afdadf6caec16c22a.jsonl	2026-09-06T18:40:52.845Z	claude-opus-5
872d63a21a50ee45	-	ineligible	out-of-family:x-noop	-	-	-	agent-afdadf6caec16c22a.jsonl	2026-09-06T18:41:26.039Z	claude-opus-5
8a2680676ceb6a7c	-	ineligible	out-of-family:x-noop	-	-	-	agent-afdadf6caec16c22a.jsonl	2026-09-06T18:41:38.978Z	claude-opus-5
8a51b78278d10f46	-	ineligible	out-of-family:x-noop	-	-	-	agent-a2d936e48f3423a0c.jsonl	2026-09-03T04:05:19.213Z	claude-opus-5
340331adf6583abd	-	ineligible	out-of-family:x-other	-	-	-	agent-a2d936e48f3423a0c.jsonl	2026-09-03T04:05:32.072Z	claude-opus-5
688b822436d1cb58	-	ineligible	out-of-family:x-noop	-	-	-	agent-a2d936e48f3423a0c.jsonl	2026-09-03T04:06:40.818Z	claude-opus-5
640b342a63fae3bb	-	ineligible	out-of-family:x-noop	-	-	-	agent-a2d936e48f3423a0c.jsonl	2026-09-03T04:07:17.049Z	claude-opus-5
058c92329afe08f1	-	ineligible	out-of-family:x-other	-	-	-	agent-a2d936e48f3423a0c.jsonl	2026-09-03T04:07:33.068Z	claude-opus-5
f67b4ee66967555c	I	ineligible	pre-edit-bytes-not-recoverable	/home/forge/src/marvin-voice-remote	-	-	agent-a2d936e48f3423a0c.jsonl	2026-09-03T04:08:02.133Z	claude-opus-5
71e78daf03128ef5	-	ineligible	out-of-family:x-noop	-	-	-	agent-a2d936e48f3423a0c.jsonl	2026-09-03T04:08:45.274Z	claude-opus-5
2771770fc8fcb343	-	ineligible	out-of-family:x-other	-	-	-	agent-a2d936e48f3423a0c.jsonl	2026-09-03T04:10:58.329Z	claude-opus-5
a57b51e433522147	-	ineligible	out-of-family:x-other	-	-	-	agent-a2d936e48f3423a0c.jsonl	2026-09-03T04:17:42.562Z	claude-opus-5
fd3d48c50ff61d4c	-	ineligible	out-of-family:x-other	-	-	-	agent-a2d936e48f3423a0c.jsonl	2026-09-03T04:19:19.098Z	claude-opus-5
aa335d5d2af86e32	-	ineligible	out-of-family:x-other	-	-	-	agent-a2d936e48f3423a0c.jsonl	2026-09-03T04:20:00.796Z	claude-opus-5
1801a17dfd052133	I	ineligible	pre-edit-bytes-not-recoverable	/home/forge/src/marvin-voice-remote	-	-	agent-a2d936e48f3423a0c.jsonl	2026-09-03T04:23:12.614Z	claude-opus-5
a066eae35c4a0198	-	ineligible	out-of-family:x-noop	-	-	-	agent-a2d936e48f3423a0c.jsonl	2026-09-03T04:25:41.101Z	claude-opus-5
b3240f7e4e487b9a	-	ineligible	out-of-family:x-other	-	-	-	agent-a2d936e48f3423a0c.jsonl	2026-09-03T04:26:18.904Z	claude-opus-5
5546585af88ad74a	-	ineligible	out-of-family:x-noop	-	-	-	agent-acde9eb21241acfec.jsonl	2026-09-03T22:51:53.911Z	claude-opus-5
9cfb1c9cba1bb2a3	-	ineligible	out-of-family:x-other	-	-	-	agent-acde9eb21241acfec.jsonl	2026-09-03T22:52:12.778Z	claude-opus-5
336cae31c85b17fb	-	ineligible	out-of-family:x-noop	-	-	-	agent-acde9eb21241acfec.jsonl	2026-09-03T22:52:58.300Z	claude-opus-5
ce8efc0d411b3351	-	ineligible	out-of-family:x-noop	-	-	-	agent-acde9eb21241acfec.jsonl	2026-09-03T22:54:53.002Z	claude-opus-5
115a39724236e01f	-	ineligible	out-of-family:x-noop	-	-	-	agent-a0cc860e3a46c0dad.jsonl	2026-09-03T21:35:14.796Z	claude-opus-5
c80b5d06e4f30022	-	ineligible	out-of-family:x-noop	-	-	-	agent-a0cc860e3a46c0dad.jsonl	2026-09-03T21:35:25.202Z	claude-opus-5
0b96d5917a82618e	-	ineligible	out-of-family:x-noop	-	-	-	agent-a0cc860e3a46c0dad.jsonl	2026-09-03T21:35:54.184Z	claude-opus-5
cb5dccfeaaf08e27	-	ineligible	out-of-family:x-noop	-	-	-	agent-a0cc860e3a46c0dad.jsonl	2026-09-03T21:36:59.918Z	claude-opus-5
03b62e0b01fcc9fb	-	ineligible	out-of-family:x-noop	-	-	-	agent-a0cc860e3a46c0dad.jsonl	2026-09-03T21:37:34.911Z	claude-opus-5
ea14cc015d6cb4b1	-	ineligible	out-of-family:x-noop	-	-	-	agent-a0cc860e3a46c0dad.jsonl	2026-09-03T21:37:46.706Z	claude-opus-5
3622b7f610eb67e8	-	ineligible	out-of-family:x-noop	-	-	-	agent-a0cc860e3a46c0dad.jsonl	2026-09-03T21:39:38.886Z	claude-opus-5
c58fe59d6662ecdf	-	ineligible	out-of-family:x-noop	-	-	-	agent-a0cc860e3a46c0dad.jsonl	2026-09-03T21:39:57.532Z	claude-opus-5
72c3038594b8eb94	-	ineligible	out-of-family:x-noop	-	-	-	agent-a0cc860e3a46c0dad.jsonl	2026-09-03T21:40:12.266Z	claude-opus-5
ac300e204acc8bf9	-	ineligible	out-of-family:x-noop	-	-	-	agent-a0cc860e3a46c0dad.jsonl	2026-09-03T21:42:50.494Z	claude-opus-5
25606bcf7cb4a5de	-	ineligible	out-of-family:x-noop	-	-	-	agent-a0cc860e3a46c0dad.jsonl	2026-09-03T21:43:50.845Z	claude-opus-5
b1435ea1fec24b63	-	ineligible	out-of-family:x-noop	-	-	-	agent-a0cc860e3a46c0dad.jsonl	2026-09-03T21:45:55.125Z	claude-opus-5
8ddc2a19700cadd5	-	ineligible	out-of-family:x-noop	-	-	-	agent-a0cc860e3a46c0dad.jsonl	2026-09-03T21:46:16.834Z	claude-opus-5
324c316f08f2f62d	-	ineligible	out-of-family:x-noop	-	-	-	agent-a0cc860e3a46c0dad.jsonl	2026-09-03T21:47:59.897Z	claude-opus-5
3b779d2787031f9a	-	ineligible	out-of-family:x-noop	-	-	-	agent-a0cc860e3a46c0dad.jsonl	2026-09-03T21:50:10.526Z	claude-opus-5
9db9c1c02f286a0d	-	ineligible	out-of-family:x-noop	-	-	-	agent-a0cc860e3a46c0dad.jsonl	2026-09-03T21:50:24.835Z	claude-opus-5
c780eeabb4a157d5	-	ineligible	out-of-family:x-noop	-	-	-	agent-a0cc860e3a46c0dad.jsonl	2026-09-03T21:51:54.240Z	claude-opus-5
853efad456eb95e8	-	ineligible	out-of-family:x-noop	-	-	-	agent-a0cc860e3a46c0dad.jsonl	2026-09-03T21:55:34.352Z	claude-opus-5
e2b5666c8bc17eae	-	ineligible	out-of-family:x-noop	-	-	-	agent-a5b8ba66b2c55220a.jsonl	2026-09-08T03:25:01.234Z	claude-opus-5
0ded3f9a4f66a390	-	ineligible	out-of-family:x-noop	-	-	-	agent-a5b8ba66b2c55220a.jsonl	2026-09-08T03:25:37.613Z	claude-opus-5
a77cfe4c6b407c48	-	ineligible	out-of-family:x-noop	-	-	-	agent-a5b8ba66b2c55220a.jsonl	2026-09-08T03:25:46.162Z	claude-opus-5
8f67bb0f6c5dbeff	-	ineligible	out-of-family:x-noop	-	-	-	agent-a5b8ba66b2c55220a.jsonl	2026-09-08T03:27:43.646Z	claude-opus-5
ef3066d7b9c0863f	-	ineligible	out-of-family:x-noop	-	-	-	agent-a5b8ba66b2c55220a.jsonl	2026-09-08T03:37:36.046Z	claude-opus-5
5249a19320a42e3a	-	ineligible	out-of-family:x-noop	-	-	-	agent-a5b8ba66b2c55220a.jsonl	2026-09-08T03:50:47.193Z	claude-opus-5
c3383777649f0641	-	ineligible	out-of-family:x-noop	-	-	-	agent-a10515c58840dfb26.jsonl	2026-09-07T23:58:57.272Z	claude-opus-5
11699ea0e3510812	-	ineligible	out-of-family:x-noop	-	-	-	agent-a10515c58840dfb26.jsonl	2026-09-07T23:59:33.940Z	claude-opus-5
8d474a61238b5a1b	-	ineligible	out-of-family:x-noop	-	-	-	agent-a10515c58840dfb26.jsonl	2026-09-08T00:02:07.331Z	claude-opus-5
2106d5a9a299018f	-	ineligible	out-of-family:x-noop	-	-	-	agent-a45426b8de19c383b.jsonl	2026-09-03T02:22:55.212Z	claude-opus-5
d86b649db26cb325	-	ineligible	out-of-family:x-noop	-	-	-	agent-a45426b8de19c383b.jsonl	2026-09-03T02:23:12.854Z	claude-opus-5
553df8cb437902fd	-	ineligible	out-of-family:x-noop	-	-	-	agent-adee48a627167e986.jsonl	2026-09-07T22:15:09.741Z	claude-opus-5
d49444179db607bb	-	ineligible	out-of-family:x-noop	-	-	-	agent-adee48a627167e986.jsonl	2026-09-07T22:15:56.832Z	claude-opus-5
d2c72609d42da611	-	ineligible	out-of-family:x-noop	-	-	-	agent-adee48a627167e986.jsonl	2026-09-07T22:16:48.031Z	claude-opus-5
3fcc3b86b4ceb62b	-	ineligible	out-of-family:x-noop	-	-	-	agent-afea61718ab0ac849.jsonl	2026-09-10T17:15:50.648Z	claude-sonnet-5
b192195ca4bb6929	-	ineligible	out-of-family:x-noop	-	-	-	agent-afea61718ab0ac849.jsonl	2026-09-10T17:15:57.686Z	claude-sonnet-5
c5238bf4c166006c	-	ineligible	out-of-family:x-noop	-	-	-	agent-afea61718ab0ac849.jsonl	2026-09-10T17:16:11.602Z	claude-sonnet-5
4a62c0af52536348	-	ineligible	out-of-family:x-noop	-	-	-	agent-afea61718ab0ac849.jsonl	2026-09-10T17:17:36.218Z	claude-sonnet-5
496a1e150c1ec5dc	-	ineligible	out-of-family:x-noop	-	-	-	agent-afea61718ab0ac849.jsonl	2026-09-10T17:17:42.952Z	claude-sonnet-5
9d85a629b7f1fe1b	-	ineligible	out-of-family:x-noop	-	-	-	agent-afea61718ab0ac849.jsonl	2026-09-10T17:17:55.486Z	claude-sonnet-5
9af09bc9a550d182	R	eligible	ok	/home/forge/src/clj-surgeon-seatpaths	test/clj_surgeon/mcp_workspace_test.clj	e6b9c7e9a2aee08d4303fb1d1769341f008b2553	agent-afea61718ab0ac849.jsonl	2026-09-10T17:24:08.023Z	claude-sonnet-5
76a7740458641d52	-	ineligible	out-of-family:x-noop	-	-	-	agent-afea61718ab0ac849.jsonl	2026-09-10T17:37:40.392Z	claude-sonnet-5
3a66ecf9ec4f3d8e	-	ineligible	out-of-family:x-noop	-	-	-	agent-afea61718ab0ac849.jsonl	2026-09-10T17:38:05.732Z	claude-sonnet-5
6efcff753d11e48e	-	ineligible	out-of-family:x-noop	-	-	-	agent-afea61718ab0ac849.jsonl	2026-09-10T18:07:03.364Z	claude-sonnet-5
cb798cdb44d25e7e	-	ineligible	out-of-family:x-noop	-	-	-	agent-afea61718ab0ac849.jsonl	2026-09-10T19:06:41.648Z	claude-sonnet-5
6f656d955fe6bd9d	-	ineligible	out-of-family:x-noop	-	-	-	agent-afea61718ab0ac849.jsonl	2026-09-10T19:16:50.008Z	claude-sonnet-5
1e37ad44bd416283	-	ineligible	out-of-family:x-noop	-	-	-	agent-ae7b03eca26eb4963.jsonl	2026-09-03T22:59:57.554Z	claude-opus-5
c3580965174aa297	-	ineligible	out-of-family:x-noop	-	-	-	agent-ae7b03eca26eb4963.jsonl	2026-09-03T23:01:42.321Z	claude-opus-5
5427c970b61d1f65	-	ineligible	out-of-family:x-noop	-	-	-	agent-ae7b03eca26eb4963.jsonl	2026-09-03T23:06:21.815Z	claude-opus-5
f3426f4ead9a61b3	-	ineligible	out-of-family:x-noop	-	-	-	agent-ae7b03eca26eb4963.jsonl	2026-09-03T23:07:01.239Z	claude-opus-5
5eddf2c6495adb15	-	ineligible	out-of-family:x-noop	-	-	-	agent-ae7b03eca26eb4963.jsonl	2026-09-03T23:08:19.523Z	claude-opus-5
c9cb03ee060c8da9	-	ineligible	out-of-family:x-noop	-	-	-	agent-ae7b03eca26eb4963.jsonl	2026-09-03T23:08:38.793Z	claude-opus-5
9083eebaba6962de	-	ineligible	out-of-family:x-noop	-	-	-	agent-ae7b03eca26eb4963.jsonl	2026-09-03T23:08:50.124Z	claude-opus-5
99b4cefd50047677	-	ineligible	out-of-family:x-noop	-	-	-	agent-ae7b03eca26eb4963.jsonl	2026-09-03T23:11:04.676Z	claude-opus-5
c8cae915f9c6a2c6	-	ineligible	out-of-family:x-noop	-	-	-	agent-ae7b03eca26eb4963.jsonl	2026-09-03T23:13:52.236Z	claude-opus-5
27a1ba54123f8686	-	ineligible	out-of-family:x-noop	-	-	-	agent-ae7b03eca26eb4963.jsonl	2026-09-03T23:18:26.850Z	claude-opus-5
6c1112b0c51fc0ff	-	ineligible	out-of-family:x-noop	-	-	-	agent-ae7b03eca26eb4963.jsonl	2026-09-03T23:20:00.681Z	claude-opus-5
b43c60dfd72a4c80	-	ineligible	out-of-family:x-noop	-	-	-	agent-ae7b03eca26eb4963.jsonl	2026-09-03T23:24:40.896Z	claude-opus-5
aa5c18c3ced49f8c	-	ineligible	out-of-family:x-noop	-	-	-	agent-ae7b03eca26eb4963.jsonl	2026-09-03T23:27:44.467Z	claude-opus-5
71d0d8e0ffc9eb00	-	ineligible	out-of-family:x-noop	-	-	-	agent-ae7b03eca26eb4963.jsonl	2026-09-03T23:30:24.618Z	claude-opus-5
fbf5433baa78504a	-	ineligible	out-of-family:x-noop	-	-	-	agent-ae7b03eca26eb4963.jsonl	2026-09-03T23:32:51.325Z	claude-opus-5
70e5b1866cf8f6fe	-	ineligible	out-of-family:x-noop	-	-	-	agent-a80f3a65a389c5d19.jsonl	2026-09-04T12:01:20.262Z	claude-opus-5
4f5927aa72aa4d5f	-	ineligible	out-of-family:x-noop	-	-	-	agent-a80f3a65a389c5d19.jsonl	2026-09-04T12:17:45.878Z	claude-opus-5
897c1c5ebf3b4575	-	ineligible	out-of-family:x-noop	-	-	-	agent-a80f3a65a389c5d19.jsonl	2026-09-04T12:18:28.723Z	claude-opus-5
5654fe897cac97e0	-	ineligible	out-of-family:x-noop	-	-	-	agent-a80f3a65a389c5d19.jsonl	2026-09-04T12:31:09.805Z	claude-opus-5
39cd30faf2baac5e	-	ineligible	out-of-family:x-noop	-	-	-	agent-a80f3a65a389c5d19.jsonl	2026-09-04T12:31:43.138Z	claude-opus-5
d369128ead02cc02	-	ineligible	out-of-family:x-noop	-	-	-	agent-a80f3a65a389c5d19.jsonl	2026-09-04T12:43:25.506Z	claude-opus-5
ae1480f8b96659ad	-	ineligible	out-of-family:x-noop	-	-	-	agent-a80f3a65a389c5d19.jsonl	2026-09-04T12:58:06.641Z	claude-opus-5
98cb64c1661b3c79	-	ineligible	out-of-family:x-noop	-	-	-	agent-a80f3a65a389c5d19.jsonl	2026-09-04T12:58:37.076Z	claude-opus-5
33b9f484ef2ae408	-	ineligible	out-of-family:x-noop	-	-	-	agent-a80f3a65a389c5d19.jsonl	2026-09-04T12:59:03.381Z	claude-opus-5
a372876d2344f5b9	-	ineligible	out-of-family:x-noop	-	-	-	agent-a80f3a65a389c5d19.jsonl	2026-09-04T12:59:20.807Z	claude-opus-5
209f06d06d5948bf	-	ineligible	out-of-family:x-noop	-	-	-	agent-a80f3a65a389c5d19.jsonl	2026-09-04T12:59:33.248Z	claude-opus-5
66e699f95e098b6b	-	ineligible	out-of-family:x-noop	-	-	-	agent-a80f3a65a389c5d19.jsonl	2026-09-04T13:00:04.600Z	claude-opus-5
3847ddae07afb4a2	-	ineligible	out-of-family:x-noop	-	-	-	agent-a80f3a65a389c5d19.jsonl	2026-09-04T13:00:23.570Z	claude-opus-5
eb45a3ac0f14d936	-	ineligible	out-of-family:x-noop	-	-	-	agent-a80f3a65a389c5d19.jsonl	2026-09-04T13:21:54.373Z	claude-opus-5
8543a4a2c8799bc6	-	ineligible	out-of-family:x-noop	-	-	-	agent-a80f3a65a389c5d19.jsonl	2026-09-04T13:38:22.896Z	claude-opus-5
28a138bca4eb681e	-	ineligible	out-of-family:x-noop	-	-	-	agent-a80f3a65a389c5d19.jsonl	2026-09-04T13:38:44.162Z	claude-opus-5
bcfdcb81d722fb04	-	ineligible	out-of-family:x-noop	-	-	-	agent-a80f3a65a389c5d19.jsonl	2026-09-04T13:39:20.072Z	claude-opus-5
64fe260e83b4293d	-	ineligible	out-of-family:x-noop	-	-	-	agent-a80f3a65a389c5d19.jsonl	2026-09-04T13:39:30.457Z	claude-opus-5
3adc03aca4655f8f	-	ineligible	out-of-family:x-noop	-	-	-	agent-a80f3a65a389c5d19.jsonl	2026-09-04T13:48:37.708Z	claude-opus-5
e1e82a732d033fde	-	ineligible	out-of-family:x-noop	-	-	-	agent-a80f3a65a389c5d19.jsonl	2026-09-04T13:56:23.982Z	claude-opus-5
2b203aa3c08317cd	-	ineligible	out-of-family:x-noop	-	-	-	agent-a80f3a65a389c5d19.jsonl	2026-09-04T14:04:53.908Z	claude-opus-5
5a4d70208f9323e3	-	ineligible	out-of-family:x-noop	-	-	-	agent-a80f3a65a389c5d19.jsonl	2026-09-04T14:22:28.391Z	claude-opus-5
c3a5ae43919705ca	-	ineligible	out-of-family:x-noop	-	-	-	agent-a80f3a65a389c5d19.jsonl	2026-09-04T14:30:42.823Z	claude-opus-5
501163f05d2ddd65	-	ineligible	out-of-family:x-noop	-	-	-	agent-a80f3a65a389c5d19.jsonl	2026-09-04T14:31:07.522Z	claude-opus-5
62da9f4814fbc21e	-	ineligible	out-of-family:x-noop	-	-	-	agent-a80f3a65a389c5d19.jsonl	2026-09-04T14:40:42.414Z	claude-opus-5
3532b65f2e12da34	-	ineligible	out-of-family:x-noop	-	-	-	agent-a80f3a65a389c5d19.jsonl	2026-09-04T14:48:45.184Z	claude-opus-5
94f67335e152bcc2	-	ineligible	out-of-family:x-noop	-	-	-	agent-a80f3a65a389c5d19.jsonl	2026-09-04T14:57:10.796Z	claude-opus-5
b1c6bca32ba8f51f	-	ineligible	out-of-family:x-noop	-	-	-	agent-a80f3a65a389c5d19.jsonl	2026-09-04T14:58:34.406Z	claude-opus-5
1c5e0b948946d9d0	-	ineligible	out-of-family:x-noop	-	-	-	agent-a80f3a65a389c5d19.jsonl	2026-09-04T14:58:51.884Z	claude-opus-5
989fbf884e53efed	-	ineligible	out-of-family:x-noop	-	-	-	agent-add2aadc65b6b15a8.jsonl	2026-09-08T17:30:21.259Z	claude-opus-5
d7bce4226dab4c5e	-	ineligible	out-of-family:x-noop	-	-	-	agent-af2b65519972bb51f.jsonl	2026-09-07T14:34:10.638Z	claude-opus-5
5143540972882ea9	-	ineligible	out-of-family:x-noop	-	-	-	agent-af2b65519972bb51f.jsonl	2026-09-07T14:34:19.801Z	claude-opus-5
4fd7d4b8a339ffa2	-	ineligible	out-of-family:x-noop	-	-	-	agent-a3077ed9b282e17b2.jsonl	2026-09-04T10:11:33.997Z	claude-opus-5
34986b11b68106ee	-	ineligible	out-of-family:x-noop	-	-	-	agent-a3077ed9b282e17b2.jsonl	2026-09-04T10:11:43.245Z	claude-opus-5
bf86a0c13ead9a3c	-	ineligible	out-of-family:x-other	-	-	-	agent-a3077ed9b282e17b2.jsonl	2026-09-04T10:12:05.858Z	claude-opus-5
8c59ddcb6f035b1d	-	ineligible	out-of-family:x-noop	-	-	-	agent-a3077ed9b282e17b2.jsonl	2026-09-04T10:12:20.901Z	claude-opus-5
a39bbf8a3d678a49	-	ineligible	out-of-family:x-noop	-	-	-	agent-a3077ed9b282e17b2.jsonl	2026-09-04T10:13:57.959Z	claude-opus-5
a22d2e900bd3474e	-	ineligible	out-of-family:x-noop	-	-	-	agent-a3077ed9b282e17b2.jsonl	2026-09-04T10:14:21.387Z	claude-opus-5
595541b3692b51ed	-	ineligible	out-of-family:x-noop	-	-	-	agent-a3077ed9b282e17b2.jsonl	2026-09-04T10:15:11.775Z	claude-opus-5
043ef707d78ca2ad	-	ineligible	out-of-family:x-noop	-	-	-	agent-a3077ed9b282e17b2.jsonl	2026-09-04T10:15:29.734Z	claude-opus-5
0952aacfbc2b2c47	-	ineligible	out-of-family:x-noop	-	-	-	agent-a3077ed9b282e17b2.jsonl	2026-09-04T10:15:57.974Z	claude-opus-5
2a69c066313bdddb	-	ineligible	out-of-family:x-noop	-	-	-	agent-a3077ed9b282e17b2.jsonl	2026-09-04T10:16:14.717Z	claude-opus-5
5be13815016dce38	-	ineligible	out-of-family:x-noop	-	-	-	agent-a3077ed9b282e17b2.jsonl	2026-09-04T10:16:59.733Z	claude-opus-5
bcef272a8a56be5e	-	ineligible	out-of-family:x-noop	-	-	-	agent-a3077ed9b282e17b2.jsonl	2026-09-04T10:17:17.965Z	claude-opus-5
c4b3b27f7bba4516	-	ineligible	out-of-family:x-noop	-	-	-	agent-a3077ed9b282e17b2.jsonl	2026-09-04T10:17:42.015Z	claude-opus-5
2003fb201ef7695a	-	ineligible	out-of-family:x-noop	-	-	-	agent-a3077ed9b282e17b2.jsonl	2026-09-04T10:17:49.977Z	claude-opus-5
d4ffccc1eb6441a5	-	ineligible	out-of-family:x-noop	-	-	-	agent-a3077ed9b282e17b2.jsonl	2026-09-04T10:19:15.167Z	claude-opus-5
09125c78f65228df	-	ineligible	out-of-family:x-noop	-	-	-	agent-a3077ed9b282e17b2.jsonl	2026-09-04T10:19:56.488Z	claude-opus-5
1244511748824321	-	ineligible	out-of-family:x-noop	-	-	-	agent-a3077ed9b282e17b2.jsonl	2026-09-04T10:24:44.855Z	claude-opus-5
b5b64ab7390a1bd2	-	ineligible	out-of-family:x-noop	-	-	-	agent-a3077ed9b282e17b2.jsonl	2026-09-04T10:24:49.106Z	claude-opus-5
edba7dbeaa198273	-	ineligible	out-of-family:x-noop	-	-	-	agent-a3077ed9b282e17b2.jsonl	2026-09-04T10:34:48.946Z	claude-opus-5
5293b1874de08e8f	-	ineligible	out-of-family:x-noop	-	-	-	agent-a3077ed9b282e17b2.jsonl	2026-09-04T10:36:02.228Z	claude-opus-5
808be6c20f2e1dd8	-	ineligible	out-of-family:x-noop	-	-	-	agent-a3077ed9b282e17b2.jsonl	2026-09-04T10:39:36.435Z	claude-opus-5
a7695e2a618a7549	-	ineligible	out-of-family:x-noop	-	-	-	agent-a3077ed9b282e17b2.jsonl	2026-09-04T10:40:47.438Z	claude-opus-5
d99b3c58c572e078	-	ineligible	out-of-family:x-noop	-	-	-	agent-a3077ed9b282e17b2.jsonl	2026-09-04T10:43:26.850Z	claude-opus-5
b466a93f6588625b	-	ineligible	out-of-family:x-noop	-	-	-	agent-a3077ed9b282e17b2.jsonl	2026-09-04T10:44:02.091Z	claude-opus-5
7a778d0d5d5b6af8	-	ineligible	out-of-family:x-other	-	-	-	agent-a3077ed9b282e17b2.jsonl	2026-09-04T10:44:20.794Z	claude-opus-5
3ba42a416274ccd3	-	ineligible	out-of-family:x-noop	-	-	-	agent-a3077ed9b282e17b2.jsonl	2026-09-04T10:45:29.702Z	claude-opus-5
28e3d4c37b141416	-	ineligible	out-of-family:x-noop	-	-	-	agent-a3077ed9b282e17b2.jsonl	2026-09-04T10:46:05.301Z	claude-opus-5
89b0f2f70af6d785	-	ineligible	out-of-family:x-noop	-	-	-	agent-a3077ed9b282e17b2.jsonl	2026-09-04T10:56:42.546Z	claude-opus-5
0c06a991e2a31f48	-	ineligible	out-of-family:x-noop	-	-	-	agent-a3077ed9b282e17b2.jsonl	2026-09-04T11:00:38.035Z	claude-opus-5
bc06e3b0452793e9	-	ineligible	out-of-family:x-noop	-	-	-	agent-a3077ed9b282e17b2.jsonl	2026-09-04T11:01:16.942Z	claude-opus-5
f4ba17fc6d549c58	-	ineligible	out-of-family:x-other	-	-	-	agent-a3077ed9b282e17b2.jsonl	2026-09-04T11:01:26.973Z	claude-opus-5
2dfb74c25ddbe443	-	ineligible	out-of-family:x-other	-	-	-	agent-a3077ed9b282e17b2.jsonl	2026-09-04T11:01:48.054Z	claude-opus-5
1a0f82bbc71707fb	-	ineligible	out-of-family:x-noop	-	-	-	agent-a3077ed9b282e17b2.jsonl	2026-09-04T11:02:01.169Z	claude-opus-5
8123cb7fbfba721d	-	ineligible	out-of-family:x-noop	-	-	-	agent-a3077ed9b282e17b2.jsonl	2026-09-04T11:02:39.324Z	claude-opus-5
9e79bf4176c171d5	-	ineligible	out-of-family:x-noop	-	-	-	agent-a3077ed9b282e17b2.jsonl	2026-09-04T11:02:44.760Z	claude-opus-5
5dd07d4242d5a8b9	-	ineligible	out-of-family:x-noop	-	-	-	agent-a3077ed9b282e17b2.jsonl	2026-09-04T11:03:55.883Z	claude-opus-5
b4646f05250d1f0c	-	ineligible	out-of-family:x-noop	-	-	-	agent-a3077ed9b282e17b2.jsonl	2026-09-04T11:04:34.715Z	claude-opus-5
db4c2947c42f5c1f	-	ineligible	out-of-family:x-noop	-	-	-	agent-a3077ed9b282e17b2.jsonl	2026-09-04T11:04:43.124Z	claude-opus-5
7fae85ca07c56f6e	-	ineligible	out-of-family:x-noop	-	-	-	agent-a3077ed9b282e17b2.jsonl	2026-09-04T11:05:32.068Z	claude-opus-5
8d7b6e371118a0a4	-	ineligible	out-of-family:x-noop	-	-	-	agent-a3077ed9b282e17b2.jsonl	2026-09-04T11:06:18.704Z	claude-opus-5
0373625c3b554b53	-	ineligible	out-of-family:x-noop	-	-	-	agent-a3077ed9b282e17b2.jsonl	2026-09-04T11:08:02.547Z	claude-opus-5
cf1deb7b03304b98	-	ineligible	out-of-family:x-noop	-	-	-	agent-a3077ed9b282e17b2.jsonl	2026-09-04T11:10:47.537Z	claude-opus-5
f0c293a1d315cbba	-	ineligible	out-of-family:x-noop	-	-	-	agent-a3077ed9b282e17b2.jsonl	2026-09-04T11:12:14.256Z	claude-opus-5
cdc3dfec472d4e93	-	ineligible	out-of-family:x-noop	-	-	-	agent-a3077ed9b282e17b2.jsonl	2026-09-04T11:13:08.539Z	claude-opus-5
83f29d6e83b1ca2c	-	ineligible	out-of-family:x-noop	-	-	-	agent-a3077ed9b282e17b2.jsonl	2026-09-04T11:14:06.391Z	claude-opus-5
6ad852b12afd1683	-	ineligible	out-of-family:x-noop	-	-	-	agent-a3077ed9b282e17b2.jsonl	2026-09-04T11:14:20.783Z	claude-opus-5
585ebbad3306edb3	-	ineligible	out-of-family:x-noop	-	-	-	agent-a3077ed9b282e17b2.jsonl	2026-09-04T11:14:34.216Z	claude-opus-5
bf0243ff540b4aa0	-	ineligible	out-of-family:x-noop	-	-	-	agent-a3077ed9b282e17b2.jsonl	2026-09-04T11:20:57.947Z	claude-opus-5
59cff58b3b41d637	-	ineligible	out-of-family:x-noop	-	-	-	agent-a3077ed9b282e17b2.jsonl	2026-09-04T11:21:45.965Z	claude-opus-5
8727a3e9045fd013	-	ineligible	out-of-family:x-noop	-	-	-	agent-a3077ed9b282e17b2.jsonl	2026-09-04T11:22:03.216Z	claude-opus-5
56b50383fcb1b987	-	ineligible	out-of-family:x-noop	-	-	-	agent-a3077ed9b282e17b2.jsonl	2026-09-04T11:22:23.868Z	claude-opus-5
bfe4ec7ba19fa95a	-	ineligible	out-of-family:x-other	-	-	-	agent-a3077ed9b282e17b2.jsonl	2026-09-04T11:22:28.149Z	claude-opus-5
74addc79475c9f37	-	ineligible	out-of-family:x-noop	-	-	-	agent-a3077ed9b282e17b2.jsonl	2026-09-04T11:23:35.134Z	claude-opus-5
aa641ce50c1fe149	-	ineligible	out-of-family:x-noop	-	-	-	agent-a3077ed9b282e17b2.jsonl	2026-09-04T11:26:00.715Z	claude-opus-5
cf39e982a2aa8a55	-	ineligible	out-of-family:x-noop	-	-	-	agent-a3077ed9b282e17b2.jsonl	2026-09-04T11:26:51.386Z	claude-opus-5
58dce6d72d0d8fbb	-	ineligible	out-of-family:x-other	-	-	-	agent-a3077ed9b282e17b2.jsonl	2026-09-04T11:27:34.111Z	claude-opus-5
82127e156decb14e	-	ineligible	out-of-family:x-other	-	-	-	agent-a3077ed9b282e17b2.jsonl	2026-09-04T11:27:44.679Z	claude-opus-5
2140b9519dbe30f8	-	ineligible	out-of-family:x-noop	-	-	-	agent-a3077ed9b282e17b2.jsonl	2026-09-04T11:30:58.306Z	claude-opus-5
14743eb6e164960a	-	ineligible	out-of-family:x-noop	-	-	-	agent-a3077ed9b282e17b2.jsonl	2026-09-04T11:32:17.495Z	claude-opus-5
7dacab449fe3cd3b	-	ineligible	out-of-family:x-noop	-	-	-	agent-a3077ed9b282e17b2.jsonl	2026-09-04T11:32:46.352Z	claude-opus-5
b505394b4c192c15	-	ineligible	out-of-family:x-noop	-	-	-	agent-a3077ed9b282e17b2.jsonl	2026-09-04T11:33:02.568Z	claude-opus-5
c36240a251398c83	-	ineligible	out-of-family:x-noop	-	-	-	agent-a3077ed9b282e17b2.jsonl	2026-09-04T11:33:29.116Z	claude-opus-5
b6a6db4df3756141	-	ineligible	out-of-family:x-noop	-	-	-	agent-a3077ed9b282e17b2.jsonl	2026-09-04T11:33:47.158Z	claude-opus-5
2546505b5708eb23	-	ineligible	out-of-family:x-noop	-	-	-	agent-a3077ed9b282e17b2.jsonl	2026-09-04T11:42:08.279Z	claude-opus-5
913520b604df6db0	-	ineligible	out-of-family:x-other	-	-	-	agent-a3077ed9b282e17b2.jsonl	2026-09-04T11:42:30.402Z	claude-opus-5
064d548689d8d548	-	ineligible	out-of-family:x-noop	-	-	-	agent-a3077ed9b282e17b2.jsonl	2026-09-04T11:43:28.958Z	claude-opus-5
93889c5b939fd4cc	-	ineligible	out-of-family:x-noop	-	-	-	agent-a3077ed9b282e17b2.jsonl	2026-09-04T11:43:51.381Z	claude-opus-5
b9aa392fb5acacac	-	ineligible	out-of-family:x-noop	-	-	-	agent-a3077ed9b282e17b2.jsonl	2026-09-04T11:44:24.314Z	claude-opus-5
543793b9d9895d24	-	ineligible	out-of-family:x-noop	-	-	-	agent-a3077ed9b282e17b2.jsonl	2026-09-04T11:45:44.372Z	claude-opus-5
b263cca8b145bc2a	-	ineligible	out-of-family:x-noop	-	-	-	agent-a3077ed9b282e17b2.jsonl	2026-09-04T11:45:59.180Z	claude-opus-5
b44522e4348810d9	-	ineligible	out-of-family:x-noop	-	-	-	agent-a3077ed9b282e17b2.jsonl	2026-09-04T11:46:13.210Z	claude-opus-5
2ef58b81d2f1bd58	-	ineligible	out-of-family:x-noop	-	-	-	agent-a3077ed9b282e17b2.jsonl	2026-09-04T11:55:43.909Z	claude-opus-5
bcb1eb19823eab08	-	ineligible	out-of-family:x-noop	-	-	-	agent-ae9ec7c6136cc7106.jsonl	2026-09-04T17:56:46.480Z	claude-opus-5
8ab5a0d6d2fda3e3	-	ineligible	out-of-family:x-noop	-	-	-	agent-ae9ec7c6136cc7106.jsonl	2026-09-04T17:59:13.395Z	claude-opus-5
e4d5aff167257aac	-	ineligible	out-of-family:x-noop	-	-	-	agent-ae9ec7c6136cc7106.jsonl	2026-09-04T17:59:27.297Z	claude-opus-5
eb1be4d08c8ccca8	-	ineligible	out-of-family:x-noop	-	-	-	agent-ae9ec7c6136cc7106.jsonl	2026-09-04T18:04:11.230Z	claude-opus-5
c6867fe8da4da9f9	-	ineligible	out-of-family:x-other	-	-	-	agent-ae9ec7c6136cc7106.jsonl	2026-09-04T18:04:44.241Z	claude-opus-5
a0a6dd45f7bdc118	-	ineligible	out-of-family:x-noop	-	-	-	agent-ae9ec7c6136cc7106.jsonl	2026-09-04T18:05:21.784Z	claude-opus-5
8621b7e8d2d10bbe	-	ineligible	out-of-family:x-noop	-	-	-	agent-ae9ec7c6136cc7106.jsonl	2026-09-04T18:07:44.349Z	claude-opus-5
875c760b6d40c1e6	-	ineligible	out-of-family:x-noop	-	-	-	agent-ae9ec7c6136cc7106.jsonl	2026-09-04T18:10:16.188Z	claude-opus-5
b6932a5cec8543eb	-	ineligible	out-of-family:x-noop	-	-	-	agent-ae9ec7c6136cc7106.jsonl	2026-09-04T18:10:50.078Z	claude-opus-5
74a9c6c4082f2e4a	-	ineligible	out-of-family:x-noop	-	-	-	agent-ae9ec7c6136cc7106.jsonl	2026-09-04T18:11:26.918Z	claude-opus-5
6f28409eaa71d8f5	-	ineligible	out-of-family:x-noop	-	-	-	agent-ae9ec7c6136cc7106.jsonl	2026-09-04T18:12:18.686Z	claude-opus-5
1d31984128cedb80	-	ineligible	out-of-family:x-other	-	-	-	agent-ae9ec7c6136cc7106.jsonl	2026-09-04T18:14:38.976Z	claude-opus-5
6f09290387281691	-	ineligible	out-of-family:x-noop	-	-	-	agent-ae9ec7c6136cc7106.jsonl	2026-09-04T18:49:00.791Z	claude-opus-5
562f7ab065298ea4	-	ineligible	out-of-family:x-noop	-	-	-	agent-ae9ec7c6136cc7106.jsonl	2026-09-04T18:58:06.200Z	claude-opus-5
6d43568e92fd75cc	-	ineligible	out-of-family:x-noop	-	-	-	agent-ae9ec7c6136cc7106.jsonl	2026-09-04T18:58:20.660Z	claude-opus-5
23e41fec547ec61d	-	ineligible	out-of-family:x-noop	-	-	-	agent-ae9ec7c6136cc7106.jsonl	2026-09-04T19:16:11.298Z	claude-opus-5
f09b9e369b01a920	-	ineligible	out-of-family:x-noop	-	-	-	agent-ae9ec7c6136cc7106.jsonl	2026-09-04T19:16:32.314Z	claude-opus-5
e8ba018f4717a8cc	-	ineligible	out-of-family:x-noop	-	-	-	agent-ae9ec7c6136cc7106.jsonl	2026-09-04T19:19:26.392Z	claude-opus-5
adea3a6ceaf57e1e	-	ineligible	out-of-family:x-other	-	-	-	agent-ae9ec7c6136cc7106.jsonl	2026-09-04T19:19:32.558Z	claude-opus-5
993de4ac72c2621f	-	ineligible	out-of-family:x-noop	-	-	-	agent-ae9ec7c6136cc7106.jsonl	2026-09-04T19:19:49.232Z	claude-opus-5
81514f1983cb40cc	-	ineligible	out-of-family:x-noop	-	-	-	agent-ae9ec7c6136cc7106.jsonl	2026-09-04T19:20:07.467Z	claude-opus-5
9949a7ff7149c579	-	ineligible	out-of-family:x-noop	-	-	-	agent-ae9ec7c6136cc7106.jsonl	2026-09-04T19:20:17.639Z	claude-opus-5
e53becdc5c9a34b9	-	ineligible	out-of-family:x-noop	-	-	-	agent-ae9ec7c6136cc7106.jsonl	2026-09-04T19:20:53.133Z	claude-opus-5
f8fe2cb606e1f68e	-	ineligible	out-of-family:x-noop	-	-	-	agent-ae9ec7c6136cc7106.jsonl	2026-09-04T19:31:22.424Z	claude-opus-5
df6c7a777e704a20	-	ineligible	out-of-family:x-noop	-	-	-	agent-ae9ec7c6136cc7106.jsonl	2026-09-04T19:31:37.405Z	claude-opus-5
978c832db9184041	-	ineligible	out-of-family:x-noop	-	-	-	agent-ae9ec7c6136cc7106.jsonl	2026-09-04T19:32:05.950Z	claude-opus-5
2b228b7605fd94e8	-	ineligible	out-of-family:x-noop	-	-	-	agent-ae9ec7c6136cc7106.jsonl	2026-09-04T19:35:01.526Z	claude-opus-5
4e44fecd2f9b84f0	-	ineligible	out-of-family:x-noop	-	-	-	agent-ae9ec7c6136cc7106.jsonl	2026-09-04T19:35:07.544Z	claude-opus-5
7316b25b039b72a3	-	ineligible	out-of-family:x-noop	-	-	-	agent-ae9ec7c6136cc7106.jsonl	2026-09-04T20:01:20.508Z	claude-opus-5
a88352411239f4d6	-	ineligible	out-of-family:x-noop	-	-	-	agent-ae9ec7c6136cc7106.jsonl	2026-09-04T20:01:35.546Z	claude-opus-5
cf05abe52543b2d6	-	ineligible	out-of-family:x-noop	-	-	-	agent-ae9ec7c6136cc7106.jsonl	2026-09-04T20:22:41.863Z	claude-opus-5
5f769a4900746ff9	-	ineligible	out-of-family:x-other	-	-	-	agent-ae9ec7c6136cc7106.jsonl	2026-09-04T20:22:52.039Z	claude-opus-5
a32bb6dc6f2babdb	-	ineligible	out-of-family:x-noop	-	-	-	agent-ae9ec7c6136cc7106.jsonl	2026-09-04T20:23:05.918Z	claude-opus-5
f295ec5d1a966d6a	-	ineligible	out-of-family:x-noop	-	-	-	agent-ae9ec7c6136cc7106.jsonl	2026-09-04T20:23:18.797Z	claude-opus-5
23dca72ad9af9f18	-	ineligible	out-of-family:x-noop	-	-	-	agent-ae9ec7c6136cc7106.jsonl	2026-09-04T20:43:28.158Z	claude-opus-5
60c87d704b75c525	-	ineligible	out-of-family:x-noop	-	-	-	agent-ae9ec7c6136cc7106.jsonl	2026-09-04T20:45:12.026Z	claude-opus-5
cfd0d760a92b58d0	-	ineligible	out-of-family:x-noop	-	-	-	agent-ae9ec7c6136cc7106.jsonl	2026-09-04T20:47:13.802Z	claude-opus-5
3cc2675222938160	-	ineligible	out-of-family:x-noop	-	-	-	agent-ae9ec7c6136cc7106.jsonl	2026-09-04T20:50:54.254Z	claude-opus-5
8267df4c68bc86e0	-	ineligible	out-of-family:x-noop	-	-	-	agent-ae9ec7c6136cc7106.jsonl	2026-09-04T20:52:51.372Z	claude-opus-5
cf264298de40a7c3	-	ineligible	out-of-family:x-noop	-	-	-	agent-ae9ec7c6136cc7106.jsonl	2026-09-04T20:54:50.389Z	claude-opus-5
77966e55f3b88a63	-	ineligible	out-of-family:x-noop	-	-	-	agent-ae9ec7c6136cc7106.jsonl	2026-09-04T20:55:02.479Z	claude-opus-5
7499a7f4ed768aa8	-	ineligible	out-of-family:x-noop	-	-	-	agent-ae9ec7c6136cc7106.jsonl	2026-09-04T21:54:21.108Z	claude-opus-5
494448b89d8607bc	-	ineligible	out-of-family:x-noop	-	-	-	agent-a480d289fff70d613.jsonl	2026-09-03T08:38:37.504Z	claude-sonnet-5
26f406fe11906cf9	-	ineligible	out-of-family:x-noop	-	-	-	agent-a480d289fff70d613.jsonl	2026-09-03T08:39:46.159Z	claude-sonnet-5
811539ea37443d96	-	ineligible	out-of-family:x-noop	-	-	-	agent-a480d289fff70d613.jsonl	2026-09-03T08:47:25.528Z	claude-sonnet-5
5c6312f54a2a82df	-	ineligible	out-of-family:x-noop	-	-	-	agent-a480d289fff70d613.jsonl	2026-09-03T08:50:53.892Z	claude-sonnet-5
5faab3648e4e2091	-	ineligible	out-of-family:x-noop	-	-	-	agent-a480d289fff70d613.jsonl	2026-09-03T09:10:52.013Z	claude-sonnet-5
ed77e25929ed1b8c	-	ineligible	out-of-family:x-noop	-	-	-	agent-a480d289fff70d613.jsonl	2026-09-03T09:12:03.014Z	claude-sonnet-5
f6cf2a188d57c57b	-	ineligible	out-of-family:x-noop	-	-	-	agent-a480d289fff70d613.jsonl	2026-09-03T09:17:46.894Z	claude-sonnet-5
33d3bc2610fc7651	-	ineligible	out-of-family:x-noop	-	-	-	agent-a480d289fff70d613.jsonl	2026-09-03T09:25:03.661Z	claude-sonnet-5
9afa4d3c21730b71	-	ineligible	out-of-family:x-noop	-	-	-	agent-a38d8f6a97aa4e2e8.jsonl	2026-09-04T07:14:43.255Z	claude-opus-5
f382a85ec96215d2	-	ineligible	out-of-family:x-noop	-	-	-	agent-a38d8f6a97aa4e2e8.jsonl	2026-09-04T07:15:23.841Z	claude-opus-5
9de078c069c5ba78	-	ineligible	out-of-family:x-other	-	-	-	agent-a38d8f6a97aa4e2e8.jsonl	2026-09-04T07:15:33.843Z	claude-opus-5
7d992d8cc1c2f883	-	ineligible	out-of-family:x-noop	-	-	-	agent-a38d8f6a97aa4e2e8.jsonl	2026-09-04T07:16:55.677Z	claude-opus-5
a80f4db1beed378c	-	ineligible	out-of-family:x-other	-	-	-	agent-a38d8f6a97aa4e2e8.jsonl	2026-09-04T07:17:33.627Z	claude-opus-5
244787fb8aa83c0c	-	ineligible	out-of-family:x-other	-	-	-	agent-a38d8f6a97aa4e2e8.jsonl	2026-09-04T07:17:48.444Z	claude-opus-5
b13bf830ebbeaaef	-	ineligible	out-of-family:x-noop	-	-	-	agent-a38d8f6a97aa4e2e8.jsonl	2026-09-04T07:20:57.195Z	claude-opus-5
a4c66bc9772de377	I	ineligible	pre-edit-bytes-not-recoverable	/home/forge/src/clj-surgeon	-	-	agent-a38d8f6a97aa4e2e8.jsonl	2026-09-04T07:21:04.533Z	claude-opus-5
22fd9e9e0c194240	-	ineligible	out-of-family:x-other	-	-	-	agent-a38d8f6a97aa4e2e8.jsonl	2026-09-04T07:21:25.040Z	claude-opus-5
5038c75d0abeb733	-	ineligible	out-of-family:x-noop	-	-	-	agent-a38d8f6a97aa4e2e8.jsonl	2026-09-04T07:22:48.816Z	claude-opus-5
12d276d48876e9d7	-	ineligible	out-of-family:x-noop	-	-	-	agent-a38d8f6a97aa4e2e8.jsonl	2026-09-04T07:23:20.738Z	claude-opus-5
0a1cfc08f62032df	T	eligible	ok	/home/forge/src/clj-surgeon	test/clj_surgeon/mcp_process_test.clj	09ebaadebfcf1b6674d40c6e53d9649d6382a6f9	agent-a38d8f6a97aa4e2e8.jsonl	2026-09-04T07:24:59.936Z	claude-opus-5
8d223e68a944c5c5	-	ineligible	out-of-family:x-noop	-	-	-	agent-a38d8f6a97aa4e2e8.jsonl	2026-09-04T07:25:24.943Z	claude-opus-5
d601ead463e0e268	-	ineligible	out-of-family:x-noop	-	-	-	agent-a38d8f6a97aa4e2e8.jsonl	2026-09-04T07:27:26.412Z	claude-opus-5
645a86d6afea0323	-	ineligible	out-of-family:x-other	-	-	-	agent-a38d8f6a97aa4e2e8.jsonl	2026-09-04T07:27:34.157Z	claude-opus-5
6481ce6e7b0b5a36	-	ineligible	out-of-family:x-noop	-	-	-	agent-a38d8f6a97aa4e2e8.jsonl	2026-09-04T07:28:52.354Z	claude-opus-5
ca34130be0ae77dd	-	ineligible	out-of-family:x-noop	-	-	-	agent-a38d8f6a97aa4e2e8.jsonl	2026-09-04T07:31:29.978Z	claude-opus-5
3bc980101018cb9e	-	ineligible	out-of-family:x-noop	-	-	-	agent-a38d8f6a97aa4e2e8.jsonl	2026-09-04T07:36:18.853Z	claude-opus-5
1d050fe33c444a58	-	ineligible	out-of-family:x-noop	-	-	-	agent-a38d8f6a97aa4e2e8.jsonl	2026-09-04T07:36:43.569Z	claude-opus-5
2a89bfd75b344931	I	ineligible	pre-edit-bytes-not-recoverable	/home/forge/src/clj-surgeon	-	-	agent-a38d8f6a97aa4e2e8.jsonl	2026-09-04T07:36:58.745Z	claude-opus-5
d3e44888b89b0224	-	ineligible	out-of-family:x-other	-	-	-	agent-a38d8f6a97aa4e2e8.jsonl	2026-09-04T07:38:15.893Z	claude-opus-5
cb909e8016aa63b6	-	ineligible	out-of-family:x-noop	-	-	-	agent-a38d8f6a97aa4e2e8.jsonl	2026-09-04T07:40:45.052Z	claude-opus-5
1becfa64ff915c34	-	ineligible	out-of-family:x-other	-	-	-	agent-a38d8f6a97aa4e2e8.jsonl	2026-09-04T07:41:56.405Z	claude-opus-5
6c6e11362c93cf47	-	ineligible	out-of-family:x-other	-	-	-	agent-a38d8f6a97aa4e2e8.jsonl	2026-09-04T07:42:12.367Z	claude-opus-5
6a11b35478094530	T	eligible	ok	/home/forge/src/clj-surgeon	test/clj_surgeon/tmp_leak_support_test.clj	35b5f9e33110ba72c1ee22225be62ac51639b1ba	agent-a38d8f6a97aa4e2e8.jsonl	2026-09-04T07:54:30.464Z	claude-opus-5
af574734ebd21659	-	ineligible	out-of-family:x-noop	-	-	-	agent-afc7114a2f0eeafb1.jsonl	2026-09-03T04:51:09.927Z	claude-opus-5
bda362b9f88f4086	-	ineligible	out-of-family:x-noop	-	-	-	agent-afc7114a2f0eeafb1.jsonl	2026-09-03T04:51:36.195Z	claude-opus-5
c55698ec287a96ea	-	ineligible	out-of-family:x-other	-	-	-	agent-afc7114a2f0eeafb1.jsonl	2026-09-03T04:51:52.670Z	claude-opus-5
96b55fa97ed83f86	-	ineligible	out-of-family:x-other	-	-	-	agent-aa59bc5ad4e05caee.jsonl	2026-09-04T07:36:11.208Z	claude-opus-5
ee920d8c293917c2	-	ineligible	out-of-family:x-other	-	-	-	agent-aa59bc5ad4e05caee.jsonl	2026-09-04T07:37:32.954Z	claude-opus-5
1e096bdddccfb356	-	ineligible	out-of-family:x-noop	-	-	-	agent-aa59bc5ad4e05caee.jsonl	2026-09-04T07:38:21.121Z	claude-opus-5
ea6b44d033b9de22	-	ineligible	out-of-family:x-noop	-	-	-	agent-aa59bc5ad4e05caee.jsonl	2026-09-04T07:41:33.335Z	claude-opus-5
f160efa194e8d708	-	ineligible	out-of-family:I?	-	-	-	agent-aa59bc5ad4e05caee.jsonl	2026-09-04T07:41:45.926Z	claude-opus-5
8ea5cd84252dd785	-	ineligible	out-of-family:x-noop	-	-	-	agent-aa59bc5ad4e05caee.jsonl	2026-09-04T07:47:52.028Z	claude-opus-5
ebf7ec9e48e28d2b	-	ineligible	out-of-family:x-noop	-	-	-	agent-aa59bc5ad4e05caee.jsonl	2026-09-04T07:48:08.536Z	claude-opus-5
f21dd0da5c2764b8	-	ineligible	out-of-family:x-noop	-	-	-	agent-aa59bc5ad4e05caee.jsonl	2026-09-04T07:52:51.892Z	claude-opus-5
9721141c78dd6beb	-	ineligible	out-of-family:x-other	-	-	-	agent-aa59bc5ad4e05caee.jsonl	2026-09-04T07:53:21.333Z	claude-opus-5
c82f152982b53fb8	-	ineligible	out-of-family:x-noop	-	-	-	agent-aa59bc5ad4e05caee.jsonl	2026-09-04T07:53:39.965Z	claude-opus-5
353161ed1ae27764	-	ineligible	out-of-family:x-other	-	-	-	agent-aa59bc5ad4e05caee.jsonl	2026-09-04T08:15:20.044Z	claude-opus-5
68d8357e2df1e318	T	eligible	ok	/home/forge/src/clj-surgeon	test/clj_surgeon/mcp_study_test.clj	8210e5c4b16e370d093fb476d8c29374ce85a8b2	agent-aa59bc5ad4e05caee.jsonl	2026-09-04T08:15:30.146Z	claude-opus-5
61d6c0a023109d02	-	ineligible	out-of-family:x-other	-	-	-	agent-aa59bc5ad4e05caee.jsonl	2026-09-04T08:15:40.915Z	claude-opus-5
8a6b398b1d54fd59	-	ineligible	out-of-family:x-noop	-	-	-	agent-aa59bc5ad4e05caee.jsonl	2026-09-04T08:29:40.551Z	claude-opus-5
a7d5df9f51273ba1	-	ineligible	out-of-family:x-noop	-	-	-	agent-aa59bc5ad4e05caee.jsonl	2026-09-04T08:34:52.480Z	claude-opus-5
2791bbc984e443ee	-	ineligible	out-of-family:x-noop	-	-	-	agent-aa59bc5ad4e05caee.jsonl	2026-09-04T08:38:30.068Z	claude-opus-5
47fb617b987c0dfa	-	ineligible	out-of-family:x-noop	-	-	-	agent-aa59bc5ad4e05caee.jsonl	2026-09-04T08:40:03.643Z	claude-opus-5
875daf84a4d9bb42	-	ineligible	out-of-family:x-other	-	-	-	agent-aa59bc5ad4e05caee.jsonl	2026-09-04T08:43:08.949Z	claude-opus-5
285e63c702383558	-	ineligible	out-of-family:x-other	-	-	-	agent-aa59bc5ad4e05caee.jsonl	2026-09-04T08:43:30.975Z	claude-opus-5
f7fe18f9941beda2	-	ineligible	out-of-family:x-noop	-	-	-	agent-aa59bc5ad4e05caee.jsonl	2026-09-04T08:54:14.784Z	claude-opus-5
a62e6cc884b721e7	-	ineligible	out-of-family:x-noop	-	-	-	agent-aa59bc5ad4e05caee.jsonl	2026-09-04T08:55:23.444Z	claude-opus-5
e2627cd75e6b0bd1	-	ineligible	out-of-family:x-noop	-	-	-	agent-aa59bc5ad4e05caee.jsonl	2026-09-04T08:57:41.678Z	claude-opus-5
bdeac7487783c65d	-	ineligible	out-of-family:x-other	-	-	-	agent-a72d431cf2851d2a6.jsonl	2026-09-03T12:42:49.304Z	claude-opus-5
07f694d9501f9b65	-	ineligible	out-of-family:x-noop	-	-	-	agent-ae828674aa8328b03.jsonl	2026-09-03T02:06:19.306Z	claude-opus-5
1879e418ada5a442	-	ineligible	out-of-family:x-noop	-	-	-	agent-ae828674aa8328b03.jsonl	2026-09-03T02:07:40.307Z	claude-opus-5
e8247fa353e371ed	-	ineligible	out-of-family:x-noop	-	-	-	agent-a033bfbc7ea3e8360.jsonl	2026-09-03T07:43:02.026Z	claude-opus-5
c5ec02c537de91e0	-	ineligible	out-of-family:x-noop	-	-	-	agent-a033bfbc7ea3e8360.jsonl	2026-09-03T07:44:40.960Z	claude-opus-5
a110b1cdff3823eb	-	ineligible	out-of-family:x-noop	-	-	-	agent-a033bfbc7ea3e8360.jsonl	2026-09-03T07:45:01.024Z	claude-opus-5
3552cc6469287f65	-	ineligible	out-of-family:x-noop	-	-	-	agent-a033bfbc7ea3e8360.jsonl	2026-09-03T07:45:36.172Z	claude-opus-5
fc2253ea6fcc7f5f	-	ineligible	out-of-family:x-noop	-	-	-	agent-a033bfbc7ea3e8360.jsonl	2026-09-03T07:46:00.136Z	claude-opus-5
edb7a198292138e8	-	ineligible	out-of-family:x-noop	-	-	-	agent-a033bfbc7ea3e8360.jsonl	2026-09-03T07:46:16.829Z	claude-opus-5
2f8a5974a597ba65	-	ineligible	out-of-family:x-noop	-	-	-	agent-a033bfbc7ea3e8360.jsonl	2026-09-03T07:46:31.602Z	claude-opus-5
fb0880fc4f1ddf60	-	ineligible	out-of-family:x-noop	-	-	-	agent-a033bfbc7ea3e8360.jsonl	2026-09-03T07:46:46.156Z	claude-opus-5
be8fd0b13e5fa99e	-	ineligible	out-of-family:x-noop	-	-	-	agent-a033bfbc7ea3e8360.jsonl	2026-09-03T07:46:58.689Z	claude-opus-5
c4d2a8d2569b424f	-	ineligible	out-of-family:x-noop	-	-	-	agent-a033bfbc7ea3e8360.jsonl	2026-09-03T07:48:50.990Z	claude-opus-5
6576c145d4196458	-	ineligible	out-of-family:x-noop	-	-	-	agent-a033bfbc7ea3e8360.jsonl	2026-09-03T07:52:59.681Z	claude-opus-5
bb0c4b39a406593e	-	ineligible	out-of-family:x-noop	-	-	-	agent-a927e95e391aac433.jsonl	2026-09-04T05:56:25.780Z	claude-opus-5
4bd05891f3239970	-	ineligible	out-of-family:x-noop	-	-	-	agent-a927e95e391aac433.jsonl	2026-09-04T05:56:32.983Z	claude-opus-5
e077d5d42e029c2c	-	ineligible	out-of-family:x-noop	-	-	-	agent-a927e95e391aac433.jsonl	2026-09-04T05:56:39.210Z	claude-opus-5
563fe08b89f73304	-	ineligible	out-of-family:x-noop	-	-	-	agent-a927e95e391aac433.jsonl	2026-09-04T05:58:19.500Z	claude-opus-5
e39c1326587cf077	-	ineligible	out-of-family:x-noop	-	-	-	agent-a927e95e391aac433.jsonl	2026-09-04T05:58:39.327Z	claude-opus-5
acdf3d2eacdad5dd	-	ineligible	out-of-family:x-other	-	-	-	agent-a927e95e391aac433.jsonl	2026-09-04T05:59:02.138Z	claude-opus-5
56c9dd40a409b05f	-	ineligible	out-of-family:x-noop	-	-	-	agent-a927e95e391aac433.jsonl	2026-09-04T05:59:11.198Z	claude-opus-5
eb5b048b0f416c9b	-	ineligible	out-of-family:x-noop	-	-	-	agent-a927e95e391aac433.jsonl	2026-09-04T06:11:37.151Z	claude-opus-5
a3475c73889d0a33	-	ineligible	out-of-family:x-noop	-	-	-	agent-a927e95e391aac433.jsonl	2026-09-04T06:13:38.897Z	claude-opus-5
36b22f44c271de29	-	ineligible	out-of-family:x-noop	-	-	-	agent-a927e95e391aac433.jsonl	2026-09-04T06:13:45.943Z	claude-opus-5
69555a77cea1aa9e	-	ineligible	out-of-family:x-noop	-	-	-	agent-a927e95e391aac433.jsonl	2026-09-04T06:14:09.367Z	claude-opus-5
963f92f5f4efe779	-	ineligible	out-of-family:x-noop	-	-	-	agent-a927e95e391aac433.jsonl	2026-09-04T06:14:51.801Z	claude-opus-5
1376a779b2919d5a	-	ineligible	out-of-family:x-other	-	-	-	agent-a927e95e391aac433.jsonl	2026-09-04T06:24:37.432Z	claude-opus-5
31c399263926e406	-	ineligible	out-of-family:x-noop	-	-	-	agent-a927e95e391aac433.jsonl	2026-09-04T06:24:49.846Z	claude-opus-5
28985809a6a9fe83	-	ineligible	out-of-family:x-noop	-	-	-	agent-a927e95e391aac433.jsonl	2026-09-04T06:25:07.118Z	claude-opus-5
28661545a9c96ce1	-	ineligible	out-of-family:x-noop	-	-	-	agent-a927e95e391aac433.jsonl	2026-09-04T06:25:13.355Z	claude-opus-5
20c4d5e8233b1933	-	ineligible	out-of-family:x-noop	-	-	-	agent-a927e95e391aac433.jsonl	2026-09-04T06:26:45.551Z	claude-opus-5
239da9bfafc27987	-	ineligible	out-of-family:x-other	-	-	-	agent-a927e95e391aac433.jsonl	2026-09-04T06:27:21.774Z	claude-opus-5
63a6257ffcfdf6f6	-	ineligible	out-of-family:x-noop	-	-	-	agent-a927e95e391aac433.jsonl	2026-09-04T06:27:54.136Z	claude-opus-5
a50657eb84b33634	-	ineligible	out-of-family:x-noop	-	-	-	agent-a927e95e391aac433.jsonl	2026-09-04T06:29:32.051Z	claude-opus-5
4f1ba85acecf90bc	-	ineligible	out-of-family:x-noop	-	-	-	agent-a927e95e391aac433.jsonl	2026-09-04T06:31:07.269Z	claude-opus-5
7faf125841d28381	-	ineligible	out-of-family:x-noop	-	-	-	agent-a927e95e391aac433.jsonl	2026-09-04T06:31:32.263Z	claude-opus-5
eb06af2954c552ea	-	ineligible	out-of-family:x-noop	-	-	-	agent-a927e95e391aac433.jsonl	2026-09-04T06:32:29.700Z	claude-opus-5
6ee2e266600ff352	-	ineligible	out-of-family:x-noop	-	-	-	agent-a927e95e391aac433.jsonl	2026-09-04T06:32:55.510Z	claude-opus-5
6ab8f05dbef99301	-	ineligible	out-of-family:x-noop	-	-	-	agent-a927e95e391aac433.jsonl	2026-09-04T06:34:21.781Z	claude-opus-5
e33a12893e5d1e10	-	ineligible	out-of-family:x-noop	-	-	-	agent-a927e95e391aac433.jsonl	2026-09-04T06:36:52.897Z	claude-opus-5
3907d82984192879	-	ineligible	out-of-family:x-noop	-	-	-	agent-a927e95e391aac433.jsonl	2026-09-04T06:38:05.178Z	claude-opus-5
8b8a9ae3de39b94c	-	ineligible	out-of-family:x-noop	-	-	-	agent-a927e95e391aac433.jsonl	2026-09-04T06:38:31.277Z	claude-opus-5
94eb4fd0e87f470d	-	ineligible	out-of-family:x-noop	-	-	-	agent-a927e95e391aac433.jsonl	2026-09-04T06:38:54.623Z	claude-opus-5
8d3f7e653c46a0e1	-	ineligible	out-of-family:x-noop	-	-	-	agent-a927e95e391aac433.jsonl	2026-09-04T06:40:59.831Z	claude-opus-5
655d798dc6b290d4	-	ineligible	out-of-family:x-noop	-	-	-	agent-a927e95e391aac433.jsonl	2026-09-04T06:42:06.659Z	claude-opus-5
010965b68228e134	-	ineligible	out-of-family:x-noop	-	-	-	agent-a927e95e391aac433.jsonl	2026-09-04T06:47:41.755Z	claude-opus-5
ea2bc13676ae8492	-	ineligible	out-of-family:x-other	-	-	-	agent-a1c66ad0e16b6c9cf.jsonl	2026-09-04T04:04:22.497Z	claude-opus-5
e76b549fb9a702cb	-	ineligible	out-of-family:x-noop	-	-	-	agent-a1c66ad0e16b6c9cf.jsonl	2026-09-04T04:08:35.731Z	claude-opus-5
5fd2515603e1e7a7	-	ineligible	out-of-family:x-noop	-	-	-	agent-a1c66ad0e16b6c9cf.jsonl	2026-09-04T04:10:17.012Z	claude-opus-5
6047b16443700080	-	ineligible	out-of-family:x-noop	-	-	-	agent-a1c66ad0e16b6c9cf.jsonl	2026-09-04T04:11:34.961Z	claude-opus-5
def9e0ac61c06274	-	ineligible	out-of-family:x-noop	-	-	-	agent-a1c66ad0e16b6c9cf.jsonl	2026-09-04T04:14:47.241Z	claude-opus-5
f0ceeba141842238	-	ineligible	out-of-family:x-noop	-	-	-	agent-a1c66ad0e16b6c9cf.jsonl	2026-09-04T04:18:26.401Z	claude-opus-5
4e114570f074ed73	-	ineligible	out-of-family:x-noop	-	-	-	agent-a1c66ad0e16b6c9cf.jsonl	2026-09-04T04:18:56.697Z	claude-opus-5
c910c5d30c035b75	-	ineligible	out-of-family:x-noop	-	-	-	agent-a1c66ad0e16b6c9cf.jsonl	2026-09-04T04:23:31.797Z	claude-opus-5
5d144b68242f3cd0	-	ineligible	out-of-family:x-noop	-	-	-	agent-a02963aa0720c5733.jsonl	2026-09-03T11:19:17.074Z	claude-opus-5
544c7a8a42eec280	-	ineligible	out-of-family:x-noop	-	-	-	agent-a02963aa0720c5733.jsonl	2026-09-03T11:19:44.068Z	claude-opus-5
72060bdb64f00346	-	ineligible	out-of-family:x-noop	-	-	-	agent-a02963aa0720c5733.jsonl	2026-09-03T11:20:23.074Z	claude-opus-5
96a1259cf750dace	-	ineligible	out-of-family:x-noop	-	-	-	agent-a02963aa0720c5733.jsonl	2026-09-03T11:22:18.508Z	claude-opus-5
846be6f4c3e32a1c	-	ineligible	out-of-family:x-noop	-	-	-	agent-a02963aa0720c5733.jsonl	2026-09-03T11:23:54.985Z	claude-opus-5
f7efabc158d9bd75	-	ineligible	out-of-family:x-noop	-	-	-	agent-a02963aa0720c5733.jsonl	2026-09-03T11:24:15.748Z	claude-opus-5
99754668116db1db	-	ineligible	out-of-family:x-noop	-	-	-	agent-a02963aa0720c5733.jsonl	2026-09-03T11:25:40.895Z	claude-opus-5
61e2392cad862851	-	ineligible	out-of-family:x-noop	-	-	-	agent-a02963aa0720c5733.jsonl	2026-09-03T11:26:31.755Z	claude-opus-5
3b80b8ceaf854196	-	ineligible	out-of-family:x-other	-	-	-	agent-a02963aa0720c5733.jsonl	2026-09-03T11:26:39.330Z	claude-opus-5
21365bec98b84a9b	-	ineligible	out-of-family:x-noop	-	-	-	agent-a02963aa0720c5733.jsonl	2026-09-03T11:28:37.888Z	claude-opus-5
daacf5fc3dbe27f8	-	ineligible	out-of-family:x-other	-	-	-	agent-a02963aa0720c5733.jsonl	2026-09-03T11:28:42.846Z	claude-opus-5
55b8d34200fdb7b4	-	ineligible	out-of-family:x-noop	-	-	-	agent-a02963aa0720c5733.jsonl	2026-09-03T11:29:30.605Z	claude-opus-5
02563cc962888e22	-	ineligible	out-of-family:x-noop	-	-	-	agent-a02963aa0720c5733.jsonl	2026-09-03T11:30:57.682Z	claude-opus-5
fa3c8e7303c83dc6	-	ineligible	out-of-family:x-noop	-	-	-	agent-a784ffa2277e0d370.jsonl	2026-09-08T13:35:09.727Z	claude-opus-5
0bd89cf9c38dcdc9	-	ineligible	out-of-family:x-noop	-	-	-	agent-a784ffa2277e0d370.jsonl	2026-09-08T13:35:26.686Z	claude-opus-5
3daf2c9931c67589	-	ineligible	out-of-family:x-noop	-	-	-	agent-a784ffa2277e0d370.jsonl	2026-09-08T13:48:05.243Z	claude-opus-5
4dd007f16c9197b6	-	ineligible	out-of-family:x-noop	-	-	-	agent-a784ffa2277e0d370.jsonl	2026-09-08T14:39:36.538Z	claude-opus-5
88b87fd1f962447c	-	ineligible	out-of-family:x-noop	-	-	-	agent-a282cd9bf2ed83e15.jsonl	2026-09-08T23:41:55.133Z	claude-opus-5
d82434bb990d6d1f	-	ineligible	out-of-family:x-noop	-	-	-	agent-aadce5f45298fb0ce.jsonl	2026-09-03T12:16:42.415Z	claude-opus-5
871fe34b75bd6dae	-	ineligible	out-of-family:x-noop	-	-	-	agent-aadce5f45298fb0ce.jsonl	2026-09-03T12:19:34.042Z	claude-opus-5
4f0c4e515f7ded13	-	ineligible	out-of-family:x-noop	-	-	-	agent-aadce5f45298fb0ce.jsonl	2026-09-03T12:23:51.335Z	claude-opus-5
be4278b0ecb65b81	-	ineligible	out-of-family:x-other	-	-	-	agent-aadce5f45298fb0ce.jsonl	2026-09-03T12:31:01.979Z	claude-opus-5
dff2eb75f9f20d52	-	ineligible	out-of-family:x-noop	-	-	-	agent-aadce5f45298fb0ce.jsonl	2026-09-03T12:33:03.035Z	claude-opus-5
30159dfa11fdd13e	-	ineligible	out-of-family:x-noop	-	-	-	agent-ab0c6cdef1aea0490.jsonl	2026-09-04T08:40:10.203Z	claude-opus-5
411de28263217717	-	ineligible	out-of-family:x-noop	-	-	-	agent-ab0c6cdef1aea0490.jsonl	2026-09-04T08:41:08.269Z	claude-opus-5
96374557d6d91136	-	ineligible	out-of-family:x-noop	-	-	-	agent-a4f713cb01afc03cb.jsonl	2026-09-03T04:05:26.034Z	claude-opus-5
9986bc0ec46759e2	-	ineligible	out-of-family:x-noop	-	-	-	agent-a4f713cb01afc03cb.jsonl	2026-09-03T04:08:17.284Z	claude-opus-5
c95d01b8bd4d21c3	-	ineligible	out-of-family:x-noop	-	-	-	agent-a4f713cb01afc03cb.jsonl	2026-09-03T04:08:36.674Z	claude-opus-5
ab4a0f3ca6ecac93	-	ineligible	out-of-family:x-noop	-	-	-	agent-a4f713cb01afc03cb.jsonl	2026-09-03T04:11:09.972Z	claude-opus-5
90ef30de87f60929	-	ineligible	out-of-family:x-noop	-	-	-	agent-a4f713cb01afc03cb.jsonl	2026-09-03T04:13:10.979Z	claude-opus-5
da5de2abac2eb5c5	-	ineligible	out-of-family:x-noop	-	-	-	agent-a4f713cb01afc03cb.jsonl	2026-09-03T04:16:05.480Z	claude-opus-5
fe98d47206c1e4de	-	ineligible	out-of-family:x-noop	-	-	-	agent-a4f713cb01afc03cb.jsonl	2026-09-03T04:21:26.827Z	claude-opus-5
b4dc1a443e7f0ff6	-	ineligible	out-of-family:x-noop	-	-	-	agent-a4f713cb01afc03cb.jsonl	2026-09-03T04:25:03.969Z	claude-opus-5
7c97aa5c7d9d24f5	-	ineligible	out-of-family:x-noop	-	-	-	agent-a4f713cb01afc03cb.jsonl	2026-09-03T04:29:41.364Z	claude-opus-5
836676939d94a448	-	ineligible	out-of-family:x-noop	-	-	-	agent-a4f713cb01afc03cb.jsonl	2026-09-03T04:36:35.553Z	claude-opus-5
5633d238e716c889	-	ineligible	out-of-family:x-noop	-	-	-	agent-a4f713cb01afc03cb.jsonl	2026-09-03T04:37:54.230Z	claude-opus-5
c88a6ead453ba339	-	ineligible	out-of-family:x-noop	-	-	-	agent-a4f713cb01afc03cb.jsonl	2026-09-03T04:39:24.976Z	claude-opus-5
ec9b60103e40d204	-	ineligible	out-of-family:x-noop	-	-	-	agent-a4f713cb01afc03cb.jsonl	2026-09-03T04:40:57.137Z	claude-opus-5
d4e5ccc020f65dce	-	ineligible	out-of-family:x-noop	-	-	-	agent-a4f713cb01afc03cb.jsonl	2026-09-03T04:41:48.837Z	claude-opus-5
ec76318bd455a50e	-	ineligible	out-of-family:x-noop	-	-	-	agent-a4f713cb01afc03cb.jsonl	2026-09-03T04:42:10.155Z	claude-opus-5
722bcaa2a6ef111e	-	ineligible	out-of-family:x-noop	-	-	-	agent-a4f713cb01afc03cb.jsonl	2026-09-03T04:42:34.031Z	claude-opus-5
6dcef1403225645b	-	ineligible	out-of-family:x-noop	-	-	-	agent-a4f713cb01afc03cb.jsonl	2026-09-03T04:45:12.721Z	claude-opus-5
8a82a3ba916eed5f	-	ineligible	out-of-family:x-noop	-	-	-	agent-a4f713cb01afc03cb.jsonl	2026-09-03T04:45:17.759Z	claude-opus-5
86e5a853adc4c656	-	ineligible	out-of-family:x-noop	-	-	-	agent-a5a99da608bfc7a88.jsonl	2026-09-04T21:26:21.276Z	claude-opus-5
ea73cc6c5a0c6c2e	-	ineligible	out-of-family:x-noop	-	-	-	agent-a5a99da608bfc7a88.jsonl	2026-09-04T21:27:17.047Z	claude-opus-5
a0ecdf960d8bad36	-	ineligible	out-of-family:x-noop	-	-	-	agent-a5a99da608bfc7a88.jsonl	2026-09-04T21:29:27.950Z	claude-opus-5
6ee2a364e6c2f4d4	-	ineligible	out-of-family:x-noop	-	-	-	agent-a5a99da608bfc7a88.jsonl	2026-09-04T21:32:35.092Z	claude-opus-5
aff88654baeaed3f	-	ineligible	out-of-family:x-noop	-	-	-	agent-a5a99da608bfc7a88.jsonl	2026-09-04T21:33:39.373Z	claude-opus-5
669637db681a43b6	-	ineligible	out-of-family:x-noop	-	-	-	agent-a5a99da608bfc7a88.jsonl	2026-09-04T21:34:46.803Z	claude-opus-5
7336de71a1690865	-	ineligible	out-of-family:x-noop	-	-	-	agent-a5a99da608bfc7a88.jsonl	2026-09-04T21:35:47.201Z	claude-opus-5
a2790d4ee93f2c61	-	ineligible	out-of-family:x-noop	-	-	-	agent-a5a99da608bfc7a88.jsonl	2026-09-04T21:38:39.941Z	claude-opus-5
b49a247930798255	-	ineligible	out-of-family:x-noop	-	-	-	agent-a5a99da608bfc7a88.jsonl	2026-09-04T21:41:27.815Z	claude-opus-5
c4aa9066b759cfe6	-	ineligible	out-of-family:x-noop	-	-	-	agent-a5a99da608bfc7a88.jsonl	2026-09-04T21:45:24.109Z	claude-opus-5
848c9ee37b7bc60c	-	ineligible	out-of-family:x-noop	-	-	-	agent-a5a99da608bfc7a88.jsonl	2026-09-04T21:46:55.297Z	claude-opus-5
5ada0b2a94d85bd5	-	ineligible	out-of-family:x-noop	-	-	-	agent-a5a99da608bfc7a88.jsonl	2026-09-04T21:47:16.866Z	claude-opus-5
ff50173b951ab64c	-	ineligible	out-of-family:x-noop	-	-	-	agent-a5a99da608bfc7a88.jsonl	2026-09-04T21:47:52.594Z	claude-opus-5
e7c600016fd06934	-	ineligible	out-of-family:x-noop	-	-	-	agent-a1111fae17fd64060.jsonl	2026-09-03T22:10:12.936Z	claude-opus-5
aa0bec12de42ee2e	-	ineligible	out-of-family:x-noop	-	-	-	agent-a1111fae17fd64060.jsonl	2026-09-03T22:10:49.949Z	claude-opus-5
ce11961f66b83839	-	ineligible	out-of-family:x-noop	-	-	-	agent-a1111fae17fd64060.jsonl	2026-09-03T22:11:29.089Z	claude-opus-5
8e46bc122dab2a76	R	ineligible	pre-edit-bytes-not-recoverable	/home/forge/src/clj-surgeon-integ	-	-	agent-a1111fae17fd64060.jsonl	2026-09-03T22:11:42.445Z	claude-opus-5
c29802c26a89f74d	-	ineligible	out-of-family:x-noop	-	-	-	agent-a1111fae17fd64060.jsonl	2026-09-03T22:12:13.112Z	claude-opus-5
8281105cba6d3edb	-	ineligible	out-of-family:x-noop	-	-	-	agent-a1111fae17fd64060.jsonl	2026-09-03T22:15:13.386Z	claude-opus-5
e52a202f731e1fbf	-	ineligible	out-of-family:x-noop	-	-	-	agent-a1111fae17fd64060.jsonl	2026-09-03T22:18:49.547Z	claude-opus-5
0f73404191004de6	-	ineligible	out-of-family:x-other	-	-	-	agent-a1111fae17fd64060.jsonl	2026-09-03T22:20:31.928Z	claude-opus-5
dccbbb7c67ef5628	-	ineligible	out-of-family:x-other	-	-	-	agent-a1111fae17fd64060.jsonl	2026-09-03T22:20:37.476Z	claude-opus-5
cc4f5e8934aeae4a	-	ineligible	out-of-family:x-noop	-	-	-	agent-a1111fae17fd64060.jsonl	2026-09-03T22:20:51.131Z	claude-opus-5
c13dcb9ecc30463a	-	ineligible	out-of-family:x-noop	-	-	-	agent-a1111fae17fd64060.jsonl	2026-09-03T22:23:17.999Z	claude-opus-5
92165e06d4c95597	-	ineligible	out-of-family:x-noop	-	-	-	agent-a1111fae17fd64060.jsonl	2026-09-03T22:24:06.464Z	claude-opus-5
e065cf15b3c65f04	-	ineligible	out-of-family:x-noop	-	-	-	agent-a1111fae17fd64060.jsonl	2026-09-03T22:26:42.875Z	claude-opus-5
fcdbbfdd85697764	-	ineligible	out-of-family:x-noop	-	-	-	agent-a1111fae17fd64060.jsonl	2026-09-03T22:31:08.687Z	claude-opus-5
10f28d671445d562	-	ineligible	out-of-family:x-other	-	-	-	agent-a1111fae17fd64060.jsonl	2026-09-03T22:35:20.541Z	claude-opus-5
e1e59104af2924ee	-	ineligible	out-of-family:x-noop	-	-	-	agent-a1111fae17fd64060.jsonl	2026-09-03T22:35:52.246Z	claude-opus-5
a509c7fe190fc6da	-	ineligible	out-of-family:x-other	-	-	-	agent-a1111fae17fd64060.jsonl	2026-09-03T22:36:08.100Z	claude-opus-5
8406e33c166e541d	-	ineligible	out-of-family:x-noop	-	-	-	agent-a1111fae17fd64060.jsonl	2026-09-03T22:49:29.294Z	claude-opus-5
396fd1c168288678	-	ineligible	out-of-family:x-noop	-	-	-	agent-a1111fae17fd64060.jsonl	2026-09-03T22:49:45.432Z	claude-opus-5
3357c122325c2520	-	ineligible	out-of-family:x-noop	-	-	-	agent-a1111fae17fd64060.jsonl	2026-09-03T22:56:37.757Z	claude-opus-5
b9fddfe2948e476d	-	ineligible	out-of-family:x-other	-	-	-	agent-a1111fae17fd64060.jsonl	2026-09-03T23:03:20.854Z	claude-opus-5
2fc364c09221c64e	-	ineligible	out-of-family:x-noop	-	-	-	agent-a1111fae17fd64060.jsonl	2026-09-03T23:07:26.440Z	claude-opus-5
ec2d412b35b3b43d	-	ineligible	out-of-family:x-other	-	-	-	agent-a1111fae17fd64060.jsonl	2026-09-03T23:09:57.510Z	claude-opus-5
c527e70eb986c64c	-	ineligible	out-of-family:x-noop	-	-	-	agent-a1111fae17fd64060.jsonl	2026-09-03T23:11:22.209Z	claude-opus-5
d5bc0fd4cb0aa0fb	-	ineligible	out-of-family:x-noop	-	-	-	agent-a1111fae17fd64060.jsonl	2026-09-03T23:11:32.998Z	claude-opus-5
4efe3f5af16582e5	-	ineligible	out-of-family:x-noop	-	-	-	agent-a1111fae17fd64060.jsonl	2026-09-03T23:38:27.420Z	claude-opus-5
76d49f6afbe54824	-	ineligible	out-of-family:x-noop	-	-	-	agent-a1111fae17fd64060.jsonl	2026-09-03T23:58:29.002Z	claude-opus-5
c5db45b39b4b7c05	-	ineligible	out-of-family:x-other	-	-	-	agent-abe4ecb82f66d81e0.jsonl	2026-09-08T08:48:06.169Z	claude-opus-5
b32db8f46752de65	-	ineligible	out-of-family:x-other	-	-	-	agent-abe4ecb82f66d81e0.jsonl	2026-09-08T08:48:11.569Z	claude-opus-5
37e2854fc2a3ee8f	-	ineligible	out-of-family:x-other	-	-	-	agent-abe4ecb82f66d81e0.jsonl	2026-09-08T08:48:26.826Z	claude-opus-5
9c28e740113ebae8	-	ineligible	out-of-family:x-noop	-	-	-	agent-a3463bb105cbdd357.jsonl	2026-09-04T05:36:42.150Z	claude-opus-5
f9606a7336f3039e	-	ineligible	out-of-family:x-noop	-	-	-	agent-afc155167418161c9.jsonl	2026-09-04T03:39:15.075Z	claude-opus-5
220fe83a94cda8ea	-	ineligible	out-of-family:x-noop	-	-	-	agent-afc155167418161c9.jsonl	2026-09-04T03:39:43.114Z	claude-opus-5
a4f2e9e2c4e1039b	-	ineligible	out-of-family:x-noop	-	-	-	agent-afc155167418161c9.jsonl	2026-09-04T03:40:06.907Z	claude-opus-5
b28d9396fa52469d	-	ineligible	out-of-family:x-noop	-	-	-	agent-afc155167418161c9.jsonl	2026-09-04T03:40:25.537Z	claude-opus-5
1d6f69f3f62b604c	-	ineligible	out-of-family:x-noop	-	-	-	agent-afc155167418161c9.jsonl	2026-09-04T03:41:02.058Z	claude-opus-5
f5ed1821342a8b8a	-	ineligible	out-of-family:x-noop	-	-	-	agent-afc155167418161c9.jsonl	2026-09-04T03:41:16.308Z	claude-opus-5
c027a58c4e92176b	-	ineligible	out-of-family:x-noop	-	-	-	agent-afc155167418161c9.jsonl	2026-09-04T03:45:28.462Z	claude-opus-5
c13d0d41e33bdc04	-	ineligible	out-of-family:x-noop	-	-	-	agent-afc155167418161c9.jsonl	2026-09-04T03:47:59.133Z	claude-opus-5
665adb8d080a6693	T	ineligible	pre-edit-bytes-not-recoverable	/home/forge/src/clj-surgeon	-	-	agent-afc155167418161c9.jsonl	2026-09-04T03:48:19.591Z	claude-opus-5
9bafd2759c61bcc7	-	ineligible	out-of-family:x-noop	-	-	-	agent-afc155167418161c9.jsonl	2026-09-04T03:49:06.579Z	claude-opus-5
d88488782d4e0f68	-	ineligible	out-of-family:x-noop	-	-	-	agent-afc155167418161c9.jsonl	2026-09-04T03:49:51.541Z	claude-opus-5
e49aec1dda7308e6	-	ineligible	out-of-family:x-noop	-	-	-	agent-afc155167418161c9.jsonl	2026-09-04T03:50:13.139Z	claude-opus-5
053c296424a989b4	-	ineligible	out-of-family:x-noop	-	-	-	agent-afc155167418161c9.jsonl	2026-09-04T03:51:08.786Z	claude-opus-5
c79bc77b9eaea41a	-	ineligible	out-of-family:x-noop	-	-	-	agent-afc155167418161c9.jsonl	2026-09-04T03:52:31.213Z	claude-opus-5
03dedf25857f51c5	-	ineligible	out-of-family:x-noop	-	-	-	agent-afc155167418161c9.jsonl	2026-09-04T03:53:39.382Z	claude-opus-5
2fa3cec5fd8c4e72	-	ineligible	out-of-family:x-noop	-	-	-	agent-afc155167418161c9.jsonl	2026-09-04T03:55:02.691Z	claude-opus-5
1314e7d998439f88	-	ineligible	out-of-family:x-other	-	-	-	agent-afc155167418161c9.jsonl	2026-09-04T03:55:19.664Z	claude-opus-5
5cacb39bb9eabbb4	-	ineligible	out-of-family:x-other	-	-	-	agent-afc155167418161c9.jsonl	2026-09-04T03:55:33.676Z	claude-opus-5
2a9cfe4e1e1bb342	-	ineligible	out-of-family:x-noop	-	-	-	agent-afc155167418161c9.jsonl	2026-09-04T03:56:56.290Z	claude-opus-5
8052551295594e1c	-	ineligible	out-of-family:x-noop	-	-	-	agent-afc155167418161c9.jsonl	2026-09-04T03:57:33.386Z	claude-opus-5
a897130772798762	-	ineligible	out-of-family:x-noop	-	-	-	agent-afc155167418161c9.jsonl	2026-09-04T03:58:11.150Z	claude-opus-5
b40541eab36ecd66	-	ineligible	out-of-family:x-noop	-	-	-	agent-afc155167418161c9.jsonl	2026-09-04T03:58:49.288Z	claude-opus-5
50c685564a065ea2	-	ineligible	out-of-family:x-noop	-	-	-	agent-afc155167418161c9.jsonl	2026-09-04T03:59:14.668Z	claude-opus-5
950c6829d7d91975	I	ineligible	edit-already-present-in-pre-edit	/home/forge/src/clj-surgeon	test/clj_surgeon/mcp_alias_migration_test.clj	bde9638708825d65157ac3e111872032eb9d34a0	agent-afc155167418161c9.jsonl	2026-09-04T03:59:25.013Z	claude-opus-5
1aeb35dd84c7b2a5	-	ineligible	out-of-family:x-noop	-	-	-	agent-afc155167418161c9.jsonl	2026-09-04T03:59:41.717Z	claude-opus-5
2daf1df82a9fdd48	-	ineligible	out-of-family:x-noop	-	-	-	agent-afc155167418161c9.jsonl	2026-09-04T03:59:53.756Z	claude-opus-5
113191222f84ea77	-	ineligible	out-of-family:x-noop	-	-	-	agent-afc155167418161c9.jsonl	2026-09-04T04:00:46.327Z	claude-opus-5
1519e73d1f0e1015	-	ineligible	out-of-family:x-noop	-	-	-	agent-afc155167418161c9.jsonl	2026-09-04T04:01:13.111Z	claude-opus-5
e185a2023d398c03	-	ineligible	out-of-family:x-noop	-	-	-	agent-afc155167418161c9.jsonl	2026-09-04T04:01:44.957Z	claude-opus-5
02abf5cd8505a1f8	-	ineligible	out-of-family:x-noop	-	-	-	agent-afc155167418161c9.jsonl	2026-09-04T04:02:08.007Z	claude-opus-5
fd540570c3ba5286	-	ineligible	out-of-family:x-noop	-	-	-	agent-afc155167418161c9.jsonl	2026-09-04T04:02:40.132Z	claude-opus-5
58b1ace2f3606bbd	-	ineligible	out-of-family:x-noop	-	-	-	agent-afc155167418161c9.jsonl	2026-09-04T04:03:08.012Z	claude-opus-5
ae11a1696ab32ab5	-	ineligible	out-of-family:x-noop	-	-	-	agent-afc155167418161c9.jsonl	2026-09-04T04:05:53.572Z	claude-opus-5
5ffc8196e7a38456	-	ineligible	out-of-family:x-noop	-	-	-	agent-afc155167418161c9.jsonl	2026-09-04T04:07:41.042Z	claude-opus-5
16c415add1e208a4	-	ineligible	out-of-family:x-noop	-	-	-	agent-afc155167418161c9.jsonl	2026-09-04T04:07:51.852Z	claude-opus-5
92e295aa9ff0ed6e	-	ineligible	out-of-family:x-noop	-	-	-	agent-afc155167418161c9.jsonl	2026-09-04T04:08:34.493Z	claude-opus-5
b7c4ebbb3ff0e1da	-	ineligible	out-of-family:x-noop	-	-	-	agent-afc155167418161c9.jsonl	2026-09-04T04:08:56.952Z	claude-opus-5
08e7be64c9fdfa83	-	ineligible	out-of-family:x-noop	-	-	-	agent-afc155167418161c9.jsonl	2026-09-04T04:09:51.160Z	claude-opus-5
aea7f5f227c23670	-	ineligible	out-of-family:x-noop	-	-	-	agent-afc155167418161c9.jsonl	2026-09-04T04:14:17.070Z	claude-opus-5
f7aa6f121228cdba	-	ineligible	out-of-family:x-noop	-	-	-	agent-afc155167418161c9.jsonl	2026-09-04T04:14:42.821Z	claude-opus-5
00dfec0bce0770ce	-	ineligible	out-of-family:x-other	-	-	-	agent-afc155167418161c9.jsonl	2026-09-04T04:20:44.689Z	claude-opus-5
de8e0f167b443bf1	-	ineligible	out-of-family:x-noop	-	-	-	agent-a5954fb820f9c31b0.jsonl	2026-09-04T10:12:39.755Z	claude-opus-5
42abd45f85770f23	-	ineligible	out-of-family:x-noop	-	-	-	agent-a5954fb820f9c31b0.jsonl	2026-09-04T10:14:21.691Z	claude-opus-5
dec2c2257242f59a	-	ineligible	out-of-family:x-noop	-	-	-	agent-a5954fb820f9c31b0.jsonl	2026-09-04T10:25:03.462Z	claude-opus-5
357f765569975c84	-	ineligible	out-of-family:x-noop	-	-	-	agent-a5954fb820f9c31b0.jsonl	2026-09-04T10:45:20.930Z	claude-opus-5
bb4624a82e38b494	-	ineligible	out-of-family:x-noop	-	-	-	agent-a5954fb820f9c31b0.jsonl	2026-09-04T10:46:14.017Z	claude-opus-5
0e88b2e7a621f970	-	ineligible	out-of-family:x-noop	-	-	-	agent-adb42dd336e292a4d.jsonl	2026-09-06T05:57:33.853Z	claude-opus-5
9138512276a319fc	-	ineligible	out-of-family:x-other	-	-	-	agent-adb42dd336e292a4d.jsonl	2026-09-06T05:57:56.231Z	claude-opus-5
7ee26df721707064	-	ineligible	out-of-family:x-noop	-	-	-	agent-ab2a2e6ec97220012.jsonl	2026-09-03T08:58:53.209Z	claude-opus-5
31e794b5e102778c	-	ineligible	out-of-family:x-noop	-	-	-	agent-ab2a2e6ec97220012.jsonl	2026-09-03T09:02:06.135Z	claude-opus-5
08e7f32935a7e4e8	-	ineligible	out-of-family:x-noop	-	-	-	agent-ab2a2e6ec97220012.jsonl	2026-09-03T09:02:17.181Z	claude-opus-5
8efaa03edee0423f	-	ineligible	out-of-family:x-noop	-	-	-	agent-ab2a2e6ec97220012.jsonl	2026-09-03T09:02:49.632Z	claude-opus-5
548227c999502196	-	ineligible	out-of-family:x-noop	-	-	-	agent-ab2a2e6ec97220012.jsonl	2026-09-03T09:04:37.856Z	claude-opus-5
e8cc4bfc09e4ba41	-	ineligible	out-of-family:x-noop	-	-	-	agent-ab2a2e6ec97220012.jsonl	2026-09-03T09:06:28.370Z	claude-opus-5
5e1b9ce92ec1c63c	-	ineligible	out-of-family:x-noop	-	-	-	agent-ab2a2e6ec97220012.jsonl	2026-09-03T09:07:16.617Z	claude-opus-5
2ebe5ec6ae766fd5	-	ineligible	out-of-family:x-noop	-	-	-	agent-ab2a2e6ec97220012.jsonl	2026-09-03T09:07:58.015Z	claude-opus-5
10086af9c1b82113	-	ineligible	out-of-family:x-noop	-	-	-	agent-ab2a2e6ec97220012.jsonl	2026-09-03T09:08:25.529Z	claude-opus-5
163374d868b2e9d4	-	ineligible	out-of-family:x-noop	-	-	-	agent-ab2a2e6ec97220012.jsonl	2026-09-03T09:09:42.948Z	claude-opus-5
e86471ad2c616821	-	ineligible	out-of-family:x-noop	-	-	-	agent-ab2a2e6ec97220012.jsonl	2026-09-03T09:10:18.551Z	claude-opus-5
e1e829113e57fc74	-	ineligible	out-of-family:x-noop	-	-	-	agent-ab2a2e6ec97220012.jsonl	2026-09-03T09:10:31.510Z	claude-opus-5
ef6e9786521892e1	-	ineligible	out-of-family:x-noop	-	-	-	agent-ab2a2e6ec97220012.jsonl	2026-09-03T09:10:36.367Z	claude-opus-5
13299b1a22df9887	-	ineligible	out-of-family:x-noop	-	-	-	agent-ab2a2e6ec97220012.jsonl	2026-09-03T09:10:51.350Z	claude-opus-5
364be009d54dd51c	-	ineligible	out-of-family:x-noop	-	-	-	agent-ab2a2e6ec97220012.jsonl	2026-09-03T09:14:30.724Z	claude-opus-5
fddbfaa9ddde1757	-	ineligible	out-of-family:x-noop	-	-	-	agent-ab2a2e6ec97220012.jsonl	2026-09-03T09:15:19.478Z	claude-opus-5
56cfd8345d3ccae6	-	ineligible	out-of-family:x-noop	-	-	-	agent-ab2a2e6ec97220012.jsonl	2026-09-03T09:15:31.097Z	claude-opus-5
6bf2ead5edd1cb2d	-	ineligible	out-of-family:x-noop	-	-	-	agent-ab2a2e6ec97220012.jsonl	2026-09-03T09:16:21.981Z	claude-opus-5
2136af240b10373d	-	ineligible	out-of-family:x-noop	-	-	-	agent-ab2a2e6ec97220012.jsonl	2026-09-03T09:17:07.734Z	claude-opus-5
99052bf97ab71c30	-	ineligible	out-of-family:x-noop	-	-	-	agent-ab2a2e6ec97220012.jsonl	2026-09-03T09:17:44.811Z	claude-opus-5
c3f9b9f272f0bc95	-	ineligible	out-of-family:x-noop	-	-	-	agent-ab2a2e6ec97220012.jsonl	2026-09-03T09:17:54.987Z	claude-opus-5
39d6ff16cee87fb1	-	ineligible	out-of-family:x-noop	-	-	-	agent-ab2a2e6ec97220012.jsonl	2026-09-03T09:18:33.979Z	claude-opus-5
fdb3af2bd1d34257	-	ineligible	out-of-family:x-noop	-	-	-	agent-ab2a2e6ec97220012.jsonl	2026-09-03T09:20:25.100Z	claude-opus-5
1633b4f1cc79eb77	-	ineligible	out-of-family:x-noop	-	-	-	agent-ab2a2e6ec97220012.jsonl	2026-09-03T09:21:26.087Z	claude-opus-5
c8ab80ceeadc2238	-	ineligible	out-of-family:x-noop	-	-	-	agent-ab2a2e6ec97220012.jsonl	2026-09-03T09:21:44.494Z	claude-opus-5
0352e55bb72bffd5	-	ineligible	out-of-family:x-noop	-	-	-	agent-ab2a2e6ec97220012.jsonl	2026-09-03T09:22:03.653Z	claude-opus-5
75dec5f5393d0d00	-	ineligible	out-of-family:x-noop	-	-	-	agent-ab2a2e6ec97220012.jsonl	2026-09-03T09:22:23.591Z	claude-opus-5
5a73f489a8cf81a7	-	ineligible	out-of-family:x-noop	-	-	-	agent-ab2a2e6ec97220012.jsonl	2026-09-03T09:22:47.947Z	claude-opus-5
9b409bee66b98b65	-	ineligible	out-of-family:x-other	-	-	-	agent-ab2a2e6ec97220012.jsonl	2026-09-03T09:23:13.706Z	claude-opus-5
3d41a11533bbe9db	-	ineligible	out-of-family:x-noop	-	-	-	agent-ab2a2e6ec97220012.jsonl	2026-09-03T09:23:26.010Z	claude-opus-5
fb6f4d6fb6a69645	-	ineligible	out-of-family:x-noop	-	-	-	agent-ab2a2e6ec97220012.jsonl	2026-09-03T09:37:13.677Z	claude-opus-5
665c9ee77f0cb305	-	ineligible	out-of-family:x-noop	-	-	-	agent-af464bb601774ac52.jsonl	2026-09-06T06:02:16.201Z	claude-opus-5
d54b12b4343720c5	-	ineligible	out-of-family:x-other	-	-	-	agent-af464bb601774ac52.jsonl	2026-09-06T06:02:26.074Z	claude-opus-5
c3e0c4183e8d2084	-	ineligible	out-of-family:x-noop	-	-	-	agent-af464bb601774ac52.jsonl	2026-09-06T06:03:09.243Z	claude-opus-5
10245d1c787e46b1	-	ineligible	out-of-family:x-other	-	-	-	agent-af464bb601774ac52.jsonl	2026-09-06T06:03:21.532Z	claude-opus-5
9c339469db26c716	-	ineligible	out-of-family:x-noop	-	-	-	agent-ab86cef158e2f4829.jsonl	2026-09-07T23:35:09.344Z	claude-opus-5
1c12aaae4862ad23	-	ineligible	out-of-family:x-noop	-	-	-	agent-ab86cef158e2f4829.jsonl	2026-09-07T23:35:42.914Z	claude-opus-5
0e6c566c242c5d91	-	ineligible	out-of-family:x-noop	-	-	-	agent-ab86cef158e2f4829.jsonl	2026-09-07T23:36:24.233Z	claude-opus-5
4f49510a5529ae52	-	ineligible	out-of-family:x-noop	-	-	-	agent-ab86cef158e2f4829.jsonl	2026-09-07T23:36:36.691Z	claude-opus-5
5721f7f7c19a63b2	-	ineligible	out-of-family:x-noop	-	-	-	agent-ab86cef158e2f4829.jsonl	2026-09-07T23:36:47.696Z	claude-opus-5
d3910d24b74334e4	-	ineligible	out-of-family:x-noop	-	-	-	agent-ab86cef158e2f4829.jsonl	2026-09-07T23:37:17.902Z	claude-opus-5
155ac390afee09cb	-	ineligible	out-of-family:x-noop	-	-	-	agent-ab86cef158e2f4829.jsonl	2026-09-07T23:38:35.642Z	claude-opus-5
aad55c86fbb419b7	-	ineligible	out-of-family:x-noop	-	-	-	agent-ab86cef158e2f4829.jsonl	2026-09-07T23:38:55.966Z	claude-opus-5
6c02b60f5bc15edf	-	ineligible	out-of-family:x-noop	-	-	-	agent-ab86cef158e2f4829.jsonl	2026-09-07T23:39:15.696Z	claude-opus-5
88e7c322c36d586d	-	ineligible	out-of-family:x-noop	-	-	-	agent-ab86cef158e2f4829.jsonl	2026-09-07T23:39:50.674Z	claude-opus-5
d41245f09852fca3	-	ineligible	out-of-family:x-noop	-	-	-	agent-ab86cef158e2f4829.jsonl	2026-09-07T23:40:05.047Z	claude-opus-5
ef8c200e71eb621e	-	ineligible	out-of-family:x-noop	-	-	-	agent-ab86cef158e2f4829.jsonl	2026-09-07T23:40:11.049Z	claude-opus-5
97f09dc747e1a388	-	ineligible	out-of-family:x-noop	-	-	-	agent-ab86cef158e2f4829.jsonl	2026-09-07T23:40:48.003Z	claude-opus-5
8096513fa3526365	-	ineligible	out-of-family:x-noop	-	-	-	agent-ab86cef158e2f4829.jsonl	2026-09-07T23:40:56.864Z	claude-opus-5
4bd612a1c315952d	-	ineligible	out-of-family:x-noop	-	-	-	agent-ab86cef158e2f4829.jsonl	2026-09-07T23:41:26.428Z	claude-opus-5
7862b87eeb6062dd	-	ineligible	out-of-family:x-noop	-	-	-	agent-ab86cef158e2f4829.jsonl	2026-09-07T23:41:31.513Z	claude-opus-5
fa2fdcf4513e9cdf	-	ineligible	out-of-family:x-noop	-	-	-	agent-a87e000bc2ac5073c.jsonl	2026-09-08T14:15:03.671Z	claude-opus-5
1c5c138f69ce232b	-	ineligible	out-of-family:x-noop	-	-	-	agent-a87e000bc2ac5073c.jsonl	2026-09-08T14:15:30.801Z	claude-opus-5
17a9933b57324bba	-	ineligible	out-of-family:x-noop	-	-	-	agent-a54822890b95c0a82.jsonl	2026-09-06T21:21:28.859Z	claude-opus-5
238e5446c5aefb10	-	ineligible	out-of-family:x-other	-	-	-	agent-a54822890b95c0a82.jsonl	2026-09-06T21:22:24.846Z	claude-opus-5
f3f943dd6cc54171	-	ineligible	out-of-family:x-other	-	-	-	agent-a54822890b95c0a82.jsonl	2026-09-06T21:22:42.083Z	claude-opus-5
945dcb549937ddff	-	ineligible	out-of-family:x-other	-	-	-	agent-a54822890b95c0a82.jsonl	2026-09-06T21:28:21.453Z	claude-opus-5
d37143163db61252	-	ineligible	out-of-family:x-other	-	-	-	agent-a54822890b95c0a82.jsonl	2026-09-06T21:28:34.282Z	claude-opus-5
068384d5b7b981fe	-	ineligible	out-of-family:x-noop	-	-	-	agent-a123e67deffdb7428.jsonl	2026-09-07T07:15:15.979Z	claude-opus-5
3c03bbbbe8e4c103	R	eligible	ok	/home/forge/src/mvr-dogfood3	src/marvin_voice_remote/app_route.clj	4aee93536b13a755cbda3331cb82d461ce9d2e8e	agent-a123e67deffdb7428.jsonl	2026-09-07T07:16:03.106Z	claude-opus-5
5ef5b49fec5b0f73	-	ineligible	out-of-family:x-noop	-	-	-	agent-a123e67deffdb7428.jsonl	2026-09-07T07:16:15.590Z	claude-opus-5
34a9a110dc7f6c7f	-	ineligible	out-of-family:x-noop	-	-	-	agent-a755d848a096b6218.jsonl	2026-09-04T03:33:16.866Z	claude-opus-5
eef525516689134a	-	ineligible	out-of-family:x-other	-	-	-	agent-a755d848a096b6218.jsonl	2026-09-04T03:33:19.621Z	claude-opus-5
0dcf20de7e489111	-	ineligible	out-of-family:x-other	-	-	-	agent-a755d848a096b6218.jsonl	2026-09-04T03:33:43.749Z	claude-opus-5
d1fa46892c98d236	-	ineligible	out-of-family:x-noop	-	-	-	agent-a755d848a096b6218.jsonl	2026-09-04T03:34:11.047Z	claude-opus-5
ea1391dd3bb08ec0	-	ineligible	out-of-family:x-other	-	-	-	agent-a755d848a096b6218.jsonl	2026-09-04T03:34:21.269Z	claude-opus-5
b7e73ce0ec4fe239	-	ineligible	out-of-family:x-noop	-	-	-	agent-a755d848a096b6218.jsonl	2026-09-04T03:37:01.944Z	claude-opus-5
cfcdc9f4a6e02349	-	ineligible	out-of-family:x-noop	-	-	-	agent-a755d848a096b6218.jsonl	2026-09-04T03:42:18.764Z	claude-opus-5
6debc2d4155a7b94	-	ineligible	out-of-family:x-other	-	-	-	agent-a755d848a096b6218.jsonl	2026-09-04T03:42:25.514Z	claude-opus-5
3f5c2653d46f99d6	-	ineligible	out-of-family:x-noop	-	-	-	agent-a755d848a096b6218.jsonl	2026-09-04T03:57:39.360Z	claude-opus-5
be2c937e265a5cde	-	ineligible	out-of-family:x-noop	-	-	-	agent-abe92bc56bc5ec44c.jsonl	2026-09-04T19:18:41.837Z	claude-opus-5
c31906fa5bfb6865	-	ineligible	out-of-family:x-noop	-	-	-	agent-abe92bc56bc5ec44c.jsonl	2026-09-04T19:18:49.878Z	claude-opus-5
27d5769a368da92f	-	ineligible	out-of-family:x-noop	-	-	-	agent-abe92bc56bc5ec44c.jsonl	2026-09-04T19:31:03.182Z	claude-opus-5
290fec3c31162659	-	ineligible	out-of-family:x-noop	-	-	-	agent-abe92bc56bc5ec44c.jsonl	2026-09-04T19:31:16.523Z	claude-opus-5
8849fab892589644	-	ineligible	out-of-family:x-noop	-	-	-	agent-abe92bc56bc5ec44c.jsonl	2026-09-04T19:31:37.617Z	claude-opus-5
6f84e1ad7ecde163	-	ineligible	out-of-family:x-other	-	-	-	agent-abe92bc56bc5ec44c.jsonl	2026-09-04T19:31:50.419Z	claude-opus-5
26bfed23c94d4d39	-	ineligible	out-of-family:x-noop	-	-	-	agent-abe92bc56bc5ec44c.jsonl	2026-09-04T19:31:55.868Z	claude-opus-5
6001852ced821cdf	-	ineligible	out-of-family:x-noop	-	-	-	agent-abe92bc56bc5ec44c.jsonl	2026-09-04T19:32:10.371Z	claude-opus-5
3759bdb05caaa019	-	ineligible	out-of-family:x-noop	-	-	-	agent-abe92bc56bc5ec44c.jsonl	2026-09-04T19:32:18.963Z	claude-opus-5
00df753922d4889b	-	ineligible	out-of-family:x-noop	-	-	-	agent-abe92bc56bc5ec44c.jsonl	2026-09-04T19:32:32.065Z	claude-opus-5
86b765086780aa1b	-	ineligible	out-of-family:x-noop	-	-	-	agent-abe92bc56bc5ec44c.jsonl	2026-09-04T19:32:40.797Z	claude-opus-5
6d350816e962d4f1	-	ineligible	out-of-family:x-noop	-	-	-	agent-abe92bc56bc5ec44c.jsonl	2026-09-04T19:32:57.158Z	claude-opus-5
99a2d4e27676ab2b	-	ineligible	out-of-family:x-other	-	-	-	agent-abe92bc56bc5ec44c.jsonl	2026-09-04T19:33:21.083Z	claude-opus-5
0305aa718cc5779e	-	ineligible	out-of-family:x-noop	-	-	-	agent-abe92bc56bc5ec44c.jsonl	2026-09-04T19:34:49.624Z	claude-opus-5
fc2f6ab229561714	-	ineligible	out-of-family:x-other	-	-	-	agent-abe92bc56bc5ec44c.jsonl	2026-09-04T19:46:04.689Z	claude-opus-5
07368fe6a15e893b	-	ineligible	out-of-family:x-noop	-	-	-	agent-abe92bc56bc5ec44c.jsonl	2026-09-04T19:52:02.229Z	claude-opus-5
b46f44294ce95468	-	ineligible	out-of-family:x-other	-	-	-	agent-abe92bc56bc5ec44c.jsonl	2026-09-04T20:04:56.425Z	claude-opus-5
2e0e73810e464004	-	ineligible	out-of-family:x-noop	-	-	-	agent-a9b71a74b06bc4550.jsonl	2026-09-04T14:18:47.699Z	claude-opus-5
21f25efab0729189	-	ineligible	out-of-family:x-noop	-	-	-	agent-a9b71a74b06bc4550.jsonl	2026-09-04T14:19:12.771Z	claude-opus-5
f5fb3582b65d1e53	-	ineligible	out-of-family:x-noop	-	-	-	agent-a9b71a74b06bc4550.jsonl	2026-09-04T14:19:33.386Z	claude-opus-5
9feae583897ca419	-	ineligible	out-of-family:x-noop	-	-	-	agent-a9b71a74b06bc4550.jsonl	2026-09-04T14:29:24.559Z	claude-opus-5
66855b0e95a214f7	-	ineligible	out-of-family:x-noop	-	-	-	agent-a9b71a74b06bc4550.jsonl	2026-09-04T14:30:02.265Z	claude-opus-5
19ab762e42eb2c5f	-	ineligible	out-of-family:x-noop	-	-	-	agent-a9b71a74b06bc4550.jsonl	2026-09-04T14:30:23.350Z	claude-opus-5
5ab7bca30bbd84d3	-	ineligible	out-of-family:x-noop	-	-	-	agent-a9b71a74b06bc4550.jsonl	2026-09-04T14:32:23.169Z	claude-opus-5
5f3bc75666ab6ec9	-	ineligible	out-of-family:x-noop	-	-	-	agent-a9b71a74b06bc4550.jsonl	2026-09-04T14:32:28.552Z	claude-opus-5
2505668cb86871d1	-	ineligible	out-of-family:x-noop	-	-	-	agent-acc31efb5840c85a1.jsonl	2026-09-03T10:04:42.585Z	claude-opus-5
3826eda51e79cd07	-	ineligible	out-of-family:x-noop	-	-	-	agent-acc31efb5840c85a1.jsonl	2026-09-03T10:05:12.036Z	claude-opus-5
fa10856bc9437991	-	ineligible	out-of-family:x-noop	-	-	-	agent-acc31efb5840c85a1.jsonl	2026-09-03T10:06:07.455Z	claude-opus-5
a4f0abb68425b1b3	-	ineligible	out-of-family:x-noop	-	-	-	agent-acc31efb5840c85a1.jsonl	2026-09-03T10:06:15.429Z	claude-opus-5
6b1113d14a58e8a6	-	ineligible	out-of-family:x-noop	-	-	-	agent-acc31efb5840c85a1.jsonl	2026-09-03T10:06:59.231Z	claude-opus-5
942967f37a3b1848	-	ineligible	out-of-family:x-noop	-	-	-	agent-acc31efb5840c85a1.jsonl	2026-09-03T10:07:30.668Z	claude-opus-5
7d78385d99383100	-	ineligible	out-of-family:x-noop	-	-	-	agent-acc31efb5840c85a1.jsonl	2026-09-03T10:07:40.125Z	claude-opus-5
9b44a6a0285fd7bc	-	ineligible	out-of-family:x-noop	-	-	-	agent-acc31efb5840c85a1.jsonl	2026-09-03T10:09:15.686Z	claude-opus-5
eed4aee97b8a992b	-	ineligible	out-of-family:x-noop	-	-	-	agent-acc31efb5840c85a1.jsonl	2026-09-03T10:10:40.761Z	claude-opus-5
0c3470afe0d457c9	-	ineligible	out-of-family:x-noop	-	-	-	agent-acc31efb5840c85a1.jsonl	2026-09-03T10:12:56.912Z	claude-opus-5
58dedd7b85f60dc5	-	ineligible	out-of-family:x-noop	-	-	-	agent-acc31efb5840c85a1.jsonl	2026-09-03T10:13:08.006Z	claude-opus-5
be2ce21a8c7bbcd9	-	ineligible	out-of-family:x-other	-	-	-	agent-acc31efb5840c85a1.jsonl	2026-09-03T10:13:11.920Z	claude-opus-5
4680352879d04483	-	ineligible	out-of-family:x-noop	-	-	-	agent-acc31efb5840c85a1.jsonl	2026-09-03T10:14:02.502Z	claude-opus-5
d3284a2905d89fe8	-	ineligible	out-of-family:x-noop	-	-	-	agent-acc31efb5840c85a1.jsonl	2026-09-03T10:22:07.078Z	claude-opus-5
0917fc2a7690852e	-	ineligible	out-of-family:x-noop	-	-	-	agent-a618f0f10acaab697.jsonl	2026-09-08T16:25:20.788Z	claude-opus-5
364dbd00c3daf775	T	eligible	ok	/home/forge/src/marvin-voice-remote	test/marvin_voice_remote/echo_guard_test.clj	a40e2e4afe9bfe71d2892486397b53c759050102	agent-a618f0f10acaab697.jsonl	2026-09-08T16:28:41.927Z	claude-opus-5
6734692eb811708d	-	ineligible	out-of-family:x-noop	-	-	-	agent-a618f0f10acaab697.jsonl	2026-09-08T16:29:15.662Z	claude-opus-5
6ae60a076c126c43	T	ineligible	pre-edit-bytes-not-recoverable	/home/forge/src/marvin-voice-remote	-	-	agent-a618f0f10acaab697.jsonl	2026-09-08T16:29:24.623Z	claude-opus-5
8bbb49f3a36a6780	-	ineligible	out-of-family:x-noop	-	-	-	agent-a8999a96b7deac829.jsonl	2026-09-08T21:35:18.291Z	claude-opus-5
d9fae689b7b888fc	-	ineligible	out-of-family:x-noop	-	-	-	agent-a92671a568c280715.jsonl	2026-09-03T20:12:51.149Z	claude-opus-5
f238fc8ddccfcf15	-	ineligible	out-of-family:x-noop	-	-	-	agent-a92671a568c280715.jsonl	2026-09-03T20:14:41.787Z	claude-opus-5
e4d6bb30cfd8f751	-	ineligible	out-of-family:x-noop	-	-	-	agent-a92671a568c280715.jsonl	2026-09-03T20:15:03.959Z	claude-opus-5
b0285763fd1e316f	-	ineligible	out-of-family:x-noop	-	-	-	agent-a92671a568c280715.jsonl	2026-09-03T20:16:32.937Z	claude-opus-5
ecf3eddc50de6a51	-	ineligible	out-of-family:x-noop	-	-	-	agent-a92671a568c280715.jsonl	2026-09-03T20:17:49.683Z	claude-opus-5
bfb2bb655e7d1145	-	ineligible	out-of-family:x-noop	-	-	-	agent-a92671a568c280715.jsonl	2026-09-03T20:19:20.993Z	claude-opus-5
bca31c996e498ce1	-	ineligible	out-of-family:x-noop	-	-	-	agent-a92671a568c280715.jsonl	2026-09-03T20:22:15.214Z	claude-opus-5
153d1048ca4aed1b	-	ineligible	out-of-family:x-noop	-	-	-	agent-a3df8e09a7ced9303.jsonl	2026-09-07T21:18:16.353Z	claude-opus-5
539cf0c79bc0883d	-	ineligible	out-of-family:x-noop	-	-	-	agent-a3df8e09a7ced9303.jsonl	2026-09-07T21:19:13.746Z	claude-opus-5
5902e42094706417	-	ineligible	out-of-family:x-noop	-	-	-	agent-a3df8e09a7ced9303.jsonl	2026-09-07T21:19:34.907Z	claude-opus-5
aaad1145e4d716d0	-	ineligible	out-of-family:x-noop	-	-	-	agent-a3df8e09a7ced9303.jsonl	2026-09-07T21:22:37.380Z	claude-opus-5
cd9d1d49a9ff73e8	-	ineligible	out-of-family:x-other	-	-	-	agent-a3df8e09a7ced9303.jsonl	2026-09-07T21:22:55.446Z	claude-opus-5
2d2bb2b734e7ee37	-	ineligible	out-of-family:x-other	-	-	-	agent-a3df8e09a7ced9303.jsonl	2026-09-07T21:23:59.020Z	claude-opus-5
b570b8b778f51d6b	-	ineligible	out-of-family:x-other	-	-	-	agent-a3df8e09a7ced9303.jsonl	2026-09-07T21:25:05.924Z	claude-opus-5
d14f7135e5e4433a	-	ineligible	out-of-family:x-other	-	-	-	agent-a3df8e09a7ced9303.jsonl	2026-09-07T21:28:43.547Z	claude-opus-5
60070e50dec5e820	-	ineligible	out-of-family:x-other	-	-	-	agent-a3df8e09a7ced9303.jsonl	2026-09-07T21:29:11.096Z	claude-opus-5
592506b773607f16	-	ineligible	out-of-family:x-other	-	-	-	agent-a045cf739975c1745.jsonl	2026-09-04T18:19:10.084Z	claude-opus-5
d910f3e9ffd9f7c3	-	ineligible	out-of-family:x-noop	-	-	-	agent-a979b716f0d58a627.jsonl	2026-09-06T02:41:33.986Z	claude-opus-5
c85311c31dfa3936	-	ineligible	out-of-family:x-noop	-	-	-	agent-a979b716f0d58a627.jsonl	2026-09-06T02:41:46.663Z	claude-opus-5
bf050c0e34b37351	-	ineligible	out-of-family:x-noop	-	-	-	agent-a979b716f0d58a627.jsonl	2026-09-06T02:42:19.086Z	claude-opus-5
289680ece0502ca8	-	ineligible	out-of-family:x-noop	-	-	-	agent-a979b716f0d58a627.jsonl	2026-09-06T02:42:55.622Z	claude-opus-5
5b5e8582693084a8	-	ineligible	out-of-family:x-other	-	-	-	agent-a979b716f0d58a627.jsonl	2026-09-06T02:43:07.335Z	claude-opus-5
2c4264bf27d4998e	-	ineligible	out-of-family:x-other	-	-	-	agent-a979b716f0d58a627.jsonl	2026-09-06T02:44:05.714Z	claude-opus-5
3eb64eca0fa61313	-	ineligible	out-of-family:x-noop	-	-	-	agent-a979b716f0d58a627.jsonl	2026-09-06T02:45:54.780Z	claude-opus-5
836cbaf94bdda8d7	T	ineligible	pre-edit-bytes-not-recoverable	/home/forge/src/clj-surgeon	-	-	agent-a979b716f0d58a627.jsonl	2026-09-06T02:47:19.539Z	claude-opus-5
32498cb3b9bf7884	-	ineligible	out-of-family:x-noop	-	-	-	agent-a979b716f0d58a627.jsonl	2026-09-06T02:48:30.490Z	claude-opus-5
1bace275179f0a2d	-	ineligible	out-of-family:x-noop	-	-	-	agent-a979b716f0d58a627.jsonl	2026-09-06T02:50:57.497Z	claude-opus-5
1d6b0861579bbec0	-	ineligible	out-of-family:x-noop	-	-	-	agent-a979b716f0d58a627.jsonl	2026-09-06T02:54:26.337Z	claude-opus-5
c0a1cd6b0977dbaa	-	ineligible	out-of-family:x-noop	-	-	-	agent-a979b716f0d58a627.jsonl	2026-09-06T02:54:44.039Z	claude-opus-5
f19f78bfbde28a35	-	ineligible	out-of-family:x-noop	-	-	-	agent-a7edf71f3c2db7052.jsonl	2026-09-08T14:02:40.005Z	claude-opus-5
06dd1176d1522af1	-	ineligible	out-of-family:x-noop	-	-	-	agent-a7edf71f3c2db7052.jsonl	2026-09-08T14:03:06.661Z	claude-opus-5
631b990ae429b782	-	ineligible	out-of-family:x-noop	-	-	-	agent-a7edf71f3c2db7052.jsonl	2026-09-08T14:04:04.830Z	claude-opus-5
1811e02764a6bc69	-	ineligible	out-of-family:x-other	-	-	-	agent-a7edf71f3c2db7052.jsonl	2026-09-08T14:04:48.593Z	claude-opus-5
aa25149b21a13e5f	-	ineligible	out-of-family:x-noop	-	-	-	agent-a8ed0d897e972c6c1.jsonl	2026-09-05T05:12:31.539Z	claude-opus-5
768237983ed9cc6a	R	ineligible	pre-edit-bytes-not-recoverable	/home/forge/src/clj-surgeon	-	-	agent-a8ed0d897e972c6c1.jsonl	2026-09-05T05:14:32.414Z	claude-opus-5
1ece3b59fbe3db4f	-	ineligible	out-of-family:x-noop	-	-	-	agent-a8ed0d897e972c6c1.jsonl	2026-09-05T05:17:55.934Z	claude-opus-5
953b6bb011bc64e0	-	ineligible	out-of-family:x-noop	-	-	-	agent-a8ed0d897e972c6c1.jsonl	2026-09-05T05:26:50.324Z	claude-opus-5
2621b73d3e6663bf	-	ineligible	out-of-family:x-noop	-	-	-	agent-a8ed0d897e972c6c1.jsonl	2026-09-05T05:26:57.095Z	claude-opus-5
e80592bd8eda8b44	-	ineligible	out-of-family:x-other	-	-	-	agent-a8ed0d897e972c6c1.jsonl	2026-09-05T05:27:04.579Z	claude-opus-5
d455d3d017c84275	-	ineligible	out-of-family:x-noop	-	-	-	agent-a8ed0d897e972c6c1.jsonl	2026-09-05T05:33:52.021Z	claude-opus-5
1b716a336881072f	-	ineligible	out-of-family:x-noop	-	-	-	agent-a8ed0d897e972c6c1.jsonl	2026-09-05T05:34:04.143Z	claude-opus-5
81445d1d20f90775	-	ineligible	out-of-family:x-noop	-	-	-	agent-a8ed0d897e972c6c1.jsonl	2026-09-05T05:34:30.248Z	claude-opus-5
511670c17d119423	-	ineligible	out-of-family:x-noop	-	-	-	agent-a8ed0d897e972c6c1.jsonl	2026-09-05T05:35:18.947Z	claude-opus-5
68ef449926df3b33	-	ineligible	out-of-family:x-noop	-	-	-	agent-a8ed0d897e972c6c1.jsonl	2026-09-05T05:35:33.947Z	claude-opus-5
4f43c08d3027f9c2	-	ineligible	out-of-family:x-noop	-	-	-	agent-a8ed0d897e972c6c1.jsonl	2026-09-05T05:36:10.415Z	claude-opus-5
67dbf1749bff6822	-	ineligible	out-of-family:x-noop	-	-	-	agent-a8ed0d897e972c6c1.jsonl	2026-09-05T05:36:33.707Z	claude-opus-5
285800d6d9f8e1fd	-	ineligible	out-of-family:x-noop	-	-	-	agent-a8ed0d897e972c6c1.jsonl	2026-09-05T05:36:50.034Z	claude-opus-5
2ab0ea09952c8e6a	-	ineligible	out-of-family:x-noop	-	-	-	agent-a8ed0d897e972c6c1.jsonl	2026-09-05T05:37:06.079Z	claude-opus-5
8aa902198d866eb6	-	ineligible	out-of-family:x-noop	-	-	-	agent-a8ed0d897e972c6c1.jsonl	2026-09-05T05:37:20.729Z	claude-opus-5
13bad501972b5065	-	ineligible	out-of-family:x-noop	-	-	-	agent-a8ed0d897e972c6c1.jsonl	2026-09-05T05:37:28.076Z	claude-opus-5
0c42d0222f847538	-	ineligible	out-of-family:x-other	-	-	-	agent-a8ed0d897e972c6c1.jsonl	2026-09-05T05:37:47.273Z	claude-opus-5
ca8fa572a08d03c0	-	ineligible	out-of-family:x-noop	-	-	-	agent-a8ed0d897e972c6c1.jsonl	2026-09-05T05:46:02.012Z	claude-opus-5
15231d3e870f26c0	-	ineligible	out-of-family:x-noop	-	-	-	agent-a8ed0d897e972c6c1.jsonl	2026-09-05T05:46:13.861Z	claude-opus-5
4ef016d189d42bcf	-	ineligible	out-of-family:x-noop	-	-	-	agent-a8ed0d897e972c6c1.jsonl	2026-09-05T05:46:20.421Z	claude-opus-5
06b3f741402bf314	-	ineligible	out-of-family:x-noop	-	-	-	agent-a8ed0d897e972c6c1.jsonl	2026-09-05T05:46:37.185Z	claude-opus-5
dc1187185eba2588	-	ineligible	out-of-family:x-noop	-	-	-	agent-a8ed0d897e972c6c1.jsonl	2026-09-05T05:46:47.546Z	claude-opus-5
a0b654fd96ef19df	-	ineligible	out-of-family:x-noop	-	-	-	agent-a8ed0d897e972c6c1.jsonl	2026-09-05T05:47:09.326Z	claude-opus-5
f959fa4b607d39ba	I	ineligible	edit-already-present-in-pre-edit	/home/forge/src/clj-surgeon	test/clj_surgeon/helper_extraction_test.clj	87f89eaf8aee8f83f0c51ef8b57762f5105cec4e	agent-a8ed0d897e972c6c1.jsonl	2026-09-05T05:47:24.429Z	claude-opus-5
6aaf6e4331193c6d	-	ineligible	out-of-family:x-noop	-	-	-	agent-a8ed0d897e972c6c1.jsonl	2026-09-05T05:47:51.795Z	claude-opus-5
de743ecb9971ddb4	-	ineligible	out-of-family:x-noop	-	-	-	agent-a8ed0d897e972c6c1.jsonl	2026-09-05T05:48:04.182Z	claude-opus-5
3c8180929aaaad84	-	ineligible	out-of-family:x-other	-	-	-	agent-a8ed0d897e972c6c1.jsonl	2026-09-05T05:48:59.479Z	claude-opus-5
5b693421dfbcef86	-	ineligible	out-of-family:x-noop	-	-	-	agent-a8ed0d897e972c6c1.jsonl	2026-09-05T06:02:04.446Z	claude-opus-5
056ba2a66f6f4bc8	-	ineligible	out-of-family:x-noop	-	-	-	agent-a8ed0d897e972c6c1.jsonl	2026-09-05T06:02:38.124Z	claude-opus-5
d311098372346561	-	ineligible	out-of-family:x-noop	-	-	-	agent-a8ed0d897e972c6c1.jsonl	2026-09-05T06:06:32.203Z	claude-opus-5
949047fe641c0c39	-	ineligible	out-of-family:x-noop	-	-	-	agent-a8ed0d897e972c6c1.jsonl	2026-09-05T06:07:06.018Z	claude-opus-5
ef4fa209b608a8e3	T	ineligible	edit-already-present-in-pre-edit	/home/forge/src/clj-surgeon	test/clj_surgeon/mcp_helper_extraction_test.clj	ce15361ae25ea94074566301a248f67c15017a2c	agent-a8ed0d897e972c6c1.jsonl	2026-09-05T06:07:44.482Z	claude-opus-5
266d8a5cf5770fcd	-	ineligible	out-of-family:x-other	-	-	-	agent-a8ed0d897e972c6c1.jsonl	2026-09-05T06:07:49.575Z	claude-opus-5
5b51403aacd27111	-	ineligible	out-of-family:x-noop	-	-	-	agent-a8ed0d897e972c6c1.jsonl	2026-09-05T06:08:59.509Z	claude-opus-5
d4ca954e108df345	-	ineligible	out-of-family:x-noop	-	-	-	agent-a8ed0d897e972c6c1.jsonl	2026-09-05T06:09:12.855Z	claude-opus-5
53cf5f6f7526a489	-	ineligible	out-of-family:x-noop	-	-	-	agent-a8ed0d897e972c6c1.jsonl	2026-09-05T06:09:22.033Z	claude-opus-5
b77a9a3dc3332f46	-	ineligible	out-of-family:x-other	-	-	-	agent-a8ed0d897e972c6c1.jsonl	2026-09-05T06:46:21.775Z	claude-opus-5
2e8c195234c9d82e	-	ineligible	out-of-family:x-noop	-	-	-	agent-a8ed0d897e972c6c1.jsonl	2026-09-05T06:48:17.571Z	claude-opus-5
6d9edad9ace75bb9	-	ineligible	out-of-family:x-noop	-	-	-	agent-a8ed0d897e972c6c1.jsonl	2026-09-05T06:48:29.411Z	claude-opus-5
6e6c70b5a21f9c13	-	ineligible	out-of-family:x-noop	-	-	-	agent-a8ed0d897e972c6c1.jsonl	2026-09-05T06:48:54.836Z	claude-opus-5
49e44ed066ea5d46	-	ineligible	out-of-family:x-other	-	-	-	agent-a8ed0d897e972c6c1.jsonl	2026-09-05T06:49:16.214Z	claude-opus-5
acd9dbf19a67dd7f	-	ineligible	out-of-family:x-noop	-	-	-	agent-a8ed0d897e972c6c1.jsonl	2026-09-05T06:50:55.025Z	claude-opus-5
5050635a1aa70619	-	ineligible	out-of-family:x-noop	-	-	-	agent-a8ed0d897e972c6c1.jsonl	2026-09-05T06:52:37.335Z	claude-opus-5
5c193d834c7468d5	-	ineligible	out-of-family:x-noop	-	-	-	agent-a8ed0d897e972c6c1.jsonl	2026-09-05T06:54:36.273Z	claude-opus-5
ec5dca419623e0b6	-	ineligible	out-of-family:x-noop	-	-	-	agent-a8ed0d897e972c6c1.jsonl	2026-09-05T06:56:21.672Z	claude-opus-5
ff3028fe3d2b958d	-	ineligible	out-of-family:x-noop	-	-	-	agent-a8ed0d897e972c6c1.jsonl	2026-09-05T06:57:40.183Z	claude-opus-5
05307b73f5f410d5	-	ineligible	out-of-family:x-noop	-	-	-	agent-a8ed0d897e972c6c1.jsonl	2026-09-05T07:09:15.542Z	claude-opus-5
ee74c19d84d03546	-	ineligible	out-of-family:x-noop	-	-	-	agent-a8ed0d897e972c6c1.jsonl	2026-09-05T07:22:48.601Z	claude-opus-5
c0edf0adb8527ba3	-	ineligible	out-of-family:x-noop	-	-	-	agent-a8ed0d897e972c6c1.jsonl	2026-09-05T07:27:37.819Z	claude-opus-5
828221995c41a617	-	ineligible	out-of-family:x-noop	-	-	-	agent-a8ed0d897e972c6c1.jsonl	2026-09-05T07:27:45.853Z	claude-opus-5
53493a74aac746da	-	ineligible	out-of-family:x-noop	-	-	-	agent-a8ed0d897e972c6c1.jsonl	2026-09-05T07:53:37.393Z	claude-opus-5
6861e704676d6ec7	-	ineligible	out-of-family:x-noop	-	-	-	agent-a8ed0d897e972c6c1.jsonl	2026-09-05T07:53:57.432Z	claude-opus-5
e90d7109c26cd0a1	-	ineligible	out-of-family:x-noop	-	-	-	agent-a8ed0d897e972c6c1.jsonl	2026-09-05T08:33:54.263Z	claude-opus-5
34ef04c03907c77c	-	ineligible	out-of-family:x-noop	-	-	-	agent-a8ed0d897e972c6c1.jsonl	2026-09-05T08:34:37.630Z	claude-opus-5
44ef9b2b16946d19	-	ineligible	out-of-family:x-noop	-	-	-	agent-a8ed0d897e972c6c1.jsonl	2026-09-05T08:36:33.934Z	claude-opus-5
5ecec67616151cf0	-	ineligible	out-of-family:x-noop	-	-	-	agent-a8ed0d897e972c6c1.jsonl	2026-09-05T08:55:54.994Z	claude-opus-5
ebf024230c2be878	-	ineligible	out-of-family:x-noop	-	-	-	agent-a8ed0d897e972c6c1.jsonl	2026-09-05T08:56:15.056Z	claude-opus-5
d2e2c8b583458994	-	ineligible	out-of-family:x-noop	-	-	-	agent-a8ed0d897e972c6c1.jsonl	2026-09-05T09:00:29.753Z	claude-opus-5
1f4ca9eeffc32848	-	ineligible	out-of-family:x-noop	-	-	-	agent-a8ed0d897e972c6c1.jsonl	2026-09-05T09:02:23.301Z	claude-opus-5
70a74e11330f06f4	-	ineligible	out-of-family:x-noop	-	-	-	agent-a8ed0d897e972c6c1.jsonl	2026-09-05T09:02:42.156Z	claude-opus-5
30824fef65219449	T	eligible	ok	/home/forge/src/clj-surgeon	test/clj_surgeon/lane_manifest_test.clj	eddbe6fdc3a48832a8ab11ede48ecae90d4e14c6	agent-a8ed0d897e972c6c1.jsonl	2026-09-05T09:02:50.952Z	claude-opus-5
b2a51b0a1b821678	-	ineligible	out-of-family:x-noop	-	-	-	agent-a8ed0d897e972c6c1.jsonl	2026-09-05T09:23:51.895Z	claude-opus-5
e84caa756950ef5c	-	ineligible	out-of-family:x-noop	-	-	-	agent-a8ed0d897e972c6c1.jsonl	2026-09-05T09:24:12.452Z	claude-opus-5
98fbc667e5132799	T	ineligible	dup-episode-in-session	/home/forge/src/clj-surgeon	test/clj_surgeon/lane_manifest_test.clj	60d6e0e267bddd3c9698512827c870fd2e24c218	agent-a8ed0d897e972c6c1.jsonl	2026-09-05T09:24:20.437Z	claude-opus-5
d076b381ced349ec	-	ineligible	out-of-family:x-noop	-	-	-	agent-a8ed0d897e972c6c1.jsonl	2026-09-05T09:26:03.891Z	claude-opus-5
d5e09249112c7620	-	ineligible	out-of-family:x-other	-	-	-	agent-a8ed0d897e972c6c1.jsonl	2026-09-05T09:27:40.407Z	claude-opus-5
7e3e8c799f1218e7	-	ineligible	out-of-family:x-noop	-	-	-	agent-a8ed0d897e972c6c1.jsonl	2026-09-05T09:48:30.320Z	claude-opus-5
336e68cf3db9b591	-	ineligible	out-of-family:x-other	-	-	-	agent-a8ed0d897e972c6c1.jsonl	2026-09-05T09:48:52.334Z	claude-opus-5
1748bea7daeab90c	T	ineligible	dup-episode-in-session	/home/forge/src/clj-surgeon	test/clj_surgeon/lane_manifest_test.clj	ce162604644337055aa674bdf38edede7aee9e8f	agent-a8ed0d897e972c6c1.jsonl	2026-09-05T09:49:00.515Z	claude-opus-5
1919aec086e07ba2	-	ineligible	out-of-family:x-noop	-	-	-	agent-a8ed0d897e972c6c1.jsonl	2026-09-05T09:56:28.520Z	claude-opus-5
1820065a27d6dc1d	-	ineligible	out-of-family:x-noop	-	-	-	agent-a8ed0d897e972c6c1.jsonl	2026-09-05T09:57:00.775Z	claude-opus-5
b9083858e72d2ba7	T	ineligible	pre-edit-bytes-not-recoverable	/home/forge/src/clj-surgeon	-	-	agent-a8ed0d897e972c6c1.jsonl	2026-09-05T09:57:08.696Z	claude-opus-5
a5c4567f1d95b2ff	-	ineligible	out-of-family:x-noop	-	-	-	agent-a8ed0d897e972c6c1.jsonl	2026-09-05T09:59:00.400Z	claude-opus-5
b4b708b0f70af202	-	ineligible	out-of-family:x-noop	-	-	-	agent-a4a3a547266d7252a.jsonl	2026-09-06T09:05:21.246Z	claude-opus-5
a1ffcb0e2af9fb77	-	ineligible	out-of-family:x-noop	-	-	-	agent-a4a3a547266d7252a.jsonl	2026-09-06T09:07:13.314Z	claude-opus-5
ee2de3d83a0c5969	-	ineligible	out-of-family:x-other	-	-	-	agent-a4a3a547266d7252a.jsonl	2026-09-06T09:08:17.538Z	claude-opus-5
454e2bce0c307494	-	ineligible	out-of-family:x-noop	-	-	-	agent-a4a3a547266d7252a.jsonl	2026-09-06T09:10:26.101Z	claude-opus-5
3f426bd4c7c95eca	-	ineligible	out-of-family:x-noop	-	-	-	agent-a4a3a547266d7252a.jsonl	2026-09-06T09:34:28.050Z	claude-opus-5
51ddcb77d72b9ebd	-	ineligible	out-of-family:x-noop	-	-	-	agent-a4a3a547266d7252a.jsonl	2026-09-06T09:34:52.221Z	claude-opus-5
f9475d0dcc4ac6f2	-	ineligible	out-of-family:x-noop	-	-	-	agent-a4a3a547266d7252a.jsonl	2026-09-06T09:35:28.040Z	claude-opus-5
4df6d2482069b790	-	ineligible	out-of-family:x-noop	-	-	-	agent-a4a3a547266d7252a.jsonl	2026-09-06T09:37:29.873Z	claude-opus-5
9575978c7c063d27	-	ineligible	out-of-family:x-noop	-	-	-	agent-a4a3a547266d7252a.jsonl	2026-09-06T09:38:54.391Z	claude-opus-5
7884bb343c18cfe5	-	ineligible	out-of-family:x-noop	-	-	-	agent-a4a3a547266d7252a.jsonl	2026-09-06T09:39:17.177Z	claude-opus-5
b8d0a9dcbe2d363d	-	ineligible	out-of-family:x-noop	-	-	-	agent-a4a3a547266d7252a.jsonl	2026-09-06T09:39:38.818Z	claude-opus-5
82749b7e7c53f90b	-	ineligible	out-of-family:x-noop	-	-	-	agent-a4a3a547266d7252a.jsonl	2026-09-06T10:05:27.506Z	claude-opus-5
9b518c02db6f0db5	-	ineligible	out-of-family:x-noop	-	-	-	agent-a4a3a547266d7252a.jsonl	2026-09-06T10:05:41.238Z	claude-opus-5
65876d7edaa90336	-	ineligible	out-of-family:x-other	-	-	-	agent-a5a7819c7046cdbef.jsonl	2026-09-04T04:21:26.961Z	claude-opus-5
b7ff378a57a2f3be	-	ineligible	out-of-family:x-noop	-	-	-	agent-a5a7819c7046cdbef.jsonl	2026-09-04T04:22:19.123Z	claude-opus-5
587ef399ca19b7e0	-	ineligible	out-of-family:x-noop	-	-	-	agent-a5a7819c7046cdbef.jsonl	2026-09-04T04:27:12.167Z	claude-opus-5
adcf2145361bd327	-	ineligible	out-of-family:x-noop	-	-	-	agent-a5a7819c7046cdbef.jsonl	2026-09-04T04:58:17.070Z	claude-opus-5
8596a60c1e3ca64d	-	ineligible	out-of-family:x-noop	-	-	-	agent-a5a7819c7046cdbef.jsonl	2026-09-04T05:09:17.224Z	claude-opus-5
c9e5f5ef99c63741	-	ineligible	out-of-family:x-other	-	-	-	agent-a5a7819c7046cdbef.jsonl	2026-09-04T05:10:10.469Z	claude-opus-5
ce9fa545fc3d0cc2	-	ineligible	out-of-family:x-noop	-	-	-	agent-a4753ab4c46fbe66b.jsonl	2026-09-03T22:10:09.963Z	claude-opus-5
b46c9a188d3d03f3	R	ineligible	pre-edit-bytes-not-recoverable	/home/forge/src/clj-surgeon-fanout	-	-	agent-a4753ab4c46fbe66b.jsonl	2026-09-03T22:10:56.013Z	claude-opus-5
e24dd4f8dcabbbec	-	ineligible	out-of-family:x-noop	-	-	-	agent-a4753ab4c46fbe66b.jsonl	2026-09-03T22:12:31.577Z	claude-opus-5
225152226abbd1ee	-	ineligible	out-of-family:x-noop	-	-	-	agent-a4753ab4c46fbe66b.jsonl	2026-09-03T22:12:57.574Z	claude-opus-5
116aeeeb059f4a0e	-	ineligible	out-of-family:x-other	-	-	-	agent-a4753ab4c46fbe66b.jsonl	2026-09-03T22:13:10.455Z	claude-opus-5
99a00482e93caad2	-	ineligible	out-of-family:x-noop	-	-	-	agent-a4753ab4c46fbe66b.jsonl	2026-09-03T22:13:37.168Z	claude-opus-5
50dac05f3f490de5	-	ineligible	out-of-family:x-noop	-	-	-	agent-a4753ab4c46fbe66b.jsonl	2026-09-03T22:15:48.266Z	claude-opus-5
7f32c888ae862b4c	-	ineligible	out-of-family:x-noop	-	-	-	agent-a4753ab4c46fbe66b.jsonl	2026-09-03T22:28:29.771Z	claude-opus-5
7f901fac5866d9da	-	ineligible	out-of-family:x-noop	-	-	-	agent-a4753ab4c46fbe66b.jsonl	2026-09-03T22:32:15.392Z	claude-opus-5
b6787f12c93381ce	-	ineligible	out-of-family:x-noop	-	-	-	agent-a44bf37b05289dc2b.jsonl	2026-09-07T23:51:27.248Z	claude-opus-5
6c18294e3c6d02f5	-	ineligible	out-of-family:x-noop	-	-	-	agent-a44bf37b05289dc2b.jsonl	2026-09-07T23:52:49.130Z	claude-opus-5
7c6114d7f139dadf	T	ineligible	pre-edit-bytes-not-recoverable	/home/forge/src/clj-surgeon-txn	-	-	agent-a3519a4aecadd43c1.jsonl	2026-09-03T10:39:40.016Z	claude-opus-5
88433761c1c169c6	-	ineligible	out-of-family:x-noop	-	-	-	agent-a3519a4aecadd43c1.jsonl	2026-09-03T10:40:38.650Z	claude-opus-5
078c8db8ddf68f08	-	ineligible	out-of-family:x-noop	-	-	-	agent-a3519a4aecadd43c1.jsonl	2026-09-03T10:40:48.073Z	claude-opus-5
f5e72764c1fe531d	-	ineligible	out-of-family:x-noop	-	-	-	agent-a3519a4aecadd43c1.jsonl	2026-09-03T10:41:06.363Z	claude-opus-5
98bb0e7e24e5a1fa	-	ineligible	out-of-family:x-noop	-	-	-	agent-a3519a4aecadd43c1.jsonl	2026-09-03T10:43:22.600Z	claude-opus-5
b219b1ec176651a1	-	ineligible	out-of-family:x-noop	-	-	-	agent-a3519a4aecadd43c1.jsonl	2026-09-03T10:46:16.277Z	claude-opus-5
4273a8ff4c02be45	-	ineligible	out-of-family:x-noop	-	-	-	agent-a3519a4aecadd43c1.jsonl	2026-09-03T10:46:48.075Z	claude-opus-5
1fbce8a67f39e728	-	ineligible	out-of-family:x-noop	-	-	-	agent-a3519a4aecadd43c1.jsonl	2026-09-03T10:47:00.783Z	claude-opus-5
36f8fe07e1a802a3	-	ineligible	out-of-family:x-noop	-	-	-	agent-a3519a4aecadd43c1.jsonl	2026-09-03T10:47:50.003Z	claude-opus-5
e235e61459171170	-	ineligible	out-of-family:x-other	-	-	-	agent-a3519a4aecadd43c1.jsonl	2026-09-03T10:47:59.389Z	claude-opus-5
5488571a3fefc107	-	ineligible	out-of-family:x-noop	-	-	-	agent-a3519a4aecadd43c1.jsonl	2026-09-03T10:50:24.566Z	claude-opus-5
e17227afbc1ad97e	-	ineligible	out-of-family:x-noop	-	-	-	agent-a3519a4aecadd43c1.jsonl	2026-09-03T10:50:41.773Z	claude-opus-5
18acbabce806ef48	-	ineligible	out-of-family:x-noop	-	-	-	agent-a3519a4aecadd43c1.jsonl	2026-09-03T10:51:07.614Z	claude-opus-5
639c74805fd44649	-	ineligible	out-of-family:x-noop	-	-	-	agent-a3519a4aecadd43c1.jsonl	2026-09-03T10:51:26.875Z	claude-opus-5
d2f5292c0c41627b	-	ineligible	out-of-family:x-noop	-	-	-	agent-a3519a4aecadd43c1.jsonl	2026-09-03T10:52:46.802Z	claude-opus-5
65887234bf3d61e9	-	ineligible	out-of-family:x-noop	-	-	-	agent-a3519a4aecadd43c1.jsonl	2026-09-03T10:53:19.488Z	claude-opus-5
67809a08ecaeda4c	-	ineligible	out-of-family:x-noop	-	-	-	agent-a3519a4aecadd43c1.jsonl	2026-09-03T10:56:42.837Z	claude-opus-5
f1ef48375dd4722e	-	ineligible	out-of-family:x-noop	-	-	-	agent-a3519a4aecadd43c1.jsonl	2026-09-03T10:59:44.727Z	claude-opus-5
80551bc7f68ca6af	-	ineligible	out-of-family:x-noop	-	-	-	agent-a3519a4aecadd43c1.jsonl	2026-09-03T11:01:23.337Z	claude-opus-5
c1f3c75a9b77fb10	-	ineligible	out-of-family:x-noop	-	-	-	agent-a40238ce14e2768e7.jsonl	2026-09-03T21:19:41.775Z	claude-opus-5
1492b5674da83ddd	-	ineligible	out-of-family:x-noop	-	-	-	agent-a40238ce14e2768e7.jsonl	2026-09-03T21:22:11.003Z	claude-opus-5
4c3b76bc4df1e289	-	ineligible	out-of-family:x-noop	-	-	-	agent-a40238ce14e2768e7.jsonl	2026-09-03T21:23:44.233Z	claude-opus-5
b0ac8141ead9faa0	-	ineligible	out-of-family:x-noop	-	-	-	agent-a40238ce14e2768e7.jsonl	2026-09-03T21:24:41.608Z	claude-opus-5
de821896b7a8bbd0	-	ineligible	out-of-family:x-noop	-	-	-	agent-a5353cb7be9990793.jsonl	2026-09-04T05:57:19.361Z	claude-opus-5
d703a3f088843012	-	ineligible	out-of-family:x-noop	-	-	-	agent-a5353cb7be9990793.jsonl	2026-09-04T05:58:59.208Z	claude-opus-5
466e0663c2fb9dff	-	ineligible	out-of-family:x-noop	-	-	-	agent-a5353cb7be9990793.jsonl	2026-09-04T05:59:08.471Z	claude-opus-5
4a5ef446a1af111c	-	ineligible	out-of-family:x-noop	-	-	-	agent-a5353cb7be9990793.jsonl	2026-09-04T06:00:40.913Z	claude-opus-5
e473cda4452a95a7	-	ineligible	out-of-family:x-noop	-	-	-	agent-a5353cb7be9990793.jsonl	2026-09-04T06:00:54.536Z	claude-opus-5
5587a5f030a07d18	-	ineligible	out-of-family:x-noop	-	-	-	agent-a5353cb7be9990793.jsonl	2026-09-04T06:01:10.784Z	claude-opus-5
ffb08ebec36394e4	-	ineligible	out-of-family:x-noop	-	-	-	agent-a5353cb7be9990793.jsonl	2026-09-04T06:04:07.889Z	claude-opus-5
54b6374902d4bbda	-	ineligible	out-of-family:x-noop	-	-	-	agent-a5353cb7be9990793.jsonl	2026-09-04T06:04:35.821Z	claude-opus-5
8ff877cf2e6ddc6b	-	ineligible	out-of-family:x-noop	-	-	-	agent-a5353cb7be9990793.jsonl	2026-09-04T06:05:02.715Z	claude-opus-5
87cadd8496ec0577	-	ineligible	out-of-family:x-noop	-	-	-	agent-a5353cb7be9990793.jsonl	2026-09-04T06:05:43.079Z	claude-opus-5
6673bfab3357eb90	-	ineligible	out-of-family:x-noop	-	-	-	agent-a5353cb7be9990793.jsonl	2026-09-04T06:06:06.580Z	claude-opus-5
a86e56aea04be9fe	-	ineligible	out-of-family:x-noop	-	-	-	agent-a5353cb7be9990793.jsonl	2026-09-04T06:06:13.192Z	claude-opus-5
f9cdfd35dabed80f	-	ineligible	out-of-family:x-noop	-	-	-	agent-a5353cb7be9990793.jsonl	2026-09-04T06:06:24.951Z	claude-opus-5
228c75b6013c8405	-	ineligible	out-of-family:x-noop	-	-	-	agent-a5353cb7be9990793.jsonl	2026-09-04T06:06:36.650Z	claude-opus-5
d5c62884037d1024	-	ineligible	out-of-family:x-noop	-	-	-	agent-a5353cb7be9990793.jsonl	2026-09-04T06:07:31.259Z	claude-opus-5
b5d2288ee5360a40	-	ineligible	out-of-family:x-noop	-	-	-	agent-a5353cb7be9990793.jsonl	2026-09-04T06:08:14.977Z	claude-opus-5
021dfdbbc00a9e0b	-	ineligible	out-of-family:x-noop	-	-	-	agent-a5353cb7be9990793.jsonl	2026-09-04T06:08:34.458Z	claude-opus-5
24dc537e68048300	-	ineligible	out-of-family:x-noop	-	-	-	agent-a5353cb7be9990793.jsonl	2026-09-04T06:09:15.640Z	claude-opus-5
d30edb1332b3c994	-	ineligible	out-of-family:x-noop	-	-	-	agent-a5353cb7be9990793.jsonl	2026-09-04T06:09:20.962Z	claude-opus-5
d324bce04a7905d4	-	ineligible	out-of-family:x-noop	-	-	-	agent-a5353cb7be9990793.jsonl	2026-09-04T06:10:08.998Z	claude-opus-5
4adef1ac1035f357	-	ineligible	out-of-family:x-noop	-	-	-	agent-a5353cb7be9990793.jsonl	2026-09-04T06:10:56.032Z	claude-opus-5
53ff280d809f5d30	-	ineligible	out-of-family:x-noop	-	-	-	agent-a5353cb7be9990793.jsonl	2026-09-04T06:12:01.809Z	claude-opus-5
9497c272dddce083	-	ineligible	out-of-family:x-noop	-	-	-	agent-a5353cb7be9990793.jsonl	2026-09-04T06:12:21.052Z	claude-opus-5
d1c29880907de36e	-	ineligible	out-of-family:x-noop	-	-	-	agent-a5353cb7be9990793.jsonl	2026-09-04T06:13:31.189Z	claude-opus-5
1b3d0865d189d0a3	-	ineligible	out-of-family:x-noop	-	-	-	agent-a5353cb7be9990793.jsonl	2026-09-04T06:14:04.206Z	claude-opus-5
3929384ee587c586	-	ineligible	out-of-family:x-noop	-	-	-	agent-a5353cb7be9990793.jsonl	2026-09-04T06:14:33.177Z	claude-opus-5
2bb2deb8ef536f01	-	ineligible	out-of-family:x-noop	-	-	-	agent-a5353cb7be9990793.jsonl	2026-09-04T06:17:27.562Z	claude-opus-5
37c67e8c0df722ae	-	ineligible	out-of-family:x-noop	-	-	-	agent-a74fd7e9206df68cf.jsonl	2026-09-08T02:57:11.434Z	claude-opus-5
44c50178180362d6	-	ineligible	out-of-family:x-noop	-	-	-	agent-a74fd7e9206df68cf.jsonl	2026-09-08T02:58:32.123Z	claude-opus-5
1aabdba98409761a	-	ineligible	out-of-family:x-noop	-	-	-	agent-a74fd7e9206df68cf.jsonl	2026-09-08T02:58:57.672Z	claude-opus-5
6fe1271aa6739b87	-	ineligible	out-of-family:x-noop	-	-	-	agent-a74fd7e9206df68cf.jsonl	2026-09-08T02:59:28.073Z	claude-opus-5
c122cc18724aa1d5	-	ineligible	out-of-family:x-noop	-	-	-	agent-a74fd7e9206df68cf.jsonl	2026-09-08T02:59:39.047Z	claude-opus-5
2538a32bb52fc4f6	-	ineligible	out-of-family:x-noop	-	-	-	agent-a74fd7e9206df68cf.jsonl	2026-09-08T03:06:30.523Z	claude-opus-5
a147cc7a05a7966d	-	ineligible	out-of-family:x-other	-	-	-	agent-a6e2832d254ee58c0.jsonl	2026-09-04T13:11:17.021Z	claude-opus-5
2028c2f7350fcee1	-	ineligible	out-of-family:x-noop	-	-	-	agent-a6e2832d254ee58c0.jsonl	2026-09-04T13:11:30.192Z	claude-opus-5
a7eed2eaa9cc3a8e	-	ineligible	out-of-family:x-noop	-	-	-	agent-a6e2832d254ee58c0.jsonl	2026-09-04T13:18:08.338Z	claude-opus-5
d5222009987e3166	-	ineligible	out-of-family:x-noop	-	-	-	agent-a6e2832d254ee58c0.jsonl	2026-09-04T13:26:41.018Z	claude-opus-5
aae2c20d9d64dfab	-	ineligible	out-of-family:x-noop	-	-	-	agent-a6e2832d254ee58c0.jsonl	2026-09-04T13:34:06.565Z	claude-opus-5
940cd881d9e7c816	-	ineligible	out-of-family:x-noop	-	-	-	agent-a6e2832d254ee58c0.jsonl	2026-09-04T13:34:26.956Z	claude-opus-5
646b351f964493bc	-	ineligible	out-of-family:x-noop	-	-	-	agent-a6e2832d254ee58c0.jsonl	2026-09-04T13:36:14.606Z	claude-opus-5
4a48874ff34c397f	-	ineligible	out-of-family:x-noop	-	-	-	agent-a6e2832d254ee58c0.jsonl	2026-09-04T13:36:48.688Z	claude-opus-5
b56e710759f0a7be	-	ineligible	out-of-family:x-noop	-	-	-	agent-a6e2832d254ee58c0.jsonl	2026-09-04T13:37:17.074Z	claude-opus-5
f8d887f32c623629	-	ineligible	out-of-family:x-noop	-	-	-	agent-a6e2832d254ee58c0.jsonl	2026-09-04T13:47:50.580Z	claude-opus-5
12728f451952c455	-	ineligible	out-of-family:x-noop	-	-	-	agent-a6e2832d254ee58c0.jsonl	2026-09-04T13:48:00.929Z	claude-opus-5
bf05012d6a09002b	-	ineligible	out-of-family:x-noop	-	-	-	agent-a6e2832d254ee58c0.jsonl	2026-09-04T13:48:13.026Z	claude-opus-5
112fd6f8bc68a9ba	-	ineligible	out-of-family:x-noop	-	-	-	agent-a6e2832d254ee58c0.jsonl	2026-09-04T13:49:21.823Z	claude-opus-5
90419533565d0bf6	-	ineligible	out-of-family:x-noop	-	-	-	agent-a6e2832d254ee58c0.jsonl	2026-09-04T13:49:51.379Z	claude-opus-5
374cf458f59ea160	-	ineligible	out-of-family:x-other	-	-	-	agent-a6e2832d254ee58c0.jsonl	2026-09-04T13:56:29.537Z	claude-opus-5
12a5b156791a43a0	-	ineligible	out-of-family:x-other	-	-	-	agent-a6e2832d254ee58c0.jsonl	2026-09-04T13:57:29.596Z	claude-opus-5
9c9c0c6eb0f4d29f	-	ineligible	out-of-family:x-noop	-	-	-	agent-a6e2832d254ee58c0.jsonl	2026-09-04T13:58:18.942Z	claude-opus-5
b40aace3b2523e69	-	ineligible	out-of-family:x-noop	-	-	-	agent-a6e2832d254ee58c0.jsonl	2026-09-04T13:58:53.952Z	claude-opus-5
743f56b95fe9442e	-	ineligible	out-of-family:x-noop	-	-	-	agent-a6e2832d254ee58c0.jsonl	2026-09-04T14:00:46.806Z	claude-opus-5
60978317209b199a	-	ineligible	out-of-family:x-noop	-	-	-	agent-a6e2832d254ee58c0.jsonl	2026-09-04T14:02:00.834Z	claude-opus-5
56b1e09f2f208d99	-	ineligible	out-of-family:x-noop	-	-	-	agent-a6e2832d254ee58c0.jsonl	2026-09-04T14:03:25.268Z	claude-opus-5
9f233b58c814b152	-	ineligible	out-of-family:x-noop	-	-	-	agent-a6e2832d254ee58c0.jsonl	2026-09-04T14:06:31.370Z	claude-opus-5
a80217e429c946cd	-	ineligible	out-of-family:x-noop	-	-	-	agent-a6e2832d254ee58c0.jsonl	2026-09-04T14:07:27.124Z	claude-opus-5
0306fc762ca198d7	-	ineligible	out-of-family:x-noop	-	-	-	agent-a6e2832d254ee58c0.jsonl	2026-09-04T14:07:33.207Z	claude-opus-5
e231a89363b0fdc3	-	ineligible	out-of-family:x-noop	-	-	-	agent-a6e2832d254ee58c0.jsonl	2026-09-04T14:08:01.416Z	claude-opus-5
e243f2d278772bbf	-	ineligible	out-of-family:x-noop	-	-	-	agent-a6e2832d254ee58c0.jsonl	2026-09-04T14:08:28.045Z	claude-opus-5
752c8498496b8334	-	ineligible	out-of-family:x-noop	-	-	-	agent-a6e2832d254ee58c0.jsonl	2026-09-04T14:09:00.611Z	claude-opus-5
2fd83efbf52dbcfa	-	ineligible	out-of-family:x-noop	-	-	-	agent-a6e2832d254ee58c0.jsonl	2026-09-04T14:14:59.967Z	claude-opus-5
115decbbf7455cc0	-	ineligible	out-of-family:x-noop	-	-	-	agent-a6e2832d254ee58c0.jsonl	2026-09-04T14:15:29.372Z	claude-opus-5
da26435766f601e2	-	ineligible	out-of-family:x-noop	-	-	-	agent-a6e2832d254ee58c0.jsonl	2026-09-04T14:16:05.101Z	claude-opus-5
18a756acf4f7e1a4	-	ineligible	out-of-family:x-noop	-	-	-	agent-a6e2832d254ee58c0.jsonl	2026-09-04T14:22:04.594Z	claude-opus-5
d73f3ab729bc3038	-	ineligible	out-of-family:x-noop	-	-	-	agent-a6e2832d254ee58c0.jsonl	2026-09-04T14:22:17.653Z	claude-opus-5
4254e80d6cd38ff0	-	ineligible	out-of-family:x-other	-	-	-	agent-adb3860315b2a0a8d.jsonl	2026-09-04T02:56:44.749Z	claude-opus-5
9ae0696ae3222a2a	-	ineligible	out-of-family:x-noop	-	-	-	agent-adb3860315b2a0a8d.jsonl	2026-09-04T03:04:40.305Z	claude-opus-5
2c9ec6e031c5ba76	-	ineligible	out-of-family:x-noop	-	-	-	agent-adb3860315b2a0a8d.jsonl	2026-09-04T03:06:04.573Z	claude-opus-5
6719bd0a869506e8	-	ineligible	out-of-family:x-noop	-	-	-	agent-adb3860315b2a0a8d.jsonl	2026-09-04T03:06:15.912Z	claude-opus-5
568818108cbbb526	-	ineligible	out-of-family:x-noop	-	-	-	agent-adb3860315b2a0a8d.jsonl	2026-09-04T03:07:52.663Z	claude-opus-5
b8b39e9d2e7a037d	-	ineligible	out-of-family:x-noop	-	-	-	agent-adb3860315b2a0a8d.jsonl	2026-09-04T03:08:46.411Z	claude-opus-5
6f9e8e992d8409e3	-	ineligible	out-of-family:x-noop	-	-	-	agent-adb3860315b2a0a8d.jsonl	2026-09-04T03:10:59.831Z	claude-opus-5
18b01c41017df937	-	ineligible	out-of-family:x-noop	-	-	-	agent-adb3860315b2a0a8d.jsonl	2026-09-04T03:11:35.324Z	claude-opus-5
f73da77c4d62915e	-	ineligible	out-of-family:x-other	-	-	-	agent-adb3860315b2a0a8d.jsonl	2026-09-04T03:13:32.930Z	claude-opus-5
bb4f8a8eba2de510	-	ineligible	out-of-family:x-noop	-	-	-	agent-adb3860315b2a0a8d.jsonl	2026-09-04T03:13:55.502Z	claude-opus-5
50fd4427f1bd1b11	-	ineligible	out-of-family:x-noop	-	-	-	agent-adb3860315b2a0a8d.jsonl	2026-09-04T03:14:48.310Z	claude-opus-5
1fb454be0456f349	-	ineligible	out-of-family:x-noop	-	-	-	agent-adb3860315b2a0a8d.jsonl	2026-09-04T03:15:21.529Z	claude-opus-5
8bd3d82a3ef4d6c1	-	ineligible	out-of-family:x-noop	-	-	-	agent-adb3860315b2a0a8d.jsonl	2026-09-04T03:16:07.200Z	claude-opus-5
9536a2be56f4e672	-	ineligible	out-of-family:x-noop	-	-	-	agent-adb3860315b2a0a8d.jsonl	2026-09-04T03:16:37.204Z	claude-opus-5
1a8b2eaea1b4ba25	-	ineligible	out-of-family:x-noop	-	-	-	agent-adb3860315b2a0a8d.jsonl	2026-09-04T03:17:19.286Z	claude-opus-5
0552afdda632a310	-	ineligible	out-of-family:x-noop	-	-	-	agent-adb3860315b2a0a8d.jsonl	2026-09-04T03:17:45.505Z	claude-opus-5
e01f4bcaa1edb6ca	-	ineligible	out-of-family:x-other	-	-	-	agent-adb3860315b2a0a8d.jsonl	2026-09-04T03:19:14.977Z	claude-opus-5
a9e25d624693fc48	-	ineligible	out-of-family:x-noop	-	-	-	agent-adb3860315b2a0a8d.jsonl	2026-09-04T03:20:16.360Z	claude-opus-5
490e5300c947ef8a	-	ineligible	out-of-family:x-noop	-	-	-	agent-adb3860315b2a0a8d.jsonl	2026-09-04T03:21:49.315Z	claude-opus-5
487a6063242296d6	-	ineligible	out-of-family:x-noop	-	-	-	agent-adb3860315b2a0a8d.jsonl	2026-09-04T03:22:21.950Z	claude-opus-5
7ae372263389b307	-	ineligible	out-of-family:x-noop	-	-	-	agent-adb3860315b2a0a8d.jsonl	2026-09-04T03:22:51.478Z	claude-opus-5
f1af504114f2d511	-	ineligible	out-of-family:x-noop	-	-	-	agent-adb3860315b2a0a8d.jsonl	2026-09-04T03:25:49.746Z	claude-opus-5
df14ccfd876e4401	-	ineligible	out-of-family:x-noop	-	-	-	agent-a2f564a14daf957dc.jsonl	2026-09-04T12:07:15.736Z	claude-opus-5
d321e3aa60e584e4	-	ineligible	out-of-family:x-noop	-	-	-	agent-a2f564a14daf957dc.jsonl	2026-09-04T12:08:15.037Z	claude-opus-5
b7e1f14c66af5f4b	-	ineligible	out-of-family:x-noop	-	-	-	agent-a2f564a14daf957dc.jsonl	2026-09-04T12:09:36.694Z	claude-opus-5
74914cea2ea89ed9	-	ineligible	out-of-family:x-noop	-	-	-	agent-a2f564a14daf957dc.jsonl	2026-09-04T12:10:51.668Z	claude-opus-5
e459e2323caf92d3	-	ineligible	out-of-family:x-noop	-	-	-	agent-a2f564a14daf957dc.jsonl	2026-09-04T12:12:17.634Z	claude-opus-5
cead343aaad502a4	-	ineligible	out-of-family:x-noop	-	-	-	agent-a2f564a14daf957dc.jsonl	2026-09-04T12:19:13.873Z	claude-opus-5
92810ab25fa96fa8	-	ineligible	out-of-family:x-noop	-	-	-	agent-a2f564a14daf957dc.jsonl	2026-09-04T12:22:00.144Z	claude-opus-5
72938883edf92bc4	-	ineligible	out-of-family:x-noop	-	-	-	agent-a2f564a14daf957dc.jsonl	2026-09-04T12:24:32.504Z	claude-opus-5
b9530763ed876ebf	-	ineligible	out-of-family:x-noop	-	-	-	agent-a2f564a14daf957dc.jsonl	2026-09-04T12:25:16.763Z	claude-opus-5
8fbd16b50b508585	-	ineligible	out-of-family:x-other	-	-	-	agent-a2f564a14daf957dc.jsonl	2026-09-04T12:27:12.424Z	claude-opus-5
6c7f9d02d33d7ecb	-	ineligible	out-of-family:x-other	-	-	-	agent-a2f564a14daf957dc.jsonl	2026-09-04T12:28:13.510Z	claude-opus-5
75008f036f910ff0	-	ineligible	out-of-family:x-noop	-	-	-	agent-a360ba9d9160651f3.jsonl	2026-09-04T14:16:08.254Z	claude-opus-5
65420e6ae7926106	-	ineligible	out-of-family:x-noop	-	-	-	agent-a360ba9d9160651f3.jsonl	2026-09-04T14:16:21.025Z	claude-opus-5
4b49655a6493cd6d	-	ineligible	out-of-family:x-noop	-	-	-	agent-a360ba9d9160651f3.jsonl	2026-09-04T14:17:27.230Z	claude-opus-5
02c26b007e49fdf5	-	ineligible	out-of-family:x-noop	-	-	-	agent-a360ba9d9160651f3.jsonl	2026-09-04T14:21:21.792Z	claude-opus-5
cc81070db1537b58	-	ineligible	out-of-family:x-noop	-	-	-	agent-a360ba9d9160651f3.jsonl	2026-09-04T14:28:43.398Z	claude-opus-5
fe8915a99fa6828b	-	ineligible	out-of-family:x-noop	-	-	-	agent-a360ba9d9160651f3.jsonl	2026-09-04T14:31:35.521Z	claude-opus-5
623ad35a7c76f2a9	-	ineligible	out-of-family:x-noop	-	-	-	agent-a360ba9d9160651f3.jsonl	2026-09-04T14:38:09.012Z	claude-opus-5
60319f7de5ec9cb2	-	ineligible	out-of-family:x-noop	-	-	-	agent-a360ba9d9160651f3.jsonl	2026-09-04T14:38:23.333Z	claude-opus-5
e33a52a2bca542dc	-	ineligible	out-of-family:x-noop	-	-	-	agent-a360ba9d9160651f3.jsonl	2026-09-04T14:38:59.022Z	claude-opus-5
81befae74249abe5	-	ineligible	out-of-family:x-noop	-	-	-	agent-a360ba9d9160651f3.jsonl	2026-09-04T14:39:21.922Z	claude-opus-5
b546cb11efd537c2	-	ineligible	out-of-family:x-other	-	-	-	agent-a360ba9d9160651f3.jsonl	2026-09-04T14:45:32.947Z	claude-opus-5
00e49a7fe4548022	-	ineligible	out-of-family:x-noop	-	-	-	agent-a360ba9d9160651f3.jsonl	2026-09-04T14:55:51.391Z	claude-opus-5
6622d230410d7e07	-	ineligible	out-of-family:x-noop	-	-	-	agent-a360ba9d9160651f3.jsonl	2026-09-04T14:56:49.634Z	claude-opus-5
88509a0813a8e777	-	ineligible	out-of-family:x-noop	-	-	-	agent-a53c8a49f2328602f.jsonl	2026-09-10T18:27:20.811Z	claude-opus-5
a6fdcfae53072efc	-	ineligible	out-of-family:x-noop	-	-	-	agent-a66210b827541fa0f.jsonl	2026-09-04T15:16:23.108Z	claude-opus-5
2eedbd32d7eb9188	-	ineligible	out-of-family:x-noop	-	-	-	agent-a66210b827541fa0f.jsonl	2026-09-04T15:17:24.412Z	claude-opus-5
c3686dc4f4da2e37	-	ineligible	out-of-family:x-noop	-	-	-	agent-a66210b827541fa0f.jsonl	2026-09-04T15:18:12.603Z	claude-opus-5
a195cb6422b37464	-	ineligible	out-of-family:x-noop	-	-	-	agent-a66210b827541fa0f.jsonl	2026-09-04T15:18:27.459Z	claude-opus-5
3b918660923f6c66	T	ineligible	pre-edit-bytes-not-recoverable	/home/forge/src/clj-surgeon	-	-	agent-a66210b827541fa0f.jsonl	2026-09-04T15:19:23.991Z	claude-opus-5
7978b10da9c7e10c	-	ineligible	out-of-family:x-noop	-	-	-	agent-a66210b827541fa0f.jsonl	2026-09-04T15:23:13.714Z	claude-opus-5
8c32d4bf2d67e8c9	-	ineligible	out-of-family:x-noop	-	-	-	agent-a66210b827541fa0f.jsonl	2026-09-04T15:23:35.150Z	claude-opus-5
a30b974d2d3b5f80	-	ineligible	out-of-family:x-noop	-	-	-	agent-a66210b827541fa0f.jsonl	2026-09-04T15:35:27.896Z	claude-opus-5
8bd91c47cd5545ab	-	ineligible	out-of-family:x-noop	-	-	-	agent-a0cac9857d3743bc3.jsonl	2026-09-03T11:08:36.661Z	claude-opus-5
89005f84ec1474c0	-	ineligible	out-of-family:x-other	-	-	-	agent-a0cac9857d3743bc3.jsonl	2026-09-03T11:08:40.847Z	claude-opus-5
2f5db44f70874af4	-	ineligible	out-of-family:x-noop	-	-	-	agent-a0cac9857d3743bc3.jsonl	2026-09-03T11:09:09.064Z	claude-opus-5
b222ebc793852055	-	ineligible	out-of-family:x-noop	-	-	-	agent-a0cac9857d3743bc3.jsonl	2026-09-03T11:09:38.583Z	claude-opus-5
300885dac636a2d2	-	ineligible	out-of-family:x-noop	-	-	-	agent-a0cac9857d3743bc3.jsonl	2026-09-03T11:10:04.964Z	claude-opus-5
5f6922b8f19d1bf2	-	ineligible	out-of-family:x-noop	-	-	-	agent-a0cac9857d3743bc3.jsonl	2026-09-03T11:10:30.917Z	claude-opus-5
9401061a23ffa526	-	ineligible	out-of-family:x-noop	-	-	-	agent-a0cac9857d3743bc3.jsonl	2026-09-03T11:10:45.470Z	claude-opus-5
8a215edaa771e2a2	-	ineligible	out-of-family:x-noop	-	-	-	agent-a0cac9857d3743bc3.jsonl	2026-09-03T11:11:27.641Z	claude-opus-5
0f39746feec0b319	-	ineligible	out-of-family:x-noop	-	-	-	agent-a0cac9857d3743bc3.jsonl	2026-09-03T11:12:13.566Z	claude-opus-5
eaa5a12b7ea8db20	-	ineligible	out-of-family:x-noop	-	-	-	agent-a0cac9857d3743bc3.jsonl	2026-09-03T11:12:51.930Z	claude-opus-5
8ddd7ae3f942698d	-	ineligible	out-of-family:x-noop	-	-	-	agent-a0cac9857d3743bc3.jsonl	2026-09-03T11:13:16.705Z	claude-opus-5
ea6d3c3f04ce65de	-	ineligible	out-of-family:x-noop	-	-	-	agent-a0cac9857d3743bc3.jsonl	2026-09-03T11:13:37.493Z	claude-opus-5
c9ee0bdde79e47ff	-	ineligible	out-of-family:x-noop	-	-	-	agent-a0cac9857d3743bc3.jsonl	2026-09-03T11:14:19.986Z	claude-opus-5
7c01a48f05087b75	-	ineligible	out-of-family:x-noop	-	-	-	agent-a73adc4d868240d2f.jsonl	2026-09-04T10:15:49.915Z	claude-opus-5
e4eafc592b1f005b	-	ineligible	out-of-family:x-noop	-	-	-	agent-a73adc4d868240d2f.jsonl	2026-09-04T10:16:45.613Z	claude-opus-5
83610b168546b7d5	-	ineligible	out-of-family:x-noop	-	-	-	agent-a73adc4d868240d2f.jsonl	2026-09-04T10:17:32.569Z	claude-opus-5
4f89bf850c5cc1a2	-	ineligible	out-of-family:x-noop	-	-	-	agent-a73adc4d868240d2f.jsonl	2026-09-04T10:18:01.126Z	claude-opus-5
be68e4cf4bffe2f8	-	ineligible	out-of-family:x-other	-	-	-	agent-a73adc4d868240d2f.jsonl	2026-09-04T10:18:09.192Z	claude-opus-5
f9f1b79737901a1e	-	ineligible	out-of-family:x-other	-	-	-	agent-a73adc4d868240d2f.jsonl	2026-09-04T10:18:21.406Z	claude-opus-5
921affb228914e4f	-	ineligible	out-of-family:x-noop	-	-	-	agent-a73adc4d868240d2f.jsonl	2026-09-04T10:18:48.442Z	claude-opus-5
eb7f4323625dd6ad	-	ineligible	out-of-family:x-noop	-	-	-	agent-a73adc4d868240d2f.jsonl	2026-09-04T10:21:41.234Z	claude-opus-5
bb9a22b36484352e	-	ineligible	out-of-family:x-noop	-	-	-	agent-a73adc4d868240d2f.jsonl	2026-09-04T10:21:54.801Z	claude-opus-5
f3e8d7f62d133544	-	ineligible	out-of-family:x-noop	-	-	-	agent-a73adc4d868240d2f.jsonl	2026-09-04T10:22:35.083Z	claude-opus-5
98ae327999915137	-	ineligible	out-of-family:x-noop	-	-	-	agent-a73adc4d868240d2f.jsonl	2026-09-04T10:39:12.058Z	claude-opus-5
7940a7a4fd267927	-	ineligible	out-of-family:x-noop	-	-	-	agent-a73adc4d868240d2f.jsonl	2026-09-04T10:40:54.257Z	claude-opus-5
7c7c566b43c83405	-	ineligible	out-of-family:x-noop	-	-	-	agent-a81d71a6e4fd4d31e.jsonl	2026-09-07T07:05:02.292Z	claude-opus-5
e042df7d6089fadc	-	ineligible	out-of-family:x-noop	-	-	-	agent-a81d71a6e4fd4d31e.jsonl	2026-09-07T07:05:08.014Z	claude-opus-5
682e291926256b7a	-	ineligible	out-of-family:x-noop	-	-	-	agent-a81d71a6e4fd4d31e.jsonl	2026-09-07T07:05:14.111Z	claude-opus-5
36b557b9626e818a	-	ineligible	out-of-family:x-other	-	-	-	agent-a81d71a6e4fd4d31e.jsonl	2026-09-07T07:05:29.600Z	claude-opus-5
a31dd24c54b86548	-	ineligible	out-of-family:x-noop	-	-	-	agent-a81d71a6e4fd4d31e.jsonl	2026-09-07T07:05:34.464Z	claude-opus-5
6525b1f5db6eb9ff	-	ineligible	out-of-family:x-noop	-	-	-	agent-a9756c86220cd5051.jsonl	2026-09-03T09:25:30.154Z	claude-opus-5
9e827c5cf7f7d7de	-	ineligible	out-of-family:x-other	-	-	-	agent-a9756c86220cd5051.jsonl	2026-09-03T09:25:39.929Z	claude-opus-5
131d084bd32b4712	-	ineligible	out-of-family:x-other	-	-	-	agent-a9756c86220cd5051.jsonl	2026-09-03T09:25:42.558Z	claude-opus-5
06fa79d599ad2d61	-	ineligible	out-of-family:x-noop	-	-	-	agent-a9756c86220cd5051.jsonl	2026-09-03T09:28:25.368Z	claude-opus-5
33747009007c7ecb	-	ineligible	out-of-family:x-other	-	-	-	agent-a9756c86220cd5051.jsonl	2026-09-03T09:28:40.911Z	claude-opus-5
4a330d2d5b2ba0f0	-	ineligible	out-of-family:x-noop	-	-	-	agent-a9756c86220cd5051.jsonl	2026-09-03T09:31:02.003Z	claude-opus-5
04c55c7363712070	-	ineligible	out-of-family:x-noop	-	-	-	agent-a9756c86220cd5051.jsonl	2026-09-03T09:31:23.765Z	claude-opus-5
29ce4fdb8842f2b8	-	ineligible	out-of-family:x-noop	-	-	-	agent-a9756c86220cd5051.jsonl	2026-09-03T09:31:51.765Z	claude-opus-5
fd12bcffa00e2ea9	-	ineligible	out-of-family:x-noop	-	-	-	agent-a9756c86220cd5051.jsonl	2026-09-03T09:32:43.276Z	claude-opus-5
918156df51661c9a	-	ineligible	out-of-family:x-noop	-	-	-	agent-a9756c86220cd5051.jsonl	2026-09-03T09:33:39.806Z	claude-opus-5
b3c57e84bfd477b0	-	ineligible	out-of-family:x-noop	-	-	-	agent-a9756c86220cd5051.jsonl	2026-09-03T09:33:47.651Z	claude-opus-5
23de38dc47a41e53	-	ineligible	out-of-family:x-noop	-	-	-	agent-a9756c86220cd5051.jsonl	2026-09-03T09:34:11.762Z	claude-opus-5
6c7c6731c3009072	-	ineligible	out-of-family:x-noop	-	-	-	agent-a9756c86220cd5051.jsonl	2026-09-03T09:34:32.733Z	claude-opus-5
1b65936e3c56b41a	-	ineligible	out-of-family:x-noop	-	-	-	agent-a9756c86220cd5051.jsonl	2026-09-03T09:34:49.508Z	claude-opus-5
c44a0f3ad9958337	-	ineligible	out-of-family:x-noop	-	-	-	agent-a9756c86220cd5051.jsonl	2026-09-03T09:35:10.031Z	claude-opus-5
f26539f2cda0d3f9	-	ineligible	out-of-family:x-noop	-	-	-	agent-a9756c86220cd5051.jsonl	2026-09-03T09:38:12.868Z	claude-opus-5
0d67be904fb34929	-	ineligible	out-of-family:x-noop	-	-	-	agent-a9756c86220cd5051.jsonl	2026-09-03T09:39:45.596Z	claude-opus-5
4e0f08e9b2033117	-	ineligible	out-of-family:x-noop	-	-	-	agent-a9756c86220cd5051.jsonl	2026-09-03T09:40:24.012Z	claude-opus-5
8edca628a99a0918	-	ineligible	out-of-family:x-noop	-	-	-	agent-a9756c86220cd5051.jsonl	2026-09-03T09:41:00.275Z	claude-opus-5
62526fece3118fbd	-	ineligible	out-of-family:x-other	-	-	-	agent-a9756c86220cd5051.jsonl	2026-09-03T09:41:09.089Z	claude-opus-5
ead6f9831ce1bdf6	-	ineligible	out-of-family:x-noop	-	-	-	agent-a9756c86220cd5051.jsonl	2026-09-03T09:41:31.590Z	claude-opus-5
bba3680d070692b7	-	ineligible	out-of-family:x-noop	-	-	-	agent-a9756c86220cd5051.jsonl	2026-09-03T09:42:35.980Z	claude-opus-5
3418f8205e296799	-	ineligible	out-of-family:x-noop	-	-	-	agent-a9756c86220cd5051.jsonl	2026-09-03T09:44:13.055Z	claude-opus-5
f7ac6736cce635d7	-	ineligible	out-of-family:x-noop	-	-	-	agent-a9756c86220cd5051.jsonl	2026-09-03T09:45:30.337Z	claude-opus-5
b50de1bc31918e12	-	ineligible	out-of-family:x-noop	-	-	-	agent-a33bb678998e2d45f.jsonl	2026-09-07T21:40:41.762Z	claude-opus-5
775f6d01e21674f1	-	ineligible	out-of-family:x-noop	-	-	-	agent-a33bb678998e2d45f.jsonl	2026-09-07T21:40:50.378Z	claude-opus-5
5c0a3529600a5f0d	-	ineligible	out-of-family:x-noop	-	-	-	agent-a33bb678998e2d45f.jsonl	2026-09-07T21:41:02.033Z	claude-opus-5
871b9a5b0bdda6e7	-	ineligible	out-of-family:x-noop	-	-	-	agent-a33bb678998e2d45f.jsonl	2026-09-07T21:41:16.640Z	claude-opus-5
277f5c9ae50029fc	-	ineligible	out-of-family:x-noop	-	-	-	agent-a33bb678998e2d45f.jsonl	2026-09-07T21:41:30.207Z	claude-opus-5
b6202567f78c6d30	-	ineligible	out-of-family:x-noop	-	-	-	agent-a33bb678998e2d45f.jsonl	2026-09-07T21:41:53.355Z	claude-opus-5
262024349dbe95c7	-	ineligible	out-of-family:x-noop	-	-	-	agent-a33bb678998e2d45f.jsonl	2026-09-07T21:42:38.085Z	claude-opus-5
6720449b2f5a8e63	-	ineligible	out-of-family:x-noop	-	-	-	agent-a33bb678998e2d45f.jsonl	2026-09-07T21:43:03.895Z	claude-opus-5
0cea21c187015679	-	ineligible	out-of-family:x-noop	-	-	-	agent-a33bb678998e2d45f.jsonl	2026-09-07T21:43:31.632Z	claude-opus-5
e9024e5862837393	-	ineligible	out-of-family:x-noop	-	-	-	agent-a33bb678998e2d45f.jsonl	2026-09-07T21:44:07.317Z	claude-opus-5
eb5bb68808b50a86	-	ineligible	out-of-family:x-noop	-	-	-	agent-a33bb678998e2d45f.jsonl	2026-09-07T21:44:22.546Z	claude-opus-5
d569778ba03a3df1	-	ineligible	out-of-family:x-noop	-	-	-	agent-a33bb678998e2d45f.jsonl	2026-09-07T21:44:35.727Z	claude-opus-5
5141a881895af306	-	ineligible	out-of-family:x-noop	-	-	-	agent-a33bb678998e2d45f.jsonl	2026-09-07T21:44:54.143Z	claude-opus-5
0705a30e388dc3d7	-	ineligible	out-of-family:x-noop	-	-	-	agent-a33bb678998e2d45f.jsonl	2026-09-07T21:45:04.330Z	claude-opus-5
14e8ebeb43ec42dc	-	ineligible	out-of-family:x-noop	-	-	-	agent-a33bb678998e2d45f.jsonl	2026-09-07T21:45:13.355Z	claude-opus-5
86dc215fa9f5319a	R	eligible	ok	/home/forge/src/cc-split-R1	test/cfp_scheduler_killer/comms_test.clj	715bb98a9066584d5f0b8d38432cefb0fbb7d587	agent-a33bb678998e2d45f.jsonl	2026-09-07T21:45:29.011Z	claude-opus-5
0f83081a35ea18fb	-	ineligible	out-of-family:x-noop	-	-	-	agent-a33bb678998e2d45f.jsonl	2026-09-07T21:45:35.596Z	claude-opus-5
84f6cb90b46ad21b	-	ineligible	out-of-family:x-noop	-	-	-	agent-a33bb678998e2d45f.jsonl	2026-09-07T21:45:39.357Z	claude-opus-5
9917794e36752888	-	ineligible	out-of-family:x-noop	-	-	-	agent-a33bb678998e2d45f.jsonl	2026-09-07T21:45:47.431Z	claude-opus-5
68e8420c8d140cf9	-	ineligible	out-of-family:x-noop	-	-	-	agent-a33bb678998e2d45f.jsonl	2026-09-07T21:45:55.368Z	claude-opus-5
02004adc3fee0823	-	ineligible	out-of-family:x-other	-	-	-	agent-a9f64b4b268e9aa78.jsonl	2026-09-04T02:41:38.631Z	claude-opus-5
014a704dc197fc33	-	ineligible	out-of-family:x-noop	-	-	-	agent-a9f64b4b268e9aa78.jsonl	2026-09-04T02:46:31.049Z	claude-opus-5
92b1cd709da44f48	-	ineligible	out-of-family:x-other	-	-	-	agent-a9f64b4b268e9aa78.jsonl	2026-09-04T02:47:18.096Z	claude-opus-5
92396c0ed6b83ce2	R	ineligible	pre-edit-bytes-not-recoverable	/home/forge/src/marvin-voice-remote	-	-	agent-a9f64b4b268e9aa78.jsonl	2026-09-04T02:47:47.247Z	claude-opus-5
2113adc2b8c7a2ee	-	ineligible	out-of-family:x-noop	-	-	-	agent-a9f64b4b268e9aa78.jsonl	2026-09-04T02:49:39.287Z	claude-opus-5
9be8953e89d5d105	-	ineligible	out-of-family:x-noop	-	-	-	agent-a2b8609d890239147.jsonl	2026-09-03T13:02:26.759Z	claude-opus-5
b2531c4c4243cf24	-	ineligible	out-of-family:x-noop	-	-	-	agent-ad30cca094d0dfaac.jsonl	2026-09-07T23:15:17.667Z	claude-opus-5
24247bda7220171f	-	ineligible	out-of-family:x-noop	-	-	-	agent-ad30cca094d0dfaac.jsonl	2026-09-07T23:15:23.199Z	claude-opus-5
bf149311e9bd2b0b	-	ineligible	out-of-family:x-noop	-	-	-	agent-ad30cca094d0dfaac.jsonl	2026-09-07T23:15:34.414Z	claude-opus-5
dc1bd40df20386de	-	ineligible	out-of-family:x-noop	-	-	-	agent-ad30cca094d0dfaac.jsonl	2026-09-07T23:15:44.918Z	claude-opus-5
3ce3ad208757e9a5	-	ineligible	out-of-family:x-noop	-	-	-	agent-ad30cca094d0dfaac.jsonl	2026-09-07T23:15:52.004Z	claude-opus-5
b6d2a5a8ad79b91b	-	ineligible	out-of-family:x-noop	-	-	-	agent-ad30cca094d0dfaac.jsonl	2026-09-07T23:16:15.827Z	claude-opus-5
806d7d91e38ffc81	-	ineligible	out-of-family:x-noop	-	-	-	agent-ad30cca094d0dfaac.jsonl	2026-09-07T23:16:29.884Z	claude-opus-5
2089e4e982ce5b28	-	ineligible	out-of-family:x-noop	-	-	-	agent-ad30cca094d0dfaac.jsonl	2026-09-07T23:17:09.076Z	claude-opus-5
a3db31953fd5ea51	-	ineligible	out-of-family:x-noop	-	-	-	agent-ad30cca094d0dfaac.jsonl	2026-09-07T23:17:17.563Z	claude-opus-5
02431ab7a353e63e	-	ineligible	out-of-family:x-noop	-	-	-	agent-ad30cca094d0dfaac.jsonl	2026-09-07T23:17:36.982Z	claude-opus-5
cc66bf18313b7c95	-	ineligible	out-of-family:x-noop	-	-	-	agent-ad30cca094d0dfaac.jsonl	2026-09-07T23:17:57.982Z	claude-opus-5
2a231031e8123c0e	-	ineligible	out-of-family:x-other	-	-	-	agent-ad30cca094d0dfaac.jsonl	2026-09-07T23:18:08.757Z	claude-opus-5
e3b0997380aed6a2	-	ineligible	out-of-family:x-noop	-	-	-	agent-ad30cca094d0dfaac.jsonl	2026-09-07T23:18:14.107Z	claude-opus-5
9714e8b101aa4096	-	ineligible	out-of-family:x-noop	-	-	-	agent-ad30cca094d0dfaac.jsonl	2026-09-07T23:18:33.582Z	claude-opus-5
17bbed73fc1d5939	-	ineligible	out-of-family:x-noop	-	-	-	agent-ad30cca094d0dfaac.jsonl	2026-09-07T23:19:27.939Z	claude-opus-5
a6634d591f8583bb	-	ineligible	out-of-family:x-noop	-	-	-	agent-ad30cca094d0dfaac.jsonl	2026-09-07T23:19:41.959Z	claude-opus-5
a7c52b29b888fd0f	-	ineligible	out-of-family:x-noop	-	-	-	agent-ad30cca094d0dfaac.jsonl	2026-09-07T23:19:53.849Z	claude-opus-5
5f8b70f7f01fc6d5	-	ineligible	out-of-family:x-noop	-	-	-	agent-ad30cca094d0dfaac.jsonl	2026-09-07T23:20:52.296Z	claude-opus-5
90200ee8a51551cc	-	ineligible	out-of-family:x-noop	-	-	-	agent-afbfc232adc3c524a.jsonl	2026-09-10T19:57:09.440Z	claude-opus-5
d976babffd0b1f21	-	ineligible	out-of-family:x-noop	-	-	-	agent-afbfc232adc3c524a.jsonl	2026-09-10T19:58:35.369Z	claude-opus-5
d4fb956d62098f37	-	ineligible	out-of-family:x-noop	-	-	-	agent-acf0027aae509167d.jsonl	2026-09-03T07:41:17.644Z	claude-opus-5
40883c18bd676cfc	-	ineligible	out-of-family:x-noop	-	-	-	agent-acf0027aae509167d.jsonl	2026-09-03T07:41:47.293Z	claude-opus-5
02e922ddbe6eadf8	-	ineligible	out-of-family:x-noop	-	-	-	agent-acf0027aae509167d.jsonl	2026-09-03T07:47:11.832Z	claude-opus-5
28508eea1985e6fb	-	ineligible	out-of-family:x-noop	-	-	-	agent-acf0027aae509167d.jsonl	2026-09-03T07:47:34.013Z	claude-opus-5
f2509dc8ca8d347b	-	ineligible	out-of-family:x-noop	-	-	-	agent-acf0027aae509167d.jsonl	2026-09-03T07:47:47.985Z	claude-opus-5
aef9a82fa517bbbc	-	ineligible	out-of-family:x-noop	-	-	-	agent-acf0027aae509167d.jsonl	2026-09-03T07:47:55.425Z	claude-opus-5
6cddf0344b3143c3	-	ineligible	out-of-family:x-noop	-	-	-	agent-acf0027aae509167d.jsonl	2026-09-03T07:48:22.744Z	claude-opus-5
c62324c3b486cff4	-	ineligible	out-of-family:x-noop	-	-	-	agent-acf0027aae509167d.jsonl	2026-09-03T07:48:46.321Z	claude-opus-5
c68caf8aae5a36da	-	ineligible	out-of-family:x-noop	-	-	-	agent-acf0027aae509167d.jsonl	2026-09-03T07:48:59.834Z	claude-opus-5
e10d06f0b7e365e8	-	ineligible	out-of-family:x-noop	-	-	-	agent-acf0027aae509167d.jsonl	2026-09-03T07:49:08.806Z	claude-opus-5
32a5d41658309ce4	-	ineligible	out-of-family:x-noop	-	-	-	agent-acf0027aae509167d.jsonl	2026-09-03T07:49:30.518Z	claude-opus-5
336b15508642aee6	-	ineligible	out-of-family:x-noop	-	-	-	agent-acf0027aae509167d.jsonl	2026-09-03T07:49:38.691Z	claude-opus-5
cafdf027fc85b084	-	ineligible	out-of-family:x-noop	-	-	-	agent-acf0027aae509167d.jsonl	2026-09-03T07:53:07.047Z	claude-opus-5
ad92a869f16de219	-	ineligible	out-of-family:x-noop	-	-	-	agent-acf0027aae509167d.jsonl	2026-09-03T07:54:15.842Z	claude-opus-5
778ff5c5d943081d	-	ineligible	out-of-family:x-other	-	-	-	agent-acf0027aae509167d.jsonl	2026-09-03T07:55:48.425Z	claude-opus-5
ac815791f0ac6513	-	ineligible	out-of-family:x-noop	-	-	-	agent-acf0027aae509167d.jsonl	2026-09-03T07:58:36.230Z	claude-opus-5
fc656b2bb3104bea	-	ineligible	out-of-family:x-other	-	-	-	agent-aec430d5248184369.jsonl	2026-09-08T14:23:57.478Z	claude-opus-5
d853204fc84dff39	-	ineligible	out-of-family:x-noop	-	-	-	agent-aec430d5248184369.jsonl	2026-09-08T14:29:58.098Z	claude-opus-5
8e73cfc628ff38f4	-	ineligible	out-of-family:x-other	-	-	-	agent-aec430d5248184369.jsonl	2026-09-08T14:54:19.423Z	claude-opus-5
cb6e35e3911aaf2b	-	ineligible	out-of-family:x-other	-	-	-	agent-aec430d5248184369.jsonl	2026-09-08T14:57:33.867Z	claude-opus-5
12cf1287d1a6b589	-	ineligible	out-of-family:x-other	-	-	-	agent-aec430d5248184369.jsonl	2026-09-08T14:59:02.379Z	claude-opus-5
d6ed01df020a69ba	-	ineligible	out-of-family:x-other	-	-	-	agent-aec430d5248184369.jsonl	2026-09-08T15:00:16.731Z	claude-opus-5
7a9d8d77080063a4	-	ineligible	out-of-family:x-other	-	-	-	agent-aec430d5248184369.jsonl	2026-09-08T15:02:49.248Z	claude-opus-5
a5cbda936c774b7d	-	ineligible	out-of-family:x-noop	-	-	-	agent-aff6176d7686be663.jsonl	2026-09-07T14:33:40.860Z	claude-opus-5
035ac0b5534812bc	-	ineligible	out-of-family:x-noop	-	-	-	agent-aff6176d7686be663.jsonl	2026-09-07T14:34:15.714Z	claude-opus-5
0a030340e9afb1a1	-	ineligible	out-of-family:x-noop	-	-	-	agent-ac6a55658002e3ef2.jsonl	2026-09-03T02:02:57.744Z	claude-sonnet-5
6c9ea9c0d54c7452	-	ineligible	out-of-family:x-noop	-	-	-	agent-ac6a55658002e3ef2.jsonl	2026-09-03T02:03:50.015Z	claude-sonnet-5
47cce1b137ffe81d	-	ineligible	out-of-family:x-noop	-	-	-	agent-ac6a55658002e3ef2.jsonl	2026-09-03T02:07:09.314Z	claude-sonnet-5
093e8daaa8becf92	-	ineligible	out-of-family:x-noop	-	-	-	agent-ac6a55658002e3ef2.jsonl	2026-09-03T02:08:04.752Z	claude-sonnet-5
ea48037460343858	-	ineligible	out-of-family:x-noop	-	-	-	agent-ac6a55658002e3ef2.jsonl	2026-09-03T02:12:33.715Z	claude-sonnet-5
b7cca4f6c7ff0cfd	-	ineligible	out-of-family:x-noop	-	-	-	agent-aa75ab3c428d2fc19.jsonl	2026-09-03T06:20:37.941Z	claude-opus-5
2efd63904b7b3a84	-	ineligible	out-of-family:x-noop	-	-	-	agent-aa75ab3c428d2fc19.jsonl	2026-09-03T06:24:47.458Z	claude-opus-5
27cec79a9de8594d	-	ineligible	out-of-family:x-noop	-	-	-	agent-aa75ab3c428d2fc19.jsonl	2026-09-03T06:25:23.385Z	claude-opus-5
ab1b490df70475ff	-	ineligible	out-of-family:x-noop	-	-	-	agent-aa75ab3c428d2fc19.jsonl	2026-09-03T06:28:55.297Z	claude-opus-5
1ea34f88e045bb3d	-	ineligible	out-of-family:x-noop	-	-	-	agent-aa75ab3c428d2fc19.jsonl	2026-09-03T06:32:42.199Z	claude-opus-5
642537d5d17da153	-	ineligible	out-of-family:x-noop	-	-	-	agent-aa75ab3c428d2fc19.jsonl	2026-09-03T06:32:52.890Z	claude-opus-5
b065daaf18783595	-	ineligible	out-of-family:x-noop	-	-	-	agent-aa75ab3c428d2fc19.jsonl	2026-09-03T06:34:08.587Z	claude-opus-5
736310f46c3f3676	-	ineligible	out-of-family:x-noop	-	-	-	agent-aa75ab3c428d2fc19.jsonl	2026-09-03T06:34:47.824Z	claude-opus-5
6384fb7268751bb1	-	ineligible	out-of-family:x-other	-	-	-	agent-aa75ab3c428d2fc19.jsonl	2026-09-03T06:36:01.423Z	claude-opus-5
fb0981b9a9a0e844	-	ineligible	out-of-family:x-noop	-	-	-	agent-aa75ab3c428d2fc19.jsonl	2026-09-03T06:36:40.057Z	claude-opus-5
9c513c7ddafc22cf	-	ineligible	out-of-family:x-noop	-	-	-	agent-aa75ab3c428d2fc19.jsonl	2026-09-03T06:37:00.670Z	claude-opus-5
949402f0cddb9c66	-	ineligible	out-of-family:x-noop	-	-	-	agent-aa75ab3c428d2fc19.jsonl	2026-09-03T06:38:25.632Z	claude-opus-5
a7c6f40ebbc791e5	-	ineligible	out-of-family:x-noop	-	-	-	agent-aa75ab3c428d2fc19.jsonl	2026-09-03T06:39:54.898Z	claude-opus-5
2c107499e4d3f37d	-	ineligible	out-of-family:x-noop	-	-	-	agent-aa75ab3c428d2fc19.jsonl	2026-09-03T06:41:21.647Z	claude-opus-5
ad2c28b24ab9e528	-	ineligible	out-of-family:x-noop	-	-	-	agent-aa75ab3c428d2fc19.jsonl	2026-09-03T06:43:12.115Z	claude-opus-5
c7bfcd150e0d42fc	-	ineligible	out-of-family:x-noop	-	-	-	agent-aa75ab3c428d2fc19.jsonl	2026-09-03T06:43:33.182Z	claude-opus-5
60a576a47406733c	-	ineligible	out-of-family:x-noop	-	-	-	agent-aa75ab3c428d2fc19.jsonl	2026-09-03T06:44:49.475Z	claude-opus-5
89ac6d4cc0097825	-	ineligible	out-of-family:x-noop	-	-	-	agent-aa75ab3c428d2fc19.jsonl	2026-09-03T06:46:13.297Z	claude-opus-5
0d88735ac7861ba7	-	ineligible	out-of-family:x-noop	-	-	-	agent-aa75ab3c428d2fc19.jsonl	2026-09-03T06:50:01.707Z	claude-opus-5
696a39f52fc3e5b8	-	ineligible	out-of-family:x-noop	-	-	-	agent-aa75ab3c428d2fc19.jsonl	2026-09-03T06:50:39.817Z	claude-opus-5
591c141b158df648	-	ineligible	out-of-family:x-noop	-	-	-	agent-aa75ab3c428d2fc19.jsonl	2026-09-03T06:52:00.033Z	claude-opus-5
2fb3692144aa401c	-	ineligible	out-of-family:x-noop	-	-	-	agent-aa75ab3c428d2fc19.jsonl	2026-09-03T06:52:52.085Z	claude-opus-5
dc92ed51bb742e3a	-	ineligible	out-of-family:x-noop	-	-	-	agent-aa75ab3c428d2fc19.jsonl	2026-09-03T06:53:22.723Z	claude-opus-5
1b52b29eee6f724f	-	ineligible	out-of-family:x-other	-	-	-	agent-aa75ab3c428d2fc19.jsonl	2026-09-03T06:53:39.874Z	claude-opus-5
329f96963159abde	-	ineligible	out-of-family:x-noop	-	-	-	agent-aa75ab3c428d2fc19.jsonl	2026-09-03T06:55:12.199Z	claude-opus-5
e72b81a78874c895	-	ineligible	out-of-family:x-noop	-	-	-	agent-aa75ab3c428d2fc19.jsonl	2026-09-03T06:56:48.744Z	claude-opus-5
040da6de4053c07e	-	ineligible	out-of-family:x-noop	-	-	-	agent-aa75ab3c428d2fc19.jsonl	2026-09-03T06:57:26.442Z	claude-opus-5
acfac50ae46c91df	-	ineligible	out-of-family:x-noop	-	-	-	agent-aa75ab3c428d2fc19.jsonl	2026-09-03T06:59:09.437Z	claude-opus-5
707bb870ac446f53	-	ineligible	out-of-family:x-noop	-	-	-	agent-aa75ab3c428d2fc19.jsonl	2026-09-03T06:59:18.815Z	claude-opus-5
b2075f76c6585c32	-	ineligible	out-of-family:x-noop	-	-	-	agent-aa75ab3c428d2fc19.jsonl	2026-09-03T06:59:38.747Z	claude-opus-5
bd1fe6ddf5e08dc1	-	ineligible	out-of-family:x-noop	-	-	-	agent-aa75ab3c428d2fc19.jsonl	2026-09-03T06:59:49.137Z	claude-opus-5
20ab1ba064945881	-	ineligible	out-of-family:x-noop	-	-	-	agent-aa75ab3c428d2fc19.jsonl	2026-09-03T07:04:41.760Z	claude-opus-5
cf589538b2ac7366	-	ineligible	out-of-family:x-noop	-	-	-	agent-aa75ab3c428d2fc19.jsonl	2026-09-03T07:07:29.946Z	claude-opus-5
077483c38d68cc4e	-	ineligible	out-of-family:x-noop	-	-	-	agent-aa75ab3c428d2fc19.jsonl	2026-09-03T07:07:45.537Z	claude-opus-5
b9cf5b5bf458dea4	-	ineligible	out-of-family:x-noop	-	-	-	agent-ae61ded67ebe1aeda.jsonl	2026-09-04T05:33:38.708Z	claude-opus-5
70ab33bdb4ff3ff1	-	ineligible	out-of-family:x-other	-	-	-	agent-ae61ded67ebe1aeda.jsonl	2026-09-04T05:39:50.972Z	claude-opus-5
fba0b16fd06c2958	-	ineligible	out-of-family:x-noop	-	-	-	agent-ae61ded67ebe1aeda.jsonl	2026-09-04T05:39:54.614Z	claude-opus-5
c38728a35b8e798b	R	ineligible	pre-edit-bytes-not-recoverable	/home/forge/src/clj-surgeon	-	-	agent-ae61ded67ebe1aeda.jsonl	2026-09-04T05:40:02.406Z	claude-opus-5
6b3e3e4c86bd67b8	-	ineligible	out-of-family:x-noop	-	-	-	agent-ae61ded67ebe1aeda.jsonl	2026-09-04T05:44:16.796Z	claude-opus-5
f6826024782e0e69	-	ineligible	out-of-family:x-noop	-	-	-	agent-ae61ded67ebe1aeda.jsonl	2026-09-04T05:46:17.339Z	claude-opus-5
188db435eaa07fec	-	ineligible	out-of-family:x-noop	-	-	-	agent-ae61ded67ebe1aeda.jsonl	2026-09-04T05:46:50.718Z	claude-opus-5
d75d38e563a7907d	-	ineligible	out-of-family:x-noop	-	-	-	agent-ae61ded67ebe1aeda.jsonl	2026-09-04T05:47:28.111Z	claude-opus-5
c0d6223500a000c7	-	ineligible	out-of-family:x-noop	-	-	-	agent-ae61ded67ebe1aeda.jsonl	2026-09-04T05:48:01.011Z	claude-opus-5
7ff8c246262f2f55	-	ineligible	out-of-family:x-noop	-	-	-	agent-ae61ded67ebe1aeda.jsonl	2026-09-04T05:48:19.023Z	claude-opus-5
48cad97e442bcc76	-	ineligible	out-of-family:x-noop	-	-	-	agent-ae61ded67ebe1aeda.jsonl	2026-09-04T05:51:25.086Z	claude-opus-5
678880f9b3bd7ebe	R	eligible	ok	/home/forge/src/clj-surgeon	test/clj_surgeon/recovery_test.clj	2b3177dfac2d27b9c6517df40480a22b96c5bc26	agent-ae61ded67ebe1aeda.jsonl	2026-09-04T05:51:32.518Z	claude-opus-5
4431e7c36b0aca1f	-	ineligible	out-of-family:x-noop	-	-	-	agent-ae61ded67ebe1aeda.jsonl	2026-09-04T05:58:04.236Z	claude-opus-5
557bd5f502763210	-	ineligible	out-of-family:x-noop	-	-	-	agent-ae61ded67ebe1aeda.jsonl	2026-09-04T05:58:27.438Z	claude-opus-5
d4d3178f8db7d06e	T	ineligible	pre-edit-bytes-not-recoverable	/home/forge/src/clj-surgeon	-	-	agent-ae61ded67ebe1aeda.jsonl	2026-09-04T05:58:39.089Z	claude-opus-5
edcbe58b3b61774b	-	ineligible	out-of-family:x-noop	-	-	-	agent-ae61ded67ebe1aeda.jsonl	2026-09-04T05:58:58.219Z	claude-opus-5
63c35307df884e4b	-	ineligible	out-of-family:x-noop	-	-	-	agent-ae61ded67ebe1aeda.jsonl	2026-09-04T05:59:24.589Z	claude-opus-5
72e90697e2b9874e	-	ineligible	out-of-family:x-noop	-	-	-	agent-ae61ded67ebe1aeda.jsonl	2026-09-04T05:59:43.998Z	claude-opus-5
f9276d505e74bdee	-	ineligible	out-of-family:x-noop	-	-	-	agent-ae61ded67ebe1aeda.jsonl	2026-09-04T05:59:52.282Z	claude-opus-5
94b9b870e2ae929d	-	ineligible	out-of-family:x-noop	-	-	-	agent-ae61ded67ebe1aeda.jsonl	2026-09-04T06:01:09.158Z	claude-opus-5
da718be38bf630b3	-	ineligible	out-of-family:x-noop	-	-	-	agent-ae61ded67ebe1aeda.jsonl	2026-09-04T06:10:06.614Z	claude-opus-5
d8964a439cec1f97	-	ineligible	out-of-family:x-noop	-	-	-	agent-a5a673468b2a2edb4.jsonl	2026-09-09T05:49:55.901Z	claude-opus-5
a11552158d3b4b73	-	ineligible	out-of-family:x-noop	-	-	-	agent-a5a673468b2a2edb4.jsonl	2026-09-09T06:02:52.250Z	claude-opus-5
b1efb74bf2de0360	-	ineligible	out-of-family:x-noop	-	-	-	agent-a2ec057c3a5cc7508.jsonl	2026-09-04T00:05:15.488Z	claude-opus-5
d6e57f321a8d2825	-	ineligible	out-of-family:x-noop	-	-	-	agent-a2ec057c3a5cc7508.jsonl	2026-09-04T00:06:07.316Z	claude-opus-5
fb07ffa260053e8e	-	ineligible	out-of-family:x-noop	-	-	-	agent-a2ec057c3a5cc7508.jsonl	2026-09-04T00:08:17.710Z	claude-opus-5
c87affd695427b41	-	ineligible	out-of-family:x-noop	-	-	-	agent-a2ec057c3a5cc7508.jsonl	2026-09-04T00:08:30.873Z	claude-opus-5
ddea9934d16fdbb3	-	ineligible	out-of-family:x-noop	-	-	-	agent-a2ec057c3a5cc7508.jsonl	2026-09-04T00:09:04.015Z	claude-opus-5
c9aba28101820940	-	ineligible	out-of-family:x-noop	-	-	-	agent-a2ec057c3a5cc7508.jsonl	2026-09-04T00:09:38.695Z	claude-opus-5
ac1b312994e1aa6a	-	ineligible	out-of-family:x-noop	-	-	-	agent-a2ec057c3a5cc7508.jsonl	2026-09-04T00:10:04.355Z	claude-opus-5
ee13447d8a7d134f	-	ineligible	out-of-family:x-noop	-	-	-	agent-a2ec057c3a5cc7508.jsonl	2026-09-04T00:10:35.709Z	claude-opus-5
f24a9a8bc78ce144	-	ineligible	out-of-family:x-noop	-	-	-	agent-a2ec057c3a5cc7508.jsonl	2026-09-04T00:10:43.748Z	claude-opus-5
4f6bcf60e13b3f41	-	ineligible	out-of-family:x-noop	-	-	-	agent-a2ec057c3a5cc7508.jsonl	2026-09-04T00:11:16.387Z	claude-opus-5
cd79d533057cbcd2	-	ineligible	out-of-family:x-noop	-	-	-	agent-a2ec057c3a5cc7508.jsonl	2026-09-04T00:11:50.345Z	claude-opus-5
adf6c4bf522ed1bb	-	ineligible	out-of-family:x-noop	-	-	-	agent-a2ec057c3a5cc7508.jsonl	2026-09-04T00:12:18.131Z	claude-opus-5
9605ed1dbad355fa	-	ineligible	out-of-family:x-noop	-	-	-	agent-a2ec057c3a5cc7508.jsonl	2026-09-04T00:13:27.479Z	claude-opus-5
54200d5cbbd3f46d	-	ineligible	out-of-family:x-other	-	-	-	agent-a2ec057c3a5cc7508.jsonl	2026-09-04T00:13:43.229Z	claude-opus-5
15ba5653d8aae8eb	-	ineligible	out-of-family:x-noop	-	-	-	agent-a2ec057c3a5cc7508.jsonl	2026-09-04T00:14:03.075Z	claude-opus-5
3bc86b279d620c5e	-	ineligible	out-of-family:x-noop	-	-	-	agent-a2ec057c3a5cc7508.jsonl	2026-09-04T00:14:46.227Z	claude-opus-5
9192151a30017220	-	ineligible	out-of-family:x-noop	-	-	-	agent-a2ec057c3a5cc7508.jsonl	2026-09-04T00:15:27.720Z	claude-opus-5
fc2283843202d1bc	-	ineligible	out-of-family:x-other	-	-	-	agent-a2ec057c3a5cc7508.jsonl	2026-09-04T00:16:07.080Z	claude-opus-5
e74f662500f5cc08	-	ineligible	out-of-family:x-noop	-	-	-	agent-a2ec057c3a5cc7508.jsonl	2026-09-04T00:16:31.105Z	claude-opus-5
ab0b2a58ae8eda5e	-	ineligible	out-of-family:x-noop	-	-	-	agent-a2ec057c3a5cc7508.jsonl	2026-09-04T00:17:32.766Z	claude-opus-5
7f221a21e4196780	-	ineligible	out-of-family:x-noop	-	-	-	agent-a2ec057c3a5cc7508.jsonl	2026-09-04T00:17:45.666Z	claude-opus-5
b9a8b2498486d246	-	ineligible	out-of-family:x-noop	-	-	-	agent-a2ec057c3a5cc7508.jsonl	2026-09-04T00:18:01.356Z	claude-opus-5
216e64e445e01924	-	ineligible	out-of-family:x-noop	-	-	-	agent-a2ec057c3a5cc7508.jsonl	2026-09-04T00:18:17.260Z	claude-opus-5
32dc0423f0dca8a5	-	ineligible	out-of-family:x-noop	-	-	-	agent-a2ec057c3a5cc7508.jsonl	2026-09-04T00:18:44.546Z	claude-opus-5
d8d9413c627a810c	-	ineligible	out-of-family:x-noop	-	-	-	agent-a2ec057c3a5cc7508.jsonl	2026-09-04T00:19:29.996Z	claude-opus-5
a3cfd39996cba449	-	ineligible	out-of-family:x-noop	-	-	-	agent-a2ec057c3a5cc7508.jsonl	2026-09-04T00:20:18.831Z	claude-opus-5
fcc95d81c9309c20	-	ineligible	out-of-family:x-noop	-	-	-	agent-a2ec057c3a5cc7508.jsonl	2026-09-04T00:20:55.991Z	claude-opus-5
901f7881782b297e	-	ineligible	out-of-family:x-noop	-	-	-	agent-a2ec057c3a5cc7508.jsonl	2026-09-04T00:21:04.838Z	claude-opus-5
b35e753c8fa9e086	-	ineligible	out-of-family:x-noop	-	-	-	agent-a2ec057c3a5cc7508.jsonl	2026-09-04T00:21:42.746Z	claude-opus-5
ca0c9f5e0ea5cb5a	-	ineligible	out-of-family:x-noop	-	-	-	agent-a2ec057c3a5cc7508.jsonl	2026-09-04T00:25:09.563Z	claude-opus-5
09217a10ae4901b1	-	ineligible	out-of-family:x-noop	-	-	-	agent-a9fb9373a85e8626e.jsonl	2026-09-08T10:36:55.801Z	claude-opus-5
8130b80863c3a252	-	ineligible	out-of-family:x-noop	-	-	-	agent-aee02c39caf472a23.jsonl	2026-09-03T23:19:52.802Z	claude-opus-5
171dcad9533fe124	-	ineligible	out-of-family:x-noop	-	-	-	agent-aee02c39caf472a23.jsonl	2026-09-03T23:20:23.956Z	claude-opus-5
f62317df7ef3822b	-	ineligible	out-of-family:x-noop	-	-	-	agent-aee02c39caf472a23.jsonl	2026-09-03T23:21:35.775Z	claude-opus-5
e8c58dc20231ae18	-	ineligible	out-of-family:x-noop	-	-	-	agent-aee02c39caf472a23.jsonl	2026-09-03T23:22:01.394Z	claude-opus-5
2e754fab3c5600ae	-	ineligible	out-of-family:x-noop	-	-	-	agent-aee02c39caf472a23.jsonl	2026-09-03T23:24:26.684Z	claude-opus-5
94797a013dea71b7	-	ineligible	out-of-family:x-noop	-	-	-	agent-aee02c39caf472a23.jsonl	2026-09-03T23:31:26.724Z	claude-opus-5
b14852da3a7a9307	-	ineligible	out-of-family:x-noop	-	-	-	agent-aee02c39caf472a23.jsonl	2026-09-03T23:37:25.697Z	claude-opus-5
232ced691f1b241c	-	ineligible	out-of-family:x-noop	-	-	-	agent-aee02c39caf472a23.jsonl	2026-09-03T23:46:17.235Z	claude-opus-5
c2d29b0975e3d093	-	ineligible	out-of-family:x-noop	-	-	-	agent-aaa30a868a206a087.jsonl	2026-09-06T08:35:29.557Z	claude-opus-5
55e4118a039b79ab	-	ineligible	out-of-family:x-noop	-	-	-	agent-aaa30a868a206a087.jsonl	2026-09-06T08:38:38.755Z	claude-opus-5
fbb8561c8443b15e	-	ineligible	out-of-family:x-noop	-	-	-	agent-aaa30a868a206a087.jsonl	2026-09-06T08:39:11.768Z	claude-opus-5
54b56f2b681de887	-	ineligible	out-of-family:x-other	-	-	-	agent-aaa30a868a206a087.jsonl	2026-09-06T08:39:21.535Z	claude-opus-5
bb44fd4eb15a4a1c	-	ineligible	out-of-family:x-noop	-	-	-	agent-ad606c22a3c4f9021.jsonl	2026-09-08T19:56:02.989Z	claude-opus-5
bdcc252372c90f13	-	ineligible	out-of-family:x-other	-	-	-	agent-ac74cf1257713b4c9.jsonl	2026-09-04T16:32:13.068Z	claude-sonnet-5
87f855eeea0140fa	-	ineligible	out-of-family:x-noop	-	-	-	agent-a2a74f455184d67b7.jsonl	2026-09-04T04:02:46.513Z	claude-opus-5
9423acf01c83aa9e	-	ineligible	out-of-family:x-other	-	-	-	agent-a2a74f455184d67b7.jsonl	2026-09-04T04:03:12.797Z	claude-opus-5
dd0e02030f730bce	-	ineligible	out-of-family:x-noop	-	-	-	agent-a2a74f455184d67b7.jsonl	2026-09-04T04:04:16.757Z	claude-opus-5
a2501a3b119375e4	-	ineligible	out-of-family:x-noop	-	-	-	agent-a2a74f455184d67b7.jsonl	2026-09-04T04:07:08.439Z	claude-opus-5
e9062d2b1b476f62	-	ineligible	out-of-family:x-noop	-	-	-	agent-a2a74f455184d67b7.jsonl	2026-09-04T04:07:52.672Z	claude-opus-5
862fde6cb4dfbf8d	-	ineligible	out-of-family:x-noop	-	-	-	agent-a2a74f455184d67b7.jsonl	2026-09-04T04:08:16.107Z	claude-opus-5
a65ea49665643faa	-	ineligible	out-of-family:x-noop	-	-	-	agent-a2a74f455184d67b7.jsonl	2026-09-04T04:08:45.054Z	claude-opus-5
e222eec770562051	-	ineligible	out-of-family:x-noop	-	-	-	agent-a2a74f455184d67b7.jsonl	2026-09-04T04:09:09.178Z	claude-opus-5
490c3a68d045f3db	-	ineligible	out-of-family:x-noop	-	-	-	agent-a2a74f455184d67b7.jsonl	2026-09-04T04:11:59.675Z	claude-opus-5
1ebd33130bf84eeb	-	ineligible	out-of-family:x-noop	-	-	-	agent-a2a74f455184d67b7.jsonl	2026-09-04T04:12:11.762Z	claude-opus-5
6debe7b1977b0c53	-	ineligible	out-of-family:x-noop	-	-	-	agent-a2a74f455184d67b7.jsonl	2026-09-04T04:13:13.583Z	claude-opus-5
d79a0ffb776b1f47	-	ineligible	out-of-family:x-noop	-	-	-	agent-a2a74f455184d67b7.jsonl	2026-09-04T04:13:40.505Z	claude-opus-5
86afa8c1a6ae99f8	-	ineligible	out-of-family:x-noop	-	-	-	agent-a2a74f455184d67b7.jsonl	2026-09-04T04:18:54.763Z	claude-opus-5
787941536539d7c5	-	ineligible	out-of-family:x-noop	-	-	-	agent-a2a74f455184d67b7.jsonl	2026-09-04T04:19:59.313Z	claude-opus-5
d140119796515744	-	ineligible	out-of-family:x-noop	-	-	-	agent-a2a74f455184d67b7.jsonl	2026-09-04T04:23:59.313Z	claude-opus-5
755c68f4bee42861	-	ineligible	out-of-family:x-noop	-	-	-	agent-a2a74f455184d67b7.jsonl	2026-09-04T04:24:16.523Z	claude-opus-5
d9cf4e37aad988c8	-	ineligible	out-of-family:x-noop	-	-	-	agent-a2a74f455184d67b7.jsonl	2026-09-04T04:24:24.860Z	claude-opus-5
93fbda7c5a7c30d3	-	ineligible	out-of-family:x-noop	-	-	-	agent-a2a74f455184d67b7.jsonl	2026-09-04T04:27:55.099Z	claude-opus-5
bce09c86843a8219	-	ineligible	out-of-family:x-noop	-	-	-	agent-a2a74f455184d67b7.jsonl	2026-09-04T04:40:00.713Z	claude-opus-5
2f7058a2194ffcb9	-	ineligible	out-of-family:x-noop	-	-	-	agent-a2a74f455184d67b7.jsonl	2026-09-04T04:40:22.287Z	claude-opus-5
63bd543b7b5b147d	-	ineligible	out-of-family:x-other	-	-	-	agent-a80445d6302564311.jsonl	2026-09-04T12:54:02.690Z	claude-opus-5
4d323dfcbfa306f3	-	ineligible	out-of-family:x-noop	-	-	-	agent-a80445d6302564311.jsonl	2026-09-04T12:59:53.491Z	claude-opus-5
00a6e7ce5da573a9	-	ineligible	out-of-family:x-noop	-	-	-	agent-a80445d6302564311.jsonl	2026-09-04T13:02:35.525Z	claude-opus-5
6be07374ca030dd3	-	ineligible	out-of-family:x-noop	-	-	-	agent-a80445d6302564311.jsonl	2026-09-04T13:02:45.136Z	claude-opus-5
a3ca599e4af99489	-	ineligible	out-of-family:x-noop	-	-	-	agent-a80445d6302564311.jsonl	2026-09-04T13:03:04.101Z	claude-opus-5
b60fb64da686689b	-	ineligible	out-of-family:x-noop	-	-	-	agent-a80445d6302564311.jsonl	2026-09-04T13:04:56.382Z	claude-opus-5
c9f3bf952ae40036	-	ineligible	out-of-family:x-noop	-	-	-	agent-a80445d6302564311.jsonl	2026-09-04T13:05:18.562Z	claude-opus-5
d476cfec6e897583	-	ineligible	out-of-family:x-noop	-	-	-	agent-a80445d6302564311.jsonl	2026-09-04T13:06:49.313Z	claude-opus-5
717ef5ba8dd955ed	-	ineligible	out-of-family:x-other	-	-	-	agent-a80445d6302564311.jsonl	2026-09-04T13:07:01.845Z	claude-opus-5
4eb132c333087e9f	-	ineligible	out-of-family:x-noop	-	-	-	agent-a80445d6302564311.jsonl	2026-09-04T13:07:47.870Z	claude-opus-5
7aa26af0fcc3ad7a	-	ineligible	out-of-family:x-noop	-	-	-	agent-a80445d6302564311.jsonl	2026-09-04T13:08:34.156Z	claude-opus-5
1f02f4bdee34968f	-	ineligible	out-of-family:x-noop	-	-	-	agent-a80445d6302564311.jsonl	2026-09-04T13:09:55.837Z	claude-opus-5
c93376ee5cb2d19e	-	ineligible	out-of-family:x-noop	-	-	-	agent-a80445d6302564311.jsonl	2026-09-04T13:10:18.499Z	claude-opus-5
2283bc1d4a6aa596	-	ineligible	out-of-family:x-noop	-	-	-	agent-a80445d6302564311.jsonl	2026-09-04T13:12:05.017Z	claude-opus-5
45c11318542f81e6	-	ineligible	out-of-family:x-noop	-	-	-	agent-a80445d6302564311.jsonl	2026-09-04T13:15:40.955Z	claude-opus-5
26497492e984fce7	-	ineligible	out-of-family:x-noop	-	-	-	agent-a80445d6302564311.jsonl	2026-09-04T13:15:59.274Z	claude-opus-5
35bd249acad6a918	-	ineligible	out-of-family:x-noop	-	-	-	agent-a80445d6302564311.jsonl	2026-09-04T13:16:15.429Z	claude-opus-5
e0672a1b062eff9c	-	ineligible	out-of-family:x-noop	-	-	-	agent-a80445d6302564311.jsonl	2026-09-04T13:18:24.856Z	claude-opus-5
59bdb4919b066797	-	ineligible	out-of-family:x-noop	-	-	-	agent-a80445d6302564311.jsonl	2026-09-04T13:27:05.472Z	claude-opus-5
8eeb9b8e8cb37ad9	-	ineligible	out-of-family:x-noop	-	-	-	agent-a80445d6302564311.jsonl	2026-09-04T13:27:26.097Z	claude-opus-5
269884bf6827ab8a	-	ineligible	out-of-family:x-noop	-	-	-	agent-a80445d6302564311.jsonl	2026-09-04T13:28:39.324Z	claude-opus-5
b6d129fc6ef4eded	-	ineligible	out-of-family:x-noop	-	-	-	agent-a80445d6302564311.jsonl	2026-09-04T13:29:43.839Z	claude-opus-5
64ab142447f0a999	-	ineligible	out-of-family:x-noop	-	-	-	agent-a80445d6302564311.jsonl	2026-09-04T13:29:59.750Z	claude-opus-5
7541a034b86c9b1b	-	ineligible	out-of-family:x-noop	-	-	-	agent-a80445d6302564311.jsonl	2026-09-04T13:30:08.173Z	claude-opus-5
7055dd1f0858e51a	-	ineligible	out-of-family:x-noop	-	-	-	agent-a80445d6302564311.jsonl	2026-09-04T13:31:05.532Z	claude-opus-5
1de2f4162585a565	-	ineligible	out-of-family:x-noop	-	-	-	agent-a80445d6302564311.jsonl	2026-09-04T13:31:16.757Z	claude-opus-5
0c6e6da033772cc8	-	ineligible	out-of-family:x-noop	-	-	-	agent-a80445d6302564311.jsonl	2026-09-04T13:31:24.722Z	claude-opus-5
3e69b6cb7ecf6506	-	ineligible	out-of-family:x-noop	-	-	-	agent-a80445d6302564311.jsonl	2026-09-04T13:31:31.940Z	claude-opus-5
22d0afbf53e009b2	-	ineligible	out-of-family:x-noop	-	-	-	agent-a80445d6302564311.jsonl	2026-09-04T13:31:46.798Z	claude-opus-5
4327f1d20fc2ca96	-	ineligible	out-of-family:x-noop	-	-	-	agent-a80445d6302564311.jsonl	2026-09-04T13:32:02.142Z	claude-opus-5
3f915dadb217e75f	-	ineligible	out-of-family:x-noop	-	-	-	agent-a80445d6302564311.jsonl	2026-09-04T13:32:52.816Z	claude-opus-5
e4d8eeba2bb76c09	-	ineligible	out-of-family:x-noop	-	-	-	agent-a80445d6302564311.jsonl	2026-09-04T13:34:09.700Z	claude-opus-5
272d42d38caa38ef	-	ineligible	out-of-family:x-noop	-	-	-	agent-a80445d6302564311.jsonl	2026-09-04T13:34:40.705Z	claude-opus-5
08e706ed1255d9c3	-	ineligible	out-of-family:x-noop	-	-	-	agent-a80445d6302564311.jsonl	2026-09-04T13:34:58.538Z	claude-opus-5
828d8a7c8f8b8d59	-	ineligible	out-of-family:x-noop	-	-	-	agent-a80445d6302564311.jsonl	2026-09-04T13:35:06.512Z	claude-opus-5
08f53b6f23cbf747	-	ineligible	out-of-family:x-noop	-	-	-	agent-a80445d6302564311.jsonl	2026-09-04T13:36:06.389Z	claude-opus-5
d1bf2b01695823ad	-	ineligible	out-of-family:x-noop	-	-	-	agent-a80445d6302564311.jsonl	2026-09-04T13:36:31.444Z	claude-opus-5
8036be320793aca1	-	ineligible	out-of-family:x-noop	-	-	-	agent-a80445d6302564311.jsonl	2026-09-04T13:36:51.230Z	claude-opus-5
cf01aae7599e2bfa	-	ineligible	out-of-family:x-noop	-	-	-	agent-a80445d6302564311.jsonl	2026-09-04T13:42:36.955Z	claude-opus-5
04f342ae6498a022	-	ineligible	out-of-family:x-noop	-	-	-	agent-a80445d6302564311.jsonl	2026-09-04T13:43:17.717Z	claude-opus-5
affb33b990edbbf9	-	ineligible	out-of-family:x-noop	-	-	-	agent-a80445d6302564311.jsonl	2026-09-04T13:43:27.077Z	claude-opus-5
c5453dcdbf54c009	-	ineligible	out-of-family:x-noop	-	-	-	agent-a80445d6302564311.jsonl	2026-09-04T13:43:35.338Z	claude-opus-5
876059643eaee856	-	ineligible	out-of-family:x-noop	-	-	-	agent-a80445d6302564311.jsonl	2026-09-04T13:44:00.751Z	claude-opus-5
34f35346e4cc14ba	-	ineligible	out-of-family:x-noop	-	-	-	agent-a80445d6302564311.jsonl	2026-09-04T13:45:03.763Z	claude-opus-5
69b1c8b071160f67	-	ineligible	out-of-family:x-other	-	-	-	agent-a80445d6302564311.jsonl	2026-09-04T13:45:55.925Z	claude-opus-5
d43189c5b96bded4	-	ineligible	out-of-family:x-noop	-	-	-	agent-a80445d6302564311.jsonl	2026-09-04T13:46:13.744Z	claude-opus-5
bef9e55f571af57a	-	ineligible	out-of-family:x-noop	-	-	-	agent-a80445d6302564311.jsonl	2026-09-04T13:47:11.406Z	claude-opus-5
ccda5c8684f17f7a	-	ineligible	out-of-family:x-noop	-	-	-	agent-a80445d6302564311.jsonl	2026-09-04T13:47:30.433Z	claude-opus-5
7e30812b36dcf4e5	-	ineligible	out-of-family:x-noop	-	-	-	agent-a80445d6302564311.jsonl	2026-09-04T13:52:23.355Z	claude-opus-5
de2205ba022e15a4	-	ineligible	out-of-family:x-noop	-	-	-	agent-a80445d6302564311.jsonl	2026-09-04T13:52:49.506Z	claude-opus-5
9dc84bb150280d67	-	ineligible	out-of-family:x-other	-	-	-	agent-a80445d6302564311.jsonl	2026-09-04T13:52:54.576Z	claude-opus-5
14b782cda147464d	-	ineligible	out-of-family:x-noop	-	-	-	agent-a80445d6302564311.jsonl	2026-09-04T13:53:22.262Z	claude-opus-5
d9f36dba40253341	-	ineligible	out-of-family:x-noop	-	-	-	agent-a80445d6302564311.jsonl	2026-09-04T13:55:51.836Z	claude-opus-5
6378d66dfe7f3016	-	ineligible	out-of-family:x-noop	-	-	-	agent-a80445d6302564311.jsonl	2026-09-04T13:56:46.489Z	claude-opus-5
d0235e07c91473a9	-	ineligible	out-of-family:x-noop	-	-	-	agent-a80445d6302564311.jsonl	2026-09-04T13:57:00.218Z	claude-opus-5
99c8933407730199	-	ineligible	out-of-family:x-noop	-	-	-	agent-a80445d6302564311.jsonl	2026-09-04T14:02:05.473Z	claude-opus-5
9c7fdac9f67878f2	-	ineligible	out-of-family:x-noop	-	-	-	agent-a7a4291efd159cc87.jsonl	2026-09-04T01:38:32.205Z	claude-opus-5
191ad2fe28036d68	-	ineligible	out-of-family:x-noop	-	-	-	agent-a7a4291efd159cc87.jsonl	2026-09-04T01:43:22.634Z	claude-opus-5
1ca72d30bfbbca68	-	ineligible	out-of-family:x-noop	-	-	-	agent-a7a4291efd159cc87.jsonl	2026-09-04T01:43:37.216Z	claude-opus-5
43114bb4febb307b	-	ineligible	out-of-family:x-noop	-	-	-	agent-a7a4291efd159cc87.jsonl	2026-09-04T02:22:55.580Z	claude-opus-5
306de6f57f9b82ed	-	ineligible	out-of-family:x-noop	-	-	-	agent-a7a4291efd159cc87.jsonl	2026-09-04T02:26:11.531Z	claude-opus-5
1ced64bb61dbabd8	-	ineligible	out-of-family:x-noop	-	-	-	agent-a7a4291efd159cc87.jsonl	2026-09-04T02:27:20.951Z	claude-opus-5
b425a043d5cb4226	-	ineligible	out-of-family:x-noop	-	-	-	agent-a7a4291efd159cc87.jsonl	2026-09-04T02:29:41.938Z	claude-opus-5
bb769e0fe9f4a3f7	-	ineligible	out-of-family:x-noop	-	-	-	agent-a7a4291efd159cc87.jsonl	2026-09-04T02:30:24.128Z	claude-opus-5
0928ea571adefce3	-	ineligible	out-of-family:x-noop	-	-	-	agent-a7a4291efd159cc87.jsonl	2026-09-04T02:34:10.646Z	claude-opus-5
c7733fd7f24ace80	-	ineligible	out-of-family:x-other	-	-	-	agent-a35b8e9f2f8729d1a.jsonl	2026-09-04T11:36:44.042Z	claude-opus-5
0f6f502d8cd7afee	-	ineligible	out-of-family:x-noop	-	-	-	agent-a35b8e9f2f8729d1a.jsonl	2026-09-04T11:56:14.979Z	claude-opus-5
544e91ea7e5537a7	-	ineligible	out-of-family:x-noop	-	-	-	agent-a4fe4601c68f5db01.jsonl	2026-09-03T02:34:20.433Z	claude-opus-5
e0ecce030c288a85	R	ineligible	pre-edit-bytes-not-recoverable	/home/forge/src/clj-surgeon-census	-	-	agent-a4fe4601c68f5db01.jsonl	2026-09-03T02:35:13.649Z	claude-opus-5
ff678b888cfa3e7b	-	ineligible	out-of-family:x-other	-	-	-	agent-a4fe4601c68f5db01.jsonl	2026-09-03T02:41:24.084Z	claude-opus-5
60dd6494c692ce89	-	ineligible	out-of-family:x-noop	-	-	-	agent-a4fe4601c68f5db01.jsonl	2026-09-03T02:52:23.308Z	claude-opus-5
326c6cb6b1104764	-	ineligible	out-of-family:x-noop	-	-	-	agent-a4fe4601c68f5db01.jsonl	2026-09-03T03:01:49.945Z	claude-opus-5
db604e5d9bf92636	-	ineligible	out-of-family:x-noop	-	-	-	agent-a4fe4601c68f5db01.jsonl	2026-09-03T03:02:58.465Z	claude-opus-5
22c562f99087aa79	-	ineligible	out-of-family:x-noop	-	-	-	agent-a4fe4601c68f5db01.jsonl	2026-09-03T03:05:13.079Z	claude-opus-5
e0a54e92d1579573	-	ineligible	out-of-family:x-other	-	-	-	agent-a4fe4601c68f5db01.jsonl	2026-09-03T03:06:39.697Z	claude-opus-5
7bd3b283a8265909	-	ineligible	out-of-family:x-other	-	-	-	agent-a4fe4601c68f5db01.jsonl	2026-09-03T03:06:45.532Z	claude-opus-5
4137be4f897434d0	-	ineligible	out-of-family:x-noop	-	-	-	agent-a4fe4601c68f5db01.jsonl	2026-09-03T03:09:10.050Z	claude-opus-5
4e77659a19a4e466	-	ineligible	out-of-family:x-other	-	-	-	agent-a4fe4601c68f5db01.jsonl	2026-09-03T03:10:45.428Z	claude-opus-5
962c6dfec9962805	-	ineligible	out-of-family:x-noop	-	-	-	agent-a4fe4601c68f5db01.jsonl	2026-09-03T03:11:15.311Z	claude-opus-5
748525f9664ea739	-	ineligible	out-of-family:x-other	-	-	-	agent-a4fe4601c68f5db01.jsonl	2026-09-03T03:15:06.280Z	claude-opus-5
95aadc05a12bb219	-	ineligible	out-of-family:x-other	-	-	-	agent-a4fe4601c68f5db01.jsonl	2026-09-03T03:15:22.928Z	claude-opus-5
89483c063d6096a8	-	ineligible	out-of-family:x-noop	-	-	-	agent-a4fe4601c68f5db01.jsonl	2026-09-03T03:15:30.531Z	claude-opus-5
6457b0b14a3ded07	-	ineligible	out-of-family:x-noop	-	-	-	agent-a4fe4601c68f5db01.jsonl	2026-09-03T03:17:22.804Z	claude-opus-5
642539c6fddb5c44	-	ineligible	out-of-family:x-noop	-	-	-	agent-a4fe4601c68f5db01.jsonl	2026-09-03T03:17:36.663Z	claude-opus-5
a830f8069de51aec	-	ineligible	out-of-family:x-noop	-	-	-	agent-a4fe4601c68f5db01.jsonl	2026-09-03T03:25:02.619Z	claude-opus-5
2c0040c355388971	-	ineligible	out-of-family:x-noop	-	-	-	agent-a4fe4601c68f5db01.jsonl	2026-09-03T03:27:27.802Z	claude-opus-5
af66bf62325f481a	-	ineligible	out-of-family:x-noop	-	-	-	agent-a4fe4601c68f5db01.jsonl	2026-09-03T03:33:06.064Z	claude-opus-5
7d21a9f24066a6a7	-	ineligible	out-of-family:x-noop	-	-	-	agent-a4fe4601c68f5db01.jsonl	2026-09-03T03:33:19.092Z	claude-opus-5
f0c5ac3f6ac14c59	-	ineligible	out-of-family:x-noop	-	-	-	agent-a4fe4601c68f5db01.jsonl	2026-09-03T03:33:30.539Z	claude-opus-5
cbe0c7bc1e3ee37b	-	ineligible	out-of-family:x-noop	-	-	-	agent-a4fe4601c68f5db01.jsonl	2026-09-03T03:33:41.762Z	claude-opus-5
998f29ba3695d419	-	ineligible	out-of-family:x-other	-	-	-	agent-a4fe4601c68f5db01.jsonl	2026-09-03T03:39:09.283Z	claude-opus-5
05d0889e545d940d	-	ineligible	out-of-family:x-noop	-	-	-	agent-a4fe4601c68f5db01.jsonl	2026-09-03T03:46:33.808Z	claude-opus-5
fbbae19a2986172b	-	ineligible	out-of-family:x-other	-	-	-	agent-a4fe4601c68f5db01.jsonl	2026-09-03T03:49:17.989Z	claude-opus-5
3b83ed302fd73f45	-	ineligible	out-of-family:x-noop	-	-	-	agent-a4fe4601c68f5db01.jsonl	2026-09-03T03:50:13.369Z	claude-opus-5
a6dd50a5467ac096	-	ineligible	out-of-family:x-noop	-	-	-	agent-a4fe4601c68f5db01.jsonl	2026-09-03T03:50:32.508Z	claude-opus-5
4d39bedab8c235ff	-	ineligible	out-of-family:x-other	-	-	-	agent-a4fe4601c68f5db01.jsonl	2026-09-03T03:50:45.265Z	claude-opus-5
68b8be604dc4edce	-	ineligible	out-of-family:x-noop	-	-	-	agent-a4fe4601c68f5db01.jsonl	2026-09-03T03:50:58.883Z	claude-opus-5
9dd119f4bfea7405	-	ineligible	out-of-family:x-noop	-	-	-	agent-a4fe4601c68f5db01.jsonl	2026-09-03T03:54:09.758Z	claude-opus-5
f9f03976df150a77	I	ineligible	pre-edit-bytes-not-recoverable	/home/forge/src/clj-surgeon-census	-	-	agent-a4fe4601c68f5db01.jsonl	2026-09-03T03:54:35.212Z	claude-opus-5
2395389cdbcd2f32	-	ineligible	out-of-family:x-noop	-	-	-	agent-a4fe4601c68f5db01.jsonl	2026-09-03T03:54:45.594Z	claude-opus-5
24db67313001b424	-	ineligible	out-of-family:x-noop	-	-	-	agent-a4fe4601c68f5db01.jsonl	2026-09-03T03:54:57.248Z	claude-opus-5
50f5a552817322fd	-	ineligible	out-of-family:x-noop	-	-	-	agent-a4fe4601c68f5db01.jsonl	2026-09-03T03:57:44.915Z	claude-opus-5
9cc2993043ed9792	-	ineligible	out-of-family:x-noop	-	-	-	agent-a4fe4601c68f5db01.jsonl	2026-09-03T03:57:57.629Z	claude-opus-5
a8b4ae3f631425ac	-	ineligible	out-of-family:x-noop	-	-	-	agent-a4fe4601c68f5db01.jsonl	2026-09-03T03:58:03.385Z	claude-opus-5
5267ae12f51bdd71	-	ineligible	out-of-family:x-noop	-	-	-	agent-a4fe4601c68f5db01.jsonl	2026-09-03T03:58:16.871Z	claude-opus-5
ee6874e6b5bd4bf1	-	ineligible	out-of-family:x-noop	-	-	-	agent-a4fe4601c68f5db01.jsonl	2026-09-03T03:59:07.821Z	claude-opus-5
17da4c2a3716dee8	-	ineligible	out-of-family:x-noop	-	-	-	agent-a4fe4601c68f5db01.jsonl	2026-09-03T04:00:27.795Z	claude-opus-5
314615cff818ee03	-	ineligible	out-of-family:x-noop	-	-	-	agent-a4fe4601c68f5db01.jsonl	2026-09-03T04:05:08.208Z	claude-opus-5
622f2551e0180c2f	-	ineligible	out-of-family:x-noop	-	-	-	agent-a4fe4601c68f5db01.jsonl	2026-09-03T04:10:04.488Z	claude-opus-5
f67317646114b68a	-	ineligible	out-of-family:x-noop	-	-	-	agent-a4fe4601c68f5db01.jsonl	2026-09-03T04:10:17.400Z	claude-opus-5
82feeefe5db533b0	-	ineligible	out-of-family:x-noop	-	-	-	agent-a9f6694ffe16d0d1e.jsonl	2026-09-03T03:15:49.905Z	claude-opus-5
e22b07f1a0097858	-	ineligible	out-of-family:x-noop	-	-	-	agent-a9f6694ffe16d0d1e.jsonl	2026-09-03T03:16:46.138Z	claude-opus-5
b05fe69f340b6394	-	ineligible	out-of-family:x-noop	-	-	-	agent-a9f6694ffe16d0d1e.jsonl	2026-09-03T03:23:06.983Z	claude-opus-5
049cfb4a9eb361f6	-	ineligible	out-of-family:x-noop	-	-	-	agent-a9f6694ffe16d0d1e.jsonl	2026-09-03T03:23:14.986Z	claude-opus-5
35e74b5c125d9d38	-	ineligible	out-of-family:x-noop	-	-	-	agent-a36b2d92547b91a75.jsonl	2026-09-08T08:58:51.387Z	claude-opus-5
dabee80e09faf0ca	-	ineligible	out-of-family:x-noop	-	-	-	agent-a36b2d92547b91a75.jsonl	2026-09-08T08:59:03.525Z	claude-opus-5
45d67fca9118f178	-	ineligible	out-of-family:x-noop	-	-	-	agent-a920b3d741baceb40.jsonl	2026-09-04T05:41:04.720Z	claude-opus-5
284fdee315258eab	-	ineligible	out-of-family:x-noop	-	-	-	agent-a920b3d741baceb40.jsonl	2026-09-04T05:41:24.191Z	claude-opus-5
87f12763f6c23975	-	ineligible	out-of-family:x-noop	-	-	-	agent-a920b3d741baceb40.jsonl	2026-09-04T05:44:03.981Z	claude-opus-5
3d057aa8999a540a	-	ineligible	out-of-family:x-noop	-	-	-	agent-a920b3d741baceb40.jsonl	2026-09-04T05:46:22.276Z	claude-opus-5
4d5296cded0d8ab6	-	ineligible	out-of-family:x-noop	-	-	-	agent-a920b3d741baceb40.jsonl	2026-09-04T05:51:58.606Z	claude-opus-5
dba631128b952209	-	ineligible	out-of-family:x-noop	-	-	-	agent-a920b3d741baceb40.jsonl	2026-09-04T05:52:19.748Z	claude-opus-5
732ae7b951ac4ead	-	ineligible	out-of-family:x-noop	-	-	-	agent-a920b3d741baceb40.jsonl	2026-09-04T05:52:26.443Z	claude-opus-5
70615f40c0c66877	-	ineligible	out-of-family:x-noop	-	-	-	agent-a920b3d741baceb40.jsonl	2026-09-04T05:53:43.825Z	claude-opus-5
4ceb746167324576	-	ineligible	out-of-family:x-noop	-	-	-	agent-a920b3d741baceb40.jsonl	2026-09-04T05:57:14.002Z	claude-opus-5
79eb2d5ed4c96480	-	ineligible	out-of-family:x-other	-	-	-	agent-a920b3d741baceb40.jsonl	2026-09-04T05:57:25.018Z	claude-opus-5
daaf2d3304020a37	-	ineligible	out-of-family:x-noop	-	-	-	agent-a920b3d741baceb40.jsonl	2026-09-04T05:58:51.361Z	claude-opus-5
08a55016597424ca	-	ineligible	out-of-family:x-noop	-	-	-	agent-a920b3d741baceb40.jsonl	2026-09-04T05:59:34.461Z	claude-opus-5
485dff21d9c21b95	-	ineligible	out-of-family:x-noop	-	-	-	agent-a920b3d741baceb40.jsonl	2026-09-04T06:03:00.162Z	claude-opus-5
d6c78a6c6cbc3cca	-	ineligible	out-of-family:x-noop	-	-	-	agent-a920b3d741baceb40.jsonl	2026-09-04T06:04:39.396Z	claude-opus-5
8b36339e0f55311e	-	ineligible	out-of-family:x-other	-	-	-	agent-a920b3d741baceb40.jsonl	2026-09-04T06:05:00.987Z	claude-opus-5
262ad552b6138ba8	-	ineligible	out-of-family:x-other	-	-	-	agent-a920b3d741baceb40.jsonl	2026-09-04T06:05:19.355Z	claude-opus-5
b4efcaa518f55f0f	-	ineligible	out-of-family:x-noop	-	-	-	agent-a920b3d741baceb40.jsonl	2026-09-04T06:07:33.834Z	claude-opus-5
3a22991165d99eb8	-	ineligible	out-of-family:x-noop	-	-	-	agent-a920b3d741baceb40.jsonl	2026-09-04T06:09:53.397Z	claude-opus-5
4abc945bd813eb45	-	ineligible	out-of-family:x-noop	-	-	-	agent-a920b3d741baceb40.jsonl	2026-09-04T06:10:07.637Z	claude-opus-5
8638ca01840761c2	-	ineligible	out-of-family:x-noop	-	-	-	agent-a920b3d741baceb40.jsonl	2026-09-04T06:10:27.797Z	claude-opus-5
2b3498df998ef306	-	ineligible	out-of-family:x-noop	-	-	-	agent-a920b3d741baceb40.jsonl	2026-09-04T06:33:29.352Z	claude-opus-5
8ff6f8b7281d6e1b	-	ineligible	out-of-family:x-noop	-	-	-	agent-a920b3d741baceb40.jsonl	2026-09-04T06:33:53.899Z	claude-opus-5
63aefc2261debae9	-	ineligible	out-of-family:x-noop	-	-	-	agent-a920b3d741baceb40.jsonl	2026-09-04T06:35:49.768Z	claude-opus-5
be12109c028c76e5	-	ineligible	out-of-family:x-other	-	-	-	agent-a920b3d741baceb40.jsonl	2026-09-04T06:39:01.802Z	claude-opus-5
3839331a887088fb	-	ineligible	out-of-family:x-noop	-	-	-	agent-a920b3d741baceb40.jsonl	2026-09-04T06:39:16.970Z	claude-opus-5
7eb1594d334ec2b5	-	ineligible	out-of-family:x-noop	-	-	-	agent-a920b3d741baceb40.jsonl	2026-09-04T06:42:08.603Z	claude-opus-5
066e2a859db9d4ee	-	ineligible	out-of-family:x-other	-	-	-	agent-a920b3d741baceb40.jsonl	2026-09-04T06:45:09.656Z	claude-opus-5
9ffd6ed7033abbca	-	ineligible	out-of-family:x-noop	-	-	-	agent-adde4fa5bfa15b799.jsonl	2026-09-03T19:07:20.526Z	claude-opus-5
e4e3e303a8bd11a7	-	ineligible	out-of-family:x-noop	-	-	-	agent-adde4fa5bfa15b799.jsonl	2026-09-03T19:07:59.519Z	claude-opus-5
ab419880797060f1	-	ineligible	out-of-family:x-other	-	-	-	agent-adde4fa5bfa15b799.jsonl	2026-09-03T19:08:05.431Z	claude-opus-5
2ac9fd7f47c0e53e	-	ineligible	out-of-family:x-noop	-	-	-	agent-adde4fa5bfa15b799.jsonl	2026-09-03T19:09:44.119Z	claude-opus-5
d544d9c5bc8ccdab	-	ineligible	out-of-family:x-noop	-	-	-	agent-adde4fa5bfa15b799.jsonl	2026-09-03T19:10:44.734Z	claude-opus-5
31e797f4ae240de2	-	ineligible	out-of-family:x-noop	-	-	-	agent-adde4fa5bfa15b799.jsonl	2026-09-03T19:11:05.943Z	claude-opus-5
f0ba0881d2c6d94a	-	ineligible	out-of-family:x-noop	-	-	-	agent-adde4fa5bfa15b799.jsonl	2026-09-03T19:11:51.469Z	claude-opus-5
7c134fee36c954db	-	ineligible	out-of-family:x-noop	-	-	-	agent-adde4fa5bfa15b799.jsonl	2026-09-03T19:17:08.071Z	claude-opus-5
027a8bc3feae474c	-	ineligible	out-of-family:x-other	-	-	-	agent-adde4fa5bfa15b799.jsonl	2026-09-03T19:17:16.207Z	claude-opus-5
dfee1924aab06a81	-	ineligible	out-of-family:x-noop	-	-	-	agent-a98cc73a62af5ea14.jsonl	2026-09-03T11:53:05.499Z	claude-opus-5
1b630971de7744d1	-	ineligible	out-of-family:x-noop	-	-	-	agent-a98cc73a62af5ea14.jsonl	2026-09-03T11:53:11.203Z	claude-opus-5
0b6a4964661f0879	-	ineligible	out-of-family:x-noop	-	-	-	agent-a98cc73a62af5ea14.jsonl	2026-09-03T11:53:17.137Z	claude-opus-5
64ecf8cf9eae833a	-	ineligible	out-of-family:x-noop	-	-	-	agent-a98cc73a62af5ea14.jsonl	2026-09-03T11:53:36.008Z	claude-opus-5
506626f914b93f66	-	ineligible	out-of-family:x-noop	-	-	-	agent-a98cc73a62af5ea14.jsonl	2026-09-03T11:53:48.592Z	claude-opus-5
92bbee21aaca5315	-	ineligible	out-of-family:x-noop	-	-	-	agent-a98cc73a62af5ea14.jsonl	2026-09-03T11:54:18.148Z	claude-opus-5
7d389def50cadaeb	-	ineligible	out-of-family:x-noop	-	-	-	agent-a98cc73a62af5ea14.jsonl	2026-09-03T11:54:41.375Z	claude-opus-5
ed4ddc3e167bc4c8	-	ineligible	out-of-family:x-noop	-	-	-	agent-a98cc73a62af5ea14.jsonl	2026-09-03T11:54:57.890Z	claude-opus-5
9a5ea2a172d181a5	-	ineligible	out-of-family:x-noop	-	-	-	agent-a98cc73a62af5ea14.jsonl	2026-09-03T11:55:11.552Z	claude-opus-5
ebbe8d8c176afdca	-	ineligible	out-of-family:x-noop	-	-	-	agent-a98cc73a62af5ea14.jsonl	2026-09-03T11:55:47.979Z	claude-opus-5
5a5a19adc8b08cba	-	ineligible	out-of-family:x-other	-	-	-	agent-a98cc73a62af5ea14.jsonl	2026-09-03T11:55:52.459Z	claude-opus-5
1c8546226edc0039	-	ineligible	out-of-family:x-other	-	-	-	agent-a98cc73a62af5ea14.jsonl	2026-09-03T11:55:57.276Z	claude-opus-5
4f4061071d26359f	-	ineligible	out-of-family:x-noop	-	-	-	agent-a98cc73a62af5ea14.jsonl	2026-09-03T11:56:13.941Z	claude-opus-5
ea5cfdbaf162e722	-	ineligible	out-of-family:x-noop	-	-	-	agent-a98cc73a62af5ea14.jsonl	2026-09-03T11:56:34.949Z	claude-opus-5
fb36ae201225850e	-	ineligible	out-of-family:x-noop	-	-	-	agent-a98cc73a62af5ea14.jsonl	2026-09-03T11:57:59.077Z	claude-opus-5
1a58b34cb0d4b901	-	ineligible	out-of-family:x-other	-	-	-	agent-a98cc73a62af5ea14.jsonl	2026-09-03T11:58:15.570Z	claude-opus-5
c7d420259714c3d8	-	ineligible	out-of-family:x-noop	-	-	-	agent-a98cc73a62af5ea14.jsonl	2026-09-03T11:58:41.005Z	claude-opus-5
111481120cd2f45b	-	ineligible	out-of-family:x-other	-	-	-	agent-a7a845253699fff8a.jsonl	2026-09-03T06:22:19.026Z	claude-opus-5
aa940cd8ab9bc3e6	-	ineligible	out-of-family:x-noop	-	-	-	agent-a4a9806df9cad5bcb.jsonl	2026-09-03T21:50:07.358Z	claude-opus-5
cfaa7440af38ac03	-	ineligible	out-of-family:x-noop	-	-	-	agent-a4a9806df9cad5bcb.jsonl	2026-09-03T21:54:18.371Z	claude-opus-5
e15e8ceda7397af7	-	ineligible	out-of-family:x-noop	-	-	-	agent-a4a9806df9cad5bcb.jsonl	2026-09-03T21:59:06.198Z	claude-opus-5
e3d2d06f3854bc92	-	ineligible	out-of-family:x-noop	-	-	-	agent-a4a9806df9cad5bcb.jsonl	2026-09-03T22:04:17.296Z	claude-opus-5
adb7860f6bc9592a	-	ineligible	out-of-family:x-noop	-	-	-	agent-a4a9806df9cad5bcb.jsonl	2026-09-03T22:04:41.326Z	claude-opus-5
75dfc227d4fc528d	-	ineligible	out-of-family:x-noop	-	-	-	agent-a4a9806df9cad5bcb.jsonl	2026-09-03T22:05:13.404Z	claude-opus-5
5555c7917040a9f3	-	ineligible	out-of-family:x-noop	-	-	-	agent-a4a9806df9cad5bcb.jsonl	2026-09-03T22:05:20.371Z	claude-opus-5
c5965144076d5cf3	-	ineligible	out-of-family:x-noop	-	-	-	agent-a4a9806df9cad5bcb.jsonl	2026-09-03T22:05:55.909Z	claude-opus-5
1e50dd057b6a80e7	-	ineligible	out-of-family:x-noop	-	-	-	agent-a4a9806df9cad5bcb.jsonl	2026-09-03T22:08:32.057Z	claude-opus-5
aefe73d55d2e415f	-	ineligible	out-of-family:x-noop	-	-	-	agent-a4a9806df9cad5bcb.jsonl	2026-09-03T22:11:08.984Z	claude-opus-5
ab09f6254a70e5dc	-	ineligible	out-of-family:x-noop	-	-	-	agent-a4a9806df9cad5bcb.jsonl	2026-09-03T22:12:21.890Z	claude-opus-5
a00f505588780286	-	ineligible	out-of-family:x-noop	-	-	-	agent-a4a9806df9cad5bcb.jsonl	2026-09-03T22:16:58.431Z	claude-opus-5
935ffb721d7d7626	-	ineligible	out-of-family:x-noop	-	-	-	agent-a4b4fa3108c32b416.jsonl	2026-09-04T10:16:52.694Z	claude-opus-5
76309cd73c3a5cbe	-	ineligible	out-of-family:x-noop	-	-	-	agent-a4b4fa3108c32b416.jsonl	2026-09-04T10:17:35.818Z	claude-opus-5
e2b357e2dc34bf72	-	ineligible	out-of-family:x-noop	-	-	-	agent-a4b4fa3108c32b416.jsonl	2026-09-04T10:18:10.766Z	claude-opus-5
ed8ff56b8f5cc91b	-	ineligible	out-of-family:x-other	-	-	-	agent-a4b4fa3108c32b416.jsonl	2026-09-04T10:18:21.490Z	claude-opus-5
5ef619bc0c6aa944	-	ineligible	out-of-family:x-other	-	-	-	agent-a4b4fa3108c32b416.jsonl	2026-09-04T10:18:24.771Z	claude-opus-5
0c796271eef1cc38	-	ineligible	out-of-family:x-noop	-	-	-	agent-a4b4fa3108c32b416.jsonl	2026-09-04T10:29:45.309Z	claude-opus-5
7d352418285e8929	-	ineligible	out-of-family:x-noop	-	-	-	agent-a4b4fa3108c32b416.jsonl	2026-09-04T10:36:05.562Z	claude-opus-5
3d421ac5c0cc0ad0	-	ineligible	out-of-family:x-noop	-	-	-	agent-a4b4fa3108c32b416.jsonl	2026-09-04T10:47:12.050Z	claude-opus-5
b9e71fb721795c5b	-	ineligible	out-of-family:x-noop	-	-	-	agent-a4b4fa3108c32b416.jsonl	2026-09-04T10:53:14.367Z	claude-opus-5
dacb20c3f368d0db	-	ineligible	out-of-family:x-noop	-	-	-	agent-a4b4fa3108c32b416.jsonl	2026-09-04T10:54:17.085Z	claude-opus-5
2630c3e2a27d82fd	-	ineligible	out-of-family:x-noop	-	-	-	agent-a4b4fa3108c32b416.jsonl	2026-09-04T10:54:51.336Z	claude-opus-5
e7fb87eb290603e8	I	ineligible	pre-edit-bytes-not-recoverable	/home/forge/src/clj-surgeon	-	-	agent-a4b4fa3108c32b416.jsonl	2026-09-04T10:59:49.546Z	claude-opus-5
56d06d5fb3e51dca	-	ineligible	out-of-family:x-other	-	-	-	agent-a4b4fa3108c32b416.jsonl	2026-09-04T11:00:42.461Z	claude-opus-5
96ced5d575b6e6ef	-	ineligible	out-of-family:x-other	-	-	-	agent-a4b4fa3108c32b416.jsonl	2026-09-04T11:01:44.619Z	claude-opus-5
457dd4aaee1a0182	-	ineligible	out-of-family:x-noop	-	-	-	agent-a4b4fa3108c32b416.jsonl	2026-09-04T11:10:33.735Z	claude-opus-5
cc35efbda1bb6b6a	-	ineligible	out-of-family:x-noop	-	-	-	agent-a4b4fa3108c32b416.jsonl	2026-09-04T11:11:34.800Z	claude-opus-5
1d8a34fc975ca5c5	-	ineligible	out-of-family:x-other	-	-	-	agent-a4b4fa3108c32b416.jsonl	2026-09-04T11:13:02.459Z	claude-opus-5
70123342b98bb2e5	-	ineligible	out-of-family:x-noop	-	-	-	agent-a4b4fa3108c32b416.jsonl	2026-09-04T11:13:13.961Z	claude-opus-5
d628170d0b74b661	-	ineligible	out-of-family:x-noop	-	-	-	agent-a6eda4b6717c59a6b.jsonl	2026-09-04T23:48:08.896Z	claude-opus-5
36aa409ce678804f	-	ineligible	out-of-family:x-noop	-	-	-	agent-a6eda4b6717c59a6b.jsonl	2026-09-04T23:48:27.249Z	claude-opus-5
3423a81b2233bf95	-	ineligible	out-of-family:x-noop	-	-	-	agent-a6eda4b6717c59a6b.jsonl	2026-09-04T23:49:05.793Z	claude-opus-5
986e804c553ad34e	-	ineligible	out-of-family:x-noop	-	-	-	agent-a6eda4b6717c59a6b.jsonl	2026-09-04T23:49:14.283Z	claude-opus-5
e51191f5e2ef002b	-	ineligible	out-of-family:x-noop	-	-	-	agent-a6eda4b6717c59a6b.jsonl	2026-09-04T23:49:41.560Z	claude-opus-5
4e785fede788142c	-	ineligible	out-of-family:x-noop	-	-	-	agent-a6eda4b6717c59a6b.jsonl	2026-09-04T23:50:03.178Z	claude-opus-5
eec73a4c0b970ff4	-	ineligible	out-of-family:x-noop	-	-	-	agent-a6eda4b6717c59a6b.jsonl	2026-09-04T23:50:44.085Z	claude-opus-5
f9e8a066136e8164	-	ineligible	out-of-family:x-noop	-	-	-	agent-a6eda4b6717c59a6b.jsonl	2026-09-04T23:51:01.251Z	claude-opus-5
ebb89d68087606e6	-	ineligible	out-of-family:x-other	-	-	-	agent-a6eda4b6717c59a6b.jsonl	2026-09-04T23:51:03.976Z	claude-opus-5
133fa8448db699f6	-	ineligible	out-of-family:x-noop	-	-	-	agent-a6eda4b6717c59a6b.jsonl	2026-09-04T23:51:40.295Z	claude-opus-5
37d32b276ecda289	R	ineligible	pre-edit-bytes-not-recoverable	/home/forge/src/clj-surgeon	-	-	agent-a6eda4b6717c59a6b.jsonl	2026-09-04T23:51:45.180Z	claude-opus-5
96b7f6f4ff67e636	-	ineligible	out-of-family:x-noop	-	-	-	agent-a6eda4b6717c59a6b.jsonl	2026-09-04T23:52:01.485Z	claude-opus-5
bd78de37047a7c2a	-	ineligible	out-of-family:x-noop	-	-	-	agent-a6eda4b6717c59a6b.jsonl	2026-09-04T23:52:20.787Z	claude-opus-5
3ddce27e832fdcc0	-	ineligible	out-of-family:x-noop	-	-	-	agent-a6eda4b6717c59a6b.jsonl	2026-09-04T23:52:52.425Z	claude-opus-5
cb099f5758f00c1d	-	ineligible	out-of-family:x-other	-	-	-	agent-a6eda4b6717c59a6b.jsonl	2026-09-04T23:53:42.501Z	claude-opus-5
3a02e30990751a67	-	ineligible	out-of-family:x-noop	-	-	-	agent-a6eda4b6717c59a6b.jsonl	2026-09-04T23:53:55.288Z	claude-opus-5
626c99312c2c39ae	-	ineligible	out-of-family:x-noop	-	-	-	agent-a6eda4b6717c59a6b.jsonl	2026-09-04T23:54:17.478Z	claude-opus-5
dc8a8406edd48d87	-	ineligible	out-of-family:x-noop	-	-	-	agent-a6eda4b6717c59a6b.jsonl	2026-09-04T23:54:27.545Z	claude-opus-5
bd8c8530835f51da	-	ineligible	out-of-family:x-noop	-	-	-	agent-a6eda4b6717c59a6b.jsonl	2026-09-04T23:54:57.721Z	claude-opus-5
7af858a6f13d1d76	T	ineligible	pre-edit-bytes-not-recoverable	/home/forge/src/clj-surgeon	-	-	agent-a6eda4b6717c59a6b.jsonl	2026-09-04T23:55:04.494Z	claude-opus-5
bdfcf2d22604f62a	-	ineligible	out-of-family:x-other	-	-	-	agent-a6eda4b6717c59a6b.jsonl	2026-09-04T23:55:49.204Z	claude-opus-5
9464d93423226027	-	ineligible	out-of-family:x-noop	-	-	-	agent-a6eda4b6717c59a6b.jsonl	2026-09-04T23:56:46.493Z	claude-opus-5
cf3375771f8893d1	-	ineligible	out-of-family:x-noop	-	-	-	agent-a6eda4b6717c59a6b.jsonl	2026-09-04T23:57:00.152Z	claude-opus-5
dfa0af563e40eece	-	ineligible	out-of-family:x-noop	-	-	-	agent-a6eda4b6717c59a6b.jsonl	2026-09-04T23:57:14.439Z	claude-opus-5
bd63e189160b067b	-	ineligible	out-of-family:x-noop	-	-	-	agent-a6eda4b6717c59a6b.jsonl	2026-09-04T23:57:23.662Z	claude-opus-5
cde31a921db6b2cd	-	ineligible	out-of-family:x-noop	-	-	-	agent-a6eda4b6717c59a6b.jsonl	2026-09-04T23:58:02.060Z	claude-opus-5
f9e07dba9b1b1167	-	ineligible	out-of-family:x-noop	-	-	-	agent-a6eda4b6717c59a6b.jsonl	2026-09-04T23:58:42.994Z	claude-opus-5
067abfe7b3982cc1	-	ineligible	out-of-family:x-noop	-	-	-	agent-a6eda4b6717c59a6b.jsonl	2026-09-05T00:30:22.831Z	claude-opus-5
5c868f81dd98bcec	-	ineligible	out-of-family:x-noop	-	-	-	agent-a6eda4b6717c59a6b.jsonl	2026-09-05T00:30:44.431Z	claude-opus-5
f53ab0f8f6759d0a	-	ineligible	out-of-family:x-other	-	-	-	agent-a6eda4b6717c59a6b.jsonl	2026-09-05T00:30:57.942Z	claude-opus-5
6c0f1fd4b8a3328e	-	ineligible	out-of-family:x-noop	-	-	-	agent-a6eda4b6717c59a6b.jsonl	2026-09-05T00:31:13.137Z	claude-opus-5
e05129b486e64398	T	eligible	ok	/home/forge/src/clj-surgeon	test/clj_surgeon/lane_manifest_test.clj	8fff52557988e91f7288206a93ff9b22347e7384	agent-a6eda4b6717c59a6b.jsonl	2026-09-05T00:31:21.432Z	claude-opus-5
cc3131efa6d1d73a	-	ineligible	out-of-family:x-noop	-	-	-	agent-a6eda4b6717c59a6b.jsonl	2026-09-05T00:32:38.470Z	claude-opus-5
a85a6332572043a6	-	ineligible	out-of-family:x-other	-	-	-	agent-a6eda4b6717c59a6b.jsonl	2026-09-05T00:32:43.224Z	claude-opus-5
622a02a50ff8cb86	-	ineligible	out-of-family:x-noop	-	-	-	agent-a6eda4b6717c59a6b.jsonl	2026-09-05T00:33:47.583Z	claude-opus-5
ed9c113c3a63e03e	-	ineligible	out-of-family:x-noop	-	-	-	agent-a6eda4b6717c59a6b.jsonl	2026-09-05T00:36:54.712Z	claude-opus-5
9eb500b9c234174b	-	ineligible	out-of-family:x-noop	-	-	-	agent-a6eda4b6717c59a6b.jsonl	2026-09-05T00:39:10.467Z	claude-opus-5
f9d6eeffb2729669	-	ineligible	out-of-family:x-noop	-	-	-	agent-a6eda4b6717c59a6b.jsonl	2026-09-05T01:22:56.909Z	claude-opus-5
0d03a2704b6f0585	-	ineligible	out-of-family:x-noop	-	-	-	agent-a0aa5432d148d75c0.jsonl	2026-09-06T03:22:54.909Z	claude-opus-5
9cb1ca929a93f512	-	ineligible	out-of-family:x-noop	-	-	-	agent-a0aa5432d148d75c0.jsonl	2026-09-06T03:23:14.680Z	claude-opus-5
d78b997971e5d2a0	-	ineligible	out-of-family:x-noop	-	-	-	agent-a0aa5432d148d75c0.jsonl	2026-09-06T03:24:38.171Z	claude-opus-5
811517f801b4154c	T	ineligible	pre-edit-bytes-not-recoverable	/home/forge/src/clj-surgeon	-	-	agent-a0aa5432d148d75c0.jsonl	2026-09-06T03:25:11.476Z	claude-opus-5
5b1290f6ea57c0e3	-	ineligible	out-of-family:x-noop	-	-	-	agent-a47ff2e93e7e8da8e.jsonl	2026-09-04T07:22:04.787Z	claude-opus-5
06687a3e05cb80f9	-	ineligible	out-of-family:x-noop	-	-	-	agent-a47ff2e93e7e8da8e.jsonl	2026-09-04T07:22:54.896Z	claude-opus-5
f3898db74f896836	-	ineligible	out-of-family:x-noop	-	-	-	agent-a47ff2e93e7e8da8e.jsonl	2026-09-04T07:24:13.773Z	claude-opus-5
1487e59ecb72118d	-	ineligible	out-of-family:x-noop	-	-	-	agent-a47ff2e93e7e8da8e.jsonl	2026-09-04T07:25:12.009Z	claude-opus-5
6e511d35fdd0f285	-	ineligible	out-of-family:x-noop	-	-	-	agent-a47ff2e93e7e8da8e.jsonl	2026-09-04T07:25:29.381Z	claude-opus-5
98220cbb8ae10db7	-	ineligible	out-of-family:x-other	-	-	-	agent-a47ff2e93e7e8da8e.jsonl	2026-09-04T07:25:36.691Z	claude-opus-5
05b885d472987c3e	-	ineligible	out-of-family:x-noop	-	-	-	agent-a47ff2e93e7e8da8e.jsonl	2026-09-04T07:27:07.399Z	claude-opus-5
a337464e8cec03cc	-	ineligible	out-of-family:x-other	-	-	-	agent-a47ff2e93e7e8da8e.jsonl	2026-09-04T07:27:17.303Z	claude-opus-5
e936e03784783bb9	-	ineligible	out-of-family:x-noop	-	-	-	agent-a47ff2e93e7e8da8e.jsonl	2026-09-04T07:28:49.625Z	claude-opus-5
7232640e464e5ff4	-	ineligible	out-of-family:x-noop	-	-	-	agent-a47ff2e93e7e8da8e.jsonl	2026-09-04T07:29:06.769Z	claude-opus-5
b99b469444253ed7	-	ineligible	out-of-family:x-noop	-	-	-	agent-a47ff2e93e7e8da8e.jsonl	2026-09-04T07:30:00.390Z	claude-opus-5
64c3a35a6c28aced	-	ineligible	out-of-family:x-noop	-	-	-	agent-a47ff2e93e7e8da8e.jsonl	2026-09-04T07:30:18.990Z	claude-opus-5
9f6417fdd534f19f	-	ineligible	out-of-family:x-noop	-	-	-	agent-a47ff2e93e7e8da8e.jsonl	2026-09-04T07:30:26.738Z	claude-opus-5
b863a0be18ae00db	-	ineligible	out-of-family:x-noop	-	-	-	agent-a47ff2e93e7e8da8e.jsonl	2026-09-04T07:30:42.064Z	claude-opus-5
caf89336ef3cda63	-	ineligible	out-of-family:x-noop	-	-	-	agent-a47ff2e93e7e8da8e.jsonl	2026-09-04T07:31:26.968Z	claude-opus-5
3f9d774cbf1d2697	-	ineligible	out-of-family:x-noop	-	-	-	agent-a47ff2e93e7e8da8e.jsonl	2026-09-04T07:31:48.019Z	claude-opus-5
9d7ead9eb5f15d03	-	ineligible	out-of-family:x-noop	-	-	-	agent-a47ff2e93e7e8da8e.jsonl	2026-09-04T07:32:39.056Z	claude-opus-5
c8d77bf5193c443c	-	ineligible	out-of-family:x-noop	-	-	-	agent-a47ff2e93e7e8da8e.jsonl	2026-09-04T07:33:07.376Z	claude-opus-5
0fcc864f33c81a2c	-	ineligible	out-of-family:x-noop	-	-	-	agent-a47ff2e93e7e8da8e.jsonl	2026-09-04T07:33:25.395Z	claude-opus-5
9d81972ce15e9782	-	ineligible	out-of-family:x-noop	-	-	-	agent-a47ff2e93e7e8da8e.jsonl	2026-09-04T07:33:47.642Z	claude-opus-5
f175c1f7016de3bd	-	ineligible	out-of-family:x-noop	-	-	-	agent-a468f5e2a11d4f27a.jsonl	2026-09-04T08:44:41.525Z	claude-opus-5
f675f97f330b9dcb	-	ineligible	out-of-family:x-noop	-	-	-	agent-a468f5e2a11d4f27a.jsonl	2026-09-04T08:47:46.086Z	claude-opus-5
63c8272ad5355c1d	-	ineligible	out-of-family:x-noop	-	-	-	agent-a468f5e2a11d4f27a.jsonl	2026-09-04T08:52:21.900Z	claude-opus-5
55e91e9b4ad60d48	-	ineligible	out-of-family:x-noop	-	-	-	agent-a468f5e2a11d4f27a.jsonl	2026-09-04T08:52:54.608Z	claude-opus-5
295159a80c29d17f	-	ineligible	out-of-family:x-noop	-	-	-	agent-a468f5e2a11d4f27a.jsonl	2026-09-04T08:54:38.958Z	claude-opus-5
dab05e1e6d8444e6	-	ineligible	out-of-family:x-noop	-	-	-	agent-a468f5e2a11d4f27a.jsonl	2026-09-04T08:54:54.574Z	claude-opus-5
05b6330c08621e4e	-	ineligible	out-of-family:x-noop	-	-	-	agent-a468f5e2a11d4f27a.jsonl	2026-09-04T08:55:36.016Z	claude-opus-5
09bfe3ead839797f	-	ineligible	out-of-family:x-noop	-	-	-	agent-a468f5e2a11d4f27a.jsonl	2026-09-04T08:55:52.461Z	claude-opus-5
8f250fd933f58512	-	ineligible	out-of-family:x-noop	-	-	-	agent-a468f5e2a11d4f27a.jsonl	2026-09-04T08:56:58.760Z	claude-opus-5
fcff73915c2f991a	-	ineligible	out-of-family:x-noop	-	-	-	agent-a468f5e2a11d4f27a.jsonl	2026-09-04T08:58:44.784Z	claude-opus-5
421835866152ca90	-	ineligible	out-of-family:x-noop	-	-	-	agent-a468f5e2a11d4f27a.jsonl	2026-09-04T08:58:54.291Z	claude-opus-5
97b3275dec4ef18c	-	ineligible	out-of-family:x-other	-	-	-	agent-a2d758e8c3be0f11e.jsonl	2026-09-05T21:46:00.596Z	claude-opus-5
294d4e96c5c90da5	-	ineligible	out-of-family:x-noop	-	-	-	agent-a2d758e8c3be0f11e.jsonl	2026-09-05T21:48:05.547Z	claude-opus-5
5cecd4d84d27ef0d	-	ineligible	out-of-family:x-other	-	-	-	agent-a8591504e4a9bc48d.jsonl	2026-09-08T18:37:57.349Z	claude-sonnet-5
f2aa77654db85e88	-	ineligible	out-of-family:x-other	-	-	-	agent-a8591504e4a9bc48d.jsonl	2026-09-08T18:38:54.944Z	claude-sonnet-5
9f8ca4b76a19097c	-	ineligible	out-of-family:x-noop	-	-	-	agent-a93bfda7bd860d8d9.jsonl	2026-09-07T23:11:49.032Z	claude-opus-5
2889e2acd0bfaa58	-	ineligible	out-of-family:x-noop	-	-	-	agent-a93bfda7bd860d8d9.jsonl	2026-09-07T23:12:14.005Z	claude-opus-5
e4915ed33252bd05	-	ineligible	out-of-family:x-noop	-	-	-	agent-a93bfda7bd860d8d9.jsonl	2026-09-07T23:13:42.183Z	claude-opus-5
1ed4cebc6c6c070e	-	ineligible	out-of-family:x-noop	-	-	-	agent-a93bfda7bd860d8d9.jsonl	2026-09-07T23:15:25.780Z	claude-opus-5
746ebde3d4e40e95	-	ineligible	out-of-family:x-other	-	-	-	agent-a93bfda7bd860d8d9.jsonl	2026-09-07T23:15:46.110Z	claude-opus-5
aab164686136380f	-	ineligible	out-of-family:x-noop	-	-	-	agent-ae8595aee1ad28d35.jsonl	2026-09-03T08:02:26.123Z	claude-opus-5
533ba3aac21757cf	-	ineligible	out-of-family:x-noop	-	-	-	agent-ae8595aee1ad28d35.jsonl	2026-09-03T08:02:49.074Z	claude-opus-5
5fbbb109b3efc6c7	-	ineligible	out-of-family:x-noop	-	-	-	agent-ae8595aee1ad28d35.jsonl	2026-09-03T08:08:34.123Z	claude-opus-5
805e5668eb1ce4c3	-	ineligible	out-of-family:x-noop	-	-	-	agent-ae8595aee1ad28d35.jsonl	2026-09-03T08:11:07.851Z	claude-opus-5
1116c95c52c75db7	-	ineligible	out-of-family:x-noop	-	-	-	agent-ae8595aee1ad28d35.jsonl	2026-09-03T08:11:35.504Z	claude-opus-5
f7aecb9bb1f8e122	-	ineligible	out-of-family:x-noop	-	-	-	agent-ae8595aee1ad28d35.jsonl	2026-09-03T08:12:11.517Z	claude-opus-5
6d835a84b6a62b39	-	ineligible	out-of-family:x-noop	-	-	-	agent-ae8595aee1ad28d35.jsonl	2026-09-03T08:12:35.824Z	claude-opus-5
c4cccea66d77ccc7	-	ineligible	out-of-family:x-other	-	-	-	agent-ae8595aee1ad28d35.jsonl	2026-09-03T08:14:59.262Z	claude-opus-5
afa863e500380784	-	ineligible	out-of-family:x-noop	-	-	-	agent-ae8595aee1ad28d35.jsonl	2026-09-03T08:15:31.245Z	claude-opus-5
cfc06ac6365691fd	-	ineligible	out-of-family:x-noop	-	-	-	agent-ae8595aee1ad28d35.jsonl	2026-09-03T08:16:30.993Z	claude-opus-5
f79990ffe719dd6b	-	ineligible	out-of-family:x-noop	-	-	-	agent-ae8595aee1ad28d35.jsonl	2026-09-03T08:19:10.737Z	claude-opus-5
69c188fea830d858	-	ineligible	out-of-family:x-noop	-	-	-	agent-ae8595aee1ad28d35.jsonl	2026-09-03T08:20:38.972Z	claude-opus-5
f94c4acae9b35f74	-	ineligible	out-of-family:x-noop	-	-	-	agent-ae8595aee1ad28d35.jsonl	2026-09-03T08:21:27.078Z	claude-opus-5
4083e4280fa7c8d4	-	ineligible	out-of-family:x-noop	-	-	-	agent-ae8595aee1ad28d35.jsonl	2026-09-03T08:21:45.189Z	claude-opus-5
bddc7c93734d218a	-	ineligible	out-of-family:x-noop	-	-	-	agent-ae8595aee1ad28d35.jsonl	2026-09-03T08:22:13.656Z	claude-opus-5
eddbf23e1b0e0ece	-	ineligible	out-of-family:x-noop	-	-	-	agent-ae8595aee1ad28d35.jsonl	2026-09-03T08:25:15.200Z	claude-opus-5
0b6be6c66826dfbf	-	ineligible	out-of-family:x-noop	-	-	-	agent-ae8595aee1ad28d35.jsonl	2026-09-03T08:25:48.837Z	claude-opus-5
ba515084502ac18e	-	ineligible	out-of-family:x-noop	-	-	-	agent-ae8595aee1ad28d35.jsonl	2026-09-03T08:26:05.019Z	claude-opus-5
ed76f57f190c2f48	-	ineligible	out-of-family:x-noop	-	-	-	agent-ae8595aee1ad28d35.jsonl	2026-09-03T08:26:51.326Z	claude-opus-5
9a28f36af8b38588	-	ineligible	out-of-family:x-other	-	-	-	agent-ae8595aee1ad28d35.jsonl	2026-09-03T08:27:47.012Z	claude-opus-5
3758282ef6d0c2f6	-	ineligible	out-of-family:x-noop	-	-	-	agent-ae8595aee1ad28d35.jsonl	2026-09-03T08:30:10.237Z	claude-opus-5
2332abba731c66b3	-	ineligible	out-of-family:x-noop	-	-	-	agent-ae8595aee1ad28d35.jsonl	2026-09-03T08:32:48.173Z	claude-opus-5
e50c53f84fc94020	-	ineligible	out-of-family:x-noop	-	-	-	agent-ae8595aee1ad28d35.jsonl	2026-09-03T08:37:08.397Z	claude-opus-5
a5294045dec20052	-	ineligible	out-of-family:x-noop	-	-	-	agent-ae8595aee1ad28d35.jsonl	2026-09-03T08:44:36.588Z	claude-opus-5
ed9abdde23b6c124	-	ineligible	out-of-family:x-noop	-	-	-	agent-ae8595aee1ad28d35.jsonl	2026-09-03T08:50:34.255Z	claude-opus-5
c68ccbdf6cf571c7	-	ineligible	out-of-family:x-noop	-	-	-	agent-ad9bdd07e688c0dd9.jsonl	2026-09-03T23:00:52.463Z	claude-opus-5
b3e7f2a76dba781c	-	ineligible	out-of-family:x-other	-	-	-	agent-ad9bdd07e688c0dd9.jsonl	2026-09-03T23:02:37.113Z	claude-opus-5
34bd9647a22fc203	-	ineligible	out-of-family:x-noop	-	-	-	agent-ad9bdd07e688c0dd9.jsonl	2026-09-03T23:09:39.703Z	claude-opus-5
6af5e0d33f4d383b	-	ineligible	out-of-family:x-noop	-	-	-	agent-ad9bdd07e688c0dd9.jsonl	2026-09-03T23:10:01.671Z	claude-opus-5
a9c738fdaa93bea2	-	ineligible	out-of-family:x-noop	-	-	-	agent-ad9bdd07e688c0dd9.jsonl	2026-09-03T23:10:14.657Z	claude-opus-5
d63be63232fa3b41	-	ineligible	out-of-family:x-noop	-	-	-	agent-ad9bdd07e688c0dd9.jsonl	2026-09-03T23:10:27.797Z	claude-opus-5
5668c883675a0e80	-	ineligible	out-of-family:x-noop	-	-	-	agent-ad9bdd07e688c0dd9.jsonl	2026-09-03T23:13:58.882Z	claude-opus-5
c4481f8696f50aea	-	ineligible	out-of-family:x-noop	-	-	-	agent-ad9bdd07e688c0dd9.jsonl	2026-09-03T23:15:50.620Z	claude-opus-5
e0ee2bf350c95710	-	ineligible	out-of-family:x-noop	-	-	-	agent-ad9bdd07e688c0dd9.jsonl	2026-09-03T23:18:00.649Z	claude-opus-5
00b87c268824b52e	-	ineligible	out-of-family:x-noop	-	-	-	agent-ad9bdd07e688c0dd9.jsonl	2026-09-03T23:21:31.694Z	claude-opus-5
958aa24d751dc5c8	-	ineligible	out-of-family:x-noop	-	-	-	agent-ad9bdd07e688c0dd9.jsonl	2026-09-03T23:23:53.731Z	claude-opus-5
a5124761c9108133	-	ineligible	out-of-family:x-noop	-	-	-	agent-ad9bdd07e688c0dd9.jsonl	2026-09-03T23:25:13.890Z	claude-opus-5
4ca5387a3cb2c711	-	ineligible	out-of-family:x-noop	-	-	-	agent-ad9bdd07e688c0dd9.jsonl	2026-09-03T23:25:49.348Z	claude-opus-5
d6c91ec6f468aa1a	-	ineligible	out-of-family:x-noop	-	-	-	agent-ad9bdd07e688c0dd9.jsonl	2026-09-03T23:25:57.223Z	claude-opus-5
a0183d685e033eb0	-	ineligible	out-of-family:x-noop	-	-	-	agent-ad9bdd07e688c0dd9.jsonl	2026-09-03T23:28:52.323Z	claude-opus-5
b8330bac7767f5cd	-	ineligible	out-of-family:x-other	-	-	-	agent-ad9bdd07e688c0dd9.jsonl	2026-09-03T23:31:28.539Z	claude-opus-5
f6e525a54c906347	-	ineligible	out-of-family:x-other	-	-	-	agent-ad9bdd07e688c0dd9.jsonl	2026-09-03T23:32:50.222Z	claude-opus-5
dee2436b11524904	-	ineligible	out-of-family:x-noop	-	-	-	agent-ad9bdd07e688c0dd9.jsonl	2026-09-03T23:34:25.523Z	claude-opus-5
8567be13d35b36cb	-	ineligible	out-of-family:x-noop	-	-	-	agent-ad9bdd07e688c0dd9.jsonl	2026-09-03T23:35:56.898Z	claude-opus-5
4164043d8022905e	-	ineligible	out-of-family:x-other	-	-	-	agent-ad9bdd07e688c0dd9.jsonl	2026-09-03T23:37:23.710Z	claude-opus-5
8834f8d0e368cda2	-	ineligible	out-of-family:x-noop	-	-	-	agent-ad9bdd07e688c0dd9.jsonl	2026-09-03T23:39:23.210Z	claude-opus-5
fe7639fc1ba4f556	-	ineligible	out-of-family:x-noop	-	-	-	agent-ad9bdd07e688c0dd9.jsonl	2026-09-03T23:44:14.593Z	claude-opus-5
5369c589919c7bad	-	ineligible	out-of-family:x-noop	-	-	-	agent-ad9bdd07e688c0dd9.jsonl	2026-09-03T23:45:27.978Z	claude-opus-5
874e589ed83a56c6	-	ineligible	out-of-family:x-noop	-	-	-	agent-ad9bdd07e688c0dd9.jsonl	2026-09-03T23:47:43.349Z	claude-opus-5
2f1bf96333d16713	-	ineligible	out-of-family:x-noop	-	-	-	agent-ad9bdd07e688c0dd9.jsonl	2026-09-03T23:50:51.079Z	claude-opus-5
8bf2f5f9671663d4	-	ineligible	out-of-family:x-noop	-	-	-	agent-ad9bdd07e688c0dd9.jsonl	2026-09-03T23:52:10.854Z	claude-opus-5
ab33a7a0ba9ed84f	-	ineligible	out-of-family:x-noop	-	-	-	agent-ad9bdd07e688c0dd9.jsonl	2026-09-03T23:53:02.733Z	claude-opus-5
c0055e6b562d0f6f	-	ineligible	out-of-family:x-noop	-	-	-	agent-ad9bdd07e688c0dd9.jsonl	2026-09-03T23:57:34.447Z	claude-opus-5
30bac350d61c4be6	-	ineligible	out-of-family:x-noop	-	-	-	agent-ae14ffe4b36d9e574.jsonl	2026-09-05T19:31:25.764Z	claude-opus-5
17119dfde185ffe7	-	ineligible	out-of-family:x-noop	-	-	-	agent-ae14ffe4b36d9e574.jsonl	2026-09-05T19:31:35.523Z	claude-opus-5
10bd270a95916596	-	ineligible	out-of-family:x-noop	-	-	-	agent-ae14ffe4b36d9e574.jsonl	2026-09-05T19:32:01.416Z	claude-opus-5
eeaa2492d811d7e1	-	ineligible	out-of-family:x-noop	-	-	-	agent-ae14ffe4b36d9e574.jsonl	2026-09-05T19:37:16.724Z	claude-opus-5
6840681f03d90946	-	ineligible	out-of-family:x-noop	-	-	-	agent-acb7e66e0b6224894.jsonl	2026-09-03T03:45:26.738Z	claude-opus-5
307614304a074ca1	-	ineligible	out-of-family:x-noop	-	-	-	agent-acb7e66e0b6224894.jsonl	2026-09-03T03:45:34.229Z	claude-opus-5
7400fa443b092f48	-	ineligible	out-of-family:x-noop	-	-	-	agent-acb7e66e0b6224894.jsonl	2026-09-03T03:46:01.069Z	claude-opus-5
28db6d48416c7da7	-	ineligible	out-of-family:x-noop	-	-	-	agent-acb7e66e0b6224894.jsonl	2026-09-03T03:46:42.140Z	claude-opus-5
8dab11e1946e37fe	-	ineligible	out-of-family:x-noop	-	-	-	agent-acb7e66e0b6224894.jsonl	2026-09-03T03:47:13.940Z	claude-opus-5
804a2619d906e475	-	ineligible	out-of-family:x-other	-	-	-	agent-acb7e66e0b6224894.jsonl	2026-09-03T03:47:49.014Z	claude-opus-5
31adbfe2c1c3ee9e	-	ineligible	out-of-family:x-noop	-	-	-	agent-acb7e66e0b6224894.jsonl	2026-09-03T03:48:45.960Z	claude-opus-5
35d645128bf8c483	-	ineligible	out-of-family:x-other	-	-	-	agent-acb7e66e0b6224894.jsonl	2026-09-03T03:49:07.958Z	claude-opus-5
b78e9ca00d682921	-	ineligible	out-of-family:x-noop	-	-	-	agent-acb7e66e0b6224894.jsonl	2026-09-03T03:49:43.832Z	claude-opus-5
d86b7708534de9e0	-	ineligible	out-of-family:x-noop	-	-	-	agent-acb7e66e0b6224894.jsonl	2026-09-03T03:49:54.966Z	claude-opus-5
37bbe18277df8804	-	ineligible	out-of-family:x-noop	-	-	-	agent-acb7e66e0b6224894.jsonl	2026-09-03T03:50:44.739Z	claude-opus-5
6d2ed580c5cc3fff	-	ineligible	out-of-family:x-other	-	-	-	agent-acb7e66e0b6224894.jsonl	2026-09-03T03:51:58.064Z	claude-opus-5
6bbde9650cf5b698	-	ineligible	out-of-family:x-noop	-	-	-	agent-acb7e66e0b6224894.jsonl	2026-09-03T03:53:10.492Z	claude-opus-5
93a75a620bf351c2	-	ineligible	out-of-family:x-noop	-	-	-	agent-acb7e66e0b6224894.jsonl	2026-09-03T03:55:17.450Z	claude-opus-5
e2ec3eb677215728	-	ineligible	out-of-family:x-noop	-	-	-	agent-acb7e66e0b6224894.jsonl	2026-09-03T03:55:46.284Z	claude-opus-5
16215782cf5284af	-	ineligible	out-of-family:x-noop	-	-	-	agent-a3d99963100d68ddf.jsonl	2026-09-06T05:34:07.460Z	claude-opus-5
59ed6ad629e2ff7f	-	ineligible	out-of-family:x-noop	-	-	-	agent-a3d99963100d68ddf.jsonl	2026-09-06T05:34:36.409Z	claude-opus-5
f9747e12e0e2e795	-	ineligible	out-of-family:x-other	-	-	-	agent-a3d99963100d68ddf.jsonl	2026-09-06T05:35:14.386Z	claude-opus-5
032e1c46649edc44	-	ineligible	out-of-family:x-noop	-	-	-	agent-a15a7d2d00de2b773.jsonl	2026-09-04T10:07:16.892Z	claude-opus-5
b3bf69a9f93143c1	-	ineligible	out-of-family:x-noop	-	-	-	agent-a15a7d2d00de2b773.jsonl	2026-09-04T10:10:30.548Z	claude-opus-5
d60257d8f44e5358	-	ineligible	out-of-family:x-other	-	-	-	agent-ae4a90700938490fd.jsonl	2026-09-08T08:30:07.690Z	claude-opus-5
b68c7dd258780da0	-	ineligible	out-of-family:x-other	-	-	-	agent-ae4a90700938490fd.jsonl	2026-09-08T08:30:42.557Z	claude-opus-5
3d754ab378f3a169	-	ineligible	out-of-family:x-noop	-	-	-	agent-ab730f6e80461a699.jsonl	2026-09-06T02:21:07.889Z	claude-opus-5
81d5c8f0e16152d8	-	ineligible	out-of-family:x-other	-	-	-	agent-ab730f6e80461a699.jsonl	2026-09-06T02:21:11.709Z	claude-opus-5
1257fb26bac356bb	T	ineligible	pre-edit-bytes-not-recoverable	/home/forge/src/clj-surgeon	-	-	agent-ab730f6e80461a699.jsonl	2026-09-06T02:22:11.825Z	claude-opus-5
5f757ff804b4510d	-	ineligible	out-of-family:x-noop	-	-	-	agent-ab730f6e80461a699.jsonl	2026-09-06T02:24:00.302Z	claude-opus-5
dce20a085c28ba35	-	ineligible	out-of-family:x-noop	-	-	-	agent-ab730f6e80461a699.jsonl	2026-09-06T02:24:21.299Z	claude-opus-5
1fe546dce905d7d3	T	ineligible	pre-edit-bytes-not-recoverable	/home/forge/src/clj-surgeon	-	-	agent-ab730f6e80461a699.jsonl	2026-09-06T02:24:31.396Z	claude-opus-5
774049364b85930b	-	ineligible	out-of-family:x-other	-	-	-	agent-ab730f6e80461a699.jsonl	2026-09-06T02:24:45.496Z	claude-opus-5
6322653aff138dd9	-	ineligible	out-of-family:x-noop	-	-	-	agent-ab730f6e80461a699.jsonl	2026-09-06T02:25:03.218Z	claude-opus-5
3476529c8000360e	-	ineligible	out-of-family:x-other	-	-	-	agent-ab730f6e80461a699.jsonl	2026-09-06T02:26:30.033Z	claude-opus-5
47388374cb8e03f8	-	ineligible	out-of-family:x-noop	-	-	-	agent-a77bc442f24dbb4ea.jsonl	2026-09-04T12:24:23.083Z	claude-opus-5
f5bb9b4081de091e	-	ineligible	out-of-family:x-noop	-	-	-	agent-a77bc442f24dbb4ea.jsonl	2026-09-04T12:27:09.378Z	claude-opus-5
8c0d139444691315	-	ineligible	out-of-family:x-noop	-	-	-	agent-a77bc442f24dbb4ea.jsonl	2026-09-04T12:27:43.843Z	claude-opus-5
d2974fdc9475a9f7	-	ineligible	out-of-family:x-noop	-	-	-	agent-a77bc442f24dbb4ea.jsonl	2026-09-04T12:28:18.091Z	claude-opus-5
c3f3511e2e176b7b	-	ineligible	out-of-family:x-noop	-	-	-	agent-a77bc442f24dbb4ea.jsonl	2026-09-04T12:30:01.258Z	claude-opus-5
71051e535a4b4d35	-	ineligible	out-of-family:x-noop	-	-	-	agent-a77bc442f24dbb4ea.jsonl	2026-09-04T12:30:51.178Z	claude-opus-5
70a442c6000aed69	-	ineligible	out-of-family:x-noop	-	-	-	agent-a77bc442f24dbb4ea.jsonl	2026-09-04T12:31:34.462Z	claude-opus-5
a7bf7be1311149b5	-	ineligible	out-of-family:x-noop	-	-	-	agent-a77bc442f24dbb4ea.jsonl	2026-09-04T12:33:24.009Z	claude-opus-5
2b0907a0c1b4d66e	-	ineligible	out-of-family:x-noop	-	-	-	agent-a77bc442f24dbb4ea.jsonl	2026-09-04T12:35:08.350Z	claude-opus-5
6365c21b720bd86c	-	ineligible	out-of-family:x-noop	-	-	-	agent-a2d5c1cc159142ec4.jsonl	2026-09-04T07:36:45.550Z	claude-opus-5
f1ef070ed169e1e5	-	ineligible	out-of-family:x-noop	-	-	-	agent-a2d5c1cc159142ec4.jsonl	2026-09-04T07:37:08.239Z	claude-opus-5
0270f7e58f432845	-	ineligible	out-of-family:x-other	-	-	-	agent-a2d5c1cc159142ec4.jsonl	2026-09-04T07:42:43.752Z	claude-opus-5
3107a98419bf9f3a	-	ineligible	out-of-family:x-noop	-	-	-	agent-a424e43806d2fd355.jsonl	2026-09-03T12:13:33.201Z	claude-opus-5
3992eb022d215f3a	R	ineligible	no-clj-path-resolved	/home/forge/src/marvin-voice-remote	-	-	agent-a424e43806d2fd355.jsonl	2026-09-03T12:13:41.841Z	claude-opus-5
edd7a98dd49ac187	-	ineligible	out-of-family:x-noop	-	-	-	agent-a424e43806d2fd355.jsonl	2026-09-03T12:15:56.223Z	claude-opus-5
2b113b7e189ec25f	-	ineligible	out-of-family:x-noop	-	-	-	agent-a424e43806d2fd355.jsonl	2026-09-03T12:17:21.434Z	claude-opus-5
1fa949379de1d5c5	-	ineligible	out-of-family:x-noop	-	-	-	agent-a424e43806d2fd355.jsonl	2026-09-03T12:18:07.861Z	claude-opus-5
aba43b4a751adb3e	-	ineligible	out-of-family:x-noop	-	-	-	agent-a424e43806d2fd355.jsonl	2026-09-03T12:19:11.941Z	claude-opus-5
c4f7f82fd60eb215	-	ineligible	out-of-family:x-noop	-	-	-	agent-a424e43806d2fd355.jsonl	2026-09-03T12:22:06.107Z	claude-opus-5
43b48680ceb7c5f1	-	ineligible	out-of-family:x-noop	-	-	-	agent-a424e43806d2fd355.jsonl	2026-09-03T12:22:48.225Z	claude-opus-5
94947e7651b03291	-	ineligible	out-of-family:x-noop	-	-	-	agent-a6d90b3ac086554a0.jsonl	2026-09-04T01:33:51.573Z	claude-opus-5
dff1baea30e4644d	-	ineligible	out-of-family:x-other	-	-	-	agent-a6d90b3ac086554a0.jsonl	2026-09-04T01:34:43.857Z	claude-opus-5
f645827442239bf8	-	ineligible	out-of-family:x-other	-	-	-	agent-a6d90b3ac086554a0.jsonl	2026-09-04T01:36:24.059Z	claude-opus-5
78b253a6523a0ae2	-	ineligible	out-of-family:x-noop	-	-	-	agent-a6d90b3ac086554a0.jsonl	2026-09-04T01:37:26.990Z	claude-opus-5
ea9f7f65dec1d404	-	ineligible	out-of-family:x-noop	-	-	-	agent-a265d55282722ce11.jsonl	2026-09-03T06:32:58.832Z	claude-opus-5
3130751d23bf1278	-	ineligible	out-of-family:x-noop	-	-	-	agent-a265d55282722ce11.jsonl	2026-09-03T06:33:12.563Z	claude-opus-5
7d69fa8e9105d63c	-	ineligible	out-of-family:x-noop	-	-	-	agent-a265d55282722ce11.jsonl	2026-09-03T06:34:58.189Z	claude-opus-5
781389c0cf8dae7c	-	ineligible	out-of-family:x-noop	-	-	-	agent-a265d55282722ce11.jsonl	2026-09-03T06:35:23.457Z	claude-opus-5
70c07b7756abc72f	-	ineligible	out-of-family:x-other	-	-	-	agent-a265d55282722ce11.jsonl	2026-09-03T06:36:43.263Z	claude-opus-5
d53ce09ae84fad09	-	ineligible	out-of-family:x-noop	-	-	-	agent-a265d55282722ce11.jsonl	2026-09-03T06:36:59.650Z	claude-opus-5
333c69bdc7f28181	-	ineligible	out-of-family:x-noop	-	-	-	agent-a265d55282722ce11.jsonl	2026-09-03T06:38:17.309Z	claude-opus-5
43b6e114d78298ea	-	ineligible	out-of-family:x-noop	-	-	-	agent-a265d55282722ce11.jsonl	2026-09-03T06:40:41.434Z	claude-opus-5
5be56485c1abdb60	-	ineligible	out-of-family:x-noop	-	-	-	agent-a265d55282722ce11.jsonl	2026-09-03T06:41:11.634Z	claude-opus-5
c2ab4a5e78f80fda	R	ineligible	pre-edit-bytes-not-recoverable	/home/forge/src/clj-surgeon-census	-	-	agent-a265d55282722ce11.jsonl	2026-09-03T06:41:18.843Z	claude-opus-5
8d9181ef5e12b621	-	ineligible	out-of-family:x-noop	-	-	-	agent-a265d55282722ce11.jsonl	2026-09-03T06:45:52.379Z	claude-opus-5
671a9da9bd624591	-	ineligible	out-of-family:x-noop	-	-	-	agent-a265d55282722ce11.jsonl	2026-09-03T06:47:18.416Z	claude-opus-5
c406384682ec1f48	-	ineligible	out-of-family:x-noop	-	-	-	agent-a265d55282722ce11.jsonl	2026-09-03T06:47:50.762Z	claude-opus-5
9965200ebe684fac	-	ineligible	out-of-family:x-noop	-	-	-	agent-a265d55282722ce11.jsonl	2026-09-03T06:48:04.013Z	claude-opus-5
661b2a934952da2a	-	ineligible	out-of-family:x-other	-	-	-	agent-a265d55282722ce11.jsonl	2026-09-03T06:49:20.984Z	claude-opus-5
259a6028065da68b	-	ineligible	out-of-family:x-noop	-	-	-	agent-a265d55282722ce11.jsonl	2026-09-03T06:49:40.026Z	claude-opus-5
63098fd252ebc0ab	-	ineligible	out-of-family:x-noop	-	-	-	agent-a265d55282722ce11.jsonl	2026-09-03T06:51:00.102Z	claude-opus-5
1872a78d192b26b4	-	ineligible	out-of-family:x-noop	-	-	-	agent-a265d55282722ce11.jsonl	2026-09-03T06:51:09.792Z	claude-opus-5
b1b6cc23f3999ba1	-	ineligible	out-of-family:x-noop	-	-	-	agent-a265d55282722ce11.jsonl	2026-09-03T06:52:54.773Z	claude-opus-5
38431a0b16835918	-	ineligible	out-of-family:x-noop	-	-	-	agent-a265d55282722ce11.jsonl	2026-09-03T06:54:25.583Z	claude-opus-5
2fce458322ae5770	-	ineligible	out-of-family:x-noop	-	-	-	agent-a265d55282722ce11.jsonl	2026-09-03T06:54:37.668Z	claude-opus-5
70a1d64a5fdd77c0	-	ineligible	out-of-family:x-other	-	-	-	agent-a265d55282722ce11.jsonl	2026-09-03T06:55:56.477Z	claude-opus-5
437e25e5d76f13c2	-	ineligible	out-of-family:x-noop	-	-	-	agent-a265d55282722ce11.jsonl	2026-09-03T06:56:55.822Z	claude-opus-5
ae6a43474a8df491	-	ineligible	out-of-family:x-noop	-	-	-	agent-a265d55282722ce11.jsonl	2026-09-03T06:57:06.836Z	claude-opus-5
98a6fc0e62b23153	-	ineligible	out-of-family:x-noop	-	-	-	agent-a265d55282722ce11.jsonl	2026-09-03T06:58:36.421Z	claude-opus-5
74a771f579d7a7ef	-	ineligible	out-of-family:x-noop	-	-	-	agent-a265d55282722ce11.jsonl	2026-09-03T06:59:22.734Z	claude-opus-5
a3117eaf0cb67bbe	T	eligible	ok	/home/forge/src/clj-surgeon-census	test/clj_surgeon/mcp_relation_census_test.clj	55d5e880b73d00dd262a020acb6001c91915d681	agent-a265d55282722ce11.jsonl	2026-09-03T06:59:54.405Z	claude-opus-5
a0a85870c599acef	-	ineligible	out-of-family:x-noop	-	-	-	agent-a265d55282722ce11.jsonl	2026-09-03T07:00:10.280Z	claude-opus-5
9f510f362629c4e4	-	ineligible	out-of-family:x-noop	-	-	-	agent-a265d55282722ce11.jsonl	2026-09-03T07:01:37.636Z	claude-opus-5
7ef98c67b0ee9e42	-	ineligible	out-of-family:x-other	-	-	-	agent-a265d55282722ce11.jsonl	2026-09-03T07:03:21.255Z	claude-opus-5
2b8fbfd13d852f82	-	ineligible	out-of-family:x-noop	-	-	-	agent-a265d55282722ce11.jsonl	2026-09-03T07:03:31.743Z	claude-opus-5
61ac2c83151372a3	-	ineligible	out-of-family:x-noop	-	-	-	agent-a265d55282722ce11.jsonl	2026-09-03T07:05:03.313Z	claude-opus-5
69a3162bccd43529	-	ineligible	out-of-family:x-noop	-	-	-	agent-afd74f73cea4c964b.jsonl	2026-09-07T23:35:32.957Z	claude-opus-5
79874a87b10cf159	-	ineligible	out-of-family:x-noop	-	-	-	agent-afd74f73cea4c964b.jsonl	2026-09-07T23:35:50.591Z	claude-opus-5
a96926b519e1c902	-	ineligible	out-of-family:x-noop	-	-	-	agent-afd74f73cea4c964b.jsonl	2026-09-07T23:36:05.704Z	claude-opus-5
599016be74f98ae2	-	ineligible	out-of-family:x-noop	-	-	-	agent-afd74f73cea4c964b.jsonl	2026-09-07T23:36:16.175Z	claude-opus-5
21d05d2f90d0fbe4	-	ineligible	out-of-family:x-noop	-	-	-	agent-afd74f73cea4c964b.jsonl	2026-09-07T23:36:28.588Z	claude-opus-5
efc91b802f371c24	-	ineligible	out-of-family:x-noop	-	-	-	agent-afd74f73cea4c964b.jsonl	2026-09-07T23:37:07.444Z	claude-opus-5
143b92b4b85e1fbd	-	ineligible	out-of-family:x-noop	-	-	-	agent-afd74f73cea4c964b.jsonl	2026-09-07T23:37:37.465Z	claude-opus-5
bf8b50cf24e0e900	-	ineligible	out-of-family:x-noop	-	-	-	agent-afd74f73cea4c964b.jsonl	2026-09-07T23:37:48.633Z	claude-opus-5
0c182234823ad885	-	ineligible	out-of-family:x-noop	-	-	-	agent-afd74f73cea4c964b.jsonl	2026-09-07T23:39:13.078Z	claude-opus-5
04bd7d02ae31b1e7	-	ineligible	out-of-family:x-noop	-	-	-	agent-afd74f73cea4c964b.jsonl	2026-09-07T23:39:39.437Z	claude-opus-5
ebf94201b43e18a1	-	ineligible	out-of-family:x-noop	-	-	-	agent-afd74f73cea4c964b.jsonl	2026-09-07T23:39:44.343Z	claude-opus-5
22edc853a5c271d9	-	ineligible	out-of-family:x-noop	-	-	-	agent-afd74f73cea4c964b.jsonl	2026-09-07T23:39:55.427Z	claude-opus-5
e23d0f8002515889	-	ineligible	out-of-family:x-noop	-	-	-	agent-afd74f73cea4c964b.jsonl	2026-09-07T23:40:00.238Z	claude-opus-5
342a6f0ad8a113d7	-	ineligible	out-of-family:x-noop	-	-	-	agent-afd74f73cea4c964b.jsonl	2026-09-07T23:40:24.660Z	claude-opus-5
bc4d4f8dd04ac63c	-	ineligible	out-of-family:x-noop	-	-	-	agent-afd74f73cea4c964b.jsonl	2026-09-07T23:40:31.172Z	claude-opus-5
0951a5b890f876a0	-	ineligible	out-of-family:x-noop	-	-	-	agent-afd74f73cea4c964b.jsonl	2026-09-07T23:40:38.282Z	claude-opus-5
e1f5910672af55d7	-	ineligible	out-of-family:x-noop	-	-	-	agent-afd74f73cea4c964b.jsonl	2026-09-07T23:41:06.266Z	claude-opus-5
9e4caa1bba4c8e99	-	ineligible	out-of-family:x-noop	-	-	-	agent-afd74f73cea4c964b.jsonl	2026-09-07T23:41:33.109Z	claude-opus-5
a69674f7487fc0db	-	ineligible	out-of-family:x-noop	-	-	-	agent-afd74f73cea4c964b.jsonl	2026-09-07T23:41:48.734Z	claude-opus-5
b2d8c4540ed53130	-	ineligible	out-of-family:x-noop	-	-	-	agent-afd74f73cea4c964b.jsonl	2026-09-07T23:41:59.508Z	claude-opus-5
fc3c9c4941304c1a	-	ineligible	out-of-family:x-noop	-	-	-	agent-afd74f73cea4c964b.jsonl	2026-09-07T23:42:06.555Z	claude-opus-5
f45c6152e3bdd739	-	ineligible	out-of-family:x-noop	-	-	-	agent-afd74f73cea4c964b.jsonl	2026-09-07T23:42:12.822Z	claude-opus-5
2f909c030b0092f6	-	ineligible	out-of-family:x-noop	-	-	-	agent-afd74f73cea4c964b.jsonl	2026-09-07T23:42:23.037Z	claude-opus-5
17214e7da824beb4	-	ineligible	out-of-family:x-noop	-	-	-	agent-a16f493b9323a7f56.jsonl	2026-09-04T12:10:08.702Z	claude-opus-5
8e5c7fefc86db264	-	ineligible	out-of-family:x-noop	-	-	-	agent-a16f493b9323a7f56.jsonl	2026-09-04T12:10:21.898Z	claude-opus-5
e077f75fa4f605fd	-	ineligible	out-of-family:x-noop	-	-	-	agent-a16f493b9323a7f56.jsonl	2026-09-04T12:10:42.890Z	claude-opus-5
d1d5c0ca91113d20	-	ineligible	out-of-family:x-other	-	-	-	agent-a16f493b9323a7f56.jsonl	2026-09-04T12:10:57.543Z	claude-opus-5
f25c9dd662aa70b1	-	ineligible	out-of-family:x-noop	-	-	-	agent-a16f493b9323a7f56.jsonl	2026-09-04T12:11:12.630Z	claude-opus-5
fce84cf01422b96a	-	ineligible	out-of-family:x-other	-	-	-	agent-a16f493b9323a7f56.jsonl	2026-09-04T12:11:21.690Z	claude-opus-5
bba8d7a2136506cc	-	ineligible	out-of-family:x-noop	-	-	-	agent-a16f493b9323a7f56.jsonl	2026-09-04T12:11:38.449Z	claude-opus-5
bf49f109ab42e736	-	ineligible	out-of-family:x-noop	-	-	-	agent-a16f493b9323a7f56.jsonl	2026-09-04T12:12:12.390Z	claude-opus-5
5fb02d44cb94fdf1	-	ineligible	out-of-family:x-noop	-	-	-	agent-a16f493b9323a7f56.jsonl	2026-09-04T12:12:18.355Z	claude-opus-5
94dcdada18a2459f	-	ineligible	out-of-family:x-noop	-	-	-	agent-a16f493b9323a7f56.jsonl	2026-09-04T12:12:30.557Z	claude-opus-5
3c3af27b7c6e3e42	-	ineligible	out-of-family:x-noop	-	-	-	agent-a16f493b9323a7f56.jsonl	2026-09-04T12:12:46.484Z	claude-opus-5
5bec27f9748a1990	-	ineligible	out-of-family:x-noop	-	-	-	agent-a16f493b9323a7f56.jsonl	2026-09-04T12:15:37.127Z	claude-opus-5
5b80ff1408aa555d	T	ineligible	pre-edit-bytes-not-recoverable	/home/forge/src/clj-surgeon	-	-	agent-a16f493b9323a7f56.jsonl	2026-09-04T12:16:05.260Z	claude-opus-5
3c05e3e3c2764069	-	ineligible	out-of-family:x-noop	-	-	-	agent-a16f493b9323a7f56.jsonl	2026-09-04T12:17:07.606Z	claude-opus-5
b4be0c22d5f139a7	-	ineligible	out-of-family:x-noop	-	-	-	agent-a16f493b9323a7f56.jsonl	2026-09-04T12:17:21.255Z	claude-opus-5
68f85b206965c523	-	ineligible	out-of-family:x-noop	-	-	-	agent-a16f493b9323a7f56.jsonl	2026-09-04T12:17:37.542Z	claude-opus-5
55e6c8587d9f74ff	-	ineligible	out-of-family:x-noop	-	-	-	agent-a16f493b9323a7f56.jsonl	2026-09-04T12:18:19.848Z	claude-opus-5
4ea4e474c8f485d6	-	ineligible	out-of-family:x-noop	-	-	-	agent-a16f493b9323a7f56.jsonl	2026-09-04T12:22:52.053Z	claude-opus-5
f9de4a997fc719db	-	ineligible	out-of-family:x-noop	-	-	-	agent-a16f493b9323a7f56.jsonl	2026-09-04T12:26:31.838Z	claude-opus-5
fb9829e05560445e	-	ineligible	out-of-family:x-other	-	-	-	agent-a16f493b9323a7f56.jsonl	2026-09-04T12:26:40.589Z	claude-opus-5
7f4418d788a570f8	T	eligible	ok	/home/forge/src/clj-surgeon	test/clj_surgeon/mcp_http_server_test.clj	e6d4416f25cd838b8e0c5bbb5488dd23af5be5be	agent-a16f493b9323a7f56.jsonl	2026-09-04T12:27:16.471Z	claude-opus-5
ac9cd4d0b80bacfd	-	ineligible	out-of-family:x-other	-	-	-	agent-a16f493b9323a7f56.jsonl	2026-09-04T12:27:43.651Z	claude-opus-5
649cd903f5211b5f	-	ineligible	out-of-family:x-noop	-	-	-	agent-a16f493b9323a7f56.jsonl	2026-09-04T12:28:11.176Z	claude-opus-5
ae3e673bba408444	-	ineligible	out-of-family:x-noop	-	-	-	agent-a16f493b9323a7f56.jsonl	2026-09-04T12:29:00.373Z	claude-opus-5
9d93ea3386d005c1	-	ineligible	out-of-family:x-noop	-	-	-	agent-a16f493b9323a7f56.jsonl	2026-09-04T12:33:36.448Z	claude-opus-5
c1e79210661caf9e	-	ineligible	out-of-family:x-noop	-	-	-	agent-a16f493b9323a7f56.jsonl	2026-09-04T12:37:01.625Z	claude-opus-5
a418f22acc9862fe	-	ineligible	out-of-family:x-noop	-	-	-	agent-a16f493b9323a7f56.jsonl	2026-09-04T12:37:29.576Z	claude-opus-5
349e42c816869092	-	ineligible	out-of-family:x-noop	-	-	-	agent-a16f493b9323a7f56.jsonl	2026-09-04T12:37:52.713Z	claude-opus-5
0c2813dc30633484	-	ineligible	out-of-family:x-noop	-	-	-	agent-a16f493b9323a7f56.jsonl	2026-09-04T12:38:07.514Z	claude-opus-5
7d34422c9dc912db	-	ineligible	out-of-family:x-noop	-	-	-	agent-a16f493b9323a7f56.jsonl	2026-09-04T12:51:25.612Z	claude-opus-5
e5a126c4c44ae4e4	-	ineligible	out-of-family:x-noop	-	-	-	agent-a16f493b9323a7f56.jsonl	2026-09-04T12:52:02.569Z	claude-opus-5
a9838c9b870e2aea	-	ineligible	out-of-family:x-noop	-	-	-	agent-a16f493b9323a7f56.jsonl	2026-09-04T12:52:27.794Z	claude-opus-5
37f9f38d0b5a83bc	-	ineligible	out-of-family:x-noop	-	-	-	agent-a16f493b9323a7f56.jsonl	2026-09-04T12:52:57.569Z	claude-opus-5
97e05012fec770ad	-	ineligible	out-of-family:x-noop	-	-	-	agent-a16f493b9323a7f56.jsonl	2026-09-04T12:53:29.073Z	claude-opus-5
4a9cdee91a2a1d12	-	ineligible	out-of-family:x-other	-	-	-	agent-a16f493b9323a7f56.jsonl	2026-09-04T12:53:53.522Z	claude-opus-5
b32a60fc76bfbd56	-	ineligible	out-of-family:x-noop	-	-	-	agent-a16f493b9323a7f56.jsonl	2026-09-04T12:53:59.396Z	claude-opus-5
289547e84c18f423	-	ineligible	out-of-family:x-noop	-	-	-	agent-a16f493b9323a7f56.jsonl	2026-09-04T12:54:12.676Z	claude-opus-5
24c0f2b6e2f90354	-	ineligible	out-of-family:x-other	-	-	-	agent-a16f493b9323a7f56.jsonl	2026-09-04T12:55:02.272Z	claude-opus-5
839887819c70875c	-	ineligible	out-of-family:x-other	-	-	-	agent-a16f493b9323a7f56.jsonl	2026-09-04T12:55:08.066Z	claude-opus-5
bec19712bdf13d20	-	ineligible	out-of-family:x-noop	-	-	-	agent-a4ec1d2ea08b1a075.jsonl	2026-09-04T18:11:05.936Z	claude-opus-5
ba818ec70a9be640	T	eligible	ok	/home/forge/src/clj-surgeon	test/clj_surgeon/mcp_server_test.clj	276931c19a2c06dae45c991260a6de53beb83a70	agent-a4ec1d2ea08b1a075.jsonl	2026-09-04T18:11:26.841Z	claude-opus-5
a8b668065ad263e2	-	ineligible	out-of-family:x-noop	-	-	-	agent-a4ec1d2ea08b1a075.jsonl	2026-09-04T18:40:11.755Z	claude-opus-5
fd878560be0a40db	-	ineligible	out-of-family:x-noop	-	-	-	agent-a4ec1d2ea08b1a075.jsonl	2026-09-04T19:50:42.055Z	claude-opus-5
2ff5ade88ae72951	-	ineligible	out-of-family:x-noop	-	-	-	agent-a4ec1d2ea08b1a075.jsonl	2026-09-04T20:43:14.036Z	claude-opus-5
028a8c87ca8a796d	-	ineligible	out-of-family:x-noop	-	-	-	agent-a0ff5b39c2eac75c0.jsonl	2026-09-03T07:10:29.563Z	claude-opus-5
cc0674aa9777724c	-	ineligible	out-of-family:x-noop	-	-	-	agent-a0ff5b39c2eac75c0.jsonl	2026-09-03T07:13:18.960Z	claude-opus-5
b4b94a38c9566d1c	-	ineligible	out-of-family:x-noop	-	-	-	agent-a0ff5b39c2eac75c0.jsonl	2026-09-03T07:13:38.278Z	claude-opus-5
81f1e6f1ff7e508d	-	ineligible	out-of-family:x-noop	-	-	-	agent-a0ff5b39c2eac75c0.jsonl	2026-09-03T07:14:16.560Z	claude-opus-5
838e981f8800c283	-	ineligible	out-of-family:x-noop	-	-	-	agent-ac85a563295176cab.jsonl	2026-09-06T03:30:06.602Z	claude-opus-5
8ed90a76662243cc	-	ineligible	out-of-family:x-noop	-	-	-	agent-ac85a563295176cab.jsonl	2026-09-06T03:30:16.805Z	claude-opus-5
1fbecc9191003394	T	eligible	ok	/home/forge/src/clj-surgeon	test/clj_surgeon/lane_manifest_test.clj	f0c180da28099327814fb558b322721370130f24	agent-ac85a563295176cab.jsonl	2026-09-06T03:31:32.089Z	claude-opus-5
38341e75a3a3b7cd	-	ineligible	out-of-family:x-noop	-	-	-	agent-ac85a563295176cab.jsonl	2026-09-06T03:32:20.223Z	claude-opus-5
0da1b605b8415140	-	ineligible	out-of-family:x-noop	-	-	-	agent-ac85a563295176cab.jsonl	2026-09-06T03:33:07.700Z	claude-opus-5
36e9c4b1af0e80f8	-	ineligible	out-of-family:x-noop	-	-	-	agent-a80be37dc6a2a0225.jsonl	2026-09-04T15:15:54.482Z	claude-opus-5
4140eee3c9736e64	-	ineligible	out-of-family:x-noop	-	-	-	agent-a80be37dc6a2a0225.jsonl	2026-09-04T15:19:44.191Z	claude-opus-5
b0162574fd95f82f	-	ineligible	out-of-family:x-noop	-	-	-	agent-a80be37dc6a2a0225.jsonl	2026-09-04T16:59:30.774Z	claude-opus-5
755bf0df3322b396	-	ineligible	out-of-family:x-other	-	-	-	agent-a80be37dc6a2a0225.jsonl	2026-09-04T17:00:31.868Z	claude-opus-5
fabe1ceac02f838c	-	ineligible	out-of-family:x-noop	-	-	-	agent-a80be37dc6a2a0225.jsonl	2026-09-04T17:01:39.514Z	claude-opus-5
bff6fdfdde0538ba	-	ineligible	out-of-family:x-noop	-	-	-	agent-a80be37dc6a2a0225.jsonl	2026-09-04T17:02:55.604Z	claude-opus-5
fd2e1688fd39997f	-	ineligible	out-of-family:x-noop	-	-	-	agent-a80be37dc6a2a0225.jsonl	2026-09-04T17:14:46.263Z	claude-opus-5
bbca38726b3cddaf	-	ineligible	out-of-family:x-noop	-	-	-	agent-a80be37dc6a2a0225.jsonl	2026-09-04T17:31:43.345Z	claude-opus-5
57512a754bc63cd8	-	ineligible	out-of-family:x-noop	-	-	-	agent-aceddb474ac916ded.jsonl	2026-09-03T02:38:32.615Z	claude-opus-5
51375a5aa2bdcf19	-	ineligible	out-of-family:x-noop	-	-	-	agent-a3908dd8408501322.jsonl	2026-09-04T21:54:13.017Z	claude-opus-5
8d559d244217dbfa	-	ineligible	out-of-family:x-noop	-	-	-	agent-a3908dd8408501322.jsonl	2026-09-04T21:57:18.795Z	claude-opus-5
5e97fb6a9b1c3aab	-	ineligible	out-of-family:x-other	-	-	-	agent-a3908dd8408501322.jsonl	2026-09-04T21:57:43.356Z	claude-opus-5
4a749d9c8a3216f0	-	ineligible	out-of-family:x-noop	-	-	-	agent-a3908dd8408501322.jsonl	2026-09-04T21:58:55.107Z	claude-opus-5
c30be26e0bb3fdee	-	ineligible	out-of-family:x-noop	-	-	-	agent-a3908dd8408501322.jsonl	2026-09-04T22:00:26.766Z	claude-opus-5
712941f1ef5dea5c	-	ineligible	out-of-family:x-other	-	-	-	agent-a3908dd8408501322.jsonl	2026-09-04T22:00:44.685Z	claude-opus-5
84828b88e572de0f	-	ineligible	out-of-family:x-noop	-	-	-	agent-a3908dd8408501322.jsonl	2026-09-04T22:03:57.250Z	claude-opus-5
0ffd87bcf08919fe	-	ineligible	out-of-family:x-other	-	-	-	agent-a3908dd8408501322.jsonl	2026-09-04T22:07:01.137Z	claude-opus-5
c88d500587d2d28e	-	ineligible	out-of-family:x-other	-	-	-	agent-a3908dd8408501322.jsonl	2026-09-04T22:07:07.324Z	claude-opus-5
1ae3ac412dd1c9d1	-	ineligible	out-of-family:x-noop	-	-	-	agent-a3908dd8408501322.jsonl	2026-09-04T22:09:19.891Z	claude-opus-5
12694ea37ea733ad	-	ineligible	out-of-family:x-noop	-	-	-	agent-a3908dd8408501322.jsonl	2026-09-04T22:10:48.621Z	claude-opus-5
373ada32d0659fe4	-	ineligible	out-of-family:x-noop	-	-	-	agent-a3908dd8408501322.jsonl	2026-09-04T22:13:05.576Z	claude-opus-5
d52efa2bb04eb3f0	-	ineligible	out-of-family:x-noop	-	-	-	agent-a3908dd8408501322.jsonl	2026-09-04T22:13:37.839Z	claude-opus-5
6d7649e65acb1d93	-	ineligible	out-of-family:x-noop	-	-	-	agent-a3908dd8408501322.jsonl	2026-09-04T22:15:42.184Z	claude-opus-5
c5b56974040e2d36	-	ineligible	out-of-family:x-noop	-	-	-	agent-a3908dd8408501322.jsonl	2026-09-04T22:18:28.674Z	claude-opus-5
157b36d8acb2f28d	-	ineligible	out-of-family:x-noop	-	-	-	agent-a3908dd8408501322.jsonl	2026-09-04T22:20:19.674Z	claude-opus-5
d21967f2d02fc370	-	ineligible	out-of-family:x-noop	-	-	-	agent-a3908dd8408501322.jsonl	2026-09-04T22:20:37.765Z	claude-opus-5
f470d59194ae3e60	-	ineligible	out-of-family:x-noop	-	-	-	agent-a3908dd8408501322.jsonl	2026-09-04T22:22:13.236Z	claude-opus-5
bfc8d8dd0c15b0ef	-	ineligible	out-of-family:x-noop	-	-	-	agent-a3908dd8408501322.jsonl	2026-09-04T22:25:46.004Z	claude-opus-5
948b719d455b89df	-	ineligible	out-of-family:x-noop	-	-	-	agent-a3908dd8408501322.jsonl	2026-09-04T22:27:15.740Z	claude-opus-5
0b8e4a6f1033e5bc	-	ineligible	out-of-family:x-noop	-	-	-	agent-a3908dd8408501322.jsonl	2026-09-04T22:28:51.197Z	claude-opus-5
cc7f3fde6bb44b6e	-	ineligible	out-of-family:x-noop	-	-	-	agent-a3908dd8408501322.jsonl	2026-09-04T22:29:05.195Z	claude-opus-5
5d08cf06a1a8d179	-	ineligible	out-of-family:x-noop	-	-	-	agent-a3908dd8408501322.jsonl	2026-09-04T22:29:31.806Z	claude-opus-5
52f837efce10cb80	-	ineligible	out-of-family:x-noop	-	-	-	agent-a3908dd8408501322.jsonl	2026-09-04T22:30:06.091Z	claude-opus-5
cf7e1f6ca6bce760	-	ineligible	out-of-family:x-other	-	-	-	agent-a3908dd8408501322.jsonl	2026-09-04T22:30:26.431Z	claude-opus-5
ea5a970bf8ec10e7	T	eligible	ok	/home/forge/src/clj-surgeon	test/clj_surgeon/admit_patch_round18_test.clj	d71b9d420bbf8178ad7988ad600b6434bfae636d	agent-a3908dd8408501322.jsonl	2026-09-04T22:32:00.430Z	claude-opus-5
565c9e5fc2f85665	-	ineligible	out-of-family:x-noop	-	-	-	agent-a3908dd8408501322.jsonl	2026-09-04T22:35:04.337Z	claude-opus-5
f699ccae04da7cfa	-	ineligible	out-of-family:x-other	-	-	-	agent-a3908dd8408501322.jsonl	2026-09-04T22:37:00.555Z	claude-opus-5
f4b04d42cde5a7f0	-	ineligible	out-of-family:x-noop	-	-	-	agent-a3908dd8408501322.jsonl	2026-09-04T22:48:56.544Z	claude-opus-5
b27b632b13af14f6	-	ineligible	out-of-family:x-noop	-	-	-	agent-a3908dd8408501322.jsonl	2026-09-04T22:49:19.543Z	claude-opus-5
62200c7d6e93c472	-	ineligible	out-of-family:x-noop	-	-	-	agent-a3908dd8408501322.jsonl	2026-09-04T23:44:35.740Z	claude-opus-5
fe6e09575dda5644	-	ineligible	out-of-family:x-noop	-	-	-	agent-aef3dc4fc8942334d.jsonl	2026-09-08T10:17:45.042Z	claude-opus-5
335e4835e0774208	-	ineligible	out-of-family:x-noop	-	-	-	agent-aef3dc4fc8942334d.jsonl	2026-09-08T10:30:53.439Z	claude-opus-5
cae7b33ca0cbe14a	-	ineligible	out-of-family:x-noop	-	-	-	agent-aef3dc4fc8942334d.jsonl	2026-09-08T10:31:28.157Z	claude-opus-5
99b63e9f0642e6c2	-	ineligible	out-of-family:x-noop	-	-	-	agent-aef3dc4fc8942334d.jsonl	2026-09-08T10:43:43.204Z	claude-opus-5
52ad7e3baee32183	-	ineligible	out-of-family:x-noop	-	-	-	agent-aef3dc4fc8942334d.jsonl	2026-09-08T10:45:24.955Z	claude-opus-5
addfeff62638a117	-	ineligible	out-of-family:x-other	-	-	-	agent-aef3dc4fc8942334d.jsonl	2026-09-08T10:45:33.635Z	claude-opus-5
5f00ce2c3fccb568	-	ineligible	out-of-family:x-noop	-	-	-	agent-a3235cce1c095fe74.jsonl	2026-09-03T05:11:40.388Z	claude-opus-5
c875df82981a03f0	-	ineligible	out-of-family:x-noop	-	-	-	agent-a3235cce1c095fe74.jsonl	2026-09-03T05:17:34.436Z	claude-opus-5
6de4b7949be8d859	-	ineligible	out-of-family:x-noop	-	-	-	agent-a3235cce1c095fe74.jsonl	2026-09-03T05:19:40.959Z	claude-opus-5
935e51afe82beaca	-	ineligible	out-of-family:x-noop	-	-	-	agent-a3235cce1c095fe74.jsonl	2026-09-03T05:21:40.265Z	claude-opus-5
7e204ec46718b828	-	ineligible	out-of-family:x-noop	-	-	-	agent-a3235cce1c095fe74.jsonl	2026-09-03T05:23:21.965Z	claude-opus-5
d1262bfee73878f7	-	ineligible	out-of-family:x-noop	-	-	-	agent-a3235cce1c095fe74.jsonl	2026-09-03T05:25:50.868Z	claude-opus-5
850f149ca4161dd9	-	ineligible	out-of-family:x-noop	-	-	-	agent-a3235cce1c095fe74.jsonl	2026-09-03T05:26:25.923Z	claude-opus-5
2670b20e9c97d539	-	ineligible	out-of-family:x-noop	-	-	-	agent-a3235cce1c095fe74.jsonl	2026-09-03T05:26:48.145Z	claude-opus-5
82393ae7ccb1c5f7	-	ineligible	out-of-family:x-noop	-	-	-	agent-a3235cce1c095fe74.jsonl	2026-09-03T05:27:00.014Z	claude-opus-5
b7cbd7e88e9ce92a	-	ineligible	out-of-family:x-noop	-	-	-	agent-a3235cce1c095fe74.jsonl	2026-09-03T05:27:23.901Z	claude-opus-5
74f242a0cc859657	-	ineligible	out-of-family:x-noop	-	-	-	agent-a3235cce1c095fe74.jsonl	2026-09-03T05:39:48.682Z	claude-opus-5
12c03d3959fa9082	-	ineligible	out-of-family:x-noop	-	-	-	agent-a3235cce1c095fe74.jsonl	2026-09-03T05:41:20.438Z	claude-opus-5
07d4cfa96758f4e2	-	ineligible	out-of-family:x-noop	-	-	-	agent-a3235cce1c095fe74.jsonl	2026-09-03T05:43:41.084Z	claude-opus-5
073ae35116089702	-	ineligible	out-of-family:x-noop	-	-	-	agent-a3235cce1c095fe74.jsonl	2026-09-03T05:45:22.831Z	claude-opus-5
3e1d9dffa044eb31	-	ineligible	out-of-family:x-noop	-	-	-	agent-a3235cce1c095fe74.jsonl	2026-09-03T05:47:26.133Z	claude-opus-5
56a6fb533b2b634c	-	ineligible	out-of-family:x-noop	-	-	-	agent-a3235cce1c095fe74.jsonl	2026-09-03T05:50:36.770Z	claude-opus-5
cd91e824f03d4aed	-	ineligible	out-of-family:x-noop	-	-	-	agent-ab268e37dc25d89a7.jsonl	2026-09-08T21:36:31.952Z	claude-opus-5
32f96934a3a85c23	-	ineligible	out-of-family:x-noop	-	-	-	agent-ab268e37dc25d89a7.jsonl	2026-09-08T21:39:06.053Z	claude-opus-5
ff6e16c515598fe2	-	ineligible	out-of-family:x-noop	-	-	-	agent-aa2bb9ee2ac064229.jsonl	2026-09-07T14:38:13.957Z	claude-opus-5
cec3c7e1f7296657	-	ineligible	out-of-family:x-noop	-	-	-	agent-aa2bb9ee2ac064229.jsonl	2026-09-07T14:38:27.592Z	claude-opus-5
6f3e64e5d58b90c8	-	ineligible	out-of-family:x-other	-	-	-	agent-a7ff86957e9e740ab.jsonl	2026-09-04T07:02:51.398Z	claude-opus-5
f757617c13cd6305	-	ineligible	out-of-family:x-other	-	-	-	agent-a7ff86957e9e740ab.jsonl	2026-09-04T07:04:30.357Z	claude-opus-5
804db249c39cd4a2	-	ineligible	out-of-family:x-noop	-	-	-	agent-a7ff86957e9e740ab.jsonl	2026-09-04T07:07:08.969Z	claude-opus-5
134806dda0366c35	-	ineligible	out-of-family:x-noop	-	-	-	agent-a7ff86957e9e740ab.jsonl	2026-09-04T07:08:52.565Z	claude-opus-5
f14a617254f8314d	-	ineligible	out-of-family:x-other	-	-	-	agent-af59e988333e547c6.jsonl	2026-09-07T22:17:51.566Z	claude-opus-5
5315d81373c4cdd7	-	ineligible	out-of-family:x-noop	-	-	-	agent-af59e988333e547c6.jsonl	2026-09-07T22:18:07.607Z	claude-opus-5
529e33aed7f3d685	-	ineligible	out-of-family:x-noop	-	-	-	agent-af59e988333e547c6.jsonl	2026-09-07T22:18:16.759Z	claude-opus-5
ed42063d0f8d5f13	-	ineligible	out-of-family:x-noop	-	-	-	agent-af59e988333e547c6.jsonl	2026-09-07T22:18:27.023Z	claude-opus-5
aa95a326cb177348	-	ineligible	out-of-family:x-noop	-	-	-	agent-ab9ea7a7924c5b651.jsonl	2026-09-03T10:08:17.636Z	claude-opus-5
a3d8ca0379fabbc2	-	ineligible	out-of-family:x-noop	-	-	-	agent-ab9ea7a7924c5b651.jsonl	2026-09-03T10:12:11.917Z	claude-opus-5
80bdfb9555090b5f	-	ineligible	out-of-family:x-noop	-	-	-	agent-ab9ea7a7924c5b651.jsonl	2026-09-03T10:12:17.116Z	claude-opus-5
c18692f8880a689d	-	ineligible	out-of-family:x-noop	-	-	-	agent-ab9ea7a7924c5b651.jsonl	2026-09-03T10:12:23.988Z	claude-opus-5
ef15af2c62937b4d	-	ineligible	out-of-family:x-noop	-	-	-	agent-ab9ea7a7924c5b651.jsonl	2026-09-03T10:14:16.239Z	claude-opus-5
0e29077f77f49004	-	ineligible	out-of-family:x-noop	-	-	-	agent-ab9ea7a7924c5b651.jsonl	2026-09-03T10:17:17.373Z	claude-opus-5
74fb9c5844a6713e	-	ineligible	out-of-family:x-noop	-	-	-	agent-ab9ea7a7924c5b651.jsonl	2026-09-03T10:19:29.192Z	claude-opus-5
84ad343eb71093a6	-	ineligible	out-of-family:x-noop	-	-	-	agent-ab9ea7a7924c5b651.jsonl	2026-09-03T10:21:32.381Z	claude-opus-5
4e86e1af1b95a4fd	-	ineligible	out-of-family:x-other	-	-	-	agent-ab9ea7a7924c5b651.jsonl	2026-09-03T10:21:43.125Z	claude-opus-5
8a9f27d8013c8df9	-	ineligible	out-of-family:x-noop	-	-	-	agent-ab9ea7a7924c5b651.jsonl	2026-09-03T10:34:48.995Z	claude-opus-5
8ecd0936ee680365	-	ineligible	out-of-family:x-other	-	-	-	agent-a8d9c2e730d2df0c0.jsonl	2026-09-08T08:15:43.376Z	claude-opus-5
8e8ccc6597f4490b	-	ineligible	out-of-family:x-other	-	-	-	agent-a8d9c2e730d2df0c0.jsonl	2026-09-08T08:16:06.526Z	claude-opus-5
917559415b9f8e9c	-	ineligible	out-of-family:x-other	-	-	-	agent-a8d9c2e730d2df0c0.jsonl	2026-09-08T08:16:12.636Z	claude-opus-5
23af9bed9e473dc8	-	ineligible	out-of-family:x-noop	-	-	-	agent-ae62e7496d0e8f377.jsonl	2026-09-04T06:39:48.363Z	claude-opus-5
b4b2cdbcf5e1fd6a	-	ineligible	out-of-family:x-noop	-	-	-	agent-ae62e7496d0e8f377.jsonl	2026-09-04T06:41:58.838Z	claude-opus-5
c0fb66d1de612386	-	ineligible	out-of-family:x-noop	-	-	-	agent-ae62e7496d0e8f377.jsonl	2026-09-04T06:42:06.608Z	claude-opus-5
2f1038fca99c5cba	-	ineligible	out-of-family:x-noop	-	-	-	agent-ae62e7496d0e8f377.jsonl	2026-09-04T06:42:14.720Z	claude-opus-5
732b4cbfce73c777	-	ineligible	out-of-family:x-noop	-	-	-	agent-ae62e7496d0e8f377.jsonl	2026-09-04T06:49:26.020Z	claude-opus-5
ba98acdfc58d74cc	-	ineligible	out-of-family:x-noop	-	-	-	agent-ae62e7496d0e8f377.jsonl	2026-09-04T06:50:58.043Z	claude-opus-5
bd42d362df740a3a	-	ineligible	out-of-family:x-noop	-	-	-	agent-ae62e7496d0e8f377.jsonl	2026-09-04T06:51:14.680Z	claude-opus-5
34f4827cb971ec7f	-	ineligible	out-of-family:x-noop	-	-	-	agent-ae62e7496d0e8f377.jsonl	2026-09-04T06:52:40.356Z	claude-opus-5
4a4f2fc5d971b2a7	-	ineligible	out-of-family:x-noop	-	-	-	agent-ae62e7496d0e8f377.jsonl	2026-09-04T06:56:29.991Z	claude-opus-5
a84a9ef80703767c	-	ineligible	out-of-family:x-noop	-	-	-	agent-ae62e7496d0e8f377.jsonl	2026-09-04T06:56:35.616Z	claude-opus-5
fb03fade079a5a6a	-	ineligible	out-of-family:x-noop	-	-	-	agent-ae62e7496d0e8f377.jsonl	2026-09-04T06:56:50.709Z	claude-opus-5
8217bafcf316efd0	-	ineligible	out-of-family:x-noop	-	-	-	agent-ae62e7496d0e8f377.jsonl	2026-09-04T07:09:22.362Z	claude-opus-5
3faa93feb7ad7bdd	-	ineligible	out-of-family:x-noop	-	-	-	agent-ae62e7496d0e8f377.jsonl	2026-09-04T07:09:31.922Z	claude-opus-5
2fbf1f8450bc7d33	-	ineligible	out-of-family:x-noop	-	-	-	agent-ae62e7496d0e8f377.jsonl	2026-09-04T07:09:46.980Z	claude-opus-5
7d87d76b2109b003	-	ineligible	out-of-family:x-noop	-	-	-	agent-ae62e7496d0e8f377.jsonl	2026-09-04T07:10:19.857Z	claude-opus-5
ade941415c2e8bf9	-	ineligible	out-of-family:x-noop	-	-	-	agent-ae62e7496d0e8f377.jsonl	2026-09-04T07:10:59.308Z	claude-opus-5
972ea426d81d743c	-	ineligible	out-of-family:x-noop	-	-	-	agent-ae62e7496d0e8f377.jsonl	2026-09-04T07:11:16.258Z	claude-opus-5
12125aaa071d7cf9	-	ineligible	out-of-family:x-noop	-	-	-	agent-ae62e7496d0e8f377.jsonl	2026-09-04T07:11:20.933Z	claude-opus-5
436f614eae118f72	-	ineligible	out-of-family:x-other	-	-	-	agent-ae62e7496d0e8f377.jsonl	2026-09-04T07:11:54.348Z	claude-opus-5
a1c934fbe54e5df8	-	ineligible	out-of-family:x-noop	-	-	-	agent-ae62e7496d0e8f377.jsonl	2026-09-04T07:12:28.325Z	claude-opus-5
c99e3c71d609a9f2	-	ineligible	out-of-family:x-noop	-	-	-	agent-ae62e7496d0e8f377.jsonl	2026-09-04T07:13:10.116Z	claude-opus-5
e7536b7ac99df681	T	ineligible	pre-edit-bytes-not-recoverable	/home/forge/src/clj-surgeon	-	-	agent-ae62e7496d0e8f377.jsonl	2026-09-04T07:13:39.145Z	claude-opus-5
a27d4d98a4345f83	-	ineligible	out-of-family:x-other	-	-	-	agent-ae62e7496d0e8f377.jsonl	2026-09-04T07:18:34.906Z	claude-opus-5
0547c0e795febff5	-	ineligible	out-of-family:x-noop	-	-	-	agent-ae62e7496d0e8f377.jsonl	2026-09-04T07:24:18.282Z	claude-opus-5
eeec6aeae07becff	-	ineligible	out-of-family:x-noop	-	-	-	agent-af42573bfb0f8a6f1.jsonl	2026-09-04T21:47:37.231Z	claude-opus-5
f148cf794e0ae6e9	-	ineligible	out-of-family:x-noop	-	-	-	agent-af42573bfb0f8a6f1.jsonl	2026-09-04T21:47:49.884Z	claude-opus-5
6e543826abdd2701	-	ineligible	out-of-family:x-noop	-	-	-	agent-af42573bfb0f8a6f1.jsonl	2026-09-04T21:48:30.953Z	claude-opus-5
ae9862fd61161cfc	-	ineligible	out-of-family:x-noop	-	-	-	agent-af42573bfb0f8a6f1.jsonl	2026-09-04T22:12:30.885Z	claude-opus-5
47c41d608ec67ae2	-	ineligible	out-of-family:x-noop	-	-	-	agent-aff2c2ff37db0c34e.jsonl	2026-09-03T22:09:17.509Z	claude-opus-5
14d1f2b7765bc1c8	-	ineligible	out-of-family:x-noop	-	-	-	agent-aff2c2ff37db0c34e.jsonl	2026-09-03T22:10:52.057Z	claude-opus-5
04c86444ec88c946	-	ineligible	out-of-family:x-noop	-	-	-	agent-aff2c2ff37db0c34e.jsonl	2026-09-03T22:11:40.923Z	claude-opus-5
05a5481149381890	-	ineligible	out-of-family:x-noop	-	-	-	agent-aff2c2ff37db0c34e.jsonl	2026-09-03T22:13:16.177Z	claude-opus-5
c63293e1ba976ba3	-	ineligible	out-of-family:x-noop	-	-	-	agent-aff2c2ff37db0c34e.jsonl	2026-09-03T22:15:40.055Z	claude-opus-5
e4b82489ecc2a314	-	ineligible	out-of-family:x-noop	-	-	-	agent-a6246532b92ef7ee4.jsonl	2026-09-07T21:42:03.166Z	claude-opus-5
c4f5bafa17a711dd	-	ineligible	out-of-family:x-noop	-	-	-	agent-a6246532b92ef7ee4.jsonl	2026-09-07T21:42:18.182Z	claude-opus-5
9be0bffc10f7fbd3	-	ineligible	out-of-family:x-noop	-	-	-	agent-a6246532b92ef7ee4.jsonl	2026-09-07T21:42:38.172Z	claude-opus-5
b358feae53f5059d	-	ineligible	out-of-family:x-noop	-	-	-	agent-a6246532b92ef7ee4.jsonl	2026-09-07T21:43:03.088Z	claude-opus-5
06b4e2997bba536e	-	ineligible	out-of-family:x-noop	-	-	-	agent-a6246532b92ef7ee4.jsonl	2026-09-07T21:43:52.861Z	claude-opus-5
ee13ef1211e1c7ac	-	ineligible	out-of-family:x-noop	-	-	-	agent-a6246532b92ef7ee4.jsonl	2026-09-07T21:44:29.841Z	claude-opus-5
add04a61d92a52f0	-	ineligible	out-of-family:x-noop	-	-	-	agent-a6246532b92ef7ee4.jsonl	2026-09-07T21:44:40.783Z	claude-opus-5
48ceb12456fc0094	-	ineligible	out-of-family:x-noop	-	-	-	agent-a6246532b92ef7ee4.jsonl	2026-09-07T21:44:50.572Z	claude-opus-5
b6d546a9de19cce3	-	ineligible	out-of-family:x-noop	-	-	-	agent-a6246532b92ef7ee4.jsonl	2026-09-07T21:44:54.917Z	claude-opus-5
ffc6280e67fcc978	-	ineligible	out-of-family:x-noop	-	-	-	agent-a6246532b92ef7ee4.jsonl	2026-09-07T21:45:39.736Z	claude-opus-5
907d8840ec082cf2	-	ineligible	out-of-family:x-noop	-	-	-	agent-a6246532b92ef7ee4.jsonl	2026-09-07T21:45:46.433Z	claude-opus-5
e8a985c593ed6d24	-	ineligible	out-of-family:x-noop	-	-	-	agent-a6246532b92ef7ee4.jsonl	2026-09-07T21:46:30.367Z	claude-opus-5
52f1981600b53aaa	-	ineligible	out-of-family:x-noop	-	-	-	agent-a6246532b92ef7ee4.jsonl	2026-09-07T21:46:48.502Z	claude-opus-5
929f074dc49181b9	-	ineligible	out-of-family:x-other	-	-	-	agent-a6246532b92ef7ee4.jsonl	2026-09-07T21:46:58.122Z	claude-opus-5
3823efbb517dc430	-	ineligible	out-of-family:x-noop	-	-	-	agent-a6246532b92ef7ee4.jsonl	2026-09-07T21:47:03.262Z	claude-opus-5
453a5cf177fdead1	-	ineligible	out-of-family:x-noop	-	-	-	agent-a6246532b92ef7ee4.jsonl	2026-09-07T21:47:10.404Z	claude-opus-5
48ea3109f729d564	-	ineligible	out-of-family:x-noop	-	-	-	agent-a6246532b92ef7ee4.jsonl	2026-09-07T21:47:21.947Z	claude-opus-5
180249cb32af0fda	-	ineligible	out-of-family:x-noop	-	-	-	agent-a42a186455c3a28ca.jsonl	2026-09-04T00:03:44.598Z	claude-opus-5
2d041a52c5b36089	-	ineligible	out-of-family:x-other	-	-	-	agent-a42a186455c3a28ca.jsonl	2026-09-04T00:04:15.825Z	claude-opus-5
a1320cf9d245ebf1	-	ineligible	out-of-family:x-other	-	-	-	agent-a42a186455c3a28ca.jsonl	2026-09-04T00:07:56.295Z	claude-opus-5
a51dcd20bd818421	-	ineligible	out-of-family:x-noop	-	-	-	agent-a42a186455c3a28ca.jsonl	2026-09-04T00:16:53.551Z	claude-opus-5
c04940f57b5505c9	-	ineligible	out-of-family:x-noop	-	-	-	agent-a57531ca9eebcb032.jsonl	2026-09-04T00:28:30.739Z	claude-opus-5
a3cced8b9a54e77d	-	ineligible	out-of-family:x-noop	-	-	-	agent-a57531ca9eebcb032.jsonl	2026-09-04T00:30:39.803Z	claude-opus-5
3024307717bef032	-	ineligible	out-of-family:x-noop	-	-	-	agent-a57531ca9eebcb032.jsonl	2026-09-04T00:31:15.859Z	claude-opus-5
de73ac09a7b74502	-	ineligible	out-of-family:x-other	-	-	-	agent-a57531ca9eebcb032.jsonl	2026-09-04T00:50:15.401Z	claude-opus-5
1f25afead862727d	-	ineligible	out-of-family:x-noop	-	-	-	agent-a57531ca9eebcb032.jsonl	2026-09-04T00:51:03.790Z	claude-opus-5
6cf43dcc875bc236	-	ineligible	out-of-family:x-noop	-	-	-	agent-a57531ca9eebcb032.jsonl	2026-09-04T00:55:47.940Z	claude-opus-5
3209258240a7b7a2	-	ineligible	out-of-family:x-noop	-	-	-	agent-a57531ca9eebcb032.jsonl	2026-09-04T00:56:05.013Z	claude-opus-5
8656ec694f5b8222	-	ineligible	out-of-family:x-noop	-	-	-	agent-a57531ca9eebcb032.jsonl	2026-09-04T00:56:11.190Z	claude-opus-5
fcbba17c94b9621f	-	ineligible	out-of-family:x-noop	-	-	-	agent-a57531ca9eebcb032.jsonl	2026-09-04T01:00:17.140Z	claude-opus-5
b291dbc9c34baacf	-	ineligible	out-of-family:x-noop	-	-	-	agent-a57531ca9eebcb032.jsonl	2026-09-04T01:03:57.501Z	claude-opus-5
ba8eafaab8053175	-	ineligible	out-of-family:x-other	-	-	-	agent-a57531ca9eebcb032.jsonl	2026-09-04T01:04:19.582Z	claude-opus-5
b5b26179298f437c	-	ineligible	out-of-family:x-noop	-	-	-	agent-a57531ca9eebcb032.jsonl	2026-09-04T01:05:38.262Z	claude-opus-5
83f004f946e870eb	-	ineligible	out-of-family:x-noop	-	-	-	agent-a57531ca9eebcb032.jsonl	2026-09-04T01:05:52.467Z	claude-opus-5
9652a8db2cb23c5e	-	ineligible	out-of-family:x-noop	-	-	-	agent-a57531ca9eebcb032.jsonl	2026-09-04T01:06:09.410Z	claude-opus-5
dbdb9390eeae3e64	-	ineligible	out-of-family:x-noop	-	-	-	agent-a57531ca9eebcb032.jsonl	2026-09-04T01:09:47.228Z	claude-opus-5
1d1b34da470922b6	-	ineligible	out-of-family:x-noop	-	-	-	agent-a57531ca9eebcb032.jsonl	2026-09-04T01:15:32.935Z	claude-opus-5
a3d31dad584d622f	-	ineligible	out-of-family:x-noop	-	-	-	agent-a57531ca9eebcb032.jsonl	2026-09-04T01:16:59.417Z	claude-opus-5
bca3ad9780378196	-	ineligible	out-of-family:x-other	-	-	-	agent-a57531ca9eebcb032.jsonl	2026-09-04T01:18:11.669Z	claude-opus-5
ff5e375dfa927779	-	ineligible	out-of-family:x-noop	-	-	-	agent-a796ac6f94732ffbf.jsonl	2026-09-07T23:59:00.865Z	claude-opus-5
14406964f4433a54	-	ineligible	out-of-family:x-noop	-	-	-	agent-a796ac6f94732ffbf.jsonl	2026-09-08T00:02:13.539Z	claude-opus-5
af9e72454cd5abec	-	ineligible	out-of-family:x-other	-	-	-	agent-a90f64a2f93aeb5cc.jsonl	2026-09-04T11:01:45.311Z	claude-opus-5
4f06c8346fe01c72	-	ineligible	out-of-family:x-noop	-	-	-	agent-a41e28bbfedeaa699.jsonl	2026-09-08T07:19:22.032Z	claude-opus-5
f9db9c58e2ff366b	-	ineligible	out-of-family:x-noop	-	-	-	agent-aa7a73d183fb87485.jsonl	2026-09-03T09:46:26.320Z	claude-opus-5
23db16979cbdb5d3	-	ineligible	out-of-family:x-noop	-	-	-	agent-a046087fc85fb1ad5.jsonl	2026-09-03T07:18:48.838Z	claude-opus-5
4acf021f9a3ce18c	-	ineligible	out-of-family:x-other	-	-	-	agent-a046087fc85fb1ad5.jsonl	2026-09-03T07:19:00.063Z	claude-opus-5
60aa9e7d215f0651	-	ineligible	out-of-family:x-noop	-	-	-	agent-a046087fc85fb1ad5.jsonl	2026-09-03T07:25:13.069Z	claude-opus-5
cdef9c296fb861aa	T	ineligible	pre-edit-bytes-not-recoverable	/home/forge/src/clj-surgeon-txn	-	-	agent-a046087fc85fb1ad5.jsonl	2026-09-03T07:25:49.787Z	claude-opus-5
2e1f7a80245d6038	-	ineligible	out-of-family:x-other	-	-	-	agent-a046087fc85fb1ad5.jsonl	2026-09-03T07:27:03.444Z	claude-opus-5
3f1b69157239f8e3	-	ineligible	out-of-family:x-other	-	-	-	agent-a046087fc85fb1ad5.jsonl	2026-09-03T07:29:26.580Z	claude-opus-5
e7bb76d455193369	-	ineligible	out-of-family:x-noop	-	-	-	agent-a046087fc85fb1ad5.jsonl	2026-09-03T07:31:08.169Z	claude-opus-5
dc51dd0ac3a12bb8	-	ineligible	out-of-family:x-noop	-	-	-	agent-a046087fc85fb1ad5.jsonl	2026-09-03T07:32:25.331Z	claude-opus-5
b27558c443fe34f2	-	ineligible	out-of-family:x-noop	-	-	-	agent-a046087fc85fb1ad5.jsonl	2026-09-03T07:32:44.957Z	claude-opus-5
e0560bb2401d2f10	-	ineligible	out-of-family:x-other	-	-	-	agent-a046087fc85fb1ad5.jsonl	2026-09-03T07:32:59.721Z	claude-opus-5
9ae4936704fc93f0	-	ineligible	out-of-family:x-noop	-	-	-	agent-a046087fc85fb1ad5.jsonl	2026-09-03T07:33:37.440Z	claude-opus-5
536095f81bf96232	-	ineligible	out-of-family:x-noop	-	-	-	agent-a046087fc85fb1ad5.jsonl	2026-09-03T07:34:46.576Z	claude-opus-5
cca331d042841fbf	-	ineligible	out-of-family:x-noop	-	-	-	agent-a046087fc85fb1ad5.jsonl	2026-09-03T07:35:12.924Z	claude-opus-5
d953c835e684c786	-	ineligible	out-of-family:x-noop	-	-	-	agent-a046087fc85fb1ad5.jsonl	2026-09-03T07:35:53.908Z	claude-opus-5
53e80122796afeb6	-	ineligible	out-of-family:x-noop	-	-	-	agent-a046087fc85fb1ad5.jsonl	2026-09-03T07:36:45.954Z	claude-opus-5
2aa200c512592b0d	-	ineligible	out-of-family:x-noop	-	-	-	agent-a046087fc85fb1ad5.jsonl	2026-09-03T07:37:15.711Z	claude-opus-5
5bec09a3b919caf5	-	ineligible	out-of-family:x-noop	-	-	-	agent-a046087fc85fb1ad5.jsonl	2026-09-03T07:38:26.602Z	claude-opus-5
4dff05b448f48d16	-	ineligible	out-of-family:x-other	-	-	-	agent-a046087fc85fb1ad5.jsonl	2026-09-03T07:39:33.904Z	claude-opus-5
621a40572529f6e2	-	ineligible	out-of-family:x-noop	-	-	-	agent-a046087fc85fb1ad5.jsonl	2026-09-03T07:40:13.207Z	claude-opus-5
635d9b47b99d5807	-	ineligible	out-of-family:x-noop	-	-	-	agent-a046087fc85fb1ad5.jsonl	2026-09-03T07:40:52.855Z	claude-opus-5
a93405b484295323	-	ineligible	out-of-family:x-noop	-	-	-	agent-a046087fc85fb1ad5.jsonl	2026-09-03T07:41:01.964Z	claude-opus-5
20d575c3eaaac208	-	ineligible	out-of-family:x-other	-	-	-	agent-a046087fc85fb1ad5.jsonl	2026-09-03T07:41:12.029Z	claude-opus-5
40d4627142363e40	-	ineligible	out-of-family:x-noop	-	-	-	agent-a046087fc85fb1ad5.jsonl	2026-09-03T07:42:49.108Z	claude-opus-5
281bb16c31fc09bf	-	ineligible	out-of-family:x-other	-	-	-	agent-a046087fc85fb1ad5.jsonl	2026-09-03T07:43:09.387Z	claude-opus-5
15ab677963bb2fac	-	ineligible	out-of-family:x-noop	-	-	-	agent-a046087fc85fb1ad5.jsonl	2026-09-03T07:43:29.822Z	claude-opus-5
d86f75c0bfa9bddc	-	ineligible	out-of-family:x-noop	-	-	-	agent-a046087fc85fb1ad5.jsonl	2026-09-03T07:43:53.794Z	claude-opus-5
f46868ad2c4ced04	-	ineligible	out-of-family:x-noop	-	-	-	agent-a046087fc85fb1ad5.jsonl	2026-09-03T07:44:13.198Z	claude-opus-5
8abfec287f6975a0	-	ineligible	out-of-family:x-noop	-	-	-	agent-a046087fc85fb1ad5.jsonl	2026-09-03T07:48:07.069Z	claude-opus-5
0a75e61bc2e016d9	-	ineligible	out-of-family:x-noop	-	-	-	agent-a046087fc85fb1ad5.jsonl	2026-09-03T07:48:13.396Z	claude-opus-5
5531702b334a6945	-	ineligible	out-of-family:x-other	-	-	-	agent-a046087fc85fb1ad5.jsonl	2026-09-03T07:48:56.633Z	claude-opus-5
cb3a427a1491bfb2	-	ineligible	out-of-family:x-other	-	-	-	agent-a046087fc85fb1ad5.jsonl	2026-09-03T07:49:01.172Z	claude-opus-5
17c2bb3410bf90bc	-	ineligible	out-of-family:x-noop	-	-	-	agent-a22743a733724e24f.jsonl	2026-09-04T03:59:55.495Z	claude-opus-5
354e386847e87018	-	ineligible	out-of-family:x-noop	-	-	-	agent-a22743a733724e24f.jsonl	2026-09-04T04:01:31.469Z	claude-opus-5
9c8b43651fdd82a8	-	ineligible	out-of-family:x-noop	-	-	-	agent-a22743a733724e24f.jsonl	2026-09-04T04:03:21.192Z	claude-opus-5
01ad5e574dc5abef	-	ineligible	out-of-family:x-noop	-	-	-	agent-a22743a733724e24f.jsonl	2026-09-04T04:10:45.264Z	claude-opus-5
c0fa0af1f135b8cf	-	ineligible	out-of-family:x-noop	-	-	-	agent-a22743a733724e24f.jsonl	2026-09-04T04:10:55.306Z	claude-opus-5
f2fccf118c3c937d	-	ineligible	out-of-family:x-noop	-	-	-	agent-a22743a733724e24f.jsonl	2026-09-04T04:29:16.298Z	claude-opus-5
9d1f30c1cc96e6b3	-	ineligible	out-of-family:x-other	-	-	-	agent-a22743a733724e24f.jsonl	2026-09-04T04:32:47.050Z	claude-opus-5
8425969163a521ed	-	ineligible	out-of-family:x-noop	-	-	-	agent-a22743a733724e24f.jsonl	2026-09-04T04:37:05.045Z	claude-opus-5
cc629adb84814cc9	-	ineligible	out-of-family:x-noop	-	-	-	agent-a22743a733724e24f.jsonl	2026-09-04T04:39:28.395Z	claude-opus-5
6ff2ffa7910f5b9d	-	ineligible	out-of-family:x-noop	-	-	-	agent-a22743a733724e24f.jsonl	2026-09-04T04:44:05.850Z	claude-opus-5
01728ff83d49043a	-	ineligible	out-of-family:x-noop	-	-	-	agent-a22743a733724e24f.jsonl	2026-09-04T04:50:38.736Z	claude-opus-5
c93fcc050fa83631	-	ineligible	out-of-family:x-other	-	-	-	agent-a22743a733724e24f.jsonl	2026-09-04T04:52:00.067Z	claude-opus-5
69ccd01e51501a1a	-	ineligible	out-of-family:x-noop	-	-	-	agent-a22743a733724e24f.jsonl	2026-09-04T04:53:21.066Z	claude-opus-5
a2934323e6b1bb30	I	ineligible	edit-already-present-in-pre-edit	/home/forge/src/clj-surgeon-census	src/clj_surgeon/core.clj	72587ecb92a87a3b30ec11c0a49a6120349be963	agent-a22743a733724e24f.jsonl	2026-09-04T04:55:15.541Z	claude-opus-5
37b206610b7e558e	-	ineligible	out-of-family:x-other	-	-	-	agent-a22743a733724e24f.jsonl	2026-09-04T05:04:56.623Z	claude-opus-5
413c10b1dc1c3d6d	-	ineligible	out-of-family:x-noop	-	-	-	agent-a798df6a0ca59c267.jsonl	2026-09-08T03:36:28.518Z	claude-opus-5
e5dc5a7f48eaeda9	-	ineligible	out-of-family:x-other	-	-	-	agent-ad7b49b8ab0a2d7e6.jsonl	2026-09-03T08:17:07.895Z	claude-opus-5
267e9a38da3500a6	-	ineligible	out-of-family:x-other	-	-	-	agent-ad7b49b8ab0a2d7e6.jsonl	2026-09-03T08:17:20.038Z	claude-opus-5
c4df0f5e3b9a1c17	-	ineligible	out-of-family:x-noop	-	-	-	agent-ad7b49b8ab0a2d7e6.jsonl	2026-09-03T08:17:48.436Z	claude-opus-5
2dcb0554b6c47c55	-	ineligible	out-of-family:x-noop	-	-	-	agent-ad7b49b8ab0a2d7e6.jsonl	2026-09-03T08:20:45.238Z	claude-opus-5
3d8a4a1048f95df7	-	ineligible	out-of-family:x-other	-	-	-	agent-ad7b49b8ab0a2d7e6.jsonl	2026-09-03T08:21:24.794Z	claude-opus-5
adba818c1bff6316	-	ineligible	out-of-family:x-noop	-	-	-	agent-ad7b49b8ab0a2d7e6.jsonl	2026-09-03T08:23:10.858Z	claude-opus-5
f97c10754345b535	-	ineligible	out-of-family:x-noop	-	-	-	agent-ad7b49b8ab0a2d7e6.jsonl	2026-09-03T08:23:47.235Z	claude-opus-5
99e38321065c5ed2	-	ineligible	out-of-family:x-noop	-	-	-	agent-ad7b49b8ab0a2d7e6.jsonl	2026-09-03T08:29:35.023Z	claude-opus-5
f6de7142774cb11a	-	ineligible	out-of-family:x-noop	-	-	-	agent-ad7b49b8ab0a2d7e6.jsonl	2026-09-03T08:30:57.566Z	claude-opus-5
4eb11dbed876f3bf	-	ineligible	out-of-family:x-noop	-	-	-	agent-ad7b49b8ab0a2d7e6.jsonl	2026-09-03T08:32:52.469Z	claude-opus-5
9e3a09138b255087	-	ineligible	out-of-family:x-noop	-	-	-	agent-ad7b49b8ab0a2d7e6.jsonl	2026-09-03T08:50:05.638Z	claude-opus-5
8a65f141f453d19a	-	ineligible	out-of-family:x-noop	-	-	-	agent-ad7b49b8ab0a2d7e6.jsonl	2026-09-03T08:51:34.901Z	claude-opus-5
4f9a0553de556ece	-	ineligible	out-of-family:x-noop	-	-	-	agent-a746fe9ee2d91c2d7.jsonl	2026-09-08T07:40:25.353Z	claude-opus-5
b73d71f5536a3431	-	ineligible	out-of-family:x-noop	-	-	-	agent-a746fe9ee2d91c2d7.jsonl	2026-09-08T07:40:41.038Z	claude-opus-5
54a68664da45e4b3	-	ineligible	out-of-family:x-noop	-	-	-	agent-a746fe9ee2d91c2d7.jsonl	2026-09-08T07:40:45.669Z	claude-opus-5
121b5c3433611deb	-	ineligible	out-of-family:x-noop	-	-	-	agent-aa83967e7a2377fa3.jsonl	2026-09-08T09:12:39.013Z	claude-opus-5
bcc44a96617b18c0	-	ineligible	out-of-family:x-noop	-	-	-	agent-aa83967e7a2377fa3.jsonl	2026-09-08T09:12:48.760Z	claude-opus-5
e44d19dfa2bced94	-	ineligible	out-of-family:x-noop	-	-	-	agent-aa83967e7a2377fa3.jsonl	2026-09-08T09:12:55.563Z	claude-opus-5
d0115f6175e97fb1	-	ineligible	out-of-family:x-other	-	-	-	agent-aa83967e7a2377fa3.jsonl	2026-09-08T09:13:01.601Z	claude-opus-5
8b1c3313c4cb1b18	-	ineligible	out-of-family:x-noop	-	-	-	agent-aa83967e7a2377fa3.jsonl	2026-09-08T09:13:07.877Z	claude-opus-5
650c337a8e316d91	-	ineligible	out-of-family:x-noop	-	-	-	agent-aa83967e7a2377fa3.jsonl	2026-09-08T09:13:43.585Z	claude-opus-5
ab06d41407782012	-	ineligible	out-of-family:x-other	-	-	-	agent-aa83967e7a2377fa3.jsonl	2026-09-08T09:13:49.644Z	claude-opus-5
cd94d05eff4f988b	-	ineligible	out-of-family:x-noop	-	-	-	agent-a02f87b29b2d27eff.jsonl	2026-09-03T02:05:31.821Z	claude-opus-5
db8dc012f37606eb	-	ineligible	out-of-family:x-noop	-	-	-	agent-a02f87b29b2d27eff.jsonl	2026-09-03T02:05:36.002Z	claude-opus-5
4c28924a44f36788	-	ineligible	out-of-family:x-noop	-	-	-	agent-a02f87b29b2d27eff.jsonl	2026-09-03T02:05:43.730Z	claude-opus-5
4fe2b8b77f4d26fc	-	ineligible	out-of-family:x-noop	-	-	-	agent-a02f87b29b2d27eff.jsonl	2026-09-03T02:06:06.590Z	claude-opus-5
aafaec656d13d905	-	ineligible	out-of-family:x-noop	-	-	-	agent-a02f87b29b2d27eff.jsonl	2026-09-03T02:06:23.846Z	claude-opus-5
82350424e073e316	-	ineligible	out-of-family:x-noop	-	-	-	agent-a02f87b29b2d27eff.jsonl	2026-09-03T02:06:51.938Z	claude-opus-5
2e50fcc814205ff1	-	ineligible	out-of-family:x-noop	-	-	-	agent-a02f87b29b2d27eff.jsonl	2026-09-03T02:08:36.597Z	claude-opus-5
80e57870a118ef95	-	ineligible	out-of-family:x-noop	-	-	-	agent-a02f87b29b2d27eff.jsonl	2026-09-03T02:08:49.905Z	claude-opus-5
1802fbb41b3d8aa0	-	ineligible	out-of-family:x-noop	-	-	-	agent-a02f87b29b2d27eff.jsonl	2026-09-03T02:09:18.984Z	claude-opus-5
56e44d06dd3530a1	-	ineligible	out-of-family:x-other	-	-	-	agent-a02f87b29b2d27eff.jsonl	2026-09-03T02:12:09.739Z	claude-opus-5
fee33736f7b70696	-	ineligible	out-of-family:x-noop	-	-	-	agent-a02f87b29b2d27eff.jsonl	2026-09-03T02:13:25.254Z	claude-opus-5
e169c78be321fb22	-	ineligible	out-of-family:x-noop	-	-	-	agent-a02f87b29b2d27eff.jsonl	2026-09-03T02:15:06.870Z	claude-opus-5
11dc7488ee12fc72	-	ineligible	out-of-family:x-noop	-	-	-	agent-a02f87b29b2d27eff.jsonl	2026-09-03T02:15:24.994Z	claude-opus-5
0b38b616f4f65d7f	-	ineligible	out-of-family:x-noop	-	-	-	agent-a02f87b29b2d27eff.jsonl	2026-09-03T02:15:34.713Z	claude-opus-5
401468c3103dae59	-	ineligible	out-of-family:x-noop	-	-	-	agent-a02f87b29b2d27eff.jsonl	2026-09-03T02:16:07.890Z	claude-opus-5
7e8eca49465b8838	-	ineligible	out-of-family:x-other	-	-	-	agent-a02f87b29b2d27eff.jsonl	2026-09-03T02:16:26.004Z	claude-opus-5
d4996b2876475c92	-	ineligible	out-of-family:x-noop	-	-	-	agent-a02f87b29b2d27eff.jsonl	2026-09-03T02:16:41.224Z	claude-opus-5
4dc406a62a4fd144	-	ineligible	out-of-family:x-noop	-	-	-	agent-a02f87b29b2d27eff.jsonl	2026-09-03T02:16:53.535Z	claude-opus-5
53426a5484dad065	-	ineligible	out-of-family:x-noop	-	-	-	agent-a02f87b29b2d27eff.jsonl	2026-09-03T02:17:01.198Z	claude-opus-5
8aad9db6c79952af	-	ineligible	out-of-family:x-noop	-	-	-	agent-a02f87b29b2d27eff.jsonl	2026-09-03T02:17:12.710Z	claude-opus-5
5aa4525c777c0ebc	-	ineligible	out-of-family:x-noop	-	-	-	agent-a02f87b29b2d27eff.jsonl	2026-09-03T02:17:24.509Z	claude-opus-5
08a9339883604bc4	-	ineligible	out-of-family:x-noop	-	-	-	agent-a02f87b29b2d27eff.jsonl	2026-09-03T02:17:37.009Z	claude-opus-5
b00c422dad46d652	-	ineligible	out-of-family:x-noop	-	-	-	agent-a02f87b29b2d27eff.jsonl	2026-09-03T02:18:11.954Z	claude-opus-5
a24384f24cdd65d8	-	ineligible	out-of-family:x-noop	-	-	-	agent-a02f87b29b2d27eff.jsonl	2026-09-03T02:19:22.968Z	claude-opus-5
064ff062613f71c2	-	ineligible	out-of-family:x-noop	-	-	-	agent-a02f87b29b2d27eff.jsonl	2026-09-03T02:19:38.742Z	claude-opus-5
f529b1973e5cd3df	-	ineligible	out-of-family:x-noop	-	-	-	agent-a02f87b29b2d27eff.jsonl	2026-09-03T02:19:56.222Z	claude-opus-5
ffd73de583c66502	-	ineligible	out-of-family:x-other	-	-	-	agent-a02f87b29b2d27eff.jsonl	2026-09-03T02:20:21.189Z	claude-opus-5
b1cf43d5dbc01701	-	ineligible	out-of-family:x-other	-	-	-	agent-a02f87b29b2d27eff.jsonl	2026-09-03T02:20:28.594Z	claude-opus-5
aad1ef9437807f32	-	ineligible	out-of-family:x-noop	-	-	-	agent-a02f87b29b2d27eff.jsonl	2026-09-03T02:21:34.100Z	claude-opus-5
220bb9aa967cf1c7	-	ineligible	out-of-family:x-noop	-	-	-	agent-a02f87b29b2d27eff.jsonl	2026-09-03T02:25:18.214Z	claude-opus-5
4ad02401ccd951ae	-	ineligible	out-of-family:x-noop	-	-	-	agent-a02f87b29b2d27eff.jsonl	2026-09-03T02:26:10.691Z	claude-opus-5
549e98f42a39723b	-	ineligible	out-of-family:x-noop	-	-	-	agent-a02f87b29b2d27eff.jsonl	2026-09-03T02:26:31.674Z	claude-opus-5
9eb51c5a2762c7e8	-	ineligible	out-of-family:x-noop	-	-	-	agent-a02f87b29b2d27eff.jsonl	2026-09-03T02:26:53.165Z	claude-opus-5
5236c8290793d6a4	-	ineligible	out-of-family:x-noop	-	-	-	agent-a02f87b29b2d27eff.jsonl	2026-09-03T02:27:10.170Z	claude-opus-5
553068f903e6fb96	-	ineligible	out-of-family:x-noop	-	-	-	agent-a02f87b29b2d27eff.jsonl	2026-09-03T02:27:27.824Z	claude-opus-5
f24b7ddb254d9081	-	ineligible	out-of-family:x-noop	-	-	-	agent-a02f87b29b2d27eff.jsonl	2026-09-03T02:27:45.787Z	claude-opus-5
a7cf591fcfbfb58a	-	ineligible	out-of-family:x-noop	-	-	-	agent-a02f87b29b2d27eff.jsonl	2026-09-03T02:28:03.836Z	claude-opus-5
cfbd72359433b1c1	-	ineligible	out-of-family:x-noop	-	-	-	agent-a02f87b29b2d27eff.jsonl	2026-09-03T02:28:39.632Z	claude-opus-5
1e24d7b248be6eb2	-	ineligible	out-of-family:x-noop	-	-	-	agent-a02f87b29b2d27eff.jsonl	2026-09-03T02:28:57.936Z	claude-opus-5
94f42cf2aca9f177	-	ineligible	out-of-family:x-noop	-	-	-	agent-a02f87b29b2d27eff.jsonl	2026-09-03T02:32:03.334Z	claude-opus-5
13dc4a1578de0258	-	ineligible	out-of-family:x-noop	-	-	-	agent-afca5bded5a0d5c9c.jsonl	2026-09-03T05:55:41.327Z	claude-opus-5
0b0b3d3316a3a627	-	ineligible	out-of-family:x-other	-	-	-	agent-afca5bded5a0d5c9c.jsonl	2026-09-03T05:56:08.344Z	claude-opus-5
39e632b461267c3f	-	ineligible	out-of-family:x-noop	-	-	-	agent-afca5bded5a0d5c9c.jsonl	2026-09-03T06:09:58.375Z	claude-opus-5
fb138a9984586bd2	-	ineligible	out-of-family:x-noop	-	-	-	agent-afca5bded5a0d5c9c.jsonl	2026-09-03T06:12:49.699Z	claude-opus-5
2d8e904fd7cc587f	-	ineligible	out-of-family:x-noop	-	-	-	agent-afca5bded5a0d5c9c.jsonl	2026-09-03T06:17:31.618Z	claude-opus-5
e4f8b4d7455f4efc	-	ineligible	out-of-family:x-noop	-	-	-	agent-afca5bded5a0d5c9c.jsonl	2026-09-03T06:17:36.469Z	claude-opus-5
ad97c4ecc395dc02	-	ineligible	out-of-family:x-noop	-	-	-	agent-a124677c38f027605.jsonl	2026-09-04T17:24:02.844Z	claude-opus-5
f00d0d272076cb33	-	ineligible	out-of-family:x-noop	-	-	-	agent-a124677c38f027605.jsonl	2026-09-04T17:25:17.377Z	claude-opus-5
71b9657d845b40bd	-	ineligible	out-of-family:x-noop	-	-	-	agent-a124677c38f027605.jsonl	2026-09-04T17:26:08.585Z	claude-opus-5
8743f546de429772	-	ineligible	out-of-family:x-noop	-	-	-	agent-a124677c38f027605.jsonl	2026-09-04T17:26:41.053Z	claude-opus-5
1f8d3fa6637241fa	-	ineligible	out-of-family:x-noop	-	-	-	agent-a124677c38f027605.jsonl	2026-09-04T18:05:12.813Z	claude-opus-5
db5d9fdf135b2de6	-	ineligible	out-of-family:x-noop	-	-	-	agent-a58777a9131c4c26e.jsonl	2026-09-08T09:23:52.536Z	claude-opus-5
888fa1e0f3761bef	-	ineligible	out-of-family:x-other	-	-	-	agent-a9fa9aec80cd28ca1.jsonl	2026-09-07T22:28:33.711Z	claude-opus-5
839c12544623c101	-	ineligible	out-of-family:x-noop	-	-	-	agent-a9fa9aec80cd28ca1.jsonl	2026-09-07T22:28:50.264Z	claude-opus-5
40cc2517642ae8fe	-	ineligible	out-of-family:x-other	-	-	-	agent-a9fa9aec80cd28ca1.jsonl	2026-09-07T22:29:01.810Z	claude-opus-5
dedec277db91d993	-	ineligible	out-of-family:x-noop	-	-	-	agent-ac9b3d5db079f8e9e.jsonl	2026-09-08T16:25:51.447Z	claude-opus-5
aa2bd325d3e27a5f	-	ineligible	out-of-family:x-noop	-	-	-	agent-ac9b3d5db079f8e9e.jsonl	2026-09-08T16:25:57.369Z	claude-opus-5
c04cabb447041543	-	ineligible	out-of-family:x-noop	-	-	-	agent-ac9b3d5db079f8e9e.jsonl	2026-09-08T16:26:30.583Z	claude-opus-5
328f70a3c4a81e12	-	ineligible	out-of-family:x-noop	-	-	-	agent-ac9b3d5db079f8e9e.jsonl	2026-09-08T16:27:49.293Z	claude-opus-5
a794384aa1a8ee25	-	ineligible	out-of-family:x-other	-	-	-	agent-ac9b3d5db079f8e9e.jsonl	2026-09-08T16:28:08.117Z	claude-opus-5
5b7c78de84868223	-	ineligible	out-of-family:x-other	-	-	-	agent-ac9b3d5db079f8e9e.jsonl	2026-09-08T16:28:30.606Z	claude-opus-5
ac5144e81a645824	-	ineligible	out-of-family:x-noop	-	-	-	agent-ac9b3d5db079f8e9e.jsonl	2026-09-08T16:29:00.331Z	claude-opus-5
963e8e0297cf6e3c	-	ineligible	out-of-family:x-noop	-	-	-	agent-ac9b3d5db079f8e9e.jsonl	2026-09-08T16:32:07.205Z	claude-opus-5
a69d7562dfcc5a8c	-	ineligible	out-of-family:x-noop	-	-	-	agent-ac9b3d5db079f8e9e.jsonl	2026-09-08T16:33:16.828Z	claude-opus-5
bcfd5fd2addd1345	-	ineligible	out-of-family:x-noop	-	-	-	agent-ac9b3d5db079f8e9e.jsonl	2026-09-08T16:46:05.850Z	claude-opus-5
34b8a9b7793b3ce6	-	ineligible	out-of-family:x-noop	-	-	-	agent-ac9b3d5db079f8e9e.jsonl	2026-09-08T16:53:24.549Z	claude-opus-5
505fc42b3cc3328b	-	ineligible	out-of-family:x-noop	-	-	-	agent-ac9b3d5db079f8e9e.jsonl	2026-09-08T17:01:24.554Z	claude-opus-5
78fe6c872cce58f0	-	ineligible	out-of-family:x-other	-	-	-	agent-ac9b3d5db079f8e9e.jsonl	2026-09-08T17:09:34.318Z	claude-opus-5
cbb5be1a92af0311	-	ineligible	out-of-family:x-noop	-	-	-	agent-ab3b8d03742cfba3e.jsonl	2026-09-04T07:20:05.176Z	claude-opus-5
2000c3a8799dc8b1	-	ineligible	out-of-family:x-other	-	-	-	agent-ab3b8d03742cfba3e.jsonl	2026-09-04T07:20:10.366Z	claude-opus-5
a1cb9cf3c049d60e	-	ineligible	out-of-family:x-noop	-	-	-	agent-ab3b8d03742cfba3e.jsonl	2026-09-04T07:22:08.535Z	claude-opus-5
398328499e06e9b8	-	ineligible	out-of-family:x-noop	-	-	-	agent-ab3b8d03742cfba3e.jsonl	2026-09-04T07:26:14.506Z	claude-opus-5
66b57e80a2f199e6	-	ineligible	out-of-family:x-noop	-	-	-	agent-ab3b8d03742cfba3e.jsonl	2026-09-04T07:28:30.608Z	claude-opus-5
ac1c2fb70c033cd8	-	ineligible	out-of-family:x-noop	-	-	-	agent-ab3b8d03742cfba3e.jsonl	2026-09-04T07:29:02.661Z	claude-opus-5
777a18e50bec920e	-	ineligible	out-of-family:x-noop	-	-	-	agent-ab3b8d03742cfba3e.jsonl	2026-09-04T07:29:37.532Z	claude-opus-5
f7c3feba2a51af63	-	ineligible	out-of-family:x-noop	-	-	-	agent-ab3b8d03742cfba3e.jsonl	2026-09-04T07:30:20.872Z	claude-opus-5
35049a4b450534dd	T	ineligible	pre-edit-bytes-not-recoverable	/home/forge/src/clj-surgeon	-	-	agent-ab3b8d03742cfba3e.jsonl	2026-09-04T07:30:57.862Z	claude-opus-5
0b149acd539ed364	-	ineligible	out-of-family:x-noop	-	-	-	agent-ab3b8d03742cfba3e.jsonl	2026-09-04T07:31:29.133Z	claude-opus-5
048a0ef8d4330da5	-	ineligible	out-of-family:x-noop	-	-	-	agent-ab3b8d03742cfba3e.jsonl	2026-09-04T07:33:52.580Z	claude-opus-5
ae2d9909756ed9ee	-	ineligible	out-of-family:x-noop	-	-	-	agent-ab3b8d03742cfba3e.jsonl	2026-09-04T07:36:20.345Z	claude-opus-5
1bad365d202158e6	-	ineligible	out-of-family:x-other	-	-	-	agent-ab3b8d03742cfba3e.jsonl	2026-09-04T07:37:54.827Z	claude-opus-5
d5360e657bd3cb3b	-	ineligible	out-of-family:x-noop	-	-	-	agent-ab3b8d03742cfba3e.jsonl	2026-09-04T07:41:08.072Z	claude-opus-5
66a5552c088b24de	-	ineligible	out-of-family:x-noop	-	-	-	agent-ab3b8d03742cfba3e.jsonl	2026-09-04T07:41:48.497Z	claude-opus-5
8c647a0c0b39b6aa	-	ineligible	out-of-family:x-noop	-	-	-	agent-ab3b8d03742cfba3e.jsonl	2026-09-04T07:42:07.621Z	claude-opus-5
ae403ad6e8402474	-	ineligible	out-of-family:x-noop	-	-	-	agent-ab3b8d03742cfba3e.jsonl	2026-09-04T07:42:20.753Z	claude-opus-5
8f69f37d3f639f42	-	ineligible	out-of-family:x-noop	-	-	-	agent-ab3b8d03742cfba3e.jsonl	2026-09-04T07:45:43.853Z	claude-opus-5
a0c5d82084c80d24	-	ineligible	out-of-family:x-noop	-	-	-	agent-ab3b8d03742cfba3e.jsonl	2026-09-04T07:46:38.825Z	claude-opus-5
a500afec9def61ed	-	ineligible	out-of-family:x-noop	-	-	-	agent-ab3b8d03742cfba3e.jsonl	2026-09-04T07:48:31.694Z	claude-opus-5
49b900d488b45a34	-	ineligible	out-of-family:x-noop	-	-	-	agent-ab3b8d03742cfba3e.jsonl	2026-09-04T07:50:11.844Z	claude-opus-5
5521dd30b77ee2eb	-	ineligible	out-of-family:x-noop	-	-	-	agent-ab3b8d03742cfba3e.jsonl	2026-09-04T07:54:06.367Z	claude-opus-5
1ec0e6130b74ab5e	-	ineligible	out-of-family:x-noop	-	-	-	agent-ab3b8d03742cfba3e.jsonl	2026-09-04T07:55:16.459Z	claude-opus-5
10d27e234b114ef1	-	ineligible	out-of-family:x-noop	-	-	-	agent-ab3b8d03742cfba3e.jsonl	2026-09-04T07:55:58.919Z	claude-opus-5
f5dea8441d07f91c	-	ineligible	out-of-family:x-other	-	-	-	agent-ab3b8d03742cfba3e.jsonl	2026-09-04T07:59:08.330Z	claude-opus-5
f1f01e675ff4c12c	-	ineligible	out-of-family:x-other	-	-	-	agent-ab3b8d03742cfba3e.jsonl	2026-09-04T07:59:22.425Z	claude-opus-5
4bddd935d3f30188	-	ineligible	out-of-family:x-other	-	-	-	agent-ab3b8d03742cfba3e.jsonl	2026-09-04T08:05:53.956Z	claude-opus-5
dbba172daf694c21	-	ineligible	out-of-family:x-noop	-	-	-	agent-ab3b8d03742cfba3e.jsonl	2026-09-04T08:07:45.225Z	claude-opus-5
60f430b29e89e055	-	ineligible	out-of-family:x-noop	-	-	-	agent-ab3b8d03742cfba3e.jsonl	2026-09-04T08:10:32.857Z	claude-opus-5
0c0311727b5aaf35	-	ineligible	out-of-family:x-noop	-	-	-	agent-ab3b8d03742cfba3e.jsonl	2026-09-04T08:10:59.603Z	claude-opus-5
5c9635dd3d429450	-	ineligible	out-of-family:x-noop	-	-	-	agent-ab3b8d03742cfba3e.jsonl	2026-09-04T08:24:11.606Z	claude-opus-5
ba39c35203cde167	-	ineligible	out-of-family:x-noop	-	-	-	agent-ab3b8d03742cfba3e.jsonl	2026-09-04T08:27:44.036Z	claude-opus-5
4fe85c1878ad12ab	-	ineligible	out-of-family:x-noop	-	-	-	agent-ab3b8d03742cfba3e.jsonl	2026-09-04T08:28:16.272Z	claude-opus-5
cac8aad0d134059f	-	ineligible	out-of-family:x-noop	-	-	-	agent-ab3b8d03742cfba3e.jsonl	2026-09-04T08:29:39.508Z	claude-opus-5
bba687da9dea5b57	-	ineligible	out-of-family:x-noop	-	-	-	agent-ab3b8d03742cfba3e.jsonl	2026-09-04T08:31:30.145Z	claude-opus-5
bb788e89223de0bd	-	ineligible	out-of-family:x-noop	-	-	-	agent-ab3b8d03742cfba3e.jsonl	2026-09-04T08:31:43.427Z	claude-opus-5
e820083715fea373	-	ineligible	out-of-family:x-noop	-	-	-	agent-ab3b8d03742cfba3e.jsonl	2026-09-04T08:37:44.218Z	claude-opus-5
22bf5c77602f9db9	-	ineligible	out-of-family:x-other	-	-	-	agent-a228c0e38ed270538.jsonl	2026-09-03T23:35:01.817Z	claude-opus-5
3960fa53c19c8abc	-	ineligible	out-of-family:x-noop	-	-	-	agent-a228c0e38ed270538.jsonl	2026-09-03T23:38:13.008Z	claude-opus-5
f3cee536c6f9280e	-	ineligible	out-of-family:x-other	-	-	-	agent-a228c0e38ed270538.jsonl	2026-09-03T23:38:30.152Z	claude-opus-5
2f87d420665af2ff	-	ineligible	out-of-family:x-noop	-	-	-	agent-a228c0e38ed270538.jsonl	2026-09-03T23:39:21.562Z	claude-opus-5
54c4d6d460ce25f0	T	eligible	ok	/home/forge/src/clj-surgeon-o4	test/clj_surgeon/read_hook_test.clj	b59bc36a5a39a4a950886de0f30d31d80fb3cf7d	agent-a228c0e38ed270538.jsonl	2026-09-03T23:40:33.808Z	claude-opus-5
8419425b3cee1456	-	ineligible	out-of-family:x-other	-	-	-	agent-a228c0e38ed270538.jsonl	2026-09-03T23:40:55.328Z	claude-opus-5
2aacbe915b653951	-	ineligible	out-of-family:x-noop	-	-	-	agent-a228c0e38ed270538.jsonl	2026-09-03T23:46:13.798Z	claude-opus-5
6a01e69e584c1f2a	-	ineligible	out-of-family:x-noop	-	-	-	agent-a228c0e38ed270538.jsonl	2026-09-03T23:48:16.641Z	claude-opus-5
5910c63719652af7	-	ineligible	out-of-family:x-other	-	-	-	agent-a228c0e38ed270538.jsonl	2026-09-03T23:48:47.850Z	claude-opus-5
02302de333dbfafe	T	ineligible	dup-episode-in-session	/home/forge/src/clj-surgeon-o4	test/clj_surgeon/read_hook_test.clj	3901f91c103ceffc23226811e48ea89941cf0b20	agent-a228c0e38ed270538.jsonl	2026-09-03T23:52:21.144Z	claude-opus-5
907b6c36557d5cf7	-	ineligible	out-of-family:x-other	-	-	-	agent-a228c0e38ed270538.jsonl	2026-09-03T23:52:34.315Z	claude-opus-5
b7656939cb26ca76	-	ineligible	out-of-family:x-noop	-	-	-	agent-a228c0e38ed270538.jsonl	2026-09-03T23:52:53.851Z	claude-opus-5
a7ec2ae6fdc7fbaa	-	ineligible	out-of-family:x-noop	-	-	-	agent-a228c0e38ed270538.jsonl	2026-09-03T23:53:22.999Z	claude-opus-5
da70b8bd40ac4ab2	-	ineligible	out-of-family:x-noop	-	-	-	agent-a228c0e38ed270538.jsonl	2026-09-03T23:57:45.388Z	claude-opus-5
bb7ce02d77f7dfdf	-	ineligible	out-of-family:x-noop	-	-	-	agent-a3dab2f6821a1a17e.jsonl	2026-09-03T05:17:27.235Z	claude-opus-5
def624165ff29969	-	ineligible	out-of-family:x-noop	-	-	-	agent-a3dab2f6821a1a17e.jsonl	2026-09-03T05:19:42.117Z	claude-opus-5
6da114b7812f79e1	-	ineligible	out-of-family:x-noop	-	-	-	agent-a3dab2f6821a1a17e.jsonl	2026-09-03T05:26:39.344Z	claude-opus-5
9e14a4a96194a54c	-	ineligible	out-of-family:x-noop	-	-	-	agent-a3dab2f6821a1a17e.jsonl	2026-09-03T05:27:01.665Z	claude-opus-5
a91a22736b0977db	-	ineligible	out-of-family:x-noop	-	-	-	agent-a3dab2f6821a1a17e.jsonl	2026-09-03T05:27:15.692Z	claude-opus-5
4b095c06c6bda638	-	ineligible	out-of-family:x-noop	-	-	-	agent-a3dab2f6821a1a17e.jsonl	2026-09-03T05:27:23.693Z	claude-opus-5
186170b510c67adf	-	ineligible	out-of-family:x-noop	-	-	-	agent-a3dab2f6821a1a17e.jsonl	2026-09-03T05:28:15.886Z	claude-opus-5
96c98493a5d5f386	-	ineligible	out-of-family:x-noop	-	-	-	agent-a3dab2f6821a1a17e.jsonl	2026-09-03T05:28:41.838Z	claude-opus-5
b98cb47f9f854140	-	ineligible	out-of-family:x-noop	-	-	-	agent-a3dab2f6821a1a17e.jsonl	2026-09-03T05:29:04.393Z	claude-opus-5
a5f2ceaf6e6df14c	-	ineligible	out-of-family:x-noop	-	-	-	agent-a3dab2f6821a1a17e.jsonl	2026-09-03T05:30:20.742Z	claude-opus-5
b7573e08b95ec1e4	-	ineligible	out-of-family:x-noop	-	-	-	agent-a3dab2f6821a1a17e.jsonl	2026-09-03T05:30:43.559Z	claude-opus-5
3a5861c5ad47eacd	-	ineligible	out-of-family:x-noop	-	-	-	agent-a3dab2f6821a1a17e.jsonl	2026-09-03T05:31:14.853Z	claude-opus-5
9d9deb32db1ac2c1	-	ineligible	out-of-family:x-noop	-	-	-	agent-a3dab2f6821a1a17e.jsonl	2026-09-03T05:33:16.760Z	claude-opus-5
4fe6531846f3919b	-	ineligible	out-of-family:x-noop	-	-	-	agent-a3dab2f6821a1a17e.jsonl	2026-09-03T05:33:38.187Z	claude-opus-5
5cb2a3068564c64a	-	ineligible	out-of-family:x-noop	-	-	-	agent-a3dab2f6821a1a17e.jsonl	2026-09-03T05:34:14.216Z	claude-opus-5
e8d75c2456792d2f	-	ineligible	out-of-family:x-noop	-	-	-	agent-a3dab2f6821a1a17e.jsonl	2026-09-03T05:35:02.100Z	claude-opus-5
3a5c82f9da3540cd	-	ineligible	out-of-family:x-noop	-	-	-	agent-a3dab2f6821a1a17e.jsonl	2026-09-03T05:35:13.794Z	claude-opus-5
5366731024e8a4dd	-	ineligible	out-of-family:x-noop	-	-	-	agent-a3dab2f6821a1a17e.jsonl	2026-09-03T05:35:36.525Z	claude-opus-5
b5ee178f08b098c2	-	ineligible	out-of-family:x-noop	-	-	-	agent-a3dab2f6821a1a17e.jsonl	2026-09-03T05:35:53.965Z	claude-opus-5
8ad6ba572e7cc43b	-	ineligible	out-of-family:x-noop	-	-	-	agent-a3dab2f6821a1a17e.jsonl	2026-09-03T05:36:08.022Z	claude-opus-5
cd26032520952c06	-	ineligible	out-of-family:x-noop	-	-	-	agent-a3dab2f6821a1a17e.jsonl	2026-09-03T05:36:47.904Z	claude-opus-5
0281b41c363a3d8b	-	ineligible	out-of-family:x-noop	-	-	-	agent-a3dab2f6821a1a17e.jsonl	2026-09-03T05:36:52.962Z	claude-opus-5
0b55066dded0021a	-	ineligible	out-of-family:x-noop	-	-	-	agent-a3dab2f6821a1a17e.jsonl	2026-09-03T05:37:14.790Z	claude-opus-5
f8749051da0bf434	-	ineligible	out-of-family:x-noop	-	-	-	agent-a3dab2f6821a1a17e.jsonl	2026-09-03T05:59:15.521Z	claude-opus-5
bdce082ee70170e7	-	ineligible	out-of-family:x-noop	-	-	-	agent-a3dab2f6821a1a17e.jsonl	2026-09-03T05:59:23.880Z	claude-opus-5
cde1b750f504236f	-	ineligible	out-of-family:x-noop	-	-	-	agent-a3dab2f6821a1a17e.jsonl	2026-09-03T05:59:38.333Z	claude-opus-5
5558242b35fc8eaf	-	ineligible	out-of-family:x-noop	-	-	-	agent-aceb7bd5c40ba476d.jsonl	2026-09-04T18:09:12.120Z	claude-opus-5
fcc4a3bda1d0707f	-	ineligible	out-of-family:x-noop	-	-	-	agent-aceb7bd5c40ba476d.jsonl	2026-09-04T18:14:26.043Z	claude-opus-5
b7e8e39bdaae501a	-	ineligible	out-of-family:x-noop	-	-	-	agent-a5bc0a68020b592b1.jsonl	2026-09-04T15:55:26.043Z	claude-opus-5
dd8a6b2fc3b2119f	-	ineligible	out-of-family:x-noop	-	-	-	agent-a5bc0a68020b592b1.jsonl	2026-09-04T15:55:55.417Z	claude-opus-5
5e6e25c8a4259607	-	ineligible	out-of-family:x-other	-	-	-	agent-a5bc0a68020b592b1.jsonl	2026-09-04T15:56:16.532Z	claude-opus-5
2e0f4fc910141213	-	ineligible	out-of-family:x-noop	-	-	-	agent-a5bc0a68020b592b1.jsonl	2026-09-04T15:56:52.976Z	claude-opus-5
f4ce497c563e8f33	-	ineligible	out-of-family:x-noop	-	-	-	agent-a5bc0a68020b592b1.jsonl	2026-09-04T15:58:12.872Z	claude-opus-5
a938234970ffc4eb	-	ineligible	out-of-family:x-noop	-	-	-	agent-a5bc0a68020b592b1.jsonl	2026-09-04T15:58:21.617Z	claude-opus-5
0b7f0caf69ffe3ee	-	ineligible	out-of-family:x-noop	-	-	-	agent-a5bc0a68020b592b1.jsonl	2026-09-04T15:58:35.314Z	claude-opus-5
dbd9f9de1f2e09c0	-	ineligible	out-of-family:x-noop	-	-	-	agent-a5bc0a68020b592b1.jsonl	2026-09-04T15:58:47.238Z	claude-opus-5
3824878110c3f569	-	ineligible	out-of-family:x-noop	-	-	-	agent-a5bc0a68020b592b1.jsonl	2026-09-04T15:59:17.029Z	claude-opus-5
695e0dd6ed1a2ec4	-	ineligible	out-of-family:x-noop	-	-	-	agent-a5bc0a68020b592b1.jsonl	2026-09-04T16:00:15.022Z	claude-opus-5
b9a4a5dec60f4937	-	ineligible	out-of-family:x-noop	-	-	-	agent-a5bc0a68020b592b1.jsonl	2026-09-04T16:02:42.278Z	claude-opus-5
7224c09dc37a5d92	-	ineligible	out-of-family:x-noop	-	-	-	agent-a5bc0a68020b592b1.jsonl	2026-09-04T16:10:57.695Z	claude-opus-5
95485ac3084f8987	-	ineligible	out-of-family:x-noop	-	-	-	agent-a5bc0a68020b592b1.jsonl	2026-09-04T16:11:22.071Z	claude-opus-5
e96f96124fb6ce7b	-	ineligible	out-of-family:x-noop	-	-	-	agent-a5bc0a68020b592b1.jsonl	2026-09-04T16:12:25.081Z	claude-opus-5
7716974bc8cc1ea8	-	ineligible	out-of-family:x-noop	-	-	-	agent-a5bc0a68020b592b1.jsonl	2026-09-04T16:12:51.187Z	claude-opus-5
fcd4ce82c055f674	-	ineligible	out-of-family:x-noop	-	-	-	agent-a5bc0a68020b592b1.jsonl	2026-09-04T16:13:07.066Z	claude-opus-5
c93c4ce9c4bb6858	-	ineligible	out-of-family:x-noop	-	-	-	agent-a5bc0a68020b592b1.jsonl	2026-09-04T16:19:59.164Z	claude-opus-5
6684068000d8addb	-	ineligible	out-of-family:x-noop	-	-	-	agent-a5bc0a68020b592b1.jsonl	2026-09-04T16:20:12.560Z	claude-opus-5
8016b6b92783e263	-	ineligible	out-of-family:x-noop	-	-	-	agent-a5bc0a68020b592b1.jsonl	2026-09-04T16:21:27.969Z	claude-opus-5
1e8c5251f0b0d802	-	ineligible	out-of-family:x-noop	-	-	-	agent-a5bc0a68020b592b1.jsonl	2026-09-04T16:22:05.966Z	claude-opus-5
5e06d26faef00c4f	-	ineligible	out-of-family:x-noop	-	-	-	agent-a5bc0a68020b592b1.jsonl	2026-09-04T16:27:14.406Z	claude-opus-5
3ad2838e33556c1c	-	ineligible	out-of-family:x-noop	-	-	-	agent-a5bc0a68020b592b1.jsonl	2026-09-04T16:42:07.802Z	claude-opus-5
4540928587f120f0	-	ineligible	out-of-family:x-noop	-	-	-	agent-a5bc0a68020b592b1.jsonl	2026-09-04T16:42:30.087Z	claude-opus-5
a419b9094f236e67	-	ineligible	out-of-family:x-noop	-	-	-	agent-a5bc0a68020b592b1.jsonl	2026-09-04T16:42:40.691Z	claude-opus-5
b6eb79b5ff4cdbf5	-	ineligible	out-of-family:x-noop	-	-	-	agent-a9c75ac8d109ba3b4.jsonl	2026-09-03T08:32:25.273Z	claude-opus-5
a7a6779d4dff906b	-	ineligible	out-of-family:x-noop	-	-	-	agent-a9c75ac8d109ba3b4.jsonl	2026-09-03T08:32:58.810Z	claude-opus-5
526e7c257f8332ac	-	ineligible	out-of-family:x-noop	-	-	-	agent-a9c75ac8d109ba3b4.jsonl	2026-09-03T08:33:38.828Z	claude-opus-5
78d29f408bfbc257	-	ineligible	out-of-family:x-noop	-	-	-	agent-a9c75ac8d109ba3b4.jsonl	2026-09-03T08:34:24.521Z	claude-opus-5
d37be71742633732	-	ineligible	out-of-family:x-noop	-	-	-	agent-a9c75ac8d109ba3b4.jsonl	2026-09-03T08:35:02.967Z	claude-opus-5
c9e83f4d134873ed	-	ineligible	out-of-family:x-noop	-	-	-	agent-a9c75ac8d109ba3b4.jsonl	2026-09-03T08:51:56.175Z	claude-opus-5
83ed8b826d7e189a	-	ineligible	out-of-family:x-noop	-	-	-	agent-a075ec30d4013be2f.jsonl	2026-09-04T08:55:34.476Z	claude-opus-5
b2f6f9c236a930e1	-	ineligible	out-of-family:x-other	-	-	-	agent-a075ec30d4013be2f.jsonl	2026-09-04T08:55:45.474Z	claude-opus-5
1e610a74e6e148cf	-	ineligible	out-of-family:x-noop	-	-	-	agent-a075ec30d4013be2f.jsonl	2026-09-04T08:57:31.146Z	claude-opus-5
b8cd0d032697ff1b	-	ineligible	out-of-family:x-other	-	-	-	agent-a075ec30d4013be2f.jsonl	2026-09-04T08:57:35.331Z	claude-opus-5
7ab4c8af1b8539ca	-	ineligible	out-of-family:x-noop	-	-	-	agent-aaa5c4c122d1f1fd6.jsonl	2026-09-03T12:10:29.577Z	claude-opus-5
e701ea8090500395	-	ineligible	out-of-family:x-other	-	-	-	agent-aaa5c4c122d1f1fd6.jsonl	2026-09-03T12:10:33.041Z	claude-opus-5
f60ea4bdfd673924	-	ineligible	out-of-family:x-other	-	-	-	agent-aaa5c4c122d1f1fd6.jsonl	2026-09-03T12:10:35.909Z	claude-opus-5
c62f1928cc6f7e73	-	ineligible	out-of-family:x-noop	-	-	-	agent-aaa5c4c122d1f1fd6.jsonl	2026-09-03T12:11:27.246Z	claude-opus-5
0a0245bbe8a51253	-	ineligible	out-of-family:x-noop	-	-	-	agent-aaa5c4c122d1f1fd6.jsonl	2026-09-03T12:12:34.882Z	claude-opus-5
f034769b33a8481e	-	ineligible	out-of-family:x-noop	-	-	-	agent-aaa5c4c122d1f1fd6.jsonl	2026-09-03T12:12:52.271Z	claude-opus-5
0257869e2b4f393e	-	ineligible	out-of-family:x-noop	-	-	-	agent-aaa5c4c122d1f1fd6.jsonl	2026-09-03T12:13:08.258Z	claude-opus-5
15b10fc0116cab4d	-	ineligible	out-of-family:x-noop	-	-	-	agent-aaa5c4c122d1f1fd6.jsonl	2026-09-03T12:13:20.815Z	claude-opus-5
4cc0043a7b1a2576	-	ineligible	out-of-family:x-other	-	-	-	agent-aaa5c4c122d1f1fd6.jsonl	2026-09-03T12:13:26.794Z	claude-opus-5
6fe6857491623b39	-	ineligible	out-of-family:x-noop	-	-	-	agent-aaa5c4c122d1f1fd6.jsonl	2026-09-03T12:15:52.799Z	claude-opus-5
43d7ee0967a7af6d	-	ineligible	out-of-family:x-noop	-	-	-	agent-aaa5c4c122d1f1fd6.jsonl	2026-09-03T12:16:45.708Z	claude-opus-5
38dfa4db4928d73e	-	ineligible	out-of-family:x-noop	-	-	-	agent-aaa5c4c122d1f1fd6.jsonl	2026-09-03T12:17:00.171Z	claude-opus-5
bc20a7a113f6c2ff	-	ineligible	out-of-family:x-noop	-	-	-	agent-aaa5c4c122d1f1fd6.jsonl	2026-09-03T12:17:32.719Z	claude-opus-5
968a2db8fcef2640	-	ineligible	out-of-family:x-noop	-	-	-	agent-aaa5c4c122d1f1fd6.jsonl	2026-09-03T12:18:34.999Z	claude-opus-5
fb4cfad4d96e7dba	-	ineligible	out-of-family:x-noop	-	-	-	agent-aaa5c4c122d1f1fd6.jsonl	2026-09-03T12:18:54.741Z	claude-opus-5
cd5315189e8ef303	-	ineligible	out-of-family:x-noop	-	-	-	agent-aaa5c4c122d1f1fd6.jsonl	2026-09-03T12:19:29.393Z	claude-opus-5
7699732a76c9e482	-	ineligible	out-of-family:x-noop	-	-	-	agent-aaa5c4c122d1f1fd6.jsonl	2026-09-03T12:20:11.489Z	claude-opus-5
c1fda5adb1547106	-	ineligible	out-of-family:x-noop	-	-	-	agent-aaa5c4c122d1f1fd6.jsonl	2026-09-03T12:20:52.643Z	claude-opus-5
05151200dae4ef34	-	ineligible	out-of-family:x-noop	-	-	-	agent-aaa5c4c122d1f1fd6.jsonl	2026-09-03T12:21:05.099Z	claude-opus-5
b419a1d1f0e355bd	-	ineligible	out-of-family:x-noop	-	-	-	agent-aaa5c4c122d1f1fd6.jsonl	2026-09-03T12:21:30.615Z	claude-opus-5
464ad3f23e9f1020	-	ineligible	out-of-family:x-noop	-	-	-	agent-aaa5c4c122d1f1fd6.jsonl	2026-09-03T12:22:37.367Z	claude-opus-5
4b40550aee18c5cf	-	ineligible	out-of-family:x-noop	-	-	-	agent-aaa5c4c122d1f1fd6.jsonl	2026-09-03T12:36:12.391Z	claude-opus-5
8bdc8f3b10464405	-	ineligible	out-of-family:x-noop	-	-	-	agent-aaa5c4c122d1f1fd6.jsonl	2026-09-03T12:36:43.584Z	claude-opus-5
1369ea853d88dd78	-	ineligible	out-of-family:x-noop	-	-	-	agent-ae21b46ca8c8d79a6.jsonl	2026-09-04T00:48:01.897Z	claude-opus-5
7649f6b587984354	-	ineligible	out-of-family:x-other	-	-	-	agent-ae21b46ca8c8d79a6.jsonl	2026-09-04T00:48:14.236Z	claude-opus-5
e903347115db3ed0	-	ineligible	out-of-family:x-noop	-	-	-	agent-ae21b46ca8c8d79a6.jsonl	2026-09-04T00:48:36.900Z	claude-opus-5
c70daa0d23a6ec32	-	ineligible	out-of-family:x-noop	-	-	-	agent-ae21b46ca8c8d79a6.jsonl	2026-09-04T00:49:04.366Z	claude-opus-5
63f5436db2937092	-	ineligible	out-of-family:x-noop	-	-	-	agent-ae21b46ca8c8d79a6.jsonl	2026-09-04T00:49:21.729Z	claude-opus-5
c060faae90fc3344	-	ineligible	out-of-family:x-noop	-	-	-	agent-ae21b46ca8c8d79a6.jsonl	2026-09-04T00:52:02.458Z	claude-opus-5
ad0e9f6fdad1f207	-	ineligible	out-of-family:x-noop	-	-	-	agent-ae21b46ca8c8d79a6.jsonl	2026-09-04T00:53:37.822Z	claude-opus-5
d9029622c1ee3f90	-	ineligible	out-of-family:x-noop	-	-	-	agent-ae21b46ca8c8d79a6.jsonl	2026-09-04T00:54:15.705Z	claude-opus-5
5822c66f61068b22	T	ineligible	pre-edit-bytes-not-recoverable	/home/forge/src/clj-surgeon	-	-	agent-ae21b46ca8c8d79a6.jsonl	2026-09-04T00:54:26.586Z	claude-opus-5
5effb06afd08240a	-	ineligible	out-of-family:x-noop	-	-	-	agent-ae21b46ca8c8d79a6.jsonl	2026-09-04T00:55:31.380Z	claude-opus-5
505919c0f8b72314	-	ineligible	out-of-family:x-noop	-	-	-	agent-ae21b46ca8c8d79a6.jsonl	2026-09-04T00:55:50.361Z	claude-opus-5
7f077fc8f0af8e36	-	ineligible	out-of-family:x-noop	-	-	-	agent-ae21b46ca8c8d79a6.jsonl	2026-09-04T00:56:08.813Z	claude-opus-5
44d483c2ff57dc66	-	ineligible	out-of-family:x-noop	-	-	-	agent-ae21b46ca8c8d79a6.jsonl	2026-09-04T00:56:25.072Z	claude-opus-5
8f08b50e00b71061	-	ineligible	out-of-family:x-noop	-	-	-	agent-ae21b46ca8c8d79a6.jsonl	2026-09-04T00:57:06.483Z	claude-opus-5
5704a6ba5c4389b6	-	ineligible	out-of-family:x-noop	-	-	-	agent-ae21b46ca8c8d79a6.jsonl	2026-09-04T00:57:46.414Z	claude-opus-5
9b865f16c814a99d	-	ineligible	out-of-family:x-noop	-	-	-	agent-ae21b46ca8c8d79a6.jsonl	2026-09-04T00:58:38.174Z	claude-opus-5
6e64f1b699499a53	-	ineligible	out-of-family:x-noop	-	-	-	agent-ae21b46ca8c8d79a6.jsonl	2026-09-04T00:59:58.467Z	claude-opus-5
74ed7fadae11b789	-	ineligible	out-of-family:x-noop	-	-	-	agent-ae21b46ca8c8d79a6.jsonl	2026-09-04T01:00:47.991Z	claude-opus-5
1bdf005f28bfdb82	-	ineligible	out-of-family:x-noop	-	-	-	agent-ae21b46ca8c8d79a6.jsonl	2026-09-04T01:01:08.561Z	claude-opus-5
3e1d6389361b910b	-	ineligible	out-of-family:x-noop	-	-	-	agent-ae21b46ca8c8d79a6.jsonl	2026-09-04T01:01:36.457Z	claude-opus-5
e0b992177297b066	-	ineligible	out-of-family:x-noop	-	-	-	agent-ae21b46ca8c8d79a6.jsonl	2026-09-04T01:02:07.449Z	claude-opus-5
ae3ecc3e9322b990	-	ineligible	out-of-family:x-noop	-	-	-	agent-ae21b46ca8c8d79a6.jsonl	2026-09-04T01:02:50.038Z	claude-opus-5
ed6f4955c5eb9658	-	ineligible	out-of-family:x-noop	-	-	-	agent-ae21b46ca8c8d79a6.jsonl	2026-09-04T01:03:20.852Z	claude-opus-5
4e13a600967d7dcb	-	ineligible	out-of-family:x-noop	-	-	-	agent-ae21b46ca8c8d79a6.jsonl	2026-09-04T01:03:55.765Z	claude-opus-5
720c0fb8a6979208	-	ineligible	out-of-family:x-noop	-	-	-	agent-ae21b46ca8c8d79a6.jsonl	2026-09-04T01:05:11.100Z	claude-opus-5
92c6d57f1ad4404b	-	ineligible	out-of-family:x-noop	-	-	-	agent-ae21b46ca8c8d79a6.jsonl	2026-09-04T01:06:07.627Z	claude-opus-5
578afccd0b2889fd	-	ineligible	out-of-family:x-noop	-	-	-	agent-ae21b46ca8c8d79a6.jsonl	2026-09-04T01:07:32.140Z	claude-opus-5
9ee02bdde9f9a541	-	ineligible	out-of-family:x-noop	-	-	-	agent-ae21b46ca8c8d79a6.jsonl	2026-09-04T01:08:36.027Z	claude-opus-5
e21292131214b3d9	-	ineligible	out-of-family:x-noop	-	-	-	agent-ae21b46ca8c8d79a6.jsonl	2026-09-04T01:08:51.450Z	claude-opus-5
7e18586964c1515f	-	ineligible	out-of-family:x-noop	-	-	-	agent-ae21b46ca8c8d79a6.jsonl	2026-09-04T01:09:49.729Z	claude-opus-5
47af272ce2926510	-	ineligible	out-of-family:x-noop	-	-	-	agent-ae21b46ca8c8d79a6.jsonl	2026-09-04T01:10:24.213Z	claude-opus-5
4d5d6d339c7ce01d	-	ineligible	out-of-family:x-noop	-	-	-	agent-ae21b46ca8c8d79a6.jsonl	2026-09-04T01:10:43.831Z	claude-opus-5
91c4c2f565ff0d59	-	ineligible	out-of-family:x-noop	-	-	-	agent-ae21b46ca8c8d79a6.jsonl	2026-09-04T01:11:18.002Z	claude-opus-5
4d50f41914a2c514	-	ineligible	out-of-family:x-noop	-	-	-	agent-ae21b46ca8c8d79a6.jsonl	2026-09-04T01:11:45.774Z	claude-opus-5
2e7c523ce6b5b0bd	-	ineligible	out-of-family:x-noop	-	-	-	agent-ae21b46ca8c8d79a6.jsonl	2026-09-04T01:12:22.499Z	claude-opus-5
f68d20dc0fa51686	-	ineligible	out-of-family:x-noop	-	-	-	agent-ae21b46ca8c8d79a6.jsonl	2026-09-04T01:16:15.368Z	claude-opus-5
06f3348018736b3d	-	ineligible	out-of-family:x-noop	-	-	-	agent-ae21b46ca8c8d79a6.jsonl	2026-09-04T01:16:46.505Z	claude-opus-5
9108af9ea4609f3d	-	ineligible	out-of-family:x-noop	-	-	-	agent-ae21b46ca8c8d79a6.jsonl	2026-09-04T01:18:34.269Z	claude-opus-5
7e25278844a8b61b	-	ineligible	out-of-family:x-noop	-	-	-	agent-ae21b46ca8c8d79a6.jsonl	2026-09-04T01:20:50.241Z	claude-opus-5
43b61215972632f4	-	ineligible	out-of-family:x-noop	-	-	-	agent-ae21b46ca8c8d79a6.jsonl	2026-09-04T01:22:05.534Z	claude-opus-5
63c974dfb498684b	-	ineligible	out-of-family:x-noop	-	-	-	agent-ae21b46ca8c8d79a6.jsonl	2026-09-04T01:22:55.482Z	claude-opus-5
2cbf57c4de6422a0	-	ineligible	out-of-family:x-noop	-	-	-	agent-ae21b46ca8c8d79a6.jsonl	2026-09-04T01:23:25.252Z	claude-opus-5
dbdd6751ef0581c2	-	ineligible	out-of-family:x-noop	-	-	-	agent-ae21b46ca8c8d79a6.jsonl	2026-09-04T01:23:51.904Z	claude-opus-5
bef03377c7fb48a5	-	ineligible	out-of-family:x-noop	-	-	-	agent-ae21b46ca8c8d79a6.jsonl	2026-09-04T01:24:21.822Z	claude-opus-5
a848586efdfb3e94	-	ineligible	out-of-family:x-noop	-	-	-	agent-ae21b46ca8c8d79a6.jsonl	2026-09-04T01:24:53.463Z	claude-opus-5
ccad70f831541e3c	-	ineligible	out-of-family:x-noop	-	-	-	agent-ae21b46ca8c8d79a6.jsonl	2026-09-04T01:25:42.854Z	claude-opus-5
0a2c12fde8368d13	-	ineligible	out-of-family:x-noop	-	-	-	agent-ae21b46ca8c8d79a6.jsonl	2026-09-04T01:26:23.569Z	claude-opus-5
5025200f8728dd3c	-	ineligible	out-of-family:x-noop	-	-	-	agent-ae21b46ca8c8d79a6.jsonl	2026-09-04T01:26:41.781Z	claude-opus-5
39bbd1ea8dfbf042	-	ineligible	out-of-family:x-noop	-	-	-	agent-af6ac2fd6000b74f0.jsonl	2026-09-04T07:33:53.711Z	claude-opus-5
2fc20aa231ef9324	-	ineligible	out-of-family:x-noop	-	-	-	agent-af6ac2fd6000b74f0.jsonl	2026-09-04T07:36:15.406Z	claude-opus-5
aed8bc553adf06c9	-	ineligible	out-of-family:x-noop	-	-	-	agent-af6ac2fd6000b74f0.jsonl	2026-09-04T07:36:41.759Z	claude-opus-5
6839b492e88ea845	-	ineligible	out-of-family:x-noop	-	-	-	agent-af6ac2fd6000b74f0.jsonl	2026-09-04T07:38:39.485Z	claude-opus-5
04a7902127498abf	-	ineligible	out-of-family:x-noop	-	-	-	agent-adf77fa95418ecc5f.jsonl	2026-09-03T20:05:07.814Z	claude-sonnet-5
9c984206b4d16688	-	ineligible	out-of-family:x-other	-	-	-	agent-a6ee5034a822358da.jsonl	2026-09-08T07:35:44.726Z	claude-opus-5
ae5bcb2bde7ee2a5	-	ineligible	out-of-family:x-other	-	-	-	agent-a6ee5034a822358da.jsonl	2026-09-08T07:35:51.246Z	claude-opus-5
bda6e6eff442a63f	-	ineligible	out-of-family:x-other	-	-	-	agent-a6ee5034a822358da.jsonl	2026-09-08T07:36:09.585Z	claude-opus-5
b0abf6a3eae0aff6	-	ineligible	out-of-family:x-other	-	-	-	agent-a6ee5034a822358da.jsonl	2026-09-08T07:36:15.752Z	claude-opus-5
a7f5a9bd16124aaf	-	ineligible	out-of-family:x-noop	-	-	-	agent-a63f0652f7c225923.jsonl	2026-09-04T15:18:32.995Z	claude-opus-5
482ca135b9e9a8b6	-	ineligible	out-of-family:x-noop	-	-	-	agent-a63f0652f7c225923.jsonl	2026-09-04T15:26:35.354Z	claude-opus-5
6f8af7f28c5ea7bb	-	ineligible	out-of-family:x-noop	-	-	-	agent-a63f0652f7c225923.jsonl	2026-09-04T15:27:26.875Z	claude-opus-5
63bc3046e70eeb3c	-	ineligible	out-of-family:x-noop	-	-	-	agent-a63f0652f7c225923.jsonl	2026-09-04T15:29:11.981Z	claude-opus-5
1bfcaa3c237550ee	-	ineligible	out-of-family:x-noop	-	-	-	agent-a63f0652f7c225923.jsonl	2026-09-04T15:31:19.217Z	claude-opus-5
1106a43f0558134b	-	ineligible	out-of-family:x-noop	-	-	-	agent-a63f0652f7c225923.jsonl	2026-09-04T15:35:34.565Z	claude-opus-5
e600365b5131fd74	-	ineligible	out-of-family:x-noop	-	-	-	agent-a63f0652f7c225923.jsonl	2026-09-04T15:36:18.666Z	claude-opus-5
92bc9e5c6ee309ac	-	ineligible	out-of-family:x-noop	-	-	-	agent-a63f0652f7c225923.jsonl	2026-09-04T15:38:01.944Z	claude-opus-5
b0bee24422f5b1b1	-	ineligible	out-of-family:x-other	-	-	-	agent-a63f0652f7c225923.jsonl	2026-09-04T15:48:10.033Z	claude-opus-5
7f5053e9a6b2fbe5	-	ineligible	out-of-family:x-noop	-	-	-	agent-a63f0652f7c225923.jsonl	2026-09-04T15:49:12.324Z	claude-opus-5
e76c453777c17984	-	ineligible	out-of-family:x-noop	-	-	-	agent-a63f0652f7c225923.jsonl	2026-09-04T15:49:35.001Z	claude-opus-5
5f4e63bdc754c6da	-	ineligible	out-of-family:x-noop	-	-	-	agent-a63f0652f7c225923.jsonl	2026-09-04T15:50:26.444Z	claude-opus-5
206211e14648439b	-	ineligible	out-of-family:x-noop	-	-	-	agent-a63f0652f7c225923.jsonl	2026-09-04T15:55:13.690Z	claude-opus-5
e3b2c0a30c7314be	-	ineligible	out-of-family:x-noop	-	-	-	agent-a63f0652f7c225923.jsonl	2026-09-04T15:55:25.913Z	claude-opus-5
7a1506eb4b0d874e	-	ineligible	out-of-family:x-other	-	-	-	agent-a63f0652f7c225923.jsonl	2026-09-04T15:55:32.367Z	claude-opus-5
30e8314145217a67	-	ineligible	out-of-family:x-noop	-	-	-	agent-a63f0652f7c225923.jsonl	2026-09-04T15:55:38.190Z	claude-opus-5
c5c32c85138c7c2f	-	ineligible	out-of-family:x-noop	-	-	-	agent-a63f0652f7c225923.jsonl	2026-09-04T15:56:47.811Z	claude-opus-5
ea17468a73b0f95d	-	ineligible	out-of-family:x-noop	-	-	-	agent-a63f0652f7c225923.jsonl	2026-09-04T15:57:07.052Z	claude-opus-5
1020342d2756156e	-	ineligible	out-of-family:x-noop	-	-	-	agent-a63f0652f7c225923.jsonl	2026-09-04T15:58:10.518Z	claude-opus-5
dbcd85e90408944f	-	ineligible	out-of-family:x-noop	-	-	-	agent-a63f0652f7c225923.jsonl	2026-09-04T15:59:17.119Z	claude-opus-5
885dcf71e84bd11e	-	ineligible	out-of-family:x-noop	-	-	-	agent-a63f0652f7c225923.jsonl	2026-09-04T16:00:11.301Z	claude-opus-5
2040358d089658e8	-	ineligible	out-of-family:x-noop	-	-	-	agent-a63f0652f7c225923.jsonl	2026-09-04T16:04:37.084Z	claude-opus-5
d6d38de19d68814d	-	ineligible	out-of-family:x-noop	-	-	-	agent-a63f0652f7c225923.jsonl	2026-09-04T16:06:04.537Z	claude-opus-5
0efd2b7e591139cb	-	ineligible	out-of-family:x-noop	-	-	-	agent-a63f0652f7c225923.jsonl	2026-09-04T16:06:22.988Z	claude-opus-5
9679360865005f3d	-	ineligible	out-of-family:x-noop	-	-	-	agent-a63f0652f7c225923.jsonl	2026-09-04T16:07:24.947Z	claude-opus-5
982582223e4dc360	-	ineligible	out-of-family:x-noop	-	-	-	agent-a63f0652f7c225923.jsonl	2026-09-04T16:12:09.993Z	claude-opus-5
4547887fb164bf8a	-	ineligible	out-of-family:x-noop	-	-	-	agent-a299d53d69ec271fb.jsonl	2026-09-04T18:27:14.424Z	claude-opus-5
1fe21fae45114e5b	-	ineligible	out-of-family:x-noop	-	-	-	agent-a299d53d69ec271fb.jsonl	2026-09-04T18:28:41.157Z	claude-opus-5
4959a343a44f4af4	-	ineligible	out-of-family:x-other	-	-	-	agent-a299d53d69ec271fb.jsonl	2026-09-04T18:29:12.510Z	claude-opus-5
e98c74d49c17760b	-	ineligible	out-of-family:x-noop	-	-	-	agent-a299d53d69ec271fb.jsonl	2026-09-04T18:29:29.718Z	claude-opus-5
342cc61563dade76	-	ineligible	out-of-family:x-noop	-	-	-	agent-a299d53d69ec271fb.jsonl	2026-09-04T18:29:42.741Z	claude-opus-5
ebf358e4c92acba1	-	ineligible	out-of-family:x-noop	-	-	-	agent-a299d53d69ec271fb.jsonl	2026-09-04T18:30:45.469Z	claude-opus-5
22d837d729683da6	-	ineligible	out-of-family:x-other	-	-	-	agent-a299d53d69ec271fb.jsonl	2026-09-04T18:32:36.637Z	claude-opus-5
19d7a3962187e549	T	ineligible	pre-edit-bytes-not-recoverable	/home/forge/src/clj-surgeon	-	-	agent-a299d53d69ec271fb.jsonl	2026-09-04T18:32:49.941Z	claude-opus-5
f1f857711a4773c5	-	ineligible	out-of-family:x-other	-	-	-	agent-a299d53d69ec271fb.jsonl	2026-09-04T18:33:48.766Z	claude-opus-5
800d2b1245d1545a	-	ineligible	out-of-family:x-noop	-	-	-	agent-a299d53d69ec271fb.jsonl	2026-09-04T18:34:02.403Z	claude-opus-5
53d599f61c09bac0	-	ineligible	out-of-family:x-noop	-	-	-	agent-a299d53d69ec271fb.jsonl	2026-09-04T18:35:53.660Z	claude-opus-5
ad5af026b113afcf	-	ineligible	out-of-family:x-noop	-	-	-	agent-a299d53d69ec271fb.jsonl	2026-09-04T18:36:55.624Z	claude-opus-5
c210841e040ea1b5	-	ineligible	out-of-family:x-noop	-	-	-	agent-a299d53d69ec271fb.jsonl	2026-09-04T18:37:12.496Z	claude-opus-5
ec7ceef1b3cac8db	-	ineligible	out-of-family:x-noop	-	-	-	agent-a299d53d69ec271fb.jsonl	2026-09-04T18:37:26.945Z	claude-opus-5
1f84038cb7b9b091	T	eligible	ok	/home/forge/src/clj-surgeon	test/clj_surgeon/lane_manifest_test.clj	13c30f9decb50362d5e7816ed777dfc5b27bfb62	agent-a299d53d69ec271fb.jsonl	2026-09-04T18:38:15.717Z	claude-opus-5
2f4685f8b95e90e3	T	ineligible	dup-episode-in-session	/home/forge/src/clj-surgeon	test/clj_surgeon/lane_manifest_test.clj	13c30f9decb50362d5e7816ed777dfc5b27bfb62	agent-a299d53d69ec271fb.jsonl	2026-09-04T18:39:16.412Z	claude-opus-5
fdedf8582b00b9c0	-	ineligible	out-of-family:x-noop	-	-	-	agent-a299d53d69ec271fb.jsonl	2026-09-04T18:42:00.527Z	claude-opus-5
d19b570529496c13	-	ineligible	out-of-family:x-noop	-	-	-	agent-a299d53d69ec271fb.jsonl	2026-09-04T18:42:58.978Z	claude-opus-5
7160574198b61bbb	-	ineligible	out-of-family:x-noop	-	-	-	agent-a299d53d69ec271fb.jsonl	2026-09-04T18:46:39.715Z	claude-opus-5
1a79cac2ee942070	-	ineligible	out-of-family:x-noop	-	-	-	agent-a299d53d69ec271fb.jsonl	2026-09-04T18:47:02.405Z	claude-opus-5
6e905c101f002248	-	ineligible	out-of-family:x-noop	-	-	-	agent-a299d53d69ec271fb.jsonl	2026-09-04T18:47:28.285Z	claude-opus-5
e182ed9efdf68ede	-	ineligible	out-of-family:x-noop	-	-	-	agent-a299d53d69ec271fb.jsonl	2026-09-04T18:50:35.663Z	claude-opus-5
2d6d15a1f28036e6	-	ineligible	out-of-family:x-noop	-	-	-	agent-a299d53d69ec271fb.jsonl	2026-09-04T18:50:56.630Z	claude-opus-5
dd79043b3d8a7e87	-	ineligible	out-of-family:x-noop	-	-	-	agent-a299d53d69ec271fb.jsonl	2026-09-04T18:53:40.584Z	claude-opus-5
5348752ca415f33b	-	ineligible	out-of-family:x-noop	-	-	-	agent-a299d53d69ec271fb.jsonl	2026-09-04T18:56:58.222Z	claude-opus-5
e7282786a97dcde5	-	ineligible	out-of-family:x-noop	-	-	-	agent-a299d53d69ec271fb.jsonl	2026-09-04T19:03:54.507Z	claude-opus-5
5c6dce84fb9313a8	-	ineligible	out-of-family:x-other	-	-	-	agent-a299d53d69ec271fb.jsonl	2026-09-04T19:06:18.270Z	claude-opus-5
0e9df82662b21ce6	-	ineligible	out-of-family:x-noop	-	-	-	agent-a299d53d69ec271fb.jsonl	2026-09-04T19:07:29.618Z	claude-opus-5
042c4d543d1c3d30	-	ineligible	out-of-family:x-noop	-	-	-	agent-a299d53d69ec271fb.jsonl	2026-09-04T19:11:06.950Z	claude-opus-5
0ee0ddcfc28b66e8	-	ineligible	out-of-family:x-other	-	-	-	agent-a299d53d69ec271fb.jsonl	2026-09-04T19:12:32.816Z	claude-opus-5
0a505c9b9d6c9a19	-	ineligible	out-of-family:x-noop	-	-	-	agent-a299d53d69ec271fb.jsonl	2026-09-04T19:31:30.252Z	claude-opus-5
8dd3edd08784aa05	-	ineligible	out-of-family:x-noop	-	-	-	agent-a299d53d69ec271fb.jsonl	2026-09-04T19:32:30.552Z	claude-opus-5
17de1bbe48f10e2e	-	ineligible	out-of-family:x-other	-	-	-	agent-a7075bc33e2a88cc1.jsonl	2026-09-08T07:54:16.254Z	claude-opus-5
357c5601b33cecf6	-	ineligible	out-of-family:x-noop	-	-	-	agent-a1d63d733f911cbef.jsonl	2026-09-04T00:50:58.705Z	claude-opus-5
c389a61c88786924	-	ineligible	out-of-family:x-noop	-	-	-	agent-a75cf1bc8c5d40c84.jsonl	2026-09-08T08:12:05.892Z	claude-opus-5
2d0f011747bafe93	-	ineligible	out-of-family:x-noop	-	-	-	agent-a75cf1bc8c5d40c84.jsonl	2026-09-08T08:12:18.399Z	claude-opus-5
1a2a85538189dcc2	-	ineligible	out-of-family:x-noop	-	-	-	agent-a75cf1bc8c5d40c84.jsonl	2026-09-08T08:27:26.038Z	claude-opus-5
ba76046a472b0664	-	ineligible	out-of-family:x-noop	-	-	-	agent-af48925f2caace1e2.jsonl	2026-09-04T01:28:59.353Z	claude-opus-5
7cfc596596f9a36a	-	ineligible	out-of-family:x-noop	-	-	-	agent-af48925f2caace1e2.jsonl	2026-09-04T01:30:18.799Z	claude-opus-5
2baed255e14d63b6	-	ineligible	out-of-family:x-noop	-	-	-	agent-af48925f2caace1e2.jsonl	2026-09-04T01:30:36.743Z	claude-opus-5
f49c69af6d33fc6d	-	ineligible	out-of-family:x-noop	-	-	-	agent-af48925f2caace1e2.jsonl	2026-09-04T01:30:45.374Z	claude-opus-5
c15a4a6b80fc393c	-	ineligible	out-of-family:x-noop	-	-	-	agent-af48925f2caace1e2.jsonl	2026-09-04T01:33:08.482Z	claude-opus-5
757f1065134700c6	-	ineligible	out-of-family:x-noop	-	-	-	agent-af48925f2caace1e2.jsonl	2026-09-04T01:33:41.873Z	claude-opus-5
bdfcb00de2f19341	-	ineligible	out-of-family:x-noop	-	-	-	agent-af48925f2caace1e2.jsonl	2026-09-04T01:33:53.997Z	claude-opus-5
d2978b9329e72df5	-	ineligible	out-of-family:x-noop	-	-	-	agent-af48925f2caace1e2.jsonl	2026-09-04T01:38:15.441Z	claude-opus-5
773d7cba445568e9	-	ineligible	out-of-family:x-noop	-	-	-	agent-af48925f2caace1e2.jsonl	2026-09-04T01:42:52.561Z	claude-opus-5
a94a233e50aa280c	-	ineligible	out-of-family:x-noop	-	-	-	agent-af48925f2caace1e2.jsonl	2026-09-04T01:43:06.842Z	claude-opus-5
0d13e5110c0897cd	-	ineligible	out-of-family:x-noop	-	-	-	agent-af48925f2caace1e2.jsonl	2026-09-04T01:43:29.630Z	claude-opus-5
abd1d6b59e16d729	-	ineligible	out-of-family:x-noop	-	-	-	agent-af48925f2caace1e2.jsonl	2026-09-04T01:44:07.614Z	claude-opus-5
987e394aca7ac2f0	-	ineligible	out-of-family:x-noop	-	-	-	agent-af48925f2caace1e2.jsonl	2026-09-04T01:44:30.417Z	claude-opus-5
c742dbf80378b8db	-	ineligible	out-of-family:x-noop	-	-	-	agent-af48925f2caace1e2.jsonl	2026-09-04T01:44:34.882Z	claude-opus-5
6280ea98f9e9505d	-	ineligible	out-of-family:x-noop	-	-	-	agent-af48925f2caace1e2.jsonl	2026-09-04T01:47:56.792Z	claude-opus-5
f64b041eda0fc776	-	ineligible	out-of-family:x-other	-	-	-	agent-af48925f2caace1e2.jsonl	2026-09-04T01:48:02.693Z	claude-opus-5
72500902d12d0d11	-	ineligible	out-of-family:x-noop	-	-	-	agent-af48925f2caace1e2.jsonl	2026-09-04T01:50:10.423Z	claude-opus-5
3f22dc76b6092a57	-	ineligible	out-of-family:x-noop	-	-	-	agent-af48925f2caace1e2.jsonl	2026-09-04T01:50:23.904Z	claude-opus-5
b1798d965fe5f557	-	ineligible	out-of-family:x-noop	-	-	-	agent-af48925f2caace1e2.jsonl	2026-09-04T01:50:34.162Z	claude-opus-5
015da5792f6e980a	-	ineligible	out-of-family:x-noop	-	-	-	agent-af48925f2caace1e2.jsonl	2026-09-04T01:52:30.836Z	claude-opus-5
eedb80b8428cea37	-	ineligible	out-of-family:x-noop	-	-	-	agent-af48925f2caace1e2.jsonl	2026-09-04T01:55:21.679Z	claude-opus-5
7a17f6aff957a40a	-	ineligible	out-of-family:x-noop	-	-	-	agent-af48925f2caace1e2.jsonl	2026-09-04T02:18:28.062Z	claude-opus-5
785371246c2a1597	-	ineligible	out-of-family:x-noop	-	-	-	agent-adab5bb09ea6dfffd.jsonl	2026-09-05T22:10:53.805Z	claude-opus-5
a7cbd8b463719f1e	-	ineligible	out-of-family:x-noop	-	-	-	agent-adab5bb09ea6dfffd.jsonl	2026-09-05T22:11:39.031Z	claude-opus-5
37706dbd3db219a7	-	ineligible	out-of-family:x-noop	-	-	-	agent-adab5bb09ea6dfffd.jsonl	2026-09-05T22:11:58.694Z	claude-opus-5
ea52b18fe5fb2568	-	ineligible	out-of-family:x-other	-	-	-	agent-adab5bb09ea6dfffd.jsonl	2026-09-05T22:12:14.769Z	claude-opus-5
4d99e4500aa97d8d	-	ineligible	out-of-family:x-noop	-	-	-	agent-adab5bb09ea6dfffd.jsonl	2026-09-05T22:12:42.138Z	claude-opus-5
b677d463bfe86291	-	ineligible	out-of-family:x-other	-	-	-	agent-a4bf90d6d86f75204.jsonl	2026-09-03T03:49:19.616Z	claude-opus-5
2cf20cd5221d4c84	-	ineligible	out-of-family:x-noop	-	-	-	agent-a4bf90d6d86f75204.jsonl	2026-09-03T03:51:04.196Z	claude-opus-5
1e9f9156b541e07a	-	ineligible	out-of-family:x-noop	-	-	-	agent-a4bf90d6d86f75204.jsonl	2026-09-03T03:56:30.949Z	claude-opus-5
e7e62a39867c8049	-	ineligible	out-of-family:x-noop	-	-	-	agent-a4f9e9ced60fbb873.jsonl	2026-09-03T19:09:01.766Z	claude-opus-5
b085ba8544234053	-	ineligible	out-of-family:x-noop	-	-	-	agent-a4f9e9ced60fbb873.jsonl	2026-09-03T19:09:22.629Z	claude-opus-5
b8e6ae733ae244b5	-	ineligible	out-of-family:x-noop	-	-	-	agent-a4f9e9ced60fbb873.jsonl	2026-09-03T19:14:10.200Z	claude-opus-5
31aec21b11c85b5c	-	ineligible	out-of-family:x-noop	-	-	-	agent-a4f9e9ced60fbb873.jsonl	2026-09-03T19:14:18.462Z	claude-opus-5
c2f39a73b3f3ccd7	-	ineligible	out-of-family:x-other	-	-	-	agent-a4f9e9ced60fbb873.jsonl	2026-09-03T19:14:31.024Z	claude-opus-5
b228f60257001060	-	ineligible	out-of-family:x-noop	-	-	-	agent-a4f9e9ced60fbb873.jsonl	2026-09-03T19:14:42.601Z	claude-opus-5
b26e7ff46964ce69	-	ineligible	out-of-family:x-noop	-	-	-	agent-a4f9e9ced60fbb873.jsonl	2026-09-03T19:16:02.865Z	claude-opus-5
d39d517dafda0049	-	ineligible	out-of-family:x-noop	-	-	-	agent-a4f9e9ced60fbb873.jsonl	2026-09-03T19:17:45.630Z	claude-opus-5
10151473e39b7ea7	-	ineligible	out-of-family:x-noop	-	-	-	agent-a4f9e9ced60fbb873.jsonl	2026-09-03T19:22:08.360Z	claude-opus-5
cec2916bcf06176b	-	ineligible	out-of-family:x-noop	-	-	-	agent-a4f9e9ced60fbb873.jsonl	2026-09-03T19:22:56.046Z	claude-opus-5
5ae1bbe60b58a71b	-	ineligible	out-of-family:x-noop	-	-	-	agent-a4f9e9ced60fbb873.jsonl	2026-09-03T19:23:40.179Z	claude-opus-5
6fdd7baf2ac4c72b	-	ineligible	out-of-family:x-noop	-	-	-	agent-a4f9e9ced60fbb873.jsonl	2026-09-03T19:24:18.139Z	claude-opus-5
2394c9bcd1c0128b	-	ineligible	out-of-family:x-noop	-	-	-	agent-a4f9e9ced60fbb873.jsonl	2026-09-03T19:27:05.832Z	claude-opus-5
692b4f1b4ab20ee9	-	ineligible	out-of-family:x-noop	-	-	-	agent-a4f9e9ced60fbb873.jsonl	2026-09-03T19:28:09.366Z	claude-opus-5
cb82e1764d1872ab	-	ineligible	out-of-family:x-noop	-	-	-	agent-a4f9e9ced60fbb873.jsonl	2026-09-03T19:29:10.985Z	claude-opus-5
2ad223924f944456	-	ineligible	out-of-family:x-noop	-	-	-	agent-a4f9e9ced60fbb873.jsonl	2026-09-03T19:29:30.609Z	claude-opus-5
9b882db0f6ca3566	-	ineligible	out-of-family:x-noop	-	-	-	agent-a4f9e9ced60fbb873.jsonl	2026-09-03T19:36:50.750Z	claude-opus-5
6c43882df13ba077	-	ineligible	out-of-family:x-noop	-	-	-	agent-a4f9e9ced60fbb873.jsonl	2026-09-03T19:38:02.487Z	claude-opus-5
a3f9e8e54965d06d	-	ineligible	out-of-family:x-noop	-	-	-	agent-a4f9e9ced60fbb873.jsonl	2026-09-03T19:38:06.744Z	claude-opus-5
bd85d92c69870553	-	ineligible	out-of-family:x-noop	-	-	-	agent-a4f9e9ced60fbb873.jsonl	2026-09-03T19:39:10.234Z	claude-opus-5
775a95700d955674	-	ineligible	out-of-family:x-noop	-	-	-	agent-a4f9e9ced60fbb873.jsonl	2026-09-03T19:39:25.903Z	claude-opus-5
e6706427ef59c5ac	-	ineligible	out-of-family:x-other	-	-	-	agent-a4f9e9ced60fbb873.jsonl	2026-09-03T19:39:39.698Z	claude-opus-5
5890f1efcb112239	-	ineligible	out-of-family:x-noop	-	-	-	agent-afd0ed07d8cffb4ad.jsonl	2026-09-04T02:16:39.776Z	claude-opus-5
2a4c98c9033dae41	-	ineligible	out-of-family:x-other	-	-	-	agent-afd0ed07d8cffb4ad.jsonl	2026-09-04T02:16:50.210Z	claude-opus-5
7e57a851459e15cb	-	ineligible	out-of-family:x-noop	-	-	-	agent-afd0ed07d8cffb4ad.jsonl	2026-09-04T02:17:28.983Z	claude-opus-5
aa5d2405a8c125c3	-	ineligible	out-of-family:x-noop	-	-	-	agent-afd0ed07d8cffb4ad.jsonl	2026-09-04T02:17:39.905Z	claude-opus-5
95c22069ea528439	-	ineligible	out-of-family:x-noop	-	-	-	agent-afd0ed07d8cffb4ad.jsonl	2026-09-04T02:17:45.411Z	claude-opus-5
c090a5ac0c152561	-	ineligible	out-of-family:x-noop	-	-	-	agent-afd0ed07d8cffb4ad.jsonl	2026-09-04T02:17:56.236Z	claude-opus-5
4eec1e0c62ba174f	-	ineligible	out-of-family:x-other	-	-	-	agent-afd0ed07d8cffb4ad.jsonl	2026-09-04T02:18:31.327Z	claude-opus-5
40225ceb03bf9ac8	-	ineligible	out-of-family:x-other	-	-	-	agent-afd0ed07d8cffb4ad.jsonl	2026-09-04T02:18:49.597Z	claude-opus-5
e159326ccab09251	-	ineligible	out-of-family:x-other	-	-	-	agent-afd0ed07d8cffb4ad.jsonl	2026-09-04T02:19:02.607Z	claude-opus-5
a6c7e47822f743fc	-	ineligible	out-of-family:x-noop	-	-	-	agent-afd0ed07d8cffb4ad.jsonl	2026-09-04T02:19:36.929Z	claude-opus-5
b033a8b44d70cc00	-	ineligible	out-of-family:x-noop	-	-	-	agent-afd0ed07d8cffb4ad.jsonl	2026-09-04T02:20:21.590Z	claude-opus-5
2c34423d5af4d6e9	-	ineligible	out-of-family:x-noop	-	-	-	agent-afd0ed07d8cffb4ad.jsonl	2026-09-04T02:20:41.716Z	claude-opus-5
ad469a495f7dedd8	-	ineligible	out-of-family:x-noop	-	-	-	agent-afd0ed07d8cffb4ad.jsonl	2026-09-04T02:23:32.827Z	claude-opus-5
13eea96fce5cc1fd	-	ineligible	out-of-family:x-noop	-	-	-	agent-afd0ed07d8cffb4ad.jsonl	2026-09-04T02:23:56.754Z	claude-opus-5
7aee001dc5337c6a	-	ineligible	out-of-family:x-noop	-	-	-	agent-afd0ed07d8cffb4ad.jsonl	2026-09-04T02:24:45.741Z	claude-opus-5
27eb27eccabfdb98	-	ineligible	out-of-family:x-noop	-	-	-	agent-afd0ed07d8cffb4ad.jsonl	2026-09-04T02:26:03.893Z	claude-opus-5
216aff45a5f7a12e	-	ineligible	out-of-family:x-noop	-	-	-	agent-afd0ed07d8cffb4ad.jsonl	2026-09-04T02:27:30.505Z	claude-opus-5
5eea6bf3ddcf5a90	-	ineligible	out-of-family:x-other	-	-	-	agent-afd0ed07d8cffb4ad.jsonl	2026-09-04T02:27:40.644Z	claude-opus-5
16aa109e7cb65112	-	ineligible	out-of-family:x-noop	-	-	-	agent-afd0ed07d8cffb4ad.jsonl	2026-09-04T02:29:13.896Z	claude-opus-5
ac2255e001a4ef96	-	ineligible	out-of-family:x-noop	-	-	-	agent-afd0ed07d8cffb4ad.jsonl	2026-09-04T02:29:52.005Z	claude-opus-5
7dfe7c3b09f5638e	-	ineligible	out-of-family:x-other	-	-	-	agent-afd0ed07d8cffb4ad.jsonl	2026-09-04T02:30:06.108Z	claude-opus-5
d428076da120256c	-	ineligible	out-of-family:x-noop	-	-	-	agent-afd0ed07d8cffb4ad.jsonl	2026-09-04T02:30:24.794Z	claude-opus-5
1744a2bbdb6065ad	-	ineligible	out-of-family:x-noop	-	-	-	agent-afd0ed07d8cffb4ad.jsonl	2026-09-04T02:30:58.957Z	claude-opus-5
02da07b9548485c7	-	ineligible	out-of-family:x-noop	-	-	-	agent-afd0ed07d8cffb4ad.jsonl	2026-09-04T02:31:24.735Z	claude-opus-5
1d712c28e575d0c8	-	ineligible	out-of-family:x-noop	-	-	-	agent-afd0ed07d8cffb4ad.jsonl	2026-09-04T02:31:55.100Z	claude-opus-5
7dab69aff79ef172	-	ineligible	out-of-family:x-noop	-	-	-	agent-afd0ed07d8cffb4ad.jsonl	2026-09-04T02:35:21.679Z	claude-opus-5
ea3e203155faf901	-	ineligible	out-of-family:x-other	-	-	-	agent-afd0ed07d8cffb4ad.jsonl	2026-09-04T02:35:33.241Z	claude-opus-5
bc67e6162dedbbb2	-	ineligible	out-of-family:x-other	-	-	-	agent-afd0ed07d8cffb4ad.jsonl	2026-09-04T02:35:38.512Z	claude-opus-5
04e106c41316bcd3	-	ineligible	out-of-family:x-noop	-	-	-	agent-afd0ed07d8cffb4ad.jsonl	2026-09-04T02:35:44.871Z	claude-opus-5
33e956e61a38afa9	-	ineligible	out-of-family:x-noop	-	-	-	agent-afd0ed07d8cffb4ad.jsonl	2026-09-04T02:36:08.702Z	claude-opus-5
3194a477497eeb1e	-	ineligible	out-of-family:x-noop	-	-	-	agent-afd0ed07d8cffb4ad.jsonl	2026-09-04T02:37:14.187Z	claude-opus-5
7add63234d839e6e	-	ineligible	out-of-family:x-noop	-	-	-	agent-afd0ed07d8cffb4ad.jsonl	2026-09-04T02:37:40.566Z	claude-opus-5
84f3a54b2d3475f5	-	ineligible	out-of-family:x-noop	-	-	-	agent-afd0ed07d8cffb4ad.jsonl	2026-09-04T02:38:16.331Z	claude-opus-5
6612f4bbe4c1ddcf	-	ineligible	out-of-family:x-noop	-	-	-	agent-afd0ed07d8cffb4ad.jsonl	2026-09-04T02:38:59.408Z	claude-opus-5
1684916fa4d44c8f	-	ineligible	out-of-family:x-noop	-	-	-	agent-afd0ed07d8cffb4ad.jsonl	2026-09-04T02:39:24.244Z	claude-opus-5
b739eda817dc909b	-	ineligible	out-of-family:x-noop	-	-	-	agent-afd0ed07d8cffb4ad.jsonl	2026-09-04T02:41:23.689Z	claude-opus-5
51bba81b0015bff1	-	ineligible	out-of-family:x-noop	-	-	-	agent-afd0ed07d8cffb4ad.jsonl	2026-09-04T02:42:06.668Z	claude-opus-5
7bf0743605beef78	-	ineligible	out-of-family:x-noop	-	-	-	agent-afd0ed07d8cffb4ad.jsonl	2026-09-04T02:42:33.629Z	claude-opus-5
d49691b3192d640e	-	ineligible	out-of-family:x-noop	-	-	-	agent-afd0ed07d8cffb4ad.jsonl	2026-09-04T02:43:04.848Z	claude-opus-5
e952e67fb0608f64	-	ineligible	out-of-family:x-other	-	-	-	agent-afd0ed07d8cffb4ad.jsonl	2026-09-04T02:45:49.651Z	claude-opus-5
3eb6b2371824877a	-	ineligible	out-of-family:x-noop	-	-	-	agent-afd0ed07d8cffb4ad.jsonl	2026-09-04T02:46:15.850Z	claude-opus-5
72880930f715ca4d	-	ineligible	out-of-family:x-noop	-	-	-	agent-afd0ed07d8cffb4ad.jsonl	2026-09-04T02:46:44.089Z	claude-opus-5
9821388434318feb	-	ineligible	out-of-family:x-noop	-	-	-	agent-afd0ed07d8cffb4ad.jsonl	2026-09-04T02:46:54.883Z	claude-opus-5
f1fd51d138e8829b	-	ineligible	out-of-family:x-noop	-	-	-	agent-afd0ed07d8cffb4ad.jsonl	2026-09-04T02:48:12.256Z	claude-opus-5
89883752ef59672a	-	ineligible	out-of-family:x-noop	-	-	-	agent-afd0ed07d8cffb4ad.jsonl	2026-09-04T02:49:31.716Z	claude-opus-5
4c3c953cb7c85257	-	ineligible	out-of-family:x-noop	-	-	-	agent-afd0ed07d8cffb4ad.jsonl	2026-09-04T02:50:05.953Z	claude-opus-5
cdef7f48aec222bf	-	ineligible	out-of-family:x-noop	-	-	-	agent-afd0ed07d8cffb4ad.jsonl	2026-09-04T02:50:29.982Z	claude-opus-5
72ceca09f29ec09f	-	ineligible	out-of-family:x-noop	-	-	-	agent-afd0ed07d8cffb4ad.jsonl	2026-09-04T02:51:04.439Z	claude-opus-5
278c0cd701b24cfb	-	ineligible	out-of-family:x-noop	-	-	-	agent-afd0ed07d8cffb4ad.jsonl	2026-09-04T02:57:20.154Z	claude-opus-5
5074dcd7a5f6264c	-	ineligible	out-of-family:x-noop	-	-	-	agent-a27500dd74762b9a2.jsonl	2026-09-07T21:18:12.203Z	claude-opus-5
5b53903439bbafbc	-	ineligible	out-of-family:x-noop	-	-	-	agent-a27500dd74762b9a2.jsonl	2026-09-07T21:19:12.209Z	claude-opus-5
a85144bb73c70ade	-	ineligible	out-of-family:x-noop	-	-	-	agent-a27500dd74762b9a2.jsonl	2026-09-07T21:24:14.907Z	claude-opus-5
b60b88d4a16d8782	-	ineligible	out-of-family:x-other	-	-	-	agent-a27500dd74762b9a2.jsonl	2026-09-07T21:29:06.029Z	claude-opus-5
cc1ab3b8d2405f1e	-	ineligible	out-of-family:x-noop	-	-	-	agent-a27500dd74762b9a2.jsonl	2026-09-07T21:29:59.130Z	claude-opus-5
ba6d0857dad70dbe	-	ineligible	out-of-family:x-noop	-	-	-	agent-a27500dd74762b9a2.jsonl	2026-09-07T21:30:50.619Z	claude-opus-5
75ffcd935adb95a1	-	ineligible	out-of-family:x-other	-	-	-	agent-a27500dd74762b9a2.jsonl	2026-09-07T21:32:19.694Z	claude-opus-5
eda7b1452b3b50c6	-	ineligible	out-of-family:x-noop	-	-	-	agent-aae187cd101fd28bc.jsonl	2026-09-03T19:20:44.888Z	claude-opus-5
c3d5b80ea33d6587	-	ineligible	out-of-family:x-noop	-	-	-	agent-aae187cd101fd28bc.jsonl	2026-09-03T19:24:34.319Z	claude-opus-5
46f6d0cbe1ee164e	-	ineligible	out-of-family:x-noop	-	-	-	agent-aae187cd101fd28bc.jsonl	2026-09-03T19:25:06.528Z	claude-opus-5
69b015b39517b16e	T	eligible	ok	/home/forge/src/clj-surgeon-txn	test/clj_surgeon/txn_journal_test.clj	755480a8854e57d5b71d7d7d6b0ac18045f76bb3	agent-aae187cd101fd28bc.jsonl	2026-09-03T19:25:14.757Z	claude-opus-5
0690034b426290da	-	ineligible	out-of-family:x-other	-	-	-	agent-aae187cd101fd28bc.jsonl	2026-09-03T19:25:39.938Z	claude-opus-5
0e8f51ad64368e5c	-	ineligible	out-of-family:x-noop	-	-	-	agent-aae187cd101fd28bc.jsonl	2026-09-03T19:27:14.762Z	claude-opus-5
9ac52d3267235b4c	-	ineligible	out-of-family:x-noop	-	-	-	agent-aae187cd101fd28bc.jsonl	2026-09-03T19:28:39.546Z	claude-opus-5
afacab36ab806990	-	ineligible	out-of-family:x-noop	-	-	-	agent-aae187cd101fd28bc.jsonl	2026-09-03T19:28:58.590Z	claude-opus-5
122a5eeffd651f24	-	ineligible	out-of-family:x-noop	-	-	-	agent-aae187cd101fd28bc.jsonl	2026-09-03T19:29:16.608Z	claude-opus-5
d1a9650627a3269c	-	ineligible	out-of-family:x-noop	-	-	-	agent-aae187cd101fd28bc.jsonl	2026-09-03T19:29:28.323Z	claude-opus-5
5f3021aeba1f3510	-	ineligible	out-of-family:x-noop	-	-	-	agent-aae187cd101fd28bc.jsonl	2026-09-03T19:29:59.530Z	claude-opus-5
3de96478060996d6	-	ineligible	out-of-family:x-noop	-	-	-	agent-aae187cd101fd28bc.jsonl	2026-09-03T19:30:35.746Z	claude-opus-5
b7d9c975233f4af9	-	ineligible	out-of-family:x-noop	-	-	-	agent-aae187cd101fd28bc.jsonl	2026-09-03T19:30:57.744Z	claude-opus-5
a6d1fda71869f1df	-	ineligible	out-of-family:x-noop	-	-	-	agent-aae187cd101fd28bc.jsonl	2026-09-03T19:31:19.714Z	claude-opus-5
4be6c6c1a25b181d	-	ineligible	out-of-family:x-noop	-	-	-	agent-aae187cd101fd28bc.jsonl	2026-09-03T19:31:44.628Z	claude-opus-5
ca66a2757ed67b50	-	ineligible	out-of-family:x-noop	-	-	-	agent-aae187cd101fd28bc.jsonl	2026-09-03T19:32:45.272Z	claude-opus-5
885db33ce75101c1	-	ineligible	out-of-family:x-noop	-	-	-	agent-aae187cd101fd28bc.jsonl	2026-09-03T19:33:28.685Z	claude-opus-5
d06e0965ba46b14f	-	ineligible	out-of-family:x-noop	-	-	-	agent-aae187cd101fd28bc.jsonl	2026-09-03T19:34:27.238Z	claude-opus-5
9bcfe1ab5967a8db	-	ineligible	out-of-family:x-noop	-	-	-	agent-aae187cd101fd28bc.jsonl	2026-09-03T19:36:17.320Z	claude-opus-5
2406bec9a9525157	-	ineligible	out-of-family:x-noop	-	-	-	agent-aae187cd101fd28bc.jsonl	2026-09-03T19:36:41.606Z	claude-opus-5
cec26abf89a43301	-	ineligible	out-of-family:x-noop	-	-	-	agent-aae187cd101fd28bc.jsonl	2026-09-03T19:37:03.550Z	claude-opus-5
63ece780b3d3b7dd	-	ineligible	out-of-family:x-noop	-	-	-	agent-aae187cd101fd28bc.jsonl	2026-09-03T19:38:03.033Z	claude-opus-5
d58bc425e9f2830a	-	ineligible	out-of-family:x-noop	-	-	-	agent-aae187cd101fd28bc.jsonl	2026-09-03T19:50:45.741Z	claude-opus-5
5b18851e50270be3	-	ineligible	out-of-family:x-noop	-	-	-	agent-aae187cd101fd28bc.jsonl	2026-09-03T19:50:59.273Z	claude-opus-5
3a7f083c78354924	R	ineligible	lab-fixture-repo-not-original	/home/forge/src/mvr-row2-PA2	-	-	agent-a8957a2ffcb5b2414.jsonl	2026-09-08T20:41:36.585Z	claude-opus-5
5d9c936812176f6c	-	ineligible	out-of-family:x-other	-	-	-	agent-a8957a2ffcb5b2414.jsonl	2026-09-08T20:41:45.641Z	claude-opus-5
6516f128f1cff602	-	ineligible	out-of-family:x-other	-	-	-	agent-a8957a2ffcb5b2414.jsonl	2026-09-08T20:41:58.115Z	claude-opus-5
3a81bcba817e33ab	-	ineligible	out-of-family:x-other	-	-	-	agent-a8957a2ffcb5b2414.jsonl	2026-09-08T20:42:22.559Z	claude-opus-5
8a442da0cc66604e	-	ineligible	out-of-family:x-noop	-	-	-	agent-a22c9f03a830fd0bf.jsonl	2026-09-03T11:25:24.839Z	claude-opus-5
a8f626adf1785fd9	-	ineligible	out-of-family:x-noop	-	-	-	agent-a22c9f03a830fd0bf.jsonl	2026-09-03T11:26:31.398Z	claude-opus-5
8b07475e7efa625d	-	ineligible	out-of-family:x-noop	-	-	-	agent-a22c9f03a830fd0bf.jsonl	2026-09-03T11:26:48.856Z	claude-opus-5
371343eda661a027	-	ineligible	out-of-family:x-other	-	-	-	agent-a22c9f03a830fd0bf.jsonl	2026-09-03T11:26:59.979Z	claude-opus-5
7e0d7629a0939e9d	-	ineligible	out-of-family:x-other	-	-	-	agent-a22c9f03a830fd0bf.jsonl	2026-09-03T11:27:06.870Z	claude-opus-5
0a33cbff32bd810d	-	ineligible	out-of-family:x-noop	-	-	-	agent-a22c9f03a830fd0bf.jsonl	2026-09-03T11:27:18.750Z	claude-opus-5
cb4b65bec5e43298	-	ineligible	out-of-family:x-noop	-	-	-	agent-a22c9f03a830fd0bf.jsonl	2026-09-03T11:28:56.458Z	claude-opus-5
2a4397e978dc9624	-	ineligible	out-of-family:x-noop	-	-	-	agent-a22c9f03a830fd0bf.jsonl	2026-09-03T11:29:20.979Z	claude-opus-5
e7162f51ac1a4f59	-	ineligible	out-of-family:x-noop	-	-	-	agent-a22c9f03a830fd0bf.jsonl	2026-09-03T11:29:59.568Z	claude-opus-5
aba5e4b1b4aab499	-	ineligible	out-of-family:x-noop	-	-	-	agent-a22c9f03a830fd0bf.jsonl	2026-09-03T11:30:27.504Z	claude-opus-5
14bdf660bb724baf	-	ineligible	out-of-family:x-noop	-	-	-	agent-a22c9f03a830fd0bf.jsonl	2026-09-03T11:31:23.208Z	claude-opus-5
013be86fd83c31f7	-	ineligible	out-of-family:x-noop	-	-	-	agent-a22c9f03a830fd0bf.jsonl	2026-09-03T11:31:45.481Z	claude-opus-5
c1cf84478077a662	-	ineligible	out-of-family:x-noop	-	-	-	agent-a22c9f03a830fd0bf.jsonl	2026-09-03T11:32:01.522Z	claude-opus-5
401e1a0ad88e8df0	-	ineligible	out-of-family:x-noop	-	-	-	agent-a22c9f03a830fd0bf.jsonl	2026-09-03T11:32:17.189Z	claude-opus-5
fc7a2a46f0ca0134	-	ineligible	out-of-family:x-noop	-	-	-	agent-a22c9f03a830fd0bf.jsonl	2026-09-03T11:37:40.345Z	claude-opus-5
972de8dae7ffcce0	-	ineligible	out-of-family:x-noop	-	-	-	agent-ad2a46861a3563e51.jsonl	2026-09-03T23:34:51.487Z	claude-opus-5
a6a119c96dc6a4f8	-	ineligible	out-of-family:x-noop	-	-	-	agent-ad2a46861a3563e51.jsonl	2026-09-03T23:36:17.745Z	claude-opus-5
58aeb3ce6ca723a7	-	ineligible	out-of-family:x-noop	-	-	-	agent-ad2a46861a3563e51.jsonl	2026-09-03T23:37:38.931Z	claude-opus-5
e9e2c2b794255a1e	-	ineligible	out-of-family:x-noop	-	-	-	agent-ad2a46861a3563e51.jsonl	2026-09-03T23:39:19.184Z	claude-opus-5
de3283b5e991a30d	-	ineligible	out-of-family:x-noop	-	-	-	agent-ad2a46861a3563e51.jsonl	2026-09-03T23:39:32.761Z	claude-opus-5
64ffa1ee04c6fbc4	-	ineligible	out-of-family:x-noop	-	-	-	agent-ad2a46861a3563e51.jsonl	2026-09-03T23:40:14.221Z	claude-opus-5
4d839705299b6400	-	ineligible	out-of-family:x-noop	-	-	-	agent-ad2a46861a3563e51.jsonl	2026-09-03T23:43:23.971Z	claude-opus-5
bd349027452a1a5c	-	ineligible	out-of-family:x-noop	-	-	-	agent-ad2a46861a3563e51.jsonl	2026-09-03T23:43:44.191Z	claude-opus-5
a3fb99e0122bb7b9	-	ineligible	out-of-family:x-noop	-	-	-	agent-ad2a46861a3563e51.jsonl	2026-09-03T23:43:48.094Z	claude-opus-5
33bdff24b3b6d32b	-	ineligible	out-of-family:x-noop	-	-	-	agent-ad2a46861a3563e51.jsonl	2026-09-03T23:45:38.911Z	claude-opus-5
a86c29c5d732900d	-	ineligible	out-of-family:x-noop	-	-	-	agent-ad2a46861a3563e51.jsonl	2026-09-03T23:45:58.970Z	claude-opus-5
727540f4f5bc304d	-	ineligible	out-of-family:x-noop	-	-	-	agent-ad2a46861a3563e51.jsonl	2026-09-03T23:47:18.212Z	claude-opus-5
73502ce4b36a3e72	T	ineligible	pre-edit-bytes-not-recoverable	/home/forge/src/clj-surgeon	-	-	agent-ad2a46861a3563e51.jsonl	2026-09-03T23:53:20.674Z	claude-opus-5
4e61c9bb672d0b54	-	ineligible	out-of-family:x-noop	-	-	-	agent-ad2a46861a3563e51.jsonl	2026-09-03T23:55:17.045Z	claude-opus-5
7708b991f58a8b1c	-	ineligible	out-of-family:x-noop	-	-	-	agent-ad2a46861a3563e51.jsonl	2026-09-03T23:58:56.999Z	claude-opus-5
55df0b713422e8d8	-	ineligible	out-of-family:x-noop	-	-	-	agent-ad2a46861a3563e51.jsonl	2026-09-04T00:01:56.018Z	claude-opus-5
c3b32a6e2fb50feb	-	ineligible	out-of-family:x-noop	-	-	-	agent-ad2a46861a3563e51.jsonl	2026-09-04T00:03:11.533Z	claude-opus-5
7699764079d2ae47	-	ineligible	out-of-family:x-noop	-	-	-	agent-ad2a46861a3563e51.jsonl	2026-09-04T00:04:34.018Z	claude-opus-5
3b350472afa22e99	-	ineligible	out-of-family:x-noop	-	-	-	agent-ad2a46861a3563e51.jsonl	2026-09-04T00:07:05.468Z	claude-opus-5
4c18d14ea172b3b8	-	ineligible	out-of-family:x-noop	-	-	-	agent-ad2a46861a3563e51.jsonl	2026-09-04T00:08:05.936Z	claude-opus-5
3f80c7c2cfb73020	-	ineligible	out-of-family:x-noop	-	-	-	agent-ad2a46861a3563e51.jsonl	2026-09-04T00:09:26.280Z	claude-opus-5
a6850d2d3ef5cfd4	-	ineligible	out-of-family:x-noop	-	-	-	agent-ad2a46861a3563e51.jsonl	2026-09-04T00:11:09.200Z	claude-opus-5
6d3505e344aa3b01	-	ineligible	out-of-family:x-noop	-	-	-	agent-ad2a46861a3563e51.jsonl	2026-09-04T00:14:11.913Z	claude-opus-5
22b69fac31cb2431	-	ineligible	out-of-family:x-other	-	-	-	agent-ad2a46861a3563e51.jsonl	2026-09-04T00:14:19.211Z	claude-opus-5
746e369a90e602f9	-	ineligible	out-of-family:x-noop	-	-	-	agent-ad2a46861a3563e51.jsonl	2026-09-04T00:15:50.628Z	claude-opus-5
4f5020bbd158a631	-	ineligible	out-of-family:x-noop	-	-	-	agent-ad2a46861a3563e51.jsonl	2026-09-04T00:16:21.237Z	claude-opus-5
4dfc73aed23ea474	-	ineligible	out-of-family:x-noop	-	-	-	agent-ad2a46861a3563e51.jsonl	2026-09-04T00:19:01.880Z	claude-opus-5
d74cbd5f7aa3446c	-	ineligible	out-of-family:x-noop	-	-	-	agent-ad2a46861a3563e51.jsonl	2026-09-04T00:20:08.747Z	claude-opus-5
157fa79ce549a4f9	-	ineligible	out-of-family:x-noop	-	-	-	agent-ad2a46861a3563e51.jsonl	2026-09-04T00:21:13.069Z	claude-opus-5
f0155c6ff00885a8	-	ineligible	out-of-family:x-noop	-	-	-	agent-ad2a46861a3563e51.jsonl	2026-09-04T00:21:32.100Z	claude-opus-5
efc0ebc79330cb2b	-	ineligible	out-of-family:x-other	-	-	-	agent-ad2a46861a3563e51.jsonl	2026-09-04T00:21:42.375Z	claude-opus-5
cca29313c3d7ea5e	-	ineligible	out-of-family:x-noop	-	-	-	agent-ad2a46861a3563e51.jsonl	2026-09-04T00:23:16.299Z	claude-opus-5
062d49604b73ffc7	-	ineligible	out-of-family:x-noop	-	-	-	agent-ad2a46861a3563e51.jsonl	2026-09-04T00:24:44.557Z	claude-opus-5
5f9cdcdd20d2aa8e	-	ineligible	out-of-family:x-noop	-	-	-	agent-ad2a46861a3563e51.jsonl	2026-09-04T00:27:51.201Z	claude-opus-5
9e351bafca8dfb2c	-	ineligible	out-of-family:x-noop	-	-	-	agent-ad2a46861a3563e51.jsonl	2026-09-04T00:30:18.561Z	claude-opus-5
4dd730581f745f95	-	ineligible	out-of-family:x-other	-	-	-	agent-ad2a46861a3563e51.jsonl	2026-09-04T00:30:36.556Z	claude-opus-5
49acb7eacf8fa8c2	-	ineligible	out-of-family:x-noop	-	-	-	agent-ad2a46861a3563e51.jsonl	2026-09-04T00:32:19.393Z	claude-opus-5
f2ee889b7ff0f239	-	ineligible	out-of-family:x-noop	-	-	-	agent-ad2a46861a3563e51.jsonl	2026-09-04T00:39:10.121Z	claude-opus-5
15580496c83c63c5	-	ineligible	out-of-family:x-noop	-	-	-	agent-ad2a46861a3563e51.jsonl	2026-09-04T00:39:32.045Z	claude-opus-5
c3e9c31d4668a3ca	-	ineligible	out-of-family:x-noop	-	-	-	agent-ad2a46861a3563e51.jsonl	2026-09-04T00:39:52.026Z	claude-opus-5
f9f49b8cf3f4d6cc	-	ineligible	out-of-family:x-noop	-	-	-	agent-ad2a46861a3563e51.jsonl	2026-09-04T00:45:37.550Z	claude-opus-5
6d255799970bb01d	-	ineligible	out-of-family:x-noop	-	-	-	agent-aac558af15fe5d0ed.jsonl	2026-09-10T16:01:59.995Z	claude-opus-5
a5751826b00b4523	-	ineligible	out-of-family:x-noop	-	-	-	agent-aac558af15fe5d0ed.jsonl	2026-09-10T16:02:50.797Z	claude-opus-5
21411615c22db7d8	-	ineligible	out-of-family:x-noop	-	-	-	agent-aac558af15fe5d0ed.jsonl	2026-09-10T16:04:38.701Z	claude-opus-5
d65ac7c8d338ded5	-	ineligible	out-of-family:x-noop	-	-	-	agent-aac558af15fe5d0ed.jsonl	2026-09-10T16:05:35.538Z	claude-opus-5
035b1112a8de1ccb	-	ineligible	out-of-family:x-other	-	-	-	agent-aac558af15fe5d0ed.jsonl	2026-09-10T16:05:58.349Z	claude-opus-5
02b7afe051fa709d	-	ineligible	out-of-family:x-noop	-	-	-	agent-aac558af15fe5d0ed.jsonl	2026-09-10T16:06:05.289Z	claude-opus-5
bc9e9c6a7c20f3e7	-	ineligible	out-of-family:x-noop	-	-	-	agent-aac558af15fe5d0ed.jsonl	2026-09-10T16:08:15.527Z	claude-opus-5
c2629eb33a231f94	-	ineligible	out-of-family:x-other	-	-	-	agent-aac558af15fe5d0ed.jsonl	2026-09-10T16:09:59.750Z	claude-opus-5
436641e822b1ddc5	-	ineligible	out-of-family:x-other	-	-	-	agent-aac558af15fe5d0ed.jsonl	2026-09-10T16:11:52.933Z	claude-opus-5
63b728fc9e02dc52	-	ineligible	out-of-family:x-other	-	-	-	agent-aac558af15fe5d0ed.jsonl	2026-09-10T16:12:04.486Z	claude-opus-5
d5c3a3673eefad3d	-	ineligible	out-of-family:x-noop	-	-	-	agent-aac558af15fe5d0ed.jsonl	2026-09-10T16:25:48.817Z	claude-opus-5
8178fa2f5bafee8d	-	ineligible	out-of-family:x-noop	-	-	-	agent-aac558af15fe5d0ed.jsonl	2026-09-10T16:26:03.983Z	claude-opus-5
694a1799f8a4d080	-	ineligible	out-of-family:x-noop	-	-	-	agent-aac558af15fe5d0ed.jsonl	2026-09-10T16:46:21.805Z	claude-opus-5
94b851ce332669bb	-	ineligible	out-of-family:x-noop	-	-	-	agent-aac558af15fe5d0ed.jsonl	2026-09-10T16:46:54.493Z	claude-opus-5
cb13281c31dbed2e	-	ineligible	out-of-family:x-noop	-	-	-	agent-aac558af15fe5d0ed.jsonl	2026-09-10T16:52:02.652Z	claude-opus-5
dbe7df0b3b6c5023	-	ineligible	out-of-family:x-noop	-	-	-	agent-aac558af15fe5d0ed.jsonl	2026-09-10T16:52:39.527Z	claude-opus-5
3428972890fd7808	-	ineligible	out-of-family:x-noop	-	-	-	agent-aac558af15fe5d0ed.jsonl	2026-09-10T17:08:29.669Z	claude-opus-5
b761e55702e7a829	-	ineligible	out-of-family:x-noop	-	-	-	agent-aac558af15fe5d0ed.jsonl	2026-09-10T17:18:33.419Z	claude-opus-5
0fd9acc0ccc6606c	-	ineligible	out-of-family:x-noop	-	-	-	agent-aac558af15fe5d0ed.jsonl	2026-09-10T17:19:16.160Z	claude-opus-5
da0c575c8867981f	-	ineligible	out-of-family:x-noop	-	-	-	agent-aac558af15fe5d0ed.jsonl	2026-09-10T17:19:31.069Z	claude-opus-5
4f214b283e1eb4e1	-	ineligible	out-of-family:x-other	-	-	-	agent-aac558af15fe5d0ed.jsonl	2026-09-10T17:22:31.540Z	claude-opus-5
25e9dbb574b664b1	-	ineligible	out-of-family:x-noop	-	-	-	agent-aac558af15fe5d0ed.jsonl	2026-09-10T17:23:06.730Z	claude-opus-5
703c43381b895440	-	ineligible	out-of-family:x-noop	-	-	-	agent-aac558af15fe5d0ed.jsonl	2026-09-10T17:34:37.467Z	claude-opus-5
6957a5e4b94c3129	-	ineligible	out-of-family:x-noop	-	-	-	agent-aac558af15fe5d0ed.jsonl	2026-09-10T17:35:04.559Z	claude-opus-5
c7b26690465e4bba	-	ineligible	out-of-family:x-noop	-	-	-	agent-aac558af15fe5d0ed.jsonl	2026-09-10T17:46:37.214Z	claude-opus-5
c2111a3409c0723c	-	ineligible	out-of-family:x-noop	-	-	-	agent-aac558af15fe5d0ed.jsonl	2026-09-10T17:46:50.759Z	claude-opus-5
c542234be5862660	-	ineligible	out-of-family:x-noop	-	-	-	agent-aac558af15fe5d0ed.jsonl	2026-09-10T17:47:13.559Z	claude-opus-5
1f5b440b9e5782d5	-	ineligible	out-of-family:x-other	-	-	-	agent-aac558af15fe5d0ed.jsonl	2026-09-10T17:47:18.448Z	claude-opus-5
855b0fff58bb7741	I	ineligible	pre-edit-bytes-not-recoverable	/home/forge/src/clj-surgeon-parity	-	-	agent-aac558af15fe5d0ed.jsonl	2026-09-10T17:47:30.318Z	claude-opus-5
0d9811f08ec654ed	-	ineligible	out-of-family:x-noop	-	-	-	agent-aac558af15fe5d0ed.jsonl	2026-09-10T17:47:45.964Z	claude-opus-5
22066f00d53193d2	-	ineligible	out-of-family:x-noop	-	-	-	agent-aac558af15fe5d0ed.jsonl	2026-09-10T17:48:17.786Z	claude-opus-5
3b54b77d93188c08	I	ineligible	pre-edit-bytes-not-recoverable	/home/forge/src/clj-surgeon-parity	-	-	agent-aac558af15fe5d0ed.jsonl	2026-09-10T17:48:27.855Z	claude-opus-5
a16195e8fb36441c	-	ineligible	out-of-family:x-other	-	-	-	agent-aac558af15fe5d0ed.jsonl	2026-09-10T17:48:47.354Z	claude-opus-5
4cde8e6417eaa10b	-	ineligible	out-of-family:x-other	-	-	-	agent-aac558af15fe5d0ed.jsonl	2026-09-10T17:49:07.089Z	claude-opus-5
d5ec9184a54bc543	-	ineligible	out-of-family:x-other	-	-	-	agent-aac558af15fe5d0ed.jsonl	2026-09-10T17:49:34.795Z	claude-opus-5
cd86eed4b30f93ae	-	ineligible	out-of-family:x-other	-	-	-	agent-aac558af15fe5d0ed.jsonl	2026-09-10T17:50:03.850Z	claude-opus-5
d900e7c550d7a750	-	ineligible	out-of-family:x-other	-	-	-	agent-aac558af15fe5d0ed.jsonl	2026-09-10T17:57:28.116Z	claude-opus-5
982993ba96e09f50	-	ineligible	out-of-family:x-noop	-	-	-	agent-aac558af15fe5d0ed.jsonl	2026-09-10T17:58:32.613Z	claude-opus-5
c23db98c0f554400	-	ineligible	out-of-family:x-noop	-	-	-	agent-aac558af15fe5d0ed.jsonl	2026-09-10T17:58:47.450Z	claude-opus-5
9489985af7dc32cd	-	ineligible	out-of-family:x-other	-	-	-	agent-aac558af15fe5d0ed.jsonl	2026-09-10T17:59:14.714Z	claude-opus-5
8d8229ae52cc0f4a	-	ineligible	out-of-family:x-other	-	-	-	agent-a6d7991d8830a0083.jsonl	2026-09-06T19:18:58.939Z	claude-opus-5
9b096d7412c85a5f	-	ineligible	out-of-family:x-noop	-	-	-	agent-a6d7991d8830a0083.jsonl	2026-09-06T19:23:07.561Z	claude-opus-5
3d44853c10111036	-	ineligible	out-of-family:x-noop	-	-	-	agent-a3340968392fa5e4f.jsonl	2026-09-07T07:15:43.587Z	claude-opus-5
b3e44208fcf2c881	-	ineligible	out-of-family:x-noop	-	-	-	agent-a3340968392fa5e4f.jsonl	2026-09-07T07:15:50.528Z	claude-opus-5
30c51d0f87bbcbcf	-	ineligible	out-of-family:x-noop	-	-	-	agent-a3340968392fa5e4f.jsonl	2026-09-07T07:16:20.342Z	claude-opus-5
6172643986f782df	-	ineligible	out-of-family:x-other	-	-	-	agent-a5260973b087377bd.jsonl	2026-09-07T14:33:02.299Z	claude-opus-5
91d26d243ca86117	-	ineligible	out-of-family:x-noop	-	-	-	agent-ac267425266cc0fb3.jsonl	2026-09-08T05:27:14.930Z	claude-opus-5
6236a6a1ab1d4894	-	ineligible	out-of-family:x-noop	-	-	-	agent-ac267425266cc0fb3.jsonl	2026-09-08T05:27:42.642Z	claude-opus-5
32750e38dda2b690	-	ineligible	out-of-family:x-other	-	-	-	agent-ac267425266cc0fb3.jsonl	2026-09-08T05:36:19.466Z	claude-opus-5
8b6014a351c6c025	-	ineligible	out-of-family:x-other	-	-	-	agent-a20aa793f2567b83f.jsonl	2026-09-08T07:47:11.480Z	claude-opus-5
ba621e066f431100	-	ineligible	out-of-family:x-other	-	-	-	agent-a20aa793f2567b83f.jsonl	2026-09-08T07:47:42.403Z	claude-opus-5
a79874f08e1dc93a	-	ineligible	out-of-family:x-other	-	-	-	agent-ae667bb325b312684.jsonl	2026-09-06T09:35:45.405Z	claude-opus-5
6194bfb096a86b11	-	ineligible	out-of-family:x-noop	-	-	-	agent-ae667bb325b312684.jsonl	2026-09-06T09:47:17.952Z	claude-opus-5
644c50ad845ad9f8	-	ineligible	out-of-family:x-noop	-	-	-	agent-ae667bb325b312684.jsonl	2026-09-06T09:52:46.214Z	claude-opus-5
ad191703626028e5	-	ineligible	out-of-family:x-noop	-	-	-	agent-ae667bb325b312684.jsonl	2026-09-06T10:05:38.034Z	claude-opus-5
cc25d24025b5f7e9	-	ineligible	out-of-family:x-noop	-	-	-	agent-ae667bb325b312684.jsonl	2026-09-06T10:05:50.288Z	claude-opus-5
bcb338379570a152	-	ineligible	out-of-family:x-noop	-	-	-	agent-ae667bb325b312684.jsonl	2026-09-06T10:06:34.003Z	claude-opus-5
589850ecf7920ed7	-	ineligible	out-of-family:x-noop	-	-	-	agent-a76ff289b4167e2c4.jsonl	2026-09-04T07:11:44.935Z	claude-opus-5
b7a854d59e434331	-	ineligible	out-of-family:x-noop	-	-	-	agent-a76ff289b4167e2c4.jsonl	2026-09-04T07:14:06.514Z	claude-opus-5
7bc5cb3b7fa790c3	-	ineligible	out-of-family:x-noop	-	-	-	agent-a76ff289b4167e2c4.jsonl	2026-09-04T07:14:38.057Z	claude-opus-5
80354db136e1d640	-	ineligible	out-of-family:x-noop	-	-	-	agent-a76ff289b4167e2c4.jsonl	2026-09-04T07:14:48.165Z	claude-opus-5
9e66e585ae6e299d	-	ineligible	out-of-family:x-noop	-	-	-	agent-a76ff289b4167e2c4.jsonl	2026-09-04T07:15:49.491Z	claude-opus-5
8f2917a308d5c8f5	-	ineligible	out-of-family:x-noop	-	-	-	agent-a76ff289b4167e2c4.jsonl	2026-09-04T07:16:06.997Z	claude-opus-5
0a851af618c57db7	-	ineligible	out-of-family:x-noop	-	-	-	agent-a76ff289b4167e2c4.jsonl	2026-09-04T07:16:42.602Z	claude-opus-5
5575366407ea8f05	-	ineligible	out-of-family:x-noop	-	-	-	agent-a76ff289b4167e2c4.jsonl	2026-09-04T07:17:31.349Z	claude-opus-5
046890e2ed4521ec	-	ineligible	out-of-family:x-noop	-	-	-	agent-a76ff289b4167e2c4.jsonl	2026-09-04T07:17:51.317Z	claude-opus-5
5ddfacb034d85bce	-	ineligible	out-of-family:x-noop	-	-	-	agent-a76ff289b4167e2c4.jsonl	2026-09-04T07:18:14.665Z	claude-opus-5
7060b4162c7e4ff0	-	ineligible	out-of-family:x-noop	-	-	-	agent-a76ff289b4167e2c4.jsonl	2026-09-04T07:18:48.934Z	claude-opus-5
362772612c6804b1	-	ineligible	out-of-family:x-noop	-	-	-	agent-a76ff289b4167e2c4.jsonl	2026-09-04T07:19:39.025Z	claude-opus-5
0ed8b3587e6c94c6	-	ineligible	out-of-family:x-noop	-	-	-	agent-a76ff289b4167e2c4.jsonl	2026-09-04T07:20:19.473Z	claude-opus-5
11706f625ccdc9f2	-	ineligible	out-of-family:x-noop	-	-	-	agent-a76ff289b4167e2c4.jsonl	2026-09-04T07:24:22.764Z	claude-opus-5
4021b2a1fceb069c	-	ineligible	out-of-family:x-other	-	-	-	agent-a76ff289b4167e2c4.jsonl	2026-09-04T07:24:34.734Z	claude-opus-5
e9b353d0986feea1	-	ineligible	out-of-family:x-noop	-	-	-	agent-a76ff289b4167e2c4.jsonl	2026-09-04T07:25:27.962Z	claude-opus-5
1263c641062ee58a	-	ineligible	out-of-family:x-noop	-	-	-	agent-a76ff289b4167e2c4.jsonl	2026-09-04T07:25:40.405Z	claude-opus-5
f10f6a61dbddd756	-	ineligible	out-of-family:x-noop	-	-	-	agent-a76ff289b4167e2c4.jsonl	2026-09-04T07:26:57.704Z	claude-opus-5
33069d73f71431ac	-	ineligible	out-of-family:x-noop	-	-	-	agent-a76ff289b4167e2c4.jsonl	2026-09-04T07:27:37.340Z	claude-opus-5
ca6dce79904dfc8a	-	ineligible	out-of-family:x-noop	-	-	-	agent-a76ff289b4167e2c4.jsonl	2026-09-04T07:30:36.356Z	claude-opus-5
739c8ed0da97c76d	-	ineligible	out-of-family:x-noop	-	-	-	agent-a76ff289b4167e2c4.jsonl	2026-09-04T07:32:33.350Z	claude-opus-5
15007a7dc30c2354	-	ineligible	out-of-family:x-noop	-	-	-	agent-a76ff289b4167e2c4.jsonl	2026-09-04T07:33:37.260Z	claude-opus-5
9e5679f5ddafda8d	-	ineligible	out-of-family:x-noop	-	-	-	agent-a76ff289b4167e2c4.jsonl	2026-09-04T07:36:04.988Z	claude-opus-5
ae9ecf2802f9c55f	-	ineligible	out-of-family:x-noop	-	-	-	agent-a76ff289b4167e2c4.jsonl	2026-09-04T07:37:32.976Z	claude-opus-5
2f1c5793f50dc00c	-	ineligible	out-of-family:x-other	-	-	-	agent-a9b508fac0919ee31.jsonl	2026-09-08T07:43:43.344Z	claude-opus-5
6447a14cd5b79bd2	-	ineligible	out-of-family:x-other	-	-	-	agent-a9b508fac0919ee31.jsonl	2026-09-08T07:43:51.694Z	claude-opus-5
3d620968a983e204	-	ineligible	out-of-family:x-other	-	-	-	agent-a9b508fac0919ee31.jsonl	2026-09-08T07:43:56.010Z	claude-opus-5
5ee32b964f0dc61d	-	ineligible	out-of-family:x-noop	-	-	-	agent-a5f1869c82f793e00.jsonl	2026-09-03T04:41:11.485Z	claude-opus-5
7dd07a2fd703bc94	-	ineligible	out-of-family:x-noop	-	-	-	agent-a5f1869c82f793e00.jsonl	2026-09-03T04:43:39.770Z	claude-opus-5
c716722f541f151d	-	ineligible	out-of-family:x-other	-	-	-	agent-a5f1869c82f793e00.jsonl	2026-09-03T04:43:44.043Z	claude-opus-5
7fefa81a19a783c9	T	eligible	ok	/home/forge/src/clj-surgeon-readpath	test/clj_surgeon/outline_memory_test.clj	a8452157be7073a8f6b165a17dce6b316a14a9c2	agent-a5f1869c82f793e00.jsonl	2026-09-03T04:47:21.249Z	claude-opus-5
e85da3aa297ea358	-	ineligible	out-of-family:x-other	-	-	-	agent-a5f1869c82f793e00.jsonl	2026-09-03T04:48:58.265Z	claude-opus-5
1c990cdf86bbcfdd	-	ineligible	out-of-family:x-noop	-	-	-	agent-a5f1869c82f793e00.jsonl	2026-09-03T04:49:02.227Z	claude-opus-5
4de22866d8dfadce	-	ineligible	out-of-family:x-noop	-	-	-	agent-a5f1869c82f793e00.jsonl	2026-09-03T04:49:28.713Z	claude-opus-5
68188353209f3035	-	ineligible	out-of-family:x-noop	-	-	-	agent-a5f1869c82f793e00.jsonl	2026-09-03T04:51:31.272Z	claude-opus-5
7d9300ace6be8782	-	ineligible	out-of-family:x-noop	-	-	-	agent-a5f1869c82f793e00.jsonl	2026-09-03T04:58:47.819Z	claude-opus-5
a5322af0f4290c1f	-	ineligible	out-of-family:x-noop	-	-	-	agent-a5f1869c82f793e00.jsonl	2026-09-03T05:10:17.844Z	claude-opus-5
09be954848f068ba	-	ineligible	out-of-family:x-noop	-	-	-	agent-a5f1869c82f793e00.jsonl	2026-09-03T05:11:13.150Z	claude-opus-5
ec995b9f50434bf0	-	ineligible	out-of-family:x-noop	-	-	-	agent-a5f1869c82f793e00.jsonl	2026-09-03T05:50:25.684Z	claude-opus-5
027ade4547375f56	-	ineligible	out-of-family:x-noop	-	-	-	agent-a5f1869c82f793e00.jsonl	2026-09-03T06:15:52.323Z	claude-opus-5
23063223da656d77	-	ineligible	out-of-family:x-other	-	-	-	agent-aa8734dc45727a8ee.jsonl	2026-09-09T15:19:46.955Z	claude-opus-5
7a0f8a59223cf36b	-	ineligible	out-of-family:x-other	-	-	-	agent-aa8734dc45727a8ee.jsonl	2026-09-09T15:20:09.362Z	claude-opus-5
36212a3b88bced90	-	ineligible	out-of-family:x-noop	-	-	-	agent-aa8734dc45727a8ee.jsonl	2026-09-09T15:26:40.166Z	claude-opus-5
bbfd467366cf0e02	-	ineligible	out-of-family:x-other	-	-	-	agent-aa8734dc45727a8ee.jsonl	2026-09-09T15:34:25.514Z	claude-opus-5
e571cb7d0ccd4169	-	ineligible	out-of-family:x-other	-	-	-	agent-aa8734dc45727a8ee.jsonl	2026-09-09T15:41:53.397Z	claude-opus-5
f52db27fbd994f13	-	ineligible	out-of-family:x-noop	-	-	-	agent-aa8734dc45727a8ee.jsonl	2026-09-09T16:18:28.134Z	claude-opus-5
f01b595a55456762	-	ineligible	out-of-family:x-noop	-	-	-	agent-aa8734dc45727a8ee.jsonl	2026-09-09T16:22:05.528Z	claude-opus-5
6014475af0fb9aff	-	ineligible	out-of-family:x-noop	-	-	-	agent-aa8734dc45727a8ee.jsonl	2026-09-09T16:22:19.771Z	claude-opus-5
fb8d3b157b29a3a1	-	ineligible	out-of-family:x-other	-	-	-	agent-aa8734dc45727a8ee.jsonl	2026-09-09T16:27:18.101Z	claude-opus-5
5811b31cf6cd7d81	-	ineligible	out-of-family:x-noop	-	-	-	agent-aa8734dc45727a8ee.jsonl	2026-09-09T16:31:39.251Z	claude-opus-5
c29722c123f55993	-	ineligible	out-of-family:x-noop	-	-	-	agent-aa8734dc45727a8ee.jsonl	2026-09-09T16:33:00.418Z	claude-opus-5
657925f38ebdcc37	-	ineligible	out-of-family:x-noop	-	-	-	agent-aa8734dc45727a8ee.jsonl	2026-09-09T16:50:10.779Z	claude-opus-5
14ae36bbacdcc9b8	-	ineligible	out-of-family:x-noop	-	-	-	agent-aa8734dc45727a8ee.jsonl	2026-09-09T16:57:45.650Z	claude-opus-5
35948869bab41454	-	ineligible	out-of-family:x-other	-	-	-	agent-aa8734dc45727a8ee.jsonl	2026-09-09T17:42:10.627Z	claude-opus-5
4e6975786f488268	-	ineligible	out-of-family:x-other	-	-	-	agent-aa8734dc45727a8ee.jsonl	2026-09-09T17:42:39.778Z	claude-opus-5
57f6c3eaf00652d1	-	ineligible	out-of-family:x-noop	-	-	-	agent-aa8734dc45727a8ee.jsonl	2026-09-09T17:54:28.204Z	claude-opus-5
18a5044583b74474	-	ineligible	out-of-family:x-other	-	-	-	agent-aa8734dc45727a8ee.jsonl	2026-09-09T18:13:00.354Z	claude-opus-5
5805e31ac0e19a1b	-	ineligible	out-of-family:x-noop	-	-	-	agent-aa8734dc45727a8ee.jsonl	2026-09-09T18:38:46.218Z	claude-opus-5
1ea3bc5af14c9402	-	ineligible	out-of-family:x-noop	-	-	-	agent-aa8734dc45727a8ee.jsonl	2026-09-09T18:39:39.667Z	claude-opus-5
85a0b940b12247aa	-	ineligible	out-of-family:x-other	-	-	-	agent-aa8734dc45727a8ee.jsonl	2026-09-09T18:45:07.464Z	claude-opus-5
2af87cddb92258c4	-	ineligible	out-of-family:x-noop	-	-	-	agent-aa8734dc45727a8ee.jsonl	2026-09-09T18:45:48.343Z	claude-opus-5
0c8a86bf9ee5b3a7	-	ineligible	out-of-family:x-noop	-	-	-	agent-aa8734dc45727a8ee.jsonl	2026-09-09T18:46:06.435Z	claude-opus-5
38ab6319631c5ff2	-	ineligible	out-of-family:x-other	-	-	-	agent-aa8734dc45727a8ee.jsonl	2026-09-09T18:47:28.307Z	claude-opus-5
2ffab72f9a14ca7f	-	ineligible	out-of-family:x-noop	-	-	-	agent-aa8734dc45727a8ee.jsonl	2026-09-09T19:15:50.599Z	claude-opus-5
4f7108d9dd88c100	-	ineligible	out-of-family:x-noop	-	-	-	agent-aa8734dc45727a8ee.jsonl	2026-09-09T20:04:58.980Z	claude-opus-5
d56b7aba925cba29	-	ineligible	out-of-family:x-noop	-	-	-	agent-aa8734dc45727a8ee.jsonl	2026-09-09T20:05:25.880Z	claude-opus-5
027b2fa854d09457	-	ineligible	out-of-family:x-noop	-	-	-	agent-aa8734dc45727a8ee.jsonl	2026-09-09T20:07:20.049Z	claude-opus-5
61e0814b099b6881	-	ineligible	out-of-family:x-noop	-	-	-	agent-aa8734dc45727a8ee.jsonl	2026-09-09T20:28:22.307Z	claude-opus-5
ca680c09a772b1da	-	ineligible	out-of-family:x-other	-	-	-	agent-aa8734dc45727a8ee.jsonl	2026-09-09T20:42:28.768Z	claude-opus-5
330ee082596272e4	-	ineligible	out-of-family:x-noop	-	-	-	agent-aa8734dc45727a8ee.jsonl	2026-09-09T21:02:08.071Z	claude-opus-5
c0b3f01815fbdb26	-	ineligible	out-of-family:x-noop	-	-	-	agent-aa8734dc45727a8ee.jsonl	2026-09-09T21:03:02.119Z	claude-opus-5
1993de431b385e66	-	ineligible	out-of-family:x-noop	-	-	-	agent-aa8734dc45727a8ee.jsonl	2026-09-09T21:03:53.257Z	claude-opus-5
6c8d2829a4f6438e	-	ineligible	out-of-family:x-noop	-	-	-	agent-aa8734dc45727a8ee.jsonl	2026-09-09T21:24:45.332Z	claude-opus-5
7421c642e4c9b5dd	-	ineligible	out-of-family:x-noop	-	-	-	agent-aa8734dc45727a8ee.jsonl	2026-09-09T21:39:57.955Z	claude-opus-5
ebfda042f25ff3a1	-	ineligible	out-of-family:x-noop	-	-	-	agent-aa8734dc45727a8ee.jsonl	2026-09-09T21:54:59.152Z	claude-opus-5
4e3d5e796ad39dfc	-	ineligible	out-of-family:x-noop	-	-	-	agent-aa8734dc45727a8ee.jsonl	2026-09-09T21:56:22.107Z	claude-opus-5
0104f1fd0827fe33	-	ineligible	out-of-family:x-noop	-	-	-	agent-aa8734dc45727a8ee.jsonl	2026-09-09T21:56:39.059Z	claude-opus-5
7c42b4a622ddd5cf	-	ineligible	out-of-family:x-noop	-	-	-	agent-aa8734dc45727a8ee.jsonl	2026-09-09T22:11:13.623Z	claude-opus-5
ba4133c964c04020	-	ineligible	out-of-family:x-noop	-	-	-	agent-aa8734dc45727a8ee.jsonl	2026-09-09T22:30:10.958Z	claude-opus-5
9be568c5047f293c	-	ineligible	out-of-family:x-noop	-	-	-	agent-aa8734dc45727a8ee.jsonl	2026-09-09T22:30:33.178Z	claude-opus-5
66087fc705e97c9e	-	ineligible	out-of-family:x-other	-	-	-	agent-aa8734dc45727a8ee.jsonl	2026-09-09T22:43:14.891Z	claude-opus-5
d06fffa42dd347dc	-	ineligible	out-of-family:x-noop	-	-	-	agent-aa8734dc45727a8ee.jsonl	2026-09-09T22:44:45.741Z	claude-opus-5
4adbf33650dc11d8	-	ineligible	out-of-family:x-noop	-	-	-	agent-aa8734dc45727a8ee.jsonl	2026-09-09T23:13:22.389Z	claude-opus-5
baed21dabf200f00	-	ineligible	out-of-family:x-other	-	-	-	agent-aa8734dc45727a8ee.jsonl	2026-09-09T23:13:31.446Z	claude-opus-5
0b5064b3229ecc76	-	ineligible	out-of-family:x-noop	-	-	-	agent-aa8734dc45727a8ee.jsonl	2026-09-09T23:26:34.966Z	claude-opus-5
d28c4634f4ffdc9e	-	ineligible	out-of-family:x-other	-	-	-	agent-aa8734dc45727a8ee.jsonl	2026-09-09T23:44:21.397Z	claude-opus-5
e597e2bab63465e4	-	ineligible	out-of-family:x-noop	-	-	-	agent-aa8734dc45727a8ee.jsonl	2026-09-09T23:44:56.748Z	claude-opus-5
7339fd710a06ab4a	-	ineligible	out-of-family:x-noop	-	-	-	agent-aa8734dc45727a8ee.jsonl	2026-09-09T23:45:26.399Z	claude-opus-5
a859280b834d79f9	-	ineligible	out-of-family:x-noop	-	-	-	agent-aa8734dc45727a8ee.jsonl	2026-09-09T23:59:09.644Z	claude-opus-5
234c24f358b5474c	-	ineligible	out-of-family:x-noop	-	-	-	agent-aa8734dc45727a8ee.jsonl	2026-09-10T00:19:02.192Z	claude-opus-5
d783a69b6b7d72a3	-	ineligible	out-of-family:x-noop	-	-	-	agent-aa8734dc45727a8ee.jsonl	2026-09-10T00:44:26.148Z	claude-opus-5
f405fd7001a8a18f	-	ineligible	out-of-family:x-noop	-	-	-	agent-aa8734dc45727a8ee.jsonl	2026-09-10T00:45:46.762Z	claude-opus-5
bbd611a17b2006ea	-	ineligible	out-of-family:x-noop	-	-	-	agent-aa8734dc45727a8ee.jsonl	2026-09-10T01:09:58.474Z	claude-opus-5
6c32b07e448020a7	-	ineligible	out-of-family:x-noop	-	-	-	agent-a80fe6b4467a1e74b.jsonl	2026-09-07T14:38:30.783Z	claude-opus-5
cfae89458bf423e3	-	ineligible	out-of-family:x-noop	-	-	-	agent-a80fe6b4467a1e74b.jsonl	2026-09-07T14:38:38.143Z	claude-opus-5
22803acabedc8efb	-	ineligible	out-of-family:x-noop	-	-	-	agent-a80fe6b4467a1e74b.jsonl	2026-09-07T14:39:26.227Z	claude-opus-5
6e2278ea2ac1b7c4	-	ineligible	out-of-family:x-noop	-	-	-	agent-a7d9f4d1a4facd969.jsonl	2026-09-08T20:40:01.909Z	claude-opus-5
7cd19a421bb0ed45	-	ineligible	out-of-family:x-noop	-	-	-	agent-a7d9f4d1a4facd969.jsonl	2026-09-08T20:40:25.967Z	claude-opus-5
8253cfd51ba78041	-	ineligible	out-of-family:x-noop	-	-	-	agent-a7e43399c1de1986b.jsonl	2026-09-03T08:26:25.936Z	claude-opus-5
fdea6319270eab8f	-	ineligible	out-of-family:x-noop	-	-	-	agent-a7e43399c1de1986b.jsonl	2026-09-03T08:27:00.768Z	claude-opus-5
1b16244a2ca23b7a	-	ineligible	out-of-family:x-noop	-	-	-	agent-a7e43399c1de1986b.jsonl	2026-09-03T08:28:26.277Z	claude-opus-5
723f18a6115daf1f	-	ineligible	out-of-family:x-noop	-	-	-	agent-a7e43399c1de1986b.jsonl	2026-09-03T08:28:49.794Z	claude-opus-5
a0ee569dfb6d4d5f	-	ineligible	out-of-family:x-noop	-	-	-	agent-a7e43399c1de1986b.jsonl	2026-09-03T08:29:11.842Z	claude-opus-5
b37c310891d13045	-	ineligible	out-of-family:x-noop	-	-	-	agent-a7e43399c1de1986b.jsonl	2026-09-03T08:29:40.269Z	claude-opus-5
2a636e06bb5aa3b6	-	ineligible	out-of-family:x-noop	-	-	-	agent-a7e43399c1de1986b.jsonl	2026-09-03T08:29:56.977Z	claude-opus-5
341dc7269d18ce81	-	ineligible	out-of-family:x-noop	-	-	-	agent-a7e43399c1de1986b.jsonl	2026-09-03T08:30:40.580Z	claude-opus-5
fc2049996b0a22b9	-	ineligible	out-of-family:x-noop	-	-	-	agent-a7e43399c1de1986b.jsonl	2026-09-03T08:31:46.662Z	claude-opus-5
618ca7f6a8a463ff	-	ineligible	out-of-family:x-noop	-	-	-	agent-a7e43399c1de1986b.jsonl	2026-09-03T08:32:35.654Z	claude-opus-5
6e3dbb5c3aca8d02	-	ineligible	out-of-family:x-noop	-	-	-	agent-a7e43399c1de1986b.jsonl	2026-09-03T08:32:48.179Z	claude-opus-5
cfda71cca04c1040	-	ineligible	out-of-family:x-noop	-	-	-	agent-a7e43399c1de1986b.jsonl	2026-09-03T08:33:44.380Z	claude-opus-5
5311248b95326869	-	ineligible	out-of-family:x-noop	-	-	-	agent-a7e43399c1de1986b.jsonl	2026-09-03T08:33:52.958Z	claude-opus-5
0d7591971495a907	-	ineligible	out-of-family:x-noop	-	-	-	agent-a7e43399c1de1986b.jsonl	2026-09-03T08:36:27.662Z	claude-opus-5
2e701270a73fb387	R	ineligible	lab-fixture-repo-not-original	/home/forge/src/mvr-row2-PB4	-	-	agent-a5739e604e6db3577.jsonl	2026-09-08T21:42:36.725Z	claude-opus-5
b01923a56667ce50	-	ineligible	out-of-family:x-noop	-	-	-	agent-aa8a2797036dce04b.jsonl	2026-09-06T01:02:10.056Z	claude-opus-5
664566e6e609cfe4	-	ineligible	out-of-family:x-noop	-	-	-	agent-aa8a2797036dce04b.jsonl	2026-09-06T01:05:55.817Z	claude-opus-5
aa0bb0312ef2fa49	-	ineligible	out-of-family:x-noop	-	-	-	agent-a95412e047cb1f033.jsonl	2026-09-06T01:43:56.053Z	claude-opus-5
cad3109fdefc790c	-	ineligible	out-of-family:x-other	-	-	-	agent-a95412e047cb1f033.jsonl	2026-09-06T01:44:05.189Z	claude-opus-5
0211b018590c327a	-	ineligible	out-of-family:x-noop	-	-	-	agent-a95412e047cb1f033.jsonl	2026-09-06T01:44:34.039Z	claude-opus-5
a103a1606faf7bf7	-	ineligible	out-of-family:x-other	-	-	-	agent-a95412e047cb1f033.jsonl	2026-09-06T01:44:36.479Z	claude-opus-5
138a2ba47d2bff94	-	ineligible	out-of-family:x-other	-	-	-	agent-a95412e047cb1f033.jsonl	2026-09-06T01:44:50.046Z	claude-opus-5
fb56f4983cf3b1e2	-	ineligible	out-of-family:x-other	-	-	-	agent-a95412e047cb1f033.jsonl	2026-09-06T01:45:17.766Z	claude-opus-5
f00d3ebc538ea5ff	-	ineligible	out-of-family:x-noop	-	-	-	agent-a95412e047cb1f033.jsonl	2026-09-06T01:47:49.450Z	claude-opus-5
ab94e468883a1764	-	ineligible	out-of-family:x-other	-	-	-	agent-a95412e047cb1f033.jsonl	2026-09-06T01:47:55.841Z	claude-opus-5
e48b88808211d346	-	ineligible	out-of-family:x-noop	-	-	-	agent-a95412e047cb1f033.jsonl	2026-09-06T01:48:18.432Z	claude-opus-5
3a4a5ff7dd8fef7a	-	ineligible	out-of-family:x-noop	-	-	-	agent-a95412e047cb1f033.jsonl	2026-09-06T01:48:53.808Z	claude-opus-5
73c4fdc32d6220de	-	ineligible	out-of-family:x-noop	-	-	-	agent-a95412e047cb1f033.jsonl	2026-09-06T01:49:13.114Z	claude-opus-5
d86c7678701c9a59	-	ineligible	out-of-family:x-other	-	-	-	agent-a95412e047cb1f033.jsonl	2026-09-06T01:49:18.513Z	claude-opus-5
17682c186b6736f6	-	ineligible	out-of-family:x-noop	-	-	-	agent-a95412e047cb1f033.jsonl	2026-09-06T01:49:49.248Z	claude-opus-5
23f1d28ff1ec8035	-	ineligible	out-of-family:x-other	-	-	-	agent-a95412e047cb1f033.jsonl	2026-09-06T01:50:12.434Z	claude-opus-5
c298373e159ee884	-	ineligible	out-of-family:x-noop	-	-	-	agent-a95412e047cb1f033.jsonl	2026-09-06T01:51:31.224Z	claude-opus-5
c288300e9b53954a	-	ineligible	out-of-family:x-noop	-	-	-	agent-a95412e047cb1f033.jsonl	2026-09-06T01:51:47.433Z	claude-opus-5
cd5b6db6581f8823	-	ineligible	out-of-family:x-noop	-	-	-	agent-acb512c20c86b2f9a.jsonl	2026-09-04T05:28:24.924Z	claude-sonnet-5
a9bbb5b89d60450c	-	ineligible	out-of-family:x-noop	-	-	-	agent-acb512c20c86b2f9a.jsonl	2026-09-04T05:32:54.868Z	claude-sonnet-5
080e90c85770f56d	-	ineligible	out-of-family:x-noop	-	-	-	agent-acb512c20c86b2f9a.jsonl	2026-09-04T05:32:59.947Z	claude-sonnet-5
6adb6235beef58b5	-	ineligible	out-of-family:x-noop	-	-	-	agent-acb512c20c86b2f9a.jsonl	2026-09-04T05:39:27.904Z	claude-sonnet-5
c4dbca6775d22dd4	-	ineligible	out-of-family:x-noop	-	-	-	agent-acb512c20c86b2f9a.jsonl	2026-09-04T05:42:07.286Z	claude-sonnet-5
f2a70b807ca0e734	-	ineligible	out-of-family:x-other	-	-	-	agent-acb512c20c86b2f9a.jsonl	2026-09-04T05:55:07.895Z	claude-sonnet-5
8a0bd88fdbec0103	-	ineligible	out-of-family:x-noop	-	-	-	agent-acb512c20c86b2f9a.jsonl	2026-09-04T05:58:56.638Z	claude-sonnet-5
a7c2e781d2966450	-	ineligible	out-of-family:x-other	-	-	-	agent-acb512c20c86b2f9a.jsonl	2026-09-04T06:01:06.836Z	claude-sonnet-5
4a278193add7f452	-	ineligible	out-of-family:x-noop	-	-	-	agent-a62ad08979fc4afbc.jsonl	2026-09-03T02:58:45.279Z	claude-opus-5
9b125477bac7d134	-	ineligible	out-of-family:x-other	-	-	-	agent-a62ad08979fc4afbc.jsonl	2026-09-03T02:58:54.204Z	claude-opus-5
0d805b73837a4d32	-	ineligible	out-of-family:x-noop	-	-	-	agent-a62ad08979fc4afbc.jsonl	2026-09-03T02:59:31.977Z	claude-opus-5
34973ff10aa5ecce	-	ineligible	out-of-family:x-noop	-	-	-	agent-a62ad08979fc4afbc.jsonl	2026-09-03T02:59:53.545Z	claude-opus-5
de06b01cd7d01c50	-	ineligible	out-of-family:x-noop	-	-	-	agent-a62ad08979fc4afbc.jsonl	2026-09-03T03:01:44.767Z	claude-opus-5
62beaf9611f2bd17	-	ineligible	out-of-family:x-noop	-	-	-	agent-a62ad08979fc4afbc.jsonl	2026-09-03T03:02:07.740Z	claude-opus-5
65d3014b3075a64a	-	ineligible	out-of-family:x-noop	-	-	-	agent-a62ad08979fc4afbc.jsonl	2026-09-03T03:03:29.072Z	claude-opus-5
4581cb34daccdad5	-	ineligible	out-of-family:x-noop	-	-	-	agent-a62ad08979fc4afbc.jsonl	2026-09-03T03:03:51.709Z	claude-opus-5
2a616fe87915611e	-	ineligible	out-of-family:x-noop	-	-	-	agent-aab6a773af84935ee.jsonl	2026-09-03T02:32:16.144Z	claude-opus-5
1883b6a4e367362a	-	ineligible	out-of-family:x-noop	-	-	-	agent-aab6a773af84935ee.jsonl	2026-09-03T02:32:37.235Z	claude-opus-5
00651f24815a7608	-	ineligible	out-of-family:x-noop	-	-	-	agent-aab6a773af84935ee.jsonl	2026-09-03T02:36:50.506Z	claude-opus-5
658acd37b4979f69	-	ineligible	out-of-family:x-noop	-	-	-	agent-aab6a773af84935ee.jsonl	2026-09-03T02:57:32.990Z	claude-opus-5
5ded5fa21aa9879f	-	ineligible	out-of-family:x-noop	-	-	-	agent-aab6a773af84935ee.jsonl	2026-09-03T02:58:57.002Z	claude-opus-5
ad4a61f8b7bbf55f	-	ineligible	out-of-family:x-noop	-	-	-	agent-aab6a773af84935ee.jsonl	2026-09-03T02:59:57.429Z	claude-opus-5
2d0438254c7c1254	-	ineligible	out-of-family:x-other	-	-	-	agent-aab6a773af84935ee.jsonl	2026-09-03T03:00:02.954Z	claude-opus-5
3b0534c9bb587ce2	-	ineligible	out-of-family:x-noop	-	-	-	agent-aab6a773af84935ee.jsonl	2026-09-03T03:00:37.131Z	claude-opus-5
9869a71a6f7b275b	-	ineligible	out-of-family:x-noop	-	-	-	agent-aab6a773af84935ee.jsonl	2026-09-03T03:00:58.303Z	claude-opus-5
ba4b1c8002da37b8	-	ineligible	out-of-family:x-noop	-	-	-	agent-aab6a773af84935ee.jsonl	2026-09-03T03:01:13.649Z	claude-opus-5
36f0217861e688d6	-	ineligible	out-of-family:x-noop	-	-	-	agent-aab6a773af84935ee.jsonl	2026-09-03T03:02:03.809Z	claude-opus-5
a0dc404fdb634fc0	-	ineligible	out-of-family:x-noop	-	-	-	agent-aab6a773af84935ee.jsonl	2026-09-03T03:02:30.547Z	claude-opus-5
e368083b600fc83c	-	ineligible	out-of-family:x-noop	-	-	-	agent-aab6a773af84935ee.jsonl	2026-09-03T03:03:30.377Z	claude-opus-5
f29e871f117c43f5	-	ineligible	out-of-family:x-noop	-	-	-	agent-aab6a773af84935ee.jsonl	2026-09-03T03:04:30.738Z	claude-opus-5
f9d64f3b390a9cda	-	ineligible	out-of-family:x-noop	-	-	-	agent-aab6a773af84935ee.jsonl	2026-09-03T03:05:33.432Z	claude-opus-5
5ac7267342503ea5	-	ineligible	out-of-family:x-noop	-	-	-	agent-aab6a773af84935ee.jsonl	2026-09-03T03:06:50.783Z	claude-opus-5
0c5b2ab7d0b4e63c	-	ineligible	out-of-family:x-noop	-	-	-	agent-aab6a773af84935ee.jsonl	2026-09-03T03:07:31.718Z	claude-opus-5
fc7ab3d5766276f4	-	ineligible	out-of-family:x-noop	-	-	-	agent-aab6a773af84935ee.jsonl	2026-09-03T03:08:53.540Z	claude-opus-5
419a081e8dc48c68	-	ineligible	out-of-family:x-noop	-	-	-	agent-aab6a773af84935ee.jsonl	2026-09-03T03:09:02.148Z	claude-opus-5
7bf0cca79e399c03	-	ineligible	out-of-family:x-noop	-	-	-	agent-aab6a773af84935ee.jsonl	2026-09-03T03:09:20.462Z	claude-opus-5
81b1121dcbb894fd	-	ineligible	out-of-family:x-noop	-	-	-	agent-aab6a773af84935ee.jsonl	2026-09-03T03:10:55.815Z	claude-opus-5
3714c3f3cbafbf39	-	ineligible	out-of-family:x-noop	-	-	-	agent-aab6a773af84935ee.jsonl	2026-09-03T03:12:07.213Z	claude-opus-5
497dec33bfa0b825	-	ineligible	out-of-family:x-noop	-	-	-	agent-aab6a773af84935ee.jsonl	2026-09-03T03:13:33.369Z	claude-opus-5
1d582f7036aaccae	-	ineligible	out-of-family:x-noop	-	-	-	agent-aab6a773af84935ee.jsonl	2026-09-03T03:13:51.305Z	claude-opus-5
671b633e9ac45b37	-	ineligible	out-of-family:x-noop	-	-	-	agent-aab6a773af84935ee.jsonl	2026-09-03T03:14:59.815Z	claude-opus-5
1ef1132ed843020b	-	ineligible	out-of-family:x-noop	-	-	-	agent-aab6a773af84935ee.jsonl	2026-09-03T03:15:20.424Z	claude-opus-5
95050ca08733ac07	-	ineligible	out-of-family:x-noop	-	-	-	agent-aab6a773af84935ee.jsonl	2026-09-03T03:16:11.300Z	claude-opus-5
4ca9f1241ba25e8c	-	ineligible	out-of-family:x-noop	-	-	-	agent-aab6a773af84935ee.jsonl	2026-09-03T03:18:18.613Z	claude-opus-5
49c7ca2c16cb0e0f	-	ineligible	out-of-family:x-noop	-	-	-	agent-aab6a773af84935ee.jsonl	2026-09-03T03:18:40.215Z	claude-opus-5
5df5dca134309e57	-	ineligible	out-of-family:x-noop	-	-	-	agent-aab6a773af84935ee.jsonl	2026-09-03T03:26:19.334Z	claude-opus-5
5250b7a186f3d654	-	ineligible	out-of-family:x-noop	-	-	-	agent-aab6a773af84935ee.jsonl	2026-09-03T03:26:39.608Z	claude-opus-5
8467e07ed3a9e97e	-	ineligible	out-of-family:x-noop	-	-	-	agent-a1b31b6db424a96ed.jsonl	2026-09-07T22:06:22.667Z	claude-opus-5
3fd8fa7b527c5cb4	-	ineligible	out-of-family:x-other	-	-	-	agent-a1b31b6db424a96ed.jsonl	2026-09-07T22:07:14.044Z	claude-opus-5
f6e12daf625aaa60	-	ineligible	out-of-family:x-noop	-	-	-	agent-a1b31b6db424a96ed.jsonl	2026-09-07T22:07:23.758Z	claude-opus-5
03f79ed98dad2dec	-	ineligible	out-of-family:x-noop	-	-	-	agent-a1b31b6db424a96ed.jsonl	2026-09-07T22:07:43.554Z	claude-opus-5
ae44b00e5fdd4df3	-	ineligible	out-of-family:x-noop	-	-	-	agent-a39eed948b82f3bdf.jsonl	2026-09-07T21:16:40.660Z	claude-opus-5
554dc312597b1be7	-	ineligible	out-of-family:x-noop	-	-	-	agent-a39eed948b82f3bdf.jsonl	2026-09-07T21:17:15.744Z	claude-opus-5
40a0abe891f91f2b	-	ineligible	out-of-family:x-noop	-	-	-	agent-a39eed948b82f3bdf.jsonl	2026-09-07T21:18:52.640Z	claude-opus-5
500e2cc807aa87e0	-	ineligible	out-of-family:x-noop	-	-	-	agent-a39eed948b82f3bdf.jsonl	2026-09-07T21:19:15.271Z	claude-opus-5
3c3a95e8e0672986	-	ineligible	out-of-family:x-noop	-	-	-	agent-a39eed948b82f3bdf.jsonl	2026-09-07T21:19:46.695Z	claude-opus-5
8cf847769803cf16	-	ineligible	out-of-family:x-noop	-	-	-	agent-abf33ae7c402b6c38.jsonl	2026-09-03T05:15:29.513Z	claude-opus-5
4452b6091308149f	-	ineligible	out-of-family:x-noop	-	-	-	agent-abf33ae7c402b6c38.jsonl	2026-09-03T05:16:07.727Z	claude-opus-5
3c898226f5f71595	-	ineligible	out-of-family:x-noop	-	-	-	agent-abf33ae7c402b6c38.jsonl	2026-09-03T05:18:35.529Z	claude-opus-5
f45c0b1719b77b57	-	ineligible	out-of-family:x-noop	-	-	-	agent-abf33ae7c402b6c38.jsonl	2026-09-03T05:20:19.390Z	claude-opus-5
b558b42a0feb31d9	-	ineligible	out-of-family:x-noop	-	-	-	agent-abf33ae7c402b6c38.jsonl	2026-09-03T05:22:22.487Z	claude-opus-5
921ed2d0bb947c94	-	ineligible	out-of-family:x-noop	-	-	-	agent-abf33ae7c402b6c38.jsonl	2026-09-03T05:23:29.600Z	claude-opus-5
e5ffa577f3484a62	-	ineligible	out-of-family:x-noop	-	-	-	agent-abf33ae7c402b6c38.jsonl	2026-09-03T05:23:57.485Z	claude-opus-5
bea203d69e06e867	-	ineligible	out-of-family:x-noop	-	-	-	agent-abf33ae7c402b6c38.jsonl	2026-09-03T05:24:08.578Z	claude-opus-5
76212a8e97352191	-	ineligible	out-of-family:x-noop	-	-	-	agent-abf33ae7c402b6c38.jsonl	2026-09-03T05:24:15.258Z	claude-opus-5
01f1eba87e9778ee	-	ineligible	out-of-family:x-noop	-	-	-	agent-abf33ae7c402b6c38.jsonl	2026-09-03T05:24:39.023Z	claude-opus-5
7a7ff12ba969ff61	-	ineligible	out-of-family:x-noop	-	-	-	agent-abf33ae7c402b6c38.jsonl	2026-09-03T05:25:34.720Z	claude-opus-5
af75c20e3b0b9fdd	-	ineligible	out-of-family:x-noop	-	-	-	agent-abf33ae7c402b6c38.jsonl	2026-09-03T05:26:13.288Z	claude-opus-5
e8f9665294568f26	-	ineligible	out-of-family:x-noop	-	-	-	agent-abf33ae7c402b6c38.jsonl	2026-09-03T05:37:35.410Z	claude-opus-5
52671e23686e1d76	-	ineligible	out-of-family:x-noop	-	-	-	agent-abf33ae7c402b6c38.jsonl	2026-09-03T05:39:08.766Z	claude-opus-5
66681c95586facc5	-	ineligible	out-of-family:x-noop	-	-	-	agent-ac38752acbe3f6769.jsonl	2026-09-05T18:39:47.951Z	claude-opus-5
927a9587415e63ca	-	ineligible	out-of-family:x-noop	-	-	-	agent-ac38752acbe3f6769.jsonl	2026-09-05T18:39:56.234Z	claude-opus-5
c8b4d8dc3314dc34	-	ineligible	out-of-family:x-other	-	-	-	agent-ac38752acbe3f6769.jsonl	2026-09-05T18:41:59.199Z	claude-opus-5
5cac75ad04f0d9e0	-	ineligible	out-of-family:x-noop	-	-	-	agent-ac38752acbe3f6769.jsonl	2026-09-05T18:42:46.838Z	claude-opus-5
f1762a39a467ca6f	-	ineligible	out-of-family:x-noop	-	-	-	agent-ac38752acbe3f6769.jsonl	2026-09-05T18:44:35.430Z	claude-opus-5
d9de2f054fa8c9f8	-	ineligible	out-of-family:x-noop	-	-	-	agent-ac38752acbe3f6769.jsonl	2026-09-05T18:45:03.315Z	claude-opus-5
d340c1cf6c78864e	-	ineligible	out-of-family:x-noop	-	-	-	agent-ac38752acbe3f6769.jsonl	2026-09-05T18:47:04.813Z	claude-opus-5
66b496a08d828988	I	ineligible	pre-edit-bytes-not-recoverable	/home/forge/src/clj-surgeon	-	-	agent-ac38752acbe3f6769.jsonl	2026-09-05T18:47:15.418Z	claude-opus-5
c9c7b9c8797440d6	-	ineligible	out-of-family:x-noop	-	-	-	agent-ac38752acbe3f6769.jsonl	2026-09-05T18:47:26.387Z	claude-opus-5
87a553dd7e50add7	I	eligible	ok	/home/forge/src/clj-surgeon	src/clj_surgeon/mission_cli.clj	71dd6eff8207bed39a6e83220314a91286c35e03	agent-ac38752acbe3f6769.jsonl	2026-09-05T18:47:34.857Z	claude-opus-5
3a8e88328995c95b	-	ineligible	out-of-family:x-noop	-	-	-	agent-ac38752acbe3f6769.jsonl	2026-09-05T18:48:03.476Z	claude-opus-5
ca509a0a1a98231e	I	eligible	ok	/home/forge/src/clj-surgeon	src/clj_surgeon/mission.clj	71dd6eff8207bed39a6e83220314a91286c35e03	agent-ac38752acbe3f6769.jsonl	2026-09-05T18:48:42.074Z	claude-opus-5
0e70a82f68eb60e7	-	ineligible	out-of-family:x-noop	-	-	-	agent-ac38752acbe3f6769.jsonl	2026-09-05T18:48:50.131Z	claude-opus-5
108ae2a4f2a79b46	-	ineligible	out-of-family:x-noop	-	-	-	agent-ac38752acbe3f6769.jsonl	2026-09-05T18:49:06.697Z	claude-opus-5
8f04c80be92488ed	-	ineligible	out-of-family:x-noop	-	-	-	agent-ac38752acbe3f6769.jsonl	2026-09-05T18:49:18.898Z	claude-opus-5
b959cfe3cb759fb4	-	ineligible	out-of-family:x-noop	-	-	-	agent-ac38752acbe3f6769.jsonl	2026-09-05T18:49:40.575Z	claude-opus-5
a88fdcdfbcc9ac3c	-	ineligible	out-of-family:x-noop	-	-	-	agent-ac38752acbe3f6769.jsonl	2026-09-05T18:49:59.868Z	claude-opus-5
9eaf023495e689df	T	ineligible	pre-edit-bytes-not-recoverable	/home/forge/src/clj-surgeon	-	-	agent-ac38752acbe3f6769.jsonl	2026-09-05T18:50:21.011Z	claude-opus-5
5278c5d76a53bf73	-	ineligible	out-of-family:x-noop	-	-	-	agent-ac38752acbe3f6769.jsonl	2026-09-05T18:51:34.425Z	claude-opus-5
89ecd87556e9028d	-	ineligible	out-of-family:x-other	-	-	-	agent-ac38752acbe3f6769.jsonl	2026-09-05T18:51:39.982Z	claude-opus-5
bb100116e1202162	-	ineligible	out-of-family:x-noop	-	-	-	agent-a7c42ed19d4e6a4d2.jsonl	2026-09-03T19:05:31.082Z	claude-opus-5
dc7c237060a7e6a6	-	ineligible	out-of-family:x-noop	-	-	-	agent-a7c42ed19d4e6a4d2.jsonl	2026-09-03T19:06:29.933Z	claude-opus-5
3609bebb0b6f58ff	-	ineligible	out-of-family:x-noop	-	-	-	agent-a7c42ed19d4e6a4d2.jsonl	2026-09-03T19:08:06.083Z	claude-opus-5
44f535f732035782	-	ineligible	out-of-family:x-noop	-	-	-	agent-a7c42ed19d4e6a4d2.jsonl	2026-09-03T19:08:32.559Z	claude-opus-5
f31469bc7fe51300	-	ineligible	out-of-family:x-noop	-	-	-	agent-a7c42ed19d4e6a4d2.jsonl	2026-09-03T19:20:34.210Z	claude-opus-5
08dde5638ba40727	-	ineligible	out-of-family:x-noop	-	-	-	agent-aaa35fb0f121fdb9a.jsonl	2026-09-03T02:41:30.463Z	claude-opus-5
67161f85e9f9d11d	-	ineligible	out-of-family:x-noop	-	-	-	agent-aaa35fb0f121fdb9a.jsonl	2026-09-03T02:41:58.741Z	claude-opus-5
bbd140ed6da6856d	-	ineligible	out-of-family:x-noop	-	-	-	agent-aaa35fb0f121fdb9a.jsonl	2026-09-03T02:51:31.867Z	claude-opus-5
7f3d24e34ad2d0a2	-	ineligible	out-of-family:x-noop	-	-	-	agent-aaa35fb0f121fdb9a.jsonl	2026-09-03T02:53:17.865Z	claude-opus-5
fc035246790d9930	-	ineligible	out-of-family:x-noop	-	-	-	agent-aaa35fb0f121fdb9a.jsonl	2026-09-03T02:55:27.389Z	claude-opus-5
7197a08dbc291e24	-	ineligible	out-of-family:x-noop	-	-	-	agent-aaa35fb0f121fdb9a.jsonl	2026-09-03T02:55:38.346Z	claude-opus-5
f7db0449132e7d75	-	ineligible	out-of-family:x-noop	-	-	-	agent-aaa35fb0f121fdb9a.jsonl	2026-09-03T02:55:59.369Z	claude-opus-5
f7bce80448bb1872	-	ineligible	out-of-family:x-other	-	-	-	agent-aaa35fb0f121fdb9a.jsonl	2026-09-03T02:57:47.086Z	claude-opus-5
1fe8ddbecf287d8c	-	ineligible	out-of-family:x-other	-	-	-	agent-aaa35fb0f121fdb9a.jsonl	2026-09-03T02:59:04.140Z	claude-opus-5
d8363dff8a1146f4	-	ineligible	out-of-family:x-noop	-	-	-	agent-aaa35fb0f121fdb9a.jsonl	2026-09-03T03:00:24.563Z	claude-opus-5
5ee131b9fb6ca8fe	-	ineligible	out-of-family:x-noop	-	-	-	agent-aaa35fb0f121fdb9a.jsonl	2026-09-03T03:03:34.484Z	claude-opus-5
9a448ac0f8699c50	-	ineligible	out-of-family:x-noop	-	-	-	agent-aaa35fb0f121fdb9a.jsonl	2026-09-03T03:05:06.579Z	claude-opus-5
957233ba97a620fb	-	ineligible	out-of-family:x-noop	-	-	-	agent-aaa35fb0f121fdb9a.jsonl	2026-09-03T03:05:14.162Z	claude-opus-5
92f3099249c8abde	-	ineligible	out-of-family:x-noop	-	-	-	agent-aaa35fb0f121fdb9a.jsonl	2026-09-03T03:07:13.047Z	claude-opus-5
76bc5c5e090d0b1d	T	ineligible	pre-edit-bytes-not-recoverable	/home/forge/src/clj-surgeon	-	-	agent-aaa35fb0f121fdb9a.jsonl	2026-09-03T03:08:31.866Z	claude-opus-5
dc64b23cd6d641b9	-	ineligible	out-of-family:x-noop	-	-	-	agent-aaa35fb0f121fdb9a.jsonl	2026-09-03T03:09:49.713Z	claude-opus-5
6a7ce220b2778faa	-	ineligible	out-of-family:x-noop	-	-	-	agent-aaa35fb0f121fdb9a.jsonl	2026-09-03T03:11:39.584Z	claude-opus-5
592645b6e4cfa7e7	-	ineligible	out-of-family:x-noop	-	-	-	agent-aaa35fb0f121fdb9a.jsonl	2026-09-03T03:12:56.963Z	claude-opus-5
ee0a648f58f93d97	-	ineligible	out-of-family:x-noop	-	-	-	agent-aaa35fb0f121fdb9a.jsonl	2026-09-03T03:14:49.856Z	claude-opus-5
205698bd7cb2759d	-	ineligible	out-of-family:x-noop	-	-	-	agent-aaa35fb0f121fdb9a.jsonl	2026-09-03T03:15:16.972Z	claude-opus-5
8a19ca51965ae206	-	ineligible	out-of-family:x-noop	-	-	-	agent-aaa35fb0f121fdb9a.jsonl	2026-09-03T03:16:41.970Z	claude-opus-5
e5866754a6c47a85	-	ineligible	out-of-family:x-noop	-	-	-	agent-aaa35fb0f121fdb9a.jsonl	2026-09-03T03:17:04.674Z	claude-opus-5
2a45b3737faf7e5b	-	ineligible	out-of-family:x-noop	-	-	-	agent-aaa35fb0f121fdb9a.jsonl	2026-09-03T03:18:20.901Z	claude-opus-5
c11d180c4393a755	-	ineligible	out-of-family:x-noop	-	-	-	agent-aaa35fb0f121fdb9a.jsonl	2026-09-03T03:23:33.100Z	claude-opus-5
baa8fbc3b190af03	-	ineligible	out-of-family:x-noop	-	-	-	agent-aaa35fb0f121fdb9a.jsonl	2026-09-03T03:28:52.829Z	claude-opus-5
856fcd582e1d3cb5	-	ineligible	out-of-family:x-noop	-	-	-	agent-aaa35fb0f121fdb9a.jsonl	2026-09-03T03:30:27.257Z	claude-opus-5
32801e69f9a0d0a9	-	ineligible	out-of-family:x-noop	-	-	-	agent-abd835410547b9851.jsonl	2026-09-03T02:37:36.361Z	claude-opus-5
1d6a1666792de40f	-	ineligible	out-of-family:x-noop	-	-	-	agent-abd835410547b9851.jsonl	2026-09-03T02:38:28.002Z	claude-opus-5
b7a851c1e64b4d77	-	ineligible	out-of-family:x-noop	-	-	-	agent-abd835410547b9851.jsonl	2026-09-03T02:38:56.626Z	claude-opus-5
9b2e9e57375e066e	-	ineligible	out-of-family:x-noop	-	-	-	agent-abd835410547b9851.jsonl	2026-09-03T02:39:07.128Z	claude-opus-5
fa8dc18925c1e472	-	ineligible	out-of-family:x-noop	-	-	-	agent-abd835410547b9851.jsonl	2026-09-03T02:39:17.254Z	claude-opus-5
a7751eaad0b3faa5	-	ineligible	out-of-family:x-noop	-	-	-	agent-abd835410547b9851.jsonl	2026-09-03T02:39:26.299Z	claude-opus-5
b246e423837b2fa6	-	ineligible	out-of-family:x-noop	-	-	-	agent-abd835410547b9851.jsonl	2026-09-03T02:39:55.704Z	claude-opus-5
09f9eed7d3f0e396	-	ineligible	out-of-family:x-noop	-	-	-	agent-abd835410547b9851.jsonl	2026-09-03T02:40:09.879Z	claude-opus-5
2fb74e5beb1d8de0	-	ineligible	out-of-family:x-noop	-	-	-	agent-abd835410547b9851.jsonl	2026-09-03T02:40:36.121Z	claude-opus-5
c489f6ceec8de64a	-	ineligible	out-of-family:x-noop	-	-	-	agent-abd835410547b9851.jsonl	2026-09-03T02:43:46.379Z	claude-opus-5
641cae393b2d23e7	-	ineligible	out-of-family:x-noop	-	-	-	agent-abd835410547b9851.jsonl	2026-09-03T02:44:06.758Z	claude-opus-5
76ff8c60daf92c7a	-	ineligible	out-of-family:x-noop	-	-	-	agent-abd835410547b9851.jsonl	2026-09-03T02:44:30.729Z	claude-opus-5
25bd9892e5c4e5d5	-	ineligible	out-of-family:x-noop	-	-	-	agent-abd835410547b9851.jsonl	2026-09-03T02:44:37.024Z	claude-opus-5
2b547e9ee6021180	-	ineligible	out-of-family:x-other	-	-	-	agent-abd835410547b9851.jsonl	2026-09-03T02:44:40.875Z	claude-opus-5
d2fd9c158e9da020	-	ineligible	out-of-family:x-noop	-	-	-	agent-abd835410547b9851.jsonl	2026-09-03T02:45:31.228Z	claude-opus-5
db87efda65ebb0f8	-	ineligible	out-of-family:x-noop	-	-	-	agent-abd835410547b9851.jsonl	2026-09-03T02:46:38.506Z	claude-opus-5
743979946d218ebb	-	ineligible	out-of-family:x-noop	-	-	-	agent-abd835410547b9851.jsonl	2026-09-03T02:47:18.477Z	claude-opus-5
eb21ec2a84c44f20	-	ineligible	out-of-family:x-noop	-	-	-	agent-abd835410547b9851.jsonl	2026-09-03T02:47:51.250Z	claude-opus-5
ef9235119c5d4688	-	ineligible	out-of-family:x-noop	-	-	-	agent-abd835410547b9851.jsonl	2026-09-03T02:48:52.817Z	claude-opus-5
1caa5bec4ce53988	-	ineligible	out-of-family:x-noop	-	-	-	agent-abd835410547b9851.jsonl	2026-09-03T02:49:26.526Z	claude-opus-5
03083dfce8eccb4a	-	ineligible	out-of-family:x-noop	-	-	-	agent-abd835410547b9851.jsonl	2026-09-03T02:49:42.011Z	claude-opus-5
a13219775e6f263e	-	ineligible	out-of-family:x-noop	-	-	-	agent-abd835410547b9851.jsonl	2026-09-03T02:49:53.015Z	claude-opus-5
7cf044f34a8796b3	-	ineligible	out-of-family:x-noop	-	-	-	agent-abd835410547b9851.jsonl	2026-09-03T02:50:05.764Z	claude-opus-5
3cb85916e23ac788	-	ineligible	out-of-family:x-noop	-	-	-	agent-abd835410547b9851.jsonl	2026-09-03T02:51:32.906Z	claude-opus-5
0744748909e844bc	-	ineligible	out-of-family:x-noop	-	-	-	agent-abd835410547b9851.jsonl	2026-09-03T02:52:02.549Z	claude-opus-5
37784f9c8b69a86f	-	ineligible	out-of-family:x-noop	-	-	-	agent-abd835410547b9851.jsonl	2026-09-03T02:52:40.548Z	claude-opus-5
60de5976e7257ac9	-	ineligible	out-of-family:x-noop	-	-	-	agent-abd835410547b9851.jsonl	2026-09-03T02:54:24.784Z	claude-opus-5
9006a0b70fe958a3	-	ineligible	out-of-family:x-noop	-	-	-	agent-abd835410547b9851.jsonl	2026-09-03T02:55:31.046Z	claude-opus-5
bc0a49ac78680896	-	ineligible	out-of-family:x-noop	-	-	-	agent-abd835410547b9851.jsonl	2026-09-03T02:56:13.084Z	claude-opus-5
4545acdfadac6b53	-	ineligible	out-of-family:x-noop	-	-	-	agent-abd835410547b9851.jsonl	2026-09-03T02:56:44.679Z	claude-opus-5
f3573ee08bfd2dde	-	ineligible	out-of-family:x-noop	-	-	-	agent-abd835410547b9851.jsonl	2026-09-03T02:57:15.881Z	claude-opus-5
8ffedb9c6f83008b	-	ineligible	out-of-family:x-noop	-	-	-	agent-abd835410547b9851.jsonl	2026-09-03T02:58:34.306Z	claude-opus-5
7e16bbaf7eb5a1e6	-	ineligible	out-of-family:x-noop	-	-	-	agent-abd835410547b9851.jsonl	2026-09-03T02:58:52.999Z	claude-opus-5
750019f6ca750ea0	-	ineligible	out-of-family:x-noop	-	-	-	agent-abd835410547b9851.jsonl	2026-09-03T03:00:02.887Z	claude-opus-5
18cdddd78ba2033e	-	ineligible	out-of-family:x-noop	-	-	-	agent-abd835410547b9851.jsonl	2026-09-03T03:00:20.485Z	claude-opus-5
bbafb7823ee8cc50	-	ineligible	out-of-family:x-noop	-	-	-	agent-abd835410547b9851.jsonl	2026-09-03T03:00:59.571Z	claude-opus-5
673dfdaebfa35a9e	-	ineligible	out-of-family:x-noop	-	-	-	agent-abd835410547b9851.jsonl	2026-09-03T03:01:06.779Z	claude-opus-5
33d6f98bb6aecca1	-	ineligible	out-of-family:x-noop	-	-	-	agent-abd835410547b9851.jsonl	2026-09-03T03:01:34.237Z	claude-opus-5
b125ce7b00f2b979	-	ineligible	out-of-family:x-noop	-	-	-	agent-ad19c8e8192156920.jsonl	2026-09-04T05:29:00.232Z	claude-opus-5
e292e77f3007dfe1	-	ineligible	out-of-family:x-noop	-	-	-	agent-ad19c8e8192156920.jsonl	2026-09-04T05:30:25.337Z	claude-opus-5
ab3006abed54fef1	-	ineligible	out-of-family:x-noop	-	-	-	agent-ad19c8e8192156920.jsonl	2026-09-04T05:30:53.144Z	claude-opus-5
3786e3959f43ee83	-	ineligible	out-of-family:x-noop	-	-	-	agent-ad19c8e8192156920.jsonl	2026-09-04T05:31:18.070Z	claude-opus-5
61c8ab6ffeb2d67a	-	ineligible	out-of-family:x-noop	-	-	-	agent-ad19c8e8192156920.jsonl	2026-09-04T05:32:00.595Z	claude-opus-5
f1665b624dc57f91	-	ineligible	out-of-family:x-noop	-	-	-	agent-ad19c8e8192156920.jsonl	2026-09-04T05:34:01.570Z	claude-opus-5
56431a364c62b761	-	ineligible	out-of-family:x-noop	-	-	-	agent-ad19c8e8192156920.jsonl	2026-09-04T05:36:12.140Z	claude-opus-5
bc59d54e10877cf3	-	ineligible	out-of-family:x-noop	-	-	-	agent-ad19c8e8192156920.jsonl	2026-09-04T05:36:21.407Z	claude-opus-5
18b1f99a51c0d2d1	-	ineligible	out-of-family:x-noop	-	-	-	agent-ad19c8e8192156920.jsonl	2026-09-04T05:36:28.172Z	claude-opus-5
c6d3b9a85250e9dc	-	ineligible	out-of-family:x-noop	-	-	-	agent-ad19c8e8192156920.jsonl	2026-09-04T05:39:42.114Z	claude-opus-5
7fb14a032c7491f9	-	ineligible	out-of-family:x-noop	-	-	-	agent-ad19c8e8192156920.jsonl	2026-09-04T05:46:49.055Z	claude-opus-5
17b551abc171ba93	-	ineligible	out-of-family:x-noop	-	-	-	agent-a97295e5836571429.jsonl	2026-09-03T20:30:35.609Z	claude-opus-5
5926076946083561	-	ineligible	out-of-family:x-noop	-	-	-	agent-a97295e5836571429.jsonl	2026-09-03T20:33:16.427Z	claude-opus-5
f0d3ddb88f728772	-	ineligible	out-of-family:x-other	-	-	-	agent-a97295e5836571429.jsonl	2026-09-03T20:37:33.964Z	claude-opus-5
6c44b9905a3fcebe	-	ineligible	out-of-family:x-noop	-	-	-	agent-a97295e5836571429.jsonl	2026-09-03T20:40:00.208Z	claude-opus-5
24db7892ac0a9e96	-	ineligible	out-of-family:x-noop	-	-	-	agent-a97295e5836571429.jsonl	2026-09-03T20:42:28.282Z	claude-opus-5
4ccec97d40b0535b	-	ineligible	out-of-family:x-noop	-	-	-	agent-ada7aadbb3cf42b8b.jsonl	2026-09-04T11:01:39.545Z	claude-opus-5
4a85e2c6d6971926	-	ineligible	out-of-family:x-other	-	-	-	agent-ada7aadbb3cf42b8b.jsonl	2026-09-04T11:01:59.517Z	claude-opus-5
746dc7b39012eaca	-	ineligible	out-of-family:x-noop	-	-	-	agent-ada7aadbb3cf42b8b.jsonl	2026-09-04T11:06:05.128Z	claude-opus-5
098303f0dda2ec11	-	ineligible	out-of-family:x-noop	-	-	-	agent-ada7aadbb3cf42b8b.jsonl	2026-09-04T11:07:22.171Z	claude-opus-5
1d1109bd6c8e0d69	-	ineligible	out-of-family:x-noop	-	-	-	agent-ada7aadbb3cf42b8b.jsonl	2026-09-04T11:09:25.988Z	claude-opus-5
79ab3de7ae84cc75	-	ineligible	out-of-family:x-other	-	-	-	agent-ada7aadbb3cf42b8b.jsonl	2026-09-04T11:10:02.469Z	claude-opus-5
b74c75d878dbf807	-	ineligible	out-of-family:x-noop	-	-	-	agent-ada7aadbb3cf42b8b.jsonl	2026-09-04T11:10:28.419Z	claude-opus-5
30fc0b432d7bded4	-	ineligible	out-of-family:x-noop	-	-	-	agent-ada7aadbb3cf42b8b.jsonl	2026-09-04T11:10:55.266Z	claude-opus-5
a08efddec2f931eb	-	ineligible	out-of-family:x-noop	-	-	-	agent-ada7aadbb3cf42b8b.jsonl	2026-09-04T11:11:05.205Z	claude-opus-5
61594563b70f8acc	-	ineligible	out-of-family:x-noop	-	-	-	agent-ada7aadbb3cf42b8b.jsonl	2026-09-04T11:11:29.550Z	claude-opus-5
62e5e46b676c237f	-	ineligible	out-of-family:x-noop	-	-	-	agent-ada7aadbb3cf42b8b.jsonl	2026-09-04T11:12:23.973Z	claude-opus-5
4ea36347f0b3d777	-	ineligible	out-of-family:x-noop	-	-	-	agent-ada7aadbb3cf42b8b.jsonl	2026-09-04T11:12:52.636Z	claude-opus-5
509a4613d5b3c1e8	-	ineligible	out-of-family:x-noop	-	-	-	agent-ada7aadbb3cf42b8b.jsonl	2026-09-04T11:13:26.527Z	claude-opus-5
f2e9a1b3caf86893	-	ineligible	out-of-family:x-noop	-	-	-	agent-ada7aadbb3cf42b8b.jsonl	2026-09-04T11:13:50.014Z	claude-opus-5
332b9cd7c7305850	-	ineligible	out-of-family:x-noop	-	-	-	agent-ada7aadbb3cf42b8b.jsonl	2026-09-04T11:14:52.396Z	claude-opus-5
19f48da56b0b01fd	-	ineligible	out-of-family:x-noop	-	-	-	agent-ada7aadbb3cf42b8b.jsonl	2026-09-04T11:15:54.297Z	claude-opus-5
3fc8317e8959f309	-	ineligible	out-of-family:x-noop	-	-	-	agent-ada7aadbb3cf42b8b.jsonl	2026-09-04T11:18:52.117Z	claude-opus-5
9ccb441a4eb7a3ec	-	ineligible	out-of-family:x-noop	-	-	-	agent-ada7aadbb3cf42b8b.jsonl	2026-09-04T11:19:16.790Z	claude-opus-5
904741fef4ce5b7e	-	ineligible	out-of-family:x-noop	-	-	-	agent-ada7aadbb3cf42b8b.jsonl	2026-09-04T11:20:20.127Z	claude-opus-5
442b75458eaeb9eb	-	ineligible	out-of-family:x-other	-	-	-	agent-ada7aadbb3cf42b8b.jsonl	2026-09-04T11:20:52.277Z	claude-opus-5
c6280d891424fdef	-	ineligible	out-of-family:x-noop	-	-	-	agent-ada7aadbb3cf42b8b.jsonl	2026-09-04T11:32:54.686Z	claude-opus-5
8f7e033153cec2e4	-	ineligible	out-of-family:x-noop	-	-	-	agent-a33143cf3bb9603df.jsonl	2026-09-04T20:20:29.207Z	claude-opus-5
050ae89cd020a88b	-	ineligible	out-of-family:x-noop	-	-	-	agent-a33143cf3bb9603df.jsonl	2026-09-04T20:21:08.161Z	claude-opus-5
195656fcf09f42ec	-	ineligible	out-of-family:x-noop	-	-	-	agent-a33143cf3bb9603df.jsonl	2026-09-04T20:21:15.819Z	claude-opus-5
7a4f1f3d5819f294	-	ineligible	out-of-family:x-other	-	-	-	agent-a33143cf3bb9603df.jsonl	2026-09-04T20:26:03.221Z	claude-opus-5
c201c0b7b52a2580	-	ineligible	out-of-family:x-other	-	-	-	agent-a33143cf3bb9603df.jsonl	2026-09-04T20:26:06.030Z	claude-opus-5
606d8405ff1cd7c8	-	ineligible	out-of-family:x-noop	-	-	-	agent-a33143cf3bb9603df.jsonl	2026-09-04T20:32:26.531Z	claude-opus-5
e9e1b85e4ff9739e	-	ineligible	out-of-family:x-other	-	-	-	agent-a33143cf3bb9603df.jsonl	2026-09-04T20:32:32.214Z	claude-opus-5
ada6b4016c81d25e	-	ineligible	out-of-family:x-noop	-	-	-	agent-a33143cf3bb9603df.jsonl	2026-09-04T20:32:46.524Z	claude-opus-5
1183c1bd478241e3	-	ineligible	out-of-family:x-noop	-	-	-	agent-a33143cf3bb9603df.jsonl	2026-09-04T20:32:52.473Z	claude-opus-5
d3fb6223133429b6	-	ineligible	out-of-family:x-noop	-	-	-	agent-a33143cf3bb9603df.jsonl	2026-09-04T20:33:40.785Z	claude-opus-5
be3ca06720202130	-	ineligible	out-of-family:x-noop	-	-	-	agent-a33143cf3bb9603df.jsonl	2026-09-04T20:34:03.894Z	claude-opus-5
08c812e52164c214	-	ineligible	out-of-family:x-noop	-	-	-	agent-a33143cf3bb9603df.jsonl	2026-09-04T20:34:20.268Z	claude-opus-5
9512f04b8542a82e	-	ineligible	out-of-family:x-noop	-	-	-	agent-a33143cf3bb9603df.jsonl	2026-09-04T20:34:27.943Z	claude-opus-5
4dadd1a67ee61c8a	-	ineligible	out-of-family:x-noop	-	-	-	agent-a33143cf3bb9603df.jsonl	2026-09-04T20:34:57.291Z	claude-opus-5
a8c0be1d00c008b3	-	ineligible	out-of-family:x-other	-	-	-	agent-a33143cf3bb9603df.jsonl	2026-09-04T20:35:35.975Z	claude-opus-5
6b3c11af31eb164a	-	ineligible	out-of-family:x-noop	-	-	-	agent-a33143cf3bb9603df.jsonl	2026-09-04T20:36:47.693Z	claude-opus-5
bcfe7607b569d397	-	ineligible	out-of-family:x-noop	-	-	-	agent-a33143cf3bb9603df.jsonl	2026-09-04T20:36:58.207Z	claude-opus-5
78bcd74042298ea3	-	ineligible	out-of-family:x-noop	-	-	-	agent-a33143cf3bb9603df.jsonl	2026-09-04T20:38:17.445Z	claude-opus-5
53ce9269268e25ec	-	ineligible	out-of-family:x-noop	-	-	-	agent-a33143cf3bb9603df.jsonl	2026-09-04T20:40:14.365Z	claude-opus-5
01926fa9e0ccbfd6	-	ineligible	out-of-family:x-noop	-	-	-	agent-a33143cf3bb9603df.jsonl	2026-09-04T20:41:42.481Z	claude-opus-5
dbe09d5a55ef2fe9	-	ineligible	out-of-family:x-noop	-	-	-	agent-a33143cf3bb9603df.jsonl	2026-09-04T20:44:43.365Z	claude-opus-5
b73f3b66b4342b8d	-	ineligible	out-of-family:x-other	-	-	-	agent-a33143cf3bb9603df.jsonl	2026-09-04T20:44:56.301Z	claude-opus-5
c9e5a0f5f08134f3	-	ineligible	out-of-family:x-other	-	-	-	agent-a33143cf3bb9603df.jsonl	2026-09-04T20:46:14.004Z	claude-opus-5
a89aa5eb3582078e	-	ineligible	out-of-family:x-noop	-	-	-	agent-a33143cf3bb9603df.jsonl	2026-09-04T20:47:01.224Z	claude-opus-5
721addcafd0cd0ce	-	ineligible	out-of-family:x-noop	-	-	-	agent-a6f384f48b915ae99.jsonl	2026-09-03T20:13:44.824Z	claude-opus-5
2dbd2389ffd8ec03	-	ineligible	out-of-family:x-noop	-	-	-	agent-a6f384f48b915ae99.jsonl	2026-09-03T20:15:13.487Z	claude-opus-5
b8c33b5a14c4537e	-	ineligible	out-of-family:x-noop	-	-	-	agent-a6f384f48b915ae99.jsonl	2026-09-03T20:19:05.006Z	claude-opus-5
669b0c23496d4d75	-	ineligible	out-of-family:x-noop	-	-	-	agent-a6f384f48b915ae99.jsonl	2026-09-03T20:19:13.873Z	claude-opus-5
dfe0af25584ffc68	-	ineligible	out-of-family:x-other	-	-	-	agent-a6f384f48b915ae99.jsonl	2026-09-03T20:19:23.100Z	claude-opus-5
a2634a4aae230cbd	-	ineligible	out-of-family:x-noop	-	-	-	agent-a6f384f48b915ae99.jsonl	2026-09-03T20:23:17.922Z	claude-opus-5
2c74fa3e3665cb69	-	ineligible	out-of-family:x-noop	-	-	-	agent-a6f384f48b915ae99.jsonl	2026-09-03T20:23:29.534Z	claude-opus-5
9e3301daaff1dd68	-	ineligible	out-of-family:x-noop	-	-	-	agent-a6f384f48b915ae99.jsonl	2026-09-03T20:24:02.482Z	claude-opus-5
492a062ae92907aa	-	ineligible	out-of-family:x-noop	-	-	-	agent-a6f384f48b915ae99.jsonl	2026-09-03T20:24:20.906Z	claude-opus-5
70b087fb8ad068f6	-	ineligible	out-of-family:x-noop	-	-	-	agent-a6f384f48b915ae99.jsonl	2026-09-03T20:24:35.656Z	claude-opus-5
a06703c51b52d037	-	ineligible	out-of-family:x-noop	-	-	-	agent-a6f384f48b915ae99.jsonl	2026-09-03T20:24:50.367Z	claude-opus-5
c593ec28fb3ac0a3	-	ineligible	out-of-family:x-noop	-	-	-	agent-a6f384f48b915ae99.jsonl	2026-09-03T20:25:10.209Z	claude-opus-5
f19a3a15905dc0b5	-	ineligible	out-of-family:x-noop	-	-	-	agent-a6f384f48b915ae99.jsonl	2026-09-03T20:25:41.588Z	claude-opus-5
17723e8dbdb4c2cb	-	ineligible	out-of-family:x-noop	-	-	-	agent-a6f384f48b915ae99.jsonl	2026-09-03T20:28:00.427Z	claude-opus-5
3f515e6783e28d4d	-	ineligible	out-of-family:x-noop	-	-	-	agent-a6f384f48b915ae99.jsonl	2026-09-03T20:28:27.506Z	claude-opus-5
f0ff9fca0a67c182	-	ineligible	out-of-family:x-noop	-	-	-	agent-a6f384f48b915ae99.jsonl	2026-09-03T20:29:05.834Z	claude-opus-5
6f468c77ac4bdbfb	-	ineligible	out-of-family:x-noop	-	-	-	agent-a6f384f48b915ae99.jsonl	2026-09-03T20:29:17.922Z	claude-opus-5
deff17bc25b2170e	-	ineligible	out-of-family:x-noop	-	-	-	agent-a6f384f48b915ae99.jsonl	2026-09-03T20:29:27.934Z	claude-opus-5
1ccaae27402f5a9f	-	ineligible	out-of-family:x-noop	-	-	-	agent-a6f384f48b915ae99.jsonl	2026-09-03T20:31:52.031Z	claude-opus-5
d9d2c9bb0891bc83	-	ineligible	out-of-family:x-noop	-	-	-	agent-a6f384f48b915ae99.jsonl	2026-09-03T20:32:04.973Z	claude-opus-5
f363048733ee7525	-	ineligible	out-of-family:x-noop	-	-	-	agent-a6f384f48b915ae99.jsonl	2026-09-03T20:32:37.186Z	claude-opus-5
3dc4822c3ff7d4fc	-	ineligible	out-of-family:x-noop	-	-	-	agent-a6f384f48b915ae99.jsonl	2026-09-03T20:32:56.352Z	claude-opus-5
43662cf3a3580d87	-	ineligible	out-of-family:x-noop	-	-	-	agent-a6f384f48b915ae99.jsonl	2026-09-03T20:37:46.629Z	claude-opus-5
f5787cda53c4bcb2	-	ineligible	out-of-family:x-noop	-	-	-	agent-aad8ed5062cebb14b.jsonl	2026-09-04T01:49:40.409Z	claude-opus-5
17b7def6965e4592	-	ineligible	out-of-family:x-other	-	-	-	agent-aad8ed5062cebb14b.jsonl	2026-09-04T01:49:47.581Z	claude-opus-5
99cccd3174237481	-	ineligible	out-of-family:x-other	-	-	-	agent-aad8ed5062cebb14b.jsonl	2026-09-04T01:52:28.092Z	claude-opus-5
34e554b801d2502b	-	ineligible	out-of-family:x-noop	-	-	-	agent-aad8ed5062cebb14b.jsonl	2026-09-04T01:56:09.080Z	claude-opus-5
5db9317ca6cf6b61	-	ineligible	out-of-family:x-noop	-	-	-	agent-aad8ed5062cebb14b.jsonl	2026-09-04T01:57:19.725Z	claude-opus-5
1cfde947abbe67b0	-	ineligible	out-of-family:x-noop	-	-	-	agent-aad8ed5062cebb14b.jsonl	2026-09-04T01:57:41.872Z	claude-opus-5
50aa7844d88056aa	-	ineligible	out-of-family:x-noop	-	-	-	agent-aad8ed5062cebb14b.jsonl	2026-09-04T01:57:46.412Z	claude-opus-5
01b3935a0f000ffa	-	ineligible	out-of-family:x-noop	-	-	-	agent-aad8ed5062cebb14b.jsonl	2026-09-04T02:00:57.168Z	claude-opus-5
5ee52ba2fde08c2f	-	ineligible	out-of-family:x-noop	-	-	-	agent-aad8ed5062cebb14b.jsonl	2026-09-04T02:01:42.086Z	claude-opus-5
aa9c7c65fd5b7342	-	ineligible	out-of-family:x-noop	-	-	-	agent-aad8ed5062cebb14b.jsonl	2026-09-04T02:04:39.167Z	claude-opus-5
a357385ae59e5c14	-	ineligible	out-of-family:x-noop	-	-	-	agent-aad8ed5062cebb14b.jsonl	2026-09-04T02:05:21.643Z	claude-opus-5
4334514582bed46c	-	ineligible	out-of-family:x-noop	-	-	-	agent-aad8ed5062cebb14b.jsonl	2026-09-04T02:05:54.013Z	claude-opus-5
b42a00b71b73730f	-	ineligible	out-of-family:x-noop	-	-	-	agent-aad8ed5062cebb14b.jsonl	2026-09-04T02:06:12.043Z	claude-opus-5
9bc98522edd79f05	-	ineligible	out-of-family:x-noop	-	-	-	agent-aad8ed5062cebb14b.jsonl	2026-09-04T02:06:32.326Z	claude-opus-5
fa42c4e73ef3d792	-	ineligible	out-of-family:x-other	-	-	-	agent-aad8ed5062cebb14b.jsonl	2026-09-04T02:07:54.558Z	claude-opus-5
d773b4769d45846f	-	ineligible	out-of-family:x-noop	-	-	-	agent-aa5e326b0b8c5f9e2.jsonl	2026-09-06T02:11:38.562Z	claude-opus-5
f46e67fc98209574	-	ineligible	out-of-family:x-noop	-	-	-	agent-aa5e326b0b8c5f9e2.jsonl	2026-09-06T02:11:51.918Z	claude-opus-5
2f68fc36b5bfee30	-	ineligible	out-of-family:x-noop	-	-	-	agent-aa5e326b0b8c5f9e2.jsonl	2026-09-06T02:12:15.686Z	claude-opus-5
fbfce4f02522d098	-	ineligible	out-of-family:x-other	-	-	-	agent-aa5e326b0b8c5f9e2.jsonl	2026-09-06T02:12:21.993Z	claude-opus-5
cd2360bbc1c7f342	-	ineligible	out-of-family:x-noop	-	-	-	agent-aa5e326b0b8c5f9e2.jsonl	2026-09-06T02:15:18.747Z	claude-opus-5
adae9a801327dda0	-	ineligible	out-of-family:x-noop	-	-	-	agent-aa5e326b0b8c5f9e2.jsonl	2026-09-06T02:15:32.618Z	claude-opus-5
600c0f9a230ff67d	-	ineligible	out-of-family:x-noop	-	-	-	agent-a5acb039c87c705ee.jsonl	2026-09-03T08:41:58.680Z	claude-opus-5
a20872ded54f26cd	-	ineligible	out-of-family:x-noop	-	-	-	agent-a5acb039c87c705ee.jsonl	2026-09-03T08:43:36.311Z	claude-opus-5
c68ea3c4bd78f204	-	ineligible	out-of-family:x-noop	-	-	-	agent-a5acb039c87c705ee.jsonl	2026-09-03T08:44:26.214Z	claude-opus-5
3b753e5324f92d44	-	ineligible	out-of-family:x-other	-	-	-	agent-a5acb039c87c705ee.jsonl	2026-09-03T08:44:37.568Z	claude-opus-5
54915d158c62db4e	-	ineligible	out-of-family:x-noop	-	-	-	agent-a5acb039c87c705ee.jsonl	2026-09-03T08:45:29.243Z	claude-opus-5
69af5592e53c0323	-	ineligible	out-of-family:x-noop	-	-	-	agent-a5acb039c87c705ee.jsonl	2026-09-03T08:46:16.975Z	claude-opus-5
184608d00cf9a584	-	ineligible	out-of-family:x-noop	-	-	-	agent-a5acb039c87c705ee.jsonl	2026-09-03T08:46:51.610Z	claude-opus-5
f09758b9e730b6a6	-	ineligible	out-of-family:x-noop	-	-	-	agent-a5acb039c87c705ee.jsonl	2026-09-03T08:47:05.070Z	claude-opus-5
2af79a304215a974	-	ineligible	out-of-family:x-noop	-	-	-	agent-a5acb039c87c705ee.jsonl	2026-09-03T08:48:12.475Z	claude-opus-5
c7f3267ace5cb59d	-	ineligible	out-of-family:x-other	-	-	-	agent-a5acb039c87c705ee.jsonl	2026-09-03T08:48:22.376Z	claude-opus-5
fea24730c9454f1e	-	ineligible	out-of-family:x-noop	-	-	-	agent-a5acb039c87c705ee.jsonl	2026-09-03T08:52:39.439Z	claude-opus-5
75b2fc100342428e	-	ineligible	out-of-family:x-noop	-	-	-	agent-a9e11bf9e1ecf3cdf.jsonl	2026-09-03T23:30:28.632Z	claude-opus-5
51bc21b7f8969768	-	ineligible	out-of-family:x-noop	-	-	-	agent-a9e11bf9e1ecf3cdf.jsonl	2026-09-03T23:34:35.902Z	claude-opus-5
05566af1606cfec3	-	ineligible	out-of-family:x-noop	-	-	-	agent-a9e11bf9e1ecf3cdf.jsonl	2026-09-03T23:34:42.422Z	claude-opus-5
2660027684cb76b4	-	ineligible	out-of-family:x-other	-	-	-	agent-a9e11bf9e1ecf3cdf.jsonl	2026-09-03T23:34:53.071Z	claude-opus-5
490bf72aa6dadda2	-	ineligible	out-of-family:x-noop	-	-	-	agent-a9e11bf9e1ecf3cdf.jsonl	2026-09-03T23:36:46.135Z	claude-opus-5
5754a2dbe631cb1e	-	ineligible	out-of-family:x-noop	-	-	-	agent-aaecc3cf9ba3964e1.jsonl	2026-09-06T21:59:15.375Z	claude-opus-5
54944ea281d152d2	-	ineligible	out-of-family:x-noop	-	-	-	agent-aaecc3cf9ba3964e1.jsonl	2026-09-06T21:59:39.378Z	claude-opus-5
40356f226c3f72dd	-	ineligible	out-of-family:x-other	-	-	-	agent-aaecc3cf9ba3964e1.jsonl	2026-09-06T22:00:06.685Z	claude-opus-5
d8ca98251fbd1c72	-	ineligible	out-of-family:x-other	-	-	-	agent-aaecc3cf9ba3964e1.jsonl	2026-09-06T22:03:27.833Z	claude-opus-5
289d6ed34fd2ba62	-	ineligible	out-of-family:x-other	-	-	-	agent-aaecc3cf9ba3964e1.jsonl	2026-09-06T22:03:47.118Z	claude-opus-5
b5d8be3042283dfc	-	ineligible	out-of-family:x-other	-	-	-	agent-aaecc3cf9ba3964e1.jsonl	2026-09-06T22:04:27.238Z	claude-opus-5
7a3260f7b8ce6621	-	ineligible	out-of-family:x-other	-	-	-	agent-aaecc3cf9ba3964e1.jsonl	2026-09-06T22:04:42.815Z	claude-opus-5
b23d14da763fe358	-	ineligible	out-of-family:x-other	-	-	-	agent-aaecc3cf9ba3964e1.jsonl	2026-09-06T22:06:13.308Z	claude-opus-5
27b51e0a939e1d5d	-	ineligible	out-of-family:x-noop	-	-	-	agent-aaecc3cf9ba3964e1.jsonl	2026-09-06T22:11:23.312Z	claude-opus-5
26f7daefc5562d46	-	ineligible	out-of-family:x-noop	-	-	-	agent-aaecc3cf9ba3964e1.jsonl	2026-09-06T22:11:52.430Z	claude-opus-5
827bf60598b56e05	-	ineligible	out-of-family:x-other	-	-	-	agent-aaecc3cf9ba3964e1.jsonl	2026-09-06T22:13:24.536Z	claude-opus-5
b806a6aec1b8a8da	-	ineligible	out-of-family:x-other	-	-	-	agent-aaecc3cf9ba3964e1.jsonl	2026-09-06T22:13:52.054Z	claude-opus-5
0b9436718a97c050	-	ineligible	out-of-family:x-noop	-	-	-	agent-aaecc3cf9ba3964e1.jsonl	2026-09-06T22:29:42.085Z	claude-opus-5
181cf29c3899c2ff	-	ineligible	out-of-family:x-noop	-	-	-	agent-aaecc3cf9ba3964e1.jsonl	2026-09-06T22:30:32.956Z	claude-opus-5
f5deffe1a48ef70c	-	ineligible	out-of-family:x-noop	-	-	-	agent-aaecc3cf9ba3964e1.jsonl	2026-09-06T22:31:41.766Z	claude-opus-5
15660326390077e7	-	ineligible	out-of-family:x-noop	-	-	-	agent-aaecc3cf9ba3964e1.jsonl	2026-09-06T22:32:06.486Z	claude-opus-5
b18586ba95bd4ff9	-	ineligible	out-of-family:x-noop	-	-	-	agent-aaecc3cf9ba3964e1.jsonl	2026-09-06T22:32:14.535Z	claude-opus-5
a6c57f17e086804a	-	ineligible	out-of-family:x-noop	-	-	-	agent-aaecc3cf9ba3964e1.jsonl	2026-09-06T22:51:20.599Z	claude-opus-5
0f2138a24c7d8af1	-	ineligible	out-of-family:x-noop	-	-	-	agent-aab3f7e4298c12bab.jsonl	2026-09-04T21:55:42.035Z	claude-opus-5
7c618b9f66634f1c	-	ineligible	out-of-family:x-noop	-	-	-	agent-aab3f7e4298c12bab.jsonl	2026-09-04T21:56:04.931Z	claude-opus-5
1fdfbd8e24a7c9fa	-	ineligible	out-of-family:x-noop	-	-	-	agent-aab3f7e4298c12bab.jsonl	2026-09-04T21:56:30.839Z	claude-opus-5
021501d718ce33c4	T	ineligible	pre-edit-bytes-not-recoverable	/home/forge/src/clj-surgeon	-	-	agent-aab3f7e4298c12bab.jsonl	2026-09-04T21:56:41.925Z	claude-opus-5
78e2f9d823b732e5	-	ineligible	out-of-family:x-noop	-	-	-	agent-aab3f7e4298c12bab.jsonl	2026-09-04T21:56:53.940Z	claude-opus-5
527c6f4b321caad6	-	ineligible	out-of-family:x-noop	-	-	-	agent-aab3f7e4298c12bab.jsonl	2026-09-04T21:57:23.973Z	claude-opus-5
08e8816be2bfc1a9	-	ineligible	out-of-family:x-other	-	-	-	agent-aab3f7e4298c12bab.jsonl	2026-09-04T21:57:30.069Z	claude-opus-5
a0d3428e5d4263a3	-	ineligible	out-of-family:x-noop	-	-	-	agent-aab3f7e4298c12bab.jsonl	2026-09-04T21:58:57.192Z	claude-opus-5
351e3f3ccfb30e8c	T	eligible	ok	/home/forge/src/clj-surgeon	test/clj_surgeon/lane_manifest_test.clj	6d4de6563cebb0ac7d5e2640667fac8d67de201d	agent-aab3f7e4298c12bab.jsonl	2026-09-04T22:00:11.476Z	claude-opus-5
348d36f46ea0f69a	-	ineligible	out-of-family:x-noop	-	-	-	agent-aab3f7e4298c12bab.jsonl	2026-09-04T22:00:36.923Z	claude-opus-5
52ed58a690445c92	-	ineligible	out-of-family:x-noop	-	-	-	agent-aab3f7e4298c12bab.jsonl	2026-09-04T22:03:17.763Z	claude-opus-5
26fcc8d648eb2569	-	ineligible	out-of-family:x-noop	-	-	-	agent-aab3f7e4298c12bab.jsonl	2026-09-04T22:05:49.824Z	claude-opus-5
1cce6c78f4c923bd	I	ineligible	pre-edit-bytes-not-recoverable	/home/forge/src/clj-surgeon	-	-	agent-aab3f7e4298c12bab.jsonl	2026-09-04T22:06:43.338Z	claude-opus-5
123b978658089639	-	ineligible	out-of-family:x-other	-	-	-	agent-aab3f7e4298c12bab.jsonl	2026-09-04T22:07:14.391Z	claude-opus-5
05af86b9e7e050b2	-	ineligible	out-of-family:x-other	-	-	-	agent-aab3f7e4298c12bab.jsonl	2026-09-04T22:07:30.420Z	claude-opus-5
71c72a56ec1cf31f	-	ineligible	out-of-family:x-noop	-	-	-	agent-aab3fbbcbbc6aa825.jsonl	2026-09-09T07:26:25.723Z	claude-opus-5
e8dfb5cfa5cfc873	-	ineligible	out-of-family:x-noop	-	-	-	agent-aab3fbbcbbc6aa825.jsonl	2026-09-09T07:26:41.554Z	claude-opus-5
143d09c8b7232485	-	ineligible	out-of-family:x-noop	-	-	-	agent-aab3fbbcbbc6aa825.jsonl	2026-09-09T07:27:57.991Z	claude-opus-5
66b6ac19e8b226a5	-	ineligible	out-of-family:x-noop	-	-	-	agent-aab3fbbcbbc6aa825.jsonl	2026-09-09T07:36:47.131Z	claude-opus-5
4e284125f6625b48	-	ineligible	out-of-family:x-noop	-	-	-	agent-a9fdd330dcabab037.jsonl	2026-09-03T05:19:17.776Z	claude-opus-5
06312674bc5a25a3	-	ineligible	out-of-family:x-noop	-	-	-	agent-a9fdd330dcabab037.jsonl	2026-09-03T05:19:22.928Z	claude-opus-5
be4e82a743a69a72	-	ineligible	out-of-family:x-noop	-	-	-	agent-a9fdd330dcabab037.jsonl	2026-09-03T05:20:19.565Z	claude-opus-5
bc29503f0c188c7d	-	ineligible	out-of-family:x-noop	-	-	-	agent-a9fdd330dcabab037.jsonl	2026-09-03T05:20:40.116Z	claude-opus-5
aeed21340345be12	-	ineligible	out-of-family:x-noop	-	-	-	agent-a9fdd330dcabab037.jsonl	2026-09-03T05:21:05.513Z	claude-opus-5
ec678297d7c50810	-	ineligible	out-of-family:x-noop	-	-	-	agent-a9fdd330dcabab037.jsonl	2026-09-03T05:21:13.976Z	claude-opus-5
3a548055450aaf78	-	ineligible	out-of-family:x-noop	-	-	-	agent-a9fdd330dcabab037.jsonl	2026-09-03T05:21:23.662Z	claude-opus-5
09946dece538a6e1	-	ineligible	out-of-family:x-noop	-	-	-	agent-a9fdd330dcabab037.jsonl	2026-09-03T05:21:32.924Z	claude-opus-5
4c52350e2281b3d7	-	ineligible	out-of-family:x-noop	-	-	-	agent-a9fdd330dcabab037.jsonl	2026-09-03T05:23:36.277Z	claude-opus-5
3835660880490ab0	-	ineligible	out-of-family:x-noop	-	-	-	agent-a9fdd330dcabab037.jsonl	2026-09-03T05:24:32.935Z	claude-opus-5
f630b49bbc40c03b	-	ineligible	out-of-family:x-noop	-	-	-	agent-a9fdd330dcabab037.jsonl	2026-09-03T05:25:03.469Z	claude-opus-5
ca640d2eb44e8a3e	-	ineligible	out-of-family:x-noop	-	-	-	agent-a9fdd330dcabab037.jsonl	2026-09-03T05:25:10.567Z	claude-opus-5
3b0356368c7aadcf	-	ineligible	out-of-family:x-noop	-	-	-	agent-a9fdd330dcabab037.jsonl	2026-09-03T05:25:20.905Z	claude-opus-5
e76b4a3ac4dcab94	-	ineligible	out-of-family:x-noop	-	-	-	agent-a9fdd330dcabab037.jsonl	2026-09-03T05:27:44.500Z	claude-opus-5
5de43bab9b04b7dc	-	ineligible	out-of-family:x-noop	-	-	-	agent-a9fdd330dcabab037.jsonl	2026-09-03T05:28:23.786Z	claude-opus-5
88905a79881097f0	-	ineligible	out-of-family:x-noop	-	-	-	agent-a9fdd330dcabab037.jsonl	2026-09-03T05:28:43.037Z	claude-opus-5
544976a6c86319d4	-	ineligible	out-of-family:x-noop	-	-	-	agent-a9fdd330dcabab037.jsonl	2026-09-03T05:31:24.608Z	claude-opus-5
2746bf1492f17bd4	-	ineligible	out-of-family:x-noop	-	-	-	agent-a9fdd330dcabab037.jsonl	2026-09-03T05:32:05.744Z	claude-opus-5
fcb1cdf038c7f796	-	ineligible	out-of-family:x-noop	-	-	-	agent-a9fdd330dcabab037.jsonl	2026-09-03T05:32:14.580Z	claude-opus-5
f75cbf45516e2dd4	-	ineligible	out-of-family:x-noop	-	-	-	agent-a9fdd330dcabab037.jsonl	2026-09-03T05:32:46.500Z	claude-opus-5
7d9515983d8c5f4c	-	ineligible	out-of-family:x-noop	-	-	-	agent-a9fdd330dcabab037.jsonl	2026-09-03T05:33:13.146Z	claude-opus-5
1c6bf33dd020d79e	-	ineligible	out-of-family:x-noop	-	-	-	agent-a9fdd330dcabab037.jsonl	2026-09-03T05:33:30.039Z	claude-opus-5
cbae480a5d857e29	-	ineligible	out-of-family:x-noop	-	-	-	agent-a9fdd330dcabab037.jsonl	2026-09-03T05:35:59.699Z	claude-opus-5
cf53070eeeb90dbc	-	ineligible	out-of-family:x-noop	-	-	-	agent-a9fdd330dcabab037.jsonl	2026-09-03T05:36:44.367Z	claude-opus-5
c12f1c7d2afc5e30	-	ineligible	out-of-family:x-noop	-	-	-	agent-a9fdd330dcabab037.jsonl	2026-09-03T05:37:07.492Z	claude-opus-5
f508893c0c3970a5	-	ineligible	out-of-family:x-noop	-	-	-	agent-a9fdd330dcabab037.jsonl	2026-09-03T06:03:53.158Z	claude-opus-5
04f05549b2ed23b4	-	ineligible	out-of-family:x-noop	-	-	-	agent-a9697a3586400cffe.jsonl	2026-09-03T11:21:23.755Z	claude-opus-5
d767cebbbdcd21ac	-	ineligible	out-of-family:x-other	-	-	-	agent-a9697a3586400cffe.jsonl	2026-09-03T11:22:34.683Z	claude-opus-5
6b183de019f4bf16	-	ineligible	out-of-family:x-noop	-	-	-	agent-a9697a3586400cffe.jsonl	2026-09-03T11:23:06.896Z	claude-opus-5
9508bffcfd59417e	-	ineligible	out-of-family:x-noop	-	-	-	agent-a9697a3586400cffe.jsonl	2026-09-03T11:23:25.962Z	claude-opus-5
7dcfd2670abaf4aa	-	ineligible	out-of-family:x-noop	-	-	-	agent-a9697a3586400cffe.jsonl	2026-09-03T11:24:09.341Z	claude-opus-5
903fd957a20d8863	-	ineligible	out-of-family:x-noop	-	-	-	agent-a9697a3586400cffe.jsonl	2026-09-03T11:24:58.440Z	claude-opus-5
c3d278fe25889aff	-	ineligible	out-of-family:x-noop	-	-	-	agent-a9697a3586400cffe.jsonl	2026-09-03T11:25:19.500Z	claude-opus-5
d8abf37544ea24b2	-	ineligible	out-of-family:x-noop	-	-	-	agent-a9697a3586400cffe.jsonl	2026-09-03T11:26:06.459Z	claude-opus-5
9fdf5bfd93fede66	-	ineligible	out-of-family:x-noop	-	-	-	agent-a9697a3586400cffe.jsonl	2026-09-03T11:26:47.231Z	claude-opus-5
515d2eb523a51488	-	ineligible	out-of-family:x-noop	-	-	-	agent-a9697a3586400cffe.jsonl	2026-09-03T11:27:09.733Z	claude-opus-5
3f09c3f68d3f2774	-	ineligible	out-of-family:x-other	-	-	-	agent-a9697a3586400cffe.jsonl	2026-09-03T11:28:19.280Z	claude-opus-5
dba6f464067d294f	-	ineligible	out-of-family:x-noop	-	-	-	agent-a9697a3586400cffe.jsonl	2026-09-03T11:29:50.996Z	claude-opus-5
8a8f3bf8ea6b6cfc	-	ineligible	out-of-family:x-noop	-	-	-	agent-a9697a3586400cffe.jsonl	2026-09-03T11:30:35.162Z	claude-opus-5
d92d59e668aa385b	-	ineligible	out-of-family:x-noop	-	-	-	agent-a9697a3586400cffe.jsonl	2026-09-03T11:31:03.191Z	claude-opus-5
829599e852a017ab	-	ineligible	out-of-family:x-noop	-	-	-	agent-a9697a3586400cffe.jsonl	2026-09-03T11:31:16.231Z	claude-opus-5
225d47b8bda2a754	-	ineligible	out-of-family:x-noop	-	-	-	agent-a9697a3586400cffe.jsonl	2026-09-03T11:32:19.185Z	claude-opus-5
aab369995ee82c97	-	ineligible	out-of-family:x-noop	-	-	-	agent-a9697a3586400cffe.jsonl	2026-09-03T11:33:47.845Z	claude-opus-5
395f485bc7dd6249	-	ineligible	out-of-family:x-noop	-	-	-	agent-a9697a3586400cffe.jsonl	2026-09-03T11:34:21.934Z	claude-opus-5
3698392ee17b5d06	-	ineligible	out-of-family:x-noop	-	-	-	agent-a751b37721f06fdf7.jsonl	2026-09-04T19:38:28.912Z	claude-opus-5
df244cced2e77d62	-	ineligible	out-of-family:x-noop	-	-	-	agent-a751b37721f06fdf7.jsonl	2026-09-04T19:52:21.810Z	claude-opus-5
bd952ab2fb6a1ec8	-	ineligible	out-of-family:x-noop	-	-	-	agent-a751b37721f06fdf7.jsonl	2026-09-04T19:52:47.206Z	claude-opus-5
931aaa6c102560ff	-	ineligible	out-of-family:x-other	-	-	-	agent-a751b37721f06fdf7.jsonl	2026-09-04T20:14:49.940Z	claude-opus-5
41eca39705c77993	-	ineligible	out-of-family:x-other	-	-	-	agent-a751b37721f06fdf7.jsonl	2026-09-04T20:15:04.438Z	claude-opus-5
a999f31307379a36	-	ineligible	out-of-family:x-noop	-	-	-	agent-a618fab2e5be01c4e.jsonl	2026-09-04T10:08:29.388Z	claude-opus-5
f99be55a6cd65865	-	ineligible	out-of-family:x-noop	-	-	-	agent-a618fab2e5be01c4e.jsonl	2026-09-04T10:08:45.308Z	claude-opus-5
177380f88b29e3bc	-	ineligible	out-of-family:x-noop	-	-	-	agent-a618fab2e5be01c4e.jsonl	2026-09-04T10:10:43.285Z	claude-opus-5
b9af7d2664bd00c5	-	ineligible	out-of-family:x-noop	-	-	-	agent-a618fab2e5be01c4e.jsonl	2026-09-04T10:12:02.345Z	claude-opus-5
e4d053fa8e85cdff	-	ineligible	out-of-family:x-noop	-	-	-	agent-a618fab2e5be01c4e.jsonl	2026-09-04T10:14:33.833Z	claude-opus-5
96d1bedd0a671e30	-	ineligible	out-of-family:x-other	-	-	-	agent-a618fab2e5be01c4e.jsonl	2026-09-04T10:14:42.878Z	claude-opus-5
e969acfb70f59789	-	ineligible	out-of-family:x-noop	-	-	-	agent-a618fab2e5be01c4e.jsonl	2026-09-04T10:15:44.299Z	claude-opus-5
f17d501dc12ac913	-	ineligible	out-of-family:x-noop	-	-	-	agent-a618fab2e5be01c4e.jsonl	2026-09-04T10:15:58.397Z	claude-opus-5
321d9b471cc95ee1	-	ineligible	out-of-family:x-other	-	-	-	agent-a618fab2e5be01c4e.jsonl	2026-09-04T10:16:14.627Z	claude-opus-5
ba8c1e574d16899d	-	ineligible	out-of-family:x-noop	-	-	-	agent-a618fab2e5be01c4e.jsonl	2026-09-04T10:22:05.551Z	claude-opus-5
e457a2e61174b4d3	-	ineligible	out-of-family:x-noop	-	-	-	agent-a618fab2e5be01c4e.jsonl	2026-09-04T10:22:15.059Z	claude-opus-5
9e38e6e149b80d5c	-	ineligible	out-of-family:x-noop	-	-	-	agent-a618fab2e5be01c4e.jsonl	2026-09-04T10:22:22.055Z	claude-opus-5
8aaf7a8d011f2bcf	-	ineligible	out-of-family:x-noop	-	-	-	agent-a618fab2e5be01c4e.jsonl	2026-09-04T10:23:48.177Z	claude-opus-5
fb4532df0d749d81	-	ineligible	out-of-family:x-noop	-	-	-	agent-a618fab2e5be01c4e.jsonl	2026-09-04T10:25:47.157Z	claude-opus-5
8b67eda26c230136	-	ineligible	out-of-family:x-noop	-	-	-	agent-a618fab2e5be01c4e.jsonl	2026-09-04T10:29:57.496Z	claude-opus-5
604aca2ce027b259	-	ineligible	out-of-family:x-noop	-	-	-	agent-a618fab2e5be01c4e.jsonl	2026-09-04T10:34:27.408Z	claude-opus-5
b46d6560da9ee316	-	ineligible	out-of-family:x-noop	-	-	-	agent-ab1b683085648fb77.jsonl	2026-09-03T22:50:02.048Z	claude-opus-5
2545aabe398d12d3	-	ineligible	out-of-family:x-noop	-	-	-	agent-ab1b683085648fb77.jsonl	2026-09-03T22:53:00.376Z	claude-opus-5
e89a72fd0a572c9f	-	ineligible	out-of-family:x-noop	-	-	-	agent-ab1b683085648fb77.jsonl	2026-09-03T22:58:03.795Z	claude-opus-5
ac3ecdd2b0f1ba64	-	ineligible	out-of-family:x-noop	-	-	-	agent-ab1b683085648fb77.jsonl	2026-09-03T22:58:13.515Z	claude-opus-5
52568fa098905d7d	-	ineligible	out-of-family:x-noop	-	-	-	agent-ab1b683085648fb77.jsonl	2026-09-03T22:58:48.792Z	claude-opus-5
293b31b8417fb9ca	-	ineligible	out-of-family:x-noop	-	-	-	agent-ab1b683085648fb77.jsonl	2026-09-03T22:59:36.942Z	claude-opus-5
26bfd4c86cad8edb	-	ineligible	out-of-family:x-noop	-	-	-	agent-ab1b683085648fb77.jsonl	2026-09-03T23:00:57.840Z	claude-opus-5
6953582d0851e0f4	-	ineligible	out-of-family:x-noop	-	-	-	agent-ab1b683085648fb77.jsonl	2026-09-03T23:01:20.025Z	claude-opus-5
793405d0a317f304	-	ineligible	out-of-family:x-noop	-	-	-	agent-ab1b683085648fb77.jsonl	2026-09-03T23:03:41.501Z	claude-opus-5
64c789ae7d23ffd1	-	ineligible	out-of-family:x-noop	-	-	-	agent-ab1b683085648fb77.jsonl	2026-09-03T23:08:21.423Z	claude-opus-5
8b8134e805f4b210	-	ineligible	out-of-family:x-noop	-	-	-	agent-ab1b683085648fb77.jsonl	2026-09-03T23:08:40.119Z	claude-opus-5
b46f3de2d6ee6e0b	-	ineligible	out-of-family:x-noop	-	-	-	agent-ab1b683085648fb77.jsonl	2026-09-03T23:09:03.712Z	claude-opus-5
f379d6edfe1894ed	-	ineligible	out-of-family:x-noop	-	-	-	agent-ab1b683085648fb77.jsonl	2026-09-03T23:10:24.056Z	claude-opus-5
82965036426970a3	-	ineligible	out-of-family:x-noop	-	-	-	agent-ab1b683085648fb77.jsonl	2026-09-03T23:10:47.736Z	claude-opus-5
aa3e3565bfe001ce	-	ineligible	out-of-family:x-noop	-	-	-	agent-ab1b683085648fb77.jsonl	2026-09-03T23:10:51.384Z	claude-opus-5
c6555e111cb52498	-	ineligible	out-of-family:x-other	-	-	-	agent-ab1b683085648fb77.jsonl	2026-09-03T23:11:19.079Z	claude-opus-5
402da16604831440	-	ineligible	out-of-family:x-noop	-	-	-	agent-ab1b683085648fb77.jsonl	2026-09-03T23:12:17.548Z	claude-opus-5
ee1dfef0ea45ecd6	-	ineligible	out-of-family:x-noop	-	-	-	agent-ab1b683085648fb77.jsonl	2026-09-03T23:12:30.569Z	claude-opus-5
c2a49bf6453fa9eb	-	ineligible	out-of-family:x-noop	-	-	-	agent-ab1b683085648fb77.jsonl	2026-09-03T23:12:42.173Z	claude-opus-5
25d48fc9b7d4a6aa	-	ineligible	out-of-family:x-noop	-	-	-	agent-ab1b683085648fb77.jsonl	2026-09-03T23:12:58.209Z	claude-opus-5
816b61773bf90623	-	ineligible	out-of-family:x-other	-	-	-	agent-ab1b683085648fb77.jsonl	2026-09-03T23:13:02.105Z	claude-opus-5
931f44f7ea6cb2db	-	ineligible	out-of-family:x-noop	-	-	-	agent-ab1b683085648fb77.jsonl	2026-09-03T23:17:50.846Z	claude-opus-5
f1b856a1a546e0ac	-	ineligible	out-of-family:x-noop	-	-	-	agent-ab1b683085648fb77.jsonl	2026-09-03T23:18:45.325Z	claude-opus-5
4a5da3a38f2d8882	-	ineligible	out-of-family:x-noop	-	-	-	agent-aaa99e6e77b183aec.jsonl	2026-09-06T18:49:23.194Z	claude-opus-5
b3119e1f67e5dcbb	-	ineligible	out-of-family:x-noop	-	-	-	agent-aaa99e6e77b183aec.jsonl	2026-09-06T18:50:38.209Z	claude-opus-5
8e7a741e23447739	-	ineligible	out-of-family:x-noop	-	-	-	agent-aaa99e6e77b183aec.jsonl	2026-09-06T18:50:54.882Z	claude-opus-5
82548bf78e3cbca7	-	ineligible	out-of-family:x-noop	-	-	-	agent-aaa99e6e77b183aec.jsonl	2026-09-06T18:54:53.528Z	claude-opus-5
3600fa2f6e1e0101	-	ineligible	out-of-family:x-other	-	-	-	agent-aaa99e6e77b183aec.jsonl	2026-09-06T18:55:18.963Z	claude-opus-5
4d13950c965bf585	-	ineligible	out-of-family:x-other	-	-	-	agent-a5206cddc5e6770b7.jsonl	2026-09-04T00:41:41.988Z	claude-opus-5
35469fe60d29481e	-	ineligible	out-of-family:x-noop	-	-	-	agent-a5206cddc5e6770b7.jsonl	2026-09-04T01:08:28.361Z	claude-opus-5
5efbeb41b3a63a0a	-	ineligible	out-of-family:x-noop	-	-	-	agent-a69675b9fba9302a2.jsonl	2026-09-03T20:52:54.308Z	claude-opus-5
2d45c26e64e5f33c	-	ineligible	out-of-family:x-noop	-	-	-	agent-a69675b9fba9302a2.jsonl	2026-09-03T20:55:21.745Z	claude-opus-5
098ca0a72efbefab	-	ineligible	out-of-family:x-noop	-	-	-	agent-a69675b9fba9302a2.jsonl	2026-09-03T20:58:11.613Z	claude-opus-5
4aa8bc8395990ae4	-	ineligible	out-of-family:x-noop	-	-	-	agent-a69675b9fba9302a2.jsonl	2026-09-03T20:59:55.847Z	claude-opus-5
3d0bb74206ca1d5b	-	ineligible	out-of-family:x-noop	-	-	-	agent-a69675b9fba9302a2.jsonl	2026-09-03T21:02:00.424Z	claude-opus-5
164ed454177c49bd	-	ineligible	out-of-family:x-noop	-	-	-	agent-a69675b9fba9302a2.jsonl	2026-09-03T21:02:07.883Z	claude-opus-5
ee171c4b4f1a9aa3	-	ineligible	out-of-family:x-noop	-	-	-	agent-a69675b9fba9302a2.jsonl	2026-09-03T21:02:21.486Z	claude-opus-5
715d7a8174b1f874	-	ineligible	out-of-family:x-noop	-	-	-	agent-a69675b9fba9302a2.jsonl	2026-09-03T21:02:31.906Z	claude-opus-5
583256fbb1464a88	I	ineligible	pre-edit-bytes-not-recoverable	/home/forge/src/marvin-voice-remote	-	-	agent-a69675b9fba9302a2.jsonl	2026-09-03T21:02:50.091Z	claude-opus-5
94d9f56ae2e98cd1	-	ineligible	out-of-family:x-noop	-	-	-	agent-a69675b9fba9302a2.jsonl	2026-09-03T21:03:30.060Z	claude-opus-5
9ae88dcf9af551f8	-	ineligible	out-of-family:x-noop	-	-	-	agent-a600a56a5fa3d65f5.jsonl	2026-09-04T04:54:40.806Z	claude-opus-5
b6ecd4897f033066	-	ineligible	out-of-family:x-noop	-	-	-	agent-a600a56a5fa3d65f5.jsonl	2026-09-04T04:56:17.116Z	claude-opus-5
d9de73d45c80bb38	-	ineligible	out-of-family:x-other	-	-	-	agent-a600a56a5fa3d65f5.jsonl	2026-09-04T04:56:49.683Z	claude-opus-5
3a17e3879d09672a	-	ineligible	out-of-family:x-noop	-	-	-	agent-a600a56a5fa3d65f5.jsonl	2026-09-04T04:58:35.033Z	claude-opus-5
ea8ecf63dc45f157	-	ineligible	out-of-family:x-noop	-	-	-	agent-a600a56a5fa3d65f5.jsonl	2026-09-04T05:09:42.772Z	claude-opus-5
d99eaab994a00441	-	ineligible	out-of-family:x-other	-	-	-	agent-a600a56a5fa3d65f5.jsonl	2026-09-04T05:11:58.255Z	claude-opus-5
438f703cd0c98bc7	-	ineligible	out-of-family:x-noop	-	-	-	agent-a600a56a5fa3d65f5.jsonl	2026-09-04T05:16:48.507Z	claude-opus-5
0b6dda7aee705ddc	-	ineligible	out-of-family:x-noop	-	-	-	agent-af1aa0d8772ab4b7a.jsonl	2026-09-09T02:27:29.702Z	claude-opus-5
dd43637fdf6e0271	-	ineligible	out-of-family:x-other	-	-	-	agent-a1064803ece531eef.jsonl	2026-09-07T14:38:35.137Z	claude-opus-5
f2c7fca2fefd7f1c	-	ineligible	out-of-family:x-noop	-	-	-	agent-a1064803ece531eef.jsonl	2026-09-07T14:38:37.532Z	claude-opus-5
71e05dc19ef39d35	-	ineligible	out-of-family:x-noop	-	-	-	agent-ab6ee42bf2f43f18e.jsonl	2026-09-06T00:36:14.871Z	claude-opus-5
26cd2a3da39a2a1c	-	ineligible	out-of-family:x-noop	-	-	-	agent-ab6ee42bf2f43f18e.jsonl	2026-09-06T00:36:48.069Z	claude-opus-5
cb3baf014e9251f6	-	ineligible	out-of-family:x-other	-	-	-	agent-ab6ee42bf2f43f18e.jsonl	2026-09-06T00:37:08.372Z	claude-opus-5
6f07f629e82bf796	-	ineligible	out-of-family:x-other	-	-	-	agent-ab6ee42bf2f43f18e.jsonl	2026-09-06T00:37:17.708Z	claude-opus-5
bfcdf6f1da354ce9	-	ineligible	out-of-family:x-noop	-	-	-	agent-a34337ca69151854f.jsonl	2026-09-07T07:22:10.017Z	claude-opus-5
23130ca9a70b7f9a	-	ineligible	out-of-family:x-noop	-	-	-	agent-a34337ca69151854f.jsonl	2026-09-07T07:22:49.418Z	claude-opus-5
ac061e2c65f338a0	-	ineligible	out-of-family:x-noop	-	-	-	agent-a34337ca69151854f.jsonl	2026-09-07T07:22:54.291Z	claude-opus-5
dca81f73515cecd5	-	ineligible	out-of-family:x-noop	-	-	-	agent-a34337ca69151854f.jsonl	2026-09-07T07:24:22.284Z	claude-opus-5
b99d79f348fe9cc3	-	ineligible	out-of-family:x-noop	-	-	-	agent-a34337ca69151854f.jsonl	2026-09-07T07:24:33.570Z	claude-opus-5
aafbe158e727ebc9	-	ineligible	out-of-family:x-noop	-	-	-	agent-a34337ca69151854f.jsonl	2026-09-07T07:24:51.557Z	claude-opus-5
f0238c48dacec26b	-	ineligible	out-of-family:x-noop	-	-	-	agent-a34337ca69151854f.jsonl	2026-09-07T07:25:05.489Z	claude-opus-5
a3a41af08353f65e	-	ineligible	out-of-family:x-noop	-	-	-	agent-a34337ca69151854f.jsonl	2026-09-07T07:25:59.553Z	claude-opus-5
6378411f949b6326	-	ineligible	out-of-family:x-noop	-	-	-	agent-a34337ca69151854f.jsonl	2026-09-07T07:26:26.408Z	claude-opus-5
86bc36ef7d43ca88	I	ineligible	pre-edit-bytes-not-recoverable	/home/forge/src/clj-surgeon	-	-	agent-a34337ca69151854f.jsonl	2026-09-07T07:26:37.448Z	claude-opus-5
e87c280859210aca	-	ineligible	out-of-family:x-noop	-	-	-	agent-a34337ca69151854f.jsonl	2026-09-07T07:27:41.931Z	claude-opus-5
9d5b20509b2daf0e	-	ineligible	out-of-family:x-noop	-	-	-	agent-a34337ca69151854f.jsonl	2026-09-07T07:28:22.512Z	claude-opus-5
ad958cdf06c9cf3a	-	ineligible	out-of-family:x-noop	-	-	-	agent-a34337ca69151854f.jsonl	2026-09-07T08:16:29.952Z	claude-opus-5
cc69f84fb5fa11cb	-	ineligible	out-of-family:x-noop	-	-	-	agent-a34337ca69151854f.jsonl	2026-09-07T08:17:16.140Z	claude-opus-5
2c3200cdd03d4c74	-	ineligible	out-of-family:x-noop	-	-	-	agent-a34337ca69151854f.jsonl	2026-09-07T08:17:43.863Z	claude-opus-5
0fbffa377b6cf307	-	ineligible	out-of-family:x-noop	-	-	-	agent-a34337ca69151854f.jsonl	2026-09-07T09:00:21.460Z	claude-opus-5
c856cd33b0cec39f	-	ineligible	out-of-family:x-noop	-	-	-	agent-a34337ca69151854f.jsonl	2026-09-07T09:01:54.815Z	claude-opus-5
5bee8dc335c20a62	-	ineligible	out-of-family:x-other	-	-	-	agent-a34337ca69151854f.jsonl	2026-09-07T09:02:15.699Z	claude-opus-5
8b7f8358c2351ee4	-	ineligible	out-of-family:x-noop	-	-	-	agent-a34337ca69151854f.jsonl	2026-09-07T09:03:50.996Z	claude-opus-5
18c33c6abbe4462a	-	ineligible	out-of-family:x-noop	-	-	-	agent-a34337ca69151854f.jsonl	2026-09-07T09:05:14.320Z	claude-opus-5
ab16e09949653712	-	ineligible	out-of-family:x-noop	-	-	-	agent-a34337ca69151854f.jsonl	2026-09-07T09:36:41.747Z	claude-opus-5
747a2eebe5b50a6e	-	ineligible	out-of-family:x-noop	-	-	-	agent-a34337ca69151854f.jsonl	2026-09-07T09:36:53.070Z	claude-opus-5
adfa1a3c8781b7e1	-	ineligible	out-of-family:x-other	-	-	-	agent-ae2eb850e139f2316.jsonl	2026-09-08T13:52:10.032Z	claude-opus-5
d1ce89ba18f4811c	-	ineligible	out-of-family:x-other	-	-	-	agent-ae2eb850e139f2316.jsonl	2026-09-08T13:52:36.278Z	claude-opus-5
f6b2e93454643caf	-	ineligible	out-of-family:x-noop	-	-	-	agent-ae2eb850e139f2316.jsonl	2026-09-08T13:53:01.896Z	claude-opus-5
117d57c8687cf0fd	-	ineligible	out-of-family:x-noop	-	-	-	agent-aa87b52664b2b5382.jsonl	2026-09-03T23:44:23.084Z	claude-opus-5
27cb39a76429884d	-	ineligible	out-of-family:x-noop	-	-	-	agent-aa87b52664b2b5382.jsonl	2026-09-03T23:46:43.809Z	claude-opus-5
cfa7dda1817b0aef	-	ineligible	out-of-family:x-noop	-	-	-	agent-aa87b52664b2b5382.jsonl	2026-09-03T23:49:01.316Z	claude-opus-5
2346aed3eebb8edc	-	ineligible	out-of-family:x-noop	-	-	-	agent-aa87b52664b2b5382.jsonl	2026-09-03T23:51:09.457Z	claude-opus-5
832df79728bcaba8	-	ineligible	out-of-family:x-noop	-	-	-	agent-aa87b52664b2b5382.jsonl	2026-09-03T23:51:31.941Z	claude-opus-5
429b0cbc9a42ad50	-	ineligible	out-of-family:x-noop	-	-	-	agent-aa87b52664b2b5382.jsonl	2026-09-03T23:51:40.796Z	claude-opus-5
3f4bb8ddf60ea6de	-	ineligible	out-of-family:x-noop	-	-	-	agent-aa87b52664b2b5382.jsonl	2026-09-03T23:53:53.508Z	claude-opus-5
c35b58aa4c1f89c7	-	ineligible	out-of-family:x-noop	-	-	-	agent-aa87b52664b2b5382.jsonl	2026-09-03T23:54:08.017Z	claude-opus-5
9b08b10be501157a	-	ineligible	out-of-family:x-noop	-	-	-	agent-aa87b52664b2b5382.jsonl	2026-09-03T23:55:17.802Z	claude-opus-5
422c9069243e2c62	-	ineligible	out-of-family:x-noop	-	-	-	agent-a2e6c68855d553436.jsonl	2026-09-03T12:07:00.620Z	claude-opus-5
15a28136aa83b634	-	ineligible	out-of-family:x-noop	-	-	-	agent-a2e6c68855d553436.jsonl	2026-09-03T12:08:26.078Z	claude-opus-5
36bac29a93468094	-	ineligible	out-of-family:x-noop	-	-	-	agent-a2e6c68855d553436.jsonl	2026-09-03T12:12:39.417Z	claude-opus-5
7b4ba640ae0c8191	-	ineligible	out-of-family:x-noop	-	-	-	agent-a2e6c68855d553436.jsonl	2026-09-03T12:12:55.287Z	claude-opus-5
93f329c6b166cc5f	-	ineligible	out-of-family:x-noop	-	-	-	agent-a2e6c68855d553436.jsonl	2026-09-03T12:13:04.874Z	claude-opus-5
3730c5e7da01f381	-	ineligible	out-of-family:x-noop	-	-	-	agent-a2e6c68855d553436.jsonl	2026-09-03T12:13:25.135Z	claude-opus-5
7cbd81bfb1c3a893	-	ineligible	out-of-family:x-noop	-	-	-	agent-a2e6c68855d553436.jsonl	2026-09-03T12:13:35.411Z	claude-opus-5
b54f8da56bd0af9c	-	ineligible	out-of-family:x-noop	-	-	-	agent-a2e6c68855d553436.jsonl	2026-09-03T12:17:20.655Z	claude-opus-5
86ffe3b28a092777	-	ineligible	out-of-family:x-other	-	-	-	agent-a2e6c68855d553436.jsonl	2026-09-03T12:18:39.140Z	claude-opus-5
d820a246191c6f64	-	ineligible	out-of-family:x-other	-	-	-	agent-a2e6c68855d553436.jsonl	2026-09-03T12:19:58.950Z	claude-opus-5
b5a570a885bc2f2a	-	ineligible	out-of-family:x-noop	-	-	-	agent-a2e6c68855d553436.jsonl	2026-09-03T12:22:17.095Z	claude-opus-5
af7780419d754092	-	ineligible	out-of-family:x-noop	-	-	-	agent-a2e6c68855d553436.jsonl	2026-09-03T12:23:35.856Z	claude-opus-5
32602fdca23c5e0f	-	ineligible	out-of-family:x-noop	-	-	-	agent-a2e6c68855d553436.jsonl	2026-09-03T12:26:38.861Z	claude-opus-5
cc3a87921d038126	-	ineligible	out-of-family:x-noop	-	-	-	agent-a2e6c68855d553436.jsonl	2026-09-03T12:29:24.514Z	claude-opus-5
791b24d89ca0ea9c	-	ineligible	out-of-family:x-noop	-	-	-	agent-a2e6c68855d553436.jsonl	2026-09-03T12:32:13.529Z	claude-opus-5
74a8d70ea7afbee8	-	ineligible	out-of-family:x-noop	-	-	-	agent-a2e6c68855d553436.jsonl	2026-09-03T12:32:40.237Z	claude-opus-5
db2e944ca6d135e9	-	ineligible	out-of-family:x-noop	-	-	-	agent-a2e6c68855d553436.jsonl	2026-09-03T12:32:53.968Z	claude-opus-5
55b430947fe8a1c2	-	ineligible	out-of-family:x-noop	-	-	-	agent-a2e6c68855d553436.jsonl	2026-09-03T12:33:58.094Z	claude-opus-5
8a85624d3ed7bef9	-	ineligible	out-of-family:x-noop	-	-	-	agent-a2e6c68855d553436.jsonl	2026-09-03T12:38:26.374Z	claude-opus-5
494d092a025e9335	-	ineligible	out-of-family:x-other	-	-	-	agent-a2e6c68855d553436.jsonl	2026-09-03T12:39:57.505Z	claude-opus-5
28dccf7768f4ab37	-	ineligible	out-of-family:x-noop	-	-	-	agent-a2e6c68855d553436.jsonl	2026-09-03T12:44:17.118Z	claude-opus-5
f7160f2c4c1ec048	R	ineligible	pre-edit-bytes-not-recoverable	/home/forge/src/marvin-voice-remote	-	-	agent-afb531554ae1730ef.jsonl	2026-09-04T05:30:01.825Z	claude-opus-5
df07f8b52fbed602	-	ineligible	out-of-family:x-noop	-	-	-	agent-afb531554ae1730ef.jsonl	2026-09-04T05:37:03.607Z	claude-opus-5
da3b3e3195c022bf	-	ineligible	out-of-family:x-noop	-	-	-	agent-afb531554ae1730ef.jsonl	2026-09-04T05:37:40.334Z	claude-opus-5
4fa384ea3aba4f55	-	ineligible	out-of-family:x-noop	-	-	-	agent-afb531554ae1730ef.jsonl	2026-09-04T05:38:30.116Z	claude-opus-5
a7a5db626c038c9e	-	ineligible	out-of-family:x-noop	-	-	-	agent-afb531554ae1730ef.jsonl	2026-09-04T05:39:09.033Z	claude-opus-5
7c714544ea8539c7	-	ineligible	out-of-family:x-noop	-	-	-	agent-afb531554ae1730ef.jsonl	2026-09-04T05:40:09.619Z	claude-opus-5
ba01d3cb1dbe61a8	-	ineligible	out-of-family:x-noop	-	-	-	agent-afb531554ae1730ef.jsonl	2026-09-04T05:41:05.402Z	claude-opus-5
ba357df6bac015af	-	ineligible	out-of-family:x-noop	-	-	-	agent-afb531554ae1730ef.jsonl	2026-09-04T05:41:35.369Z	claude-opus-5
684ab66a618d98ba	-	ineligible	out-of-family:x-noop	-	-	-	agent-afb531554ae1730ef.jsonl	2026-09-04T05:42:06.249Z	claude-opus-5
7c09613785479803	-	ineligible	out-of-family:x-noop	-	-	-	agent-afb531554ae1730ef.jsonl	2026-09-04T05:42:36.496Z	claude-opus-5
4562dbd497e8238e	-	ineligible	out-of-family:x-noop	-	-	-	agent-afb531554ae1730ef.jsonl	2026-09-04T05:43:03.300Z	claude-opus-5
fdab06e98181cb99	-	ineligible	out-of-family:x-other	-	-	-	agent-afb531554ae1730ef.jsonl	2026-09-04T05:43:21.608Z	claude-opus-5
6711129e326e10ce	-	ineligible	out-of-family:x-noop	-	-	-	agent-afb531554ae1730ef.jsonl	2026-09-04T05:44:12.300Z	claude-opus-5
d5ab9346da104fd0	-	ineligible	out-of-family:x-noop	-	-	-	agent-afb531554ae1730ef.jsonl	2026-09-04T05:44:36.508Z	claude-opus-5
075050f74c229b2a	-	ineligible	out-of-family:x-noop	-	-	-	agent-afb531554ae1730ef.jsonl	2026-09-04T05:45:17.180Z	claude-opus-5
f6a50d6f3357c803	-	ineligible	out-of-family:x-noop	-	-	-	agent-afb531554ae1730ef.jsonl	2026-09-04T05:46:59.484Z	claude-opus-5
47c027edf970de5e	-	ineligible	out-of-family:x-noop	-	-	-	agent-afb531554ae1730ef.jsonl	2026-09-04T05:47:21.899Z	claude-opus-5
770caa778823fe56	-	ineligible	out-of-family:x-noop	-	-	-	agent-afb531554ae1730ef.jsonl	2026-09-04T05:47:28.798Z	claude-opus-5
e703a3e05dd7cb72	-	ineligible	out-of-family:x-noop	-	-	-	agent-afb531554ae1730ef.jsonl	2026-09-04T05:48:00.869Z	claude-opus-5
fa2c8655a005b141	-	ineligible	out-of-family:x-other	-	-	-	agent-afb531554ae1730ef.jsonl	2026-09-04T05:48:39.270Z	claude-opus-5
dc276c777e66027e	-	ineligible	out-of-family:x-other	-	-	-	agent-afb531554ae1730ef.jsonl	2026-09-04T05:48:58.339Z	claude-opus-5
2726dfa1df716839	-	ineligible	out-of-family:x-noop	-	-	-	agent-afb531554ae1730ef.jsonl	2026-09-04T05:49:49.899Z	claude-opus-5
853c97e4c3cd85e2	-	ineligible	out-of-family:x-noop	-	-	-	agent-afb531554ae1730ef.jsonl	2026-09-04T05:50:50.279Z	claude-opus-5
999fe681f7bea8c1	-	ineligible	out-of-family:x-other	-	-	-	agent-afb531554ae1730ef.jsonl	2026-09-04T05:51:45.418Z	claude-opus-5
f504af7a4e3d731a	-	ineligible	out-of-family:x-other	-	-	-	agent-afb531554ae1730ef.jsonl	2026-09-04T05:52:15.357Z	claude-opus-5
c7ca1f3d5ce1361b	-	ineligible	out-of-family:x-noop	-	-	-	agent-afb531554ae1730ef.jsonl	2026-09-04T05:53:26.319Z	claude-opus-5
77c5c62edabde927	-	ineligible	out-of-family:x-noop	-	-	-	agent-afb531554ae1730ef.jsonl	2026-09-04T05:54:22.066Z	claude-opus-5
d8429dcb26d10e61	-	ineligible	out-of-family:x-other	-	-	-	agent-afb531554ae1730ef.jsonl	2026-09-04T05:54:28.686Z	claude-opus-5
17aadd3548b35098	-	ineligible	out-of-family:x-other	-	-	-	agent-afb531554ae1730ef.jsonl	2026-09-04T05:54:35.021Z	claude-opus-5
df5f2b1f2ecc77e5	-	ineligible	out-of-family:x-noop	-	-	-	agent-afb531554ae1730ef.jsonl	2026-09-04T05:59:29.562Z	claude-opus-5
9293faf594704aaf	-	ineligible	out-of-family:x-other	-	-	-	agent-afb531554ae1730ef.jsonl	2026-09-04T05:59:48.847Z	claude-opus-5
df295695aebb414b	-	ineligible	out-of-family:x-other	-	-	-	agent-afb531554ae1730ef.jsonl	2026-09-04T06:02:48.093Z	claude-opus-5
6761e066f17cad54	-	ineligible	out-of-family:x-other	-	-	-	agent-afb531554ae1730ef.jsonl	2026-09-04T06:03:36.227Z	claude-opus-5
9c77d387810a1ea2	-	ineligible	out-of-family:x-noop	-	-	-	agent-afb531554ae1730ef.jsonl	2026-09-04T06:05:26.114Z	claude-opus-5
a40ab4987cfe7a91	-	ineligible	out-of-family:x-other	-	-	-	agent-afb531554ae1730ef.jsonl	2026-09-04T06:08:21.712Z	claude-opus-5
83946d07ebdde6bc	-	ineligible	out-of-family:x-noop	-	-	-	agent-a5cb042051121010d.jsonl	2026-09-06T03:56:02.388Z	claude-opus-5
792610d5fac03864	-	ineligible	out-of-family:x-noop	-	-	-	agent-a3325198fa4f3d53a.jsonl	2026-09-08T17:53:22.408Z	claude-opus-5
139aabf5b74ddca0	-	ineligible	out-of-family:x-noop	-	-	-	agent-a3325198fa4f3d53a.jsonl	2026-09-08T17:53:29.138Z	claude-opus-5
e71244f9ced048bd	-	ineligible	out-of-family:x-noop	-	-	-	agent-a3325198fa4f3d53a.jsonl	2026-09-08T17:53:37.178Z	claude-opus-5
17da159c1e4fd983	-	ineligible	out-of-family:x-noop	-	-	-	agent-a3325198fa4f3d53a.jsonl	2026-09-08T17:53:56.453Z	claude-opus-5
83fd7a948e46cfa7	-	ineligible	out-of-family:x-noop	-	-	-	agent-a3325198fa4f3d53a.jsonl	2026-09-08T17:54:08.780Z	claude-opus-5
9d35f11c497b7b8d	-	ineligible	out-of-family:x-noop	-	-	-	agent-a3325198fa4f3d53a.jsonl	2026-09-08T17:59:51.890Z	claude-opus-5
69afa91e427f3539	-	ineligible	out-of-family:x-noop	-	-	-	agent-a40b038ffe8a06348.jsonl	2026-09-04T08:44:20.767Z	claude-opus-5
6b983e234f46afeb	-	ineligible	out-of-family:x-other	-	-	-	agent-a40b038ffe8a06348.jsonl	2026-09-04T08:44:28.847Z	claude-opus-5
5dd2450b3f24c79c	-	ineligible	out-of-family:x-noop	-	-	-	agent-a40b038ffe8a06348.jsonl	2026-09-04T08:49:01.853Z	claude-opus-5
d4a6b76b4333c5cc	-	ineligible	out-of-family:x-other	-	-	-	agent-a40b038ffe8a06348.jsonl	2026-09-04T08:49:10.581Z	claude-opus-5
64d1b69d72bb83bb	-	ineligible	out-of-family:x-noop	-	-	-	agent-a40b038ffe8a06348.jsonl	2026-09-04T08:49:39.484Z	claude-opus-5
31d9c59dd7ef8d27	-	ineligible	out-of-family:x-noop	-	-	-	agent-a40b038ffe8a06348.jsonl	2026-09-04T08:49:50.893Z	claude-opus-5
6d873a5b083b868f	-	ineligible	out-of-family:x-noop	-	-	-	agent-a40b038ffe8a06348.jsonl	2026-09-04T08:49:56.935Z	claude-opus-5
f575940cea97b820	-	ineligible	out-of-family:x-noop	-	-	-	agent-a40b038ffe8a06348.jsonl	2026-09-04T08:52:17.361Z	claude-opus-5
cc57f0f37952d33a	-	ineligible	out-of-family:x-noop	-	-	-	agent-a40b038ffe8a06348.jsonl	2026-09-04T08:52:57.864Z	claude-opus-5
c128f607562f8db6	-	ineligible	out-of-family:x-noop	-	-	-	agent-a40b038ffe8a06348.jsonl	2026-09-04T08:55:10.873Z	claude-opus-5
32fcd220c6615846	-	ineligible	out-of-family:x-other	-	-	-	agent-a40b038ffe8a06348.jsonl	2026-09-04T08:55:14.304Z	claude-opus-5
b78b67f1317a3c1b	-	ineligible	out-of-family:x-other	-	-	-	agent-a40b038ffe8a06348.jsonl	2026-09-04T08:55:18.859Z	claude-opus-5
3a033511395d436b	-	ineligible	out-of-family:x-noop	-	-	-	agent-a40b038ffe8a06348.jsonl	2026-09-04T08:57:34.913Z	claude-opus-5
16c8849593e51024	T	ineligible	pre-edit-bytes-not-recoverable	/home/forge/src/clj-surgeon	-	-	agent-a40b038ffe8a06348.jsonl	2026-09-04T08:58:22.783Z	claude-opus-5
ac0e6ca1230f2235	-	ineligible	out-of-family:x-noop	-	-	-	agent-ad26fdc4bb3144107.jsonl	2026-09-07T22:07:37.171Z	claude-opus-5
9a5cc08c9412ff2d	-	ineligible	out-of-family:x-noop	-	-	-	agent-ad26fdc4bb3144107.jsonl	2026-09-07T22:07:55.044Z	claude-opus-5
2c05aca1560011d1	-	ineligible	out-of-family:x-noop	-	-	-	agent-ad26fdc4bb3144107.jsonl	2026-09-07T22:08:14.951Z	claude-opus-5
a2afdc0871f7e41a	-	ineligible	out-of-family:x-other	-	-	-	agent-a183f667aa2320254.jsonl	2026-09-06T02:45:41.343Z	claude-opus-5
58e1145e282cb139	-	ineligible	out-of-family:x-noop	-	-	-	agent-a183f667aa2320254.jsonl	2026-09-06T02:53:33.622Z	claude-opus-5
6f9779350c7a1c45	-	ineligible	out-of-family:x-noop	-	-	-	agent-a0e73dd7b5b752a4b.jsonl	2026-09-07T21:25:40.060Z	claude-opus-5
44162765e06e2779	-	ineligible	out-of-family:x-other	-	-	-	agent-a0e73dd7b5b752a4b.jsonl	2026-09-07T21:25:53.209Z	claude-opus-5
d2a5935ef9766537	-	ineligible	out-of-family:x-noop	-	-	-	agent-a0e73dd7b5b752a4b.jsonl	2026-09-07T21:26:05.315Z	claude-opus-5
49610e9bf03e694a	-	ineligible	out-of-family:x-other	-	-	-	agent-a0e73dd7b5b752a4b.jsonl	2026-09-07T21:26:14.352Z	claude-opus-5
c16469e96621cbc7	R	ineligible	pre-edit-bytes-not-recoverable	/home/forge/src/marvin-voice-remote	-	-	agent-a0e73dd7b5b752a4b.jsonl	2026-09-07T21:28:30.958Z	claude-opus-5
eecc9a64c8e1323a	-	ineligible	out-of-family:x-other	-	-	-	agent-a0e73dd7b5b752a4b.jsonl	2026-09-07T21:28:41.374Z	claude-opus-5
0a92f45cfdd1f340	-	ineligible	out-of-family:x-noop	-	-	-	agent-a0e73dd7b5b752a4b.jsonl	2026-09-07T21:34:45.361Z	claude-opus-5
fe3088b1d98b4890	-	ineligible	out-of-family:x-other	-	-	-	agent-a0e73dd7b5b752a4b.jsonl	2026-09-07T21:36:46.914Z	claude-opus-5
a85880f2db95b9ac	-	ineligible	out-of-family:x-noop	-	-	-	agent-aa14abf5d75ba48e8.jsonl	2026-09-03T02:55:59.498Z	claude-opus-5
bc933161d942fa3f	-	ineligible	out-of-family:x-noop	-	-	-	agent-aa14abf5d75ba48e8.jsonl	2026-09-03T02:58:32.456Z	claude-opus-5
a4e2c06a02cdea47	-	ineligible	out-of-family:x-other	-	-	-	agent-aa14abf5d75ba48e8.jsonl	2026-09-03T03:00:49.803Z	claude-opus-5
bbe4707034654dde	-	ineligible	out-of-family:x-other	-	-	-	agent-aa14abf5d75ba48e8.jsonl	2026-09-03T03:01:04.296Z	claude-opus-5
0928408eb78aef66	-	ineligible	out-of-family:x-noop	-	-	-	agent-aa14abf5d75ba48e8.jsonl	2026-09-03T03:01:25.138Z	claude-opus-5
3b4227d9a48f7225	-	ineligible	out-of-family:x-noop	-	-	-	agent-aa14abf5d75ba48e8.jsonl	2026-09-03T03:03:08.294Z	claude-opus-5
5b6c16f0a23a6291	-	ineligible	out-of-family:x-noop	-	-	-	agent-aa14abf5d75ba48e8.jsonl	2026-09-03T03:05:07.257Z	claude-opus-5
7ada450636d28e57	-	ineligible	out-of-family:x-noop	-	-	-	agent-aa14abf5d75ba48e8.jsonl	2026-09-03T03:10:07.760Z	claude-opus-5
58afdbcba333ccfe	-	ineligible	out-of-family:x-noop	-	-	-	agent-aa14abf5d75ba48e8.jsonl	2026-09-03T03:11:53.139Z	claude-opus-5
f42ba3f2e4c8fd6d	-	ineligible	out-of-family:x-noop	-	-	-	agent-aa14abf5d75ba48e8.jsonl	2026-09-03T03:14:59.711Z	claude-opus-5
3a69243a611e5fcc	-	ineligible	out-of-family:x-noop	-	-	-	agent-aa14abf5d75ba48e8.jsonl	2026-09-03T03:15:52.446Z	claude-opus-5
86c5f5bf82247577	-	ineligible	out-of-family:x-noop	-	-	-	agent-aa14abf5d75ba48e8.jsonl	2026-09-03T03:17:01.416Z	claude-opus-5
8930d3e32360f7ba	-	ineligible	out-of-family:x-noop	-	-	-	agent-aa14abf5d75ba48e8.jsonl	2026-09-03T03:17:23.991Z	claude-opus-5
aa1937432bbbb832	-	ineligible	out-of-family:x-noop	-	-	-	agent-aa14abf5d75ba48e8.jsonl	2026-09-03T03:18:58.005Z	claude-opus-5
ec5b13dc8629a15b	-	ineligible	out-of-family:x-other	-	-	-	agent-aa14abf5d75ba48e8.jsonl	2026-09-03T03:21:41.063Z	claude-opus-5
6d5d0254f566fba9	-	ineligible	out-of-family:x-noop	-	-	-	agent-aa14abf5d75ba48e8.jsonl	2026-09-03T03:25:22.857Z	claude-opus-5
00e67e4061e672dc	-	ineligible	out-of-family:x-noop	-	-	-	agent-aa14abf5d75ba48e8.jsonl	2026-09-03T03:26:07.433Z	claude-opus-5
db88b89a6e2608c7	-	ineligible	out-of-family:x-noop	-	-	-	agent-aa14abf5d75ba48e8.jsonl	2026-09-03T03:27:42.696Z	claude-opus-5
7799ba6479d97fcc	-	ineligible	out-of-family:x-noop	-	-	-	agent-aa14abf5d75ba48e8.jsonl	2026-09-03T03:34:41.762Z	claude-opus-5
e0557e7e56305b84	-	ineligible	out-of-family:x-other	-	-	-	agent-aa14abf5d75ba48e8.jsonl	2026-09-03T03:35:24.969Z	claude-opus-5
993d42d81ca8c0cb	-	ineligible	out-of-family:x-noop	-	-	-	agent-aa14abf5d75ba48e8.jsonl	2026-09-03T03:35:50.635Z	claude-opus-5
3f39207b5f23264f	-	ineligible	out-of-family:x-noop	-	-	-	agent-aa14abf5d75ba48e8.jsonl	2026-09-03T03:36:10.379Z	claude-opus-5
07b3813114862d24	-	ineligible	out-of-family:x-noop	-	-	-	agent-aa14abf5d75ba48e8.jsonl	2026-09-03T03:36:21.246Z	claude-opus-5
d4423850e0ad0366	-	ineligible	out-of-family:x-noop	-	-	-	agent-aa14abf5d75ba48e8.jsonl	2026-09-03T03:38:05.144Z	claude-opus-5
683bfa8c33398863	-	ineligible	out-of-family:x-noop	-	-	-	agent-aa14abf5d75ba48e8.jsonl	2026-09-03T03:39:59.385Z	claude-opus-5
e25e34080c126a66	-	ineligible	out-of-family:x-noop	-	-	-	agent-aa14abf5d75ba48e8.jsonl	2026-09-03T03:41:07.119Z	claude-opus-5
82f0941b5513e3e0	-	ineligible	out-of-family:x-noop	-	-	-	agent-aa14abf5d75ba48e8.jsonl	2026-09-03T03:41:16.953Z	claude-opus-5
cc44946cc7bf16c9	-	ineligible	out-of-family:x-noop	-	-	-	agent-aa14abf5d75ba48e8.jsonl	2026-09-03T03:41:30.298Z	claude-opus-5
62bd8da9eb9f7631	-	ineligible	out-of-family:x-noop	-	-	-	agent-aa14abf5d75ba48e8.jsonl	2026-09-03T03:41:53.727Z	claude-opus-5
b6ed9f3119c040d1	-	ineligible	out-of-family:x-noop	-	-	-	agent-aa14abf5d75ba48e8.jsonl	2026-09-03T03:44:00.207Z	claude-opus-5
ecb1d4a138e24b56	-	ineligible	out-of-family:x-noop	-	-	-	agent-aa14abf5d75ba48e8.jsonl	2026-09-03T03:46:23.942Z	claude-opus-5
294aa411040ddee7	-	ineligible	out-of-family:x-noop	-	-	-	agent-af58bdc575f7958d1.jsonl	2026-09-03T22:07:20.603Z	claude-opus-5
49ecc32eedf00f47	-	ineligible	out-of-family:x-noop	-	-	-	agent-af58bdc575f7958d1.jsonl	2026-09-03T22:07:28.012Z	claude-opus-5
f657ca6368e394e4	-	ineligible	out-of-family:x-noop	-	-	-	agent-af58bdc575f7958d1.jsonl	2026-09-03T22:08:01.574Z	claude-opus-5
37edd4bc75d62729	R	ineligible	pre-edit-bytes-not-recoverable	/home/forge/src/marvin-voice-remote	-	-	agent-af58bdc575f7958d1.jsonl	2026-09-03T22:08:18.428Z	claude-opus-5
f28ec7acbd07e4ce	-	ineligible	out-of-family:x-noop	-	-	-	agent-af58bdc575f7958d1.jsonl	2026-09-03T22:11:51.812Z	claude-opus-5
15f2cdc46870d069	-	ineligible	out-of-family:x-noop	-	-	-	agent-a166681e5912ef4c5.jsonl	2026-09-08T08:31:21.101Z	claude-opus-5
77153f3f1dd273da	-	ineligible	out-of-family:x-noop	-	-	-	agent-a166681e5912ef4c5.jsonl	2026-09-08T08:31:31.840Z	claude-opus-5
4c72645f367345aa	-	ineligible	out-of-family:x-noop	-	-	-	agent-a166681e5912ef4c5.jsonl	2026-09-08T08:31:37.030Z	claude-opus-5
fc96379471a310ef	-	ineligible	out-of-family:x-other	-	-	-	agent-a166681e5912ef4c5.jsonl	2026-09-08T08:32:02.592Z	claude-opus-5
64c411c15d1593ed	-	ineligible	out-of-family:x-noop	-	-	-	agent-a166681e5912ef4c5.jsonl	2026-09-08T08:33:13.067Z	claude-opus-5
4c55eb1242aa7fab	-	ineligible	out-of-family:x-noop	-	-	-	agent-a166681e5912ef4c5.jsonl	2026-09-08T08:34:48.915Z	claude-opus-5
151a64fcb35d6e7d	-	ineligible	out-of-family:x-noop	-	-	-	agent-a2b6bbcbdc96b2925.jsonl	2026-09-03T04:24:19.177Z	claude-opus-5
2ebfb158ed33fd65	-	ineligible	out-of-family:x-noop	-	-	-	agent-a2b6bbcbdc96b2925.jsonl	2026-09-03T04:24:41.113Z	claude-opus-5
757d02e2cf5415a0	-	ineligible	out-of-family:x-noop	-	-	-	agent-a2b6bbcbdc96b2925.jsonl	2026-09-03T04:25:16.441Z	claude-opus-5
18092b3c1af84781	-	ineligible	out-of-family:x-noop	-	-	-	agent-a2b6bbcbdc96b2925.jsonl	2026-09-03T04:26:36.283Z	claude-opus-5
e787ca5bc3b2d53a	-	ineligible	out-of-family:x-other	-	-	-	agent-a2b6bbcbdc96b2925.jsonl	2026-09-03T04:27:11.546Z	claude-opus-5
ff844ce2ddae4be8	-	ineligible	out-of-family:x-noop	-	-	-	agent-a2b6bbcbdc96b2925.jsonl	2026-09-03T04:27:38.093Z	claude-opus-5
e618ae95cf801146	-	ineligible	out-of-family:x-other	-	-	-	agent-a2b6bbcbdc96b2925.jsonl	2026-09-03T04:27:47.943Z	claude-opus-5
e8eac2850ca963b6	-	ineligible	out-of-family:x-noop	-	-	-	agent-a2b6bbcbdc96b2925.jsonl	2026-09-03T04:32:54.554Z	claude-opus-5
a216a67cd491cbb5	-	ineligible	out-of-family:x-noop	-	-	-	agent-a2b6bbcbdc96b2925.jsonl	2026-09-03T04:41:05.218Z	claude-opus-5
d32a2c4042a9c142	-	ineligible	out-of-family:x-noop	-	-	-	agent-a2b6bbcbdc96b2925.jsonl	2026-09-03T04:42:24.653Z	claude-opus-5
031614b8a00451f1	-	ineligible	out-of-family:x-noop	-	-	-	agent-a2b6bbcbdc96b2925.jsonl	2026-09-03T04:42:37.527Z	claude-opus-5
a281fc0b82f0e72f	-	ineligible	out-of-family:x-noop	-	-	-	agent-a2b6bbcbdc96b2925.jsonl	2026-09-03T04:44:35.647Z	claude-opus-5
497aa43704b1908f	-	ineligible	out-of-family:x-noop	-	-	-	agent-a2b6bbcbdc96b2925.jsonl	2026-09-03T04:45:17.479Z	claude-opus-5
ff2ae2eb95db87ba	-	ineligible	out-of-family:x-noop	-	-	-	agent-a2b6bbcbdc96b2925.jsonl	2026-09-03T04:45:29.368Z	claude-opus-5
f8e500934fe35092	-	ineligible	out-of-family:x-noop	-	-	-	agent-a2b6bbcbdc96b2925.jsonl	2026-09-03T04:46:22.085Z	claude-opus-5
a6b37241e9e4f5c4	-	ineligible	out-of-family:x-noop	-	-	-	agent-a2b6bbcbdc96b2925.jsonl	2026-09-03T04:48:37.590Z	claude-opus-5
04a9763d479661ad	-	ineligible	out-of-family:x-noop	-	-	-	agent-a2b6bbcbdc96b2925.jsonl	2026-09-03T04:51:04.969Z	claude-opus-5
d0b265d6d8ce7e64	-	ineligible	out-of-family:x-noop	-	-	-	agent-a2b6bbcbdc96b2925.jsonl	2026-09-03T04:55:01.021Z	claude-opus-5
d3d9bfc5322c0684	-	ineligible	out-of-family:x-noop	-	-	-	agent-a2b6bbcbdc96b2925.jsonl	2026-09-03T05:06:46.592Z	claude-opus-5
d45ab02658936991	-	ineligible	out-of-family:x-noop	-	-	-	agent-a2b6bbcbdc96b2925.jsonl	2026-09-03T05:08:08.853Z	claude-opus-5
ce3346538bf39e73	I	eligible	ok	/home/forge/src/clj-surgeon-txn	test/clj_surgeon/memory/heap.clj	cc04af6ac77345b476cda374bda8e6ef5856e38d	agent-a2b6bbcbdc96b2925.jsonl	2026-09-03T05:08:48.794Z	claude-opus-5
5e07445c21c0e875	-	ineligible	out-of-family:x-other	-	-	-	agent-a2b6bbcbdc96b2925.jsonl	2026-09-03T05:09:14.335Z	claude-opus-5
e126739fde6b3c0e	-	ineligible	out-of-family:x-noop	-	-	-	agent-a2b6bbcbdc96b2925.jsonl	2026-09-03T05:10:00.975Z	claude-opus-5
c1d4de9727c5bd1b	-	ineligible	out-of-family:x-other	-	-	-	agent-a2b6bbcbdc96b2925.jsonl	2026-09-03T05:11:15.247Z	claude-opus-5
3598e04bffc43bb5	-	ineligible	out-of-family:x-other	-	-	-	agent-a2b6bbcbdc96b2925.jsonl	2026-09-03T05:12:03.219Z	claude-opus-5
f94e2c20841a338c	-	ineligible	out-of-family:x-noop	-	-	-	agent-a2b6bbcbdc96b2925.jsonl	2026-09-03T05:12:29.618Z	claude-opus-5
60397454f9b35bce	-	ineligible	out-of-family:x-noop	-	-	-	agent-a2b6bbcbdc96b2925.jsonl	2026-09-03T05:12:54.790Z	claude-opus-5
332b7755336fc9e3	-	ineligible	out-of-family:x-noop	-	-	-	agent-a2b6bbcbdc96b2925.jsonl	2026-09-03T05:13:26.940Z	claude-opus-5
77b63532d3e51fe8	-	ineligible	out-of-family:x-other	-	-	-	agent-a2b6bbcbdc96b2925.jsonl	2026-09-03T05:15:38.379Z	claude-opus-5
aa8edec87524cf2c	-	ineligible	out-of-family:x-noop	-	-	-	agent-a2b6bbcbdc96b2925.jsonl	2026-09-03T05:18:32.713Z	claude-opus-5
1308bda9a5509a2c	-	ineligible	out-of-family:x-noop	-	-	-	agent-a2b6bbcbdc96b2925.jsonl	2026-09-03T05:18:42.696Z	claude-opus-5
e0706cd3fbc77186	-	ineligible	out-of-family:x-other	-	-	-	agent-a2b6bbcbdc96b2925.jsonl	2026-09-03T05:39:30.486Z	claude-opus-5
e2021e36ebab5c46	-	ineligible	out-of-family:x-other	-	-	-	agent-a2b6bbcbdc96b2925.jsonl	2026-09-03T05:39:45.902Z	claude-opus-5
4f76bfc7a8dc3bc6	-	ineligible	out-of-family:x-noop	-	-	-	agent-a2b6bbcbdc96b2925.jsonl	2026-09-03T05:39:58.540Z	claude-opus-5
204456b107532b03	-	ineligible	out-of-family:x-noop	-	-	-	agent-a2b6bbcbdc96b2925.jsonl	2026-09-03T06:15:44.565Z	claude-opus-5
69b265849c468058	-	ineligible	out-of-family:x-noop	-	-	-	agent-a2b6bbcbdc96b2925.jsonl	2026-09-03T06:15:50.068Z	claude-opus-5
5e69dd07ed3a36c1	-	ineligible	out-of-family:x-other	-	-	-	agent-ae3454fa0945ea1ac.jsonl	2026-09-03T19:09:36.385Z	claude-opus-5
25697f1acb02bf62	-	ineligible	out-of-family:x-noop	-	-	-	agent-ae3454fa0945ea1ac.jsonl	2026-09-03T19:10:42.285Z	claude-opus-5
2cfed6a44bcf4692	-	ineligible	out-of-family:x-other	-	-	-	agent-ae3454fa0945ea1ac.jsonl	2026-09-03T19:11:08.694Z	claude-opus-5
7cdd721f23edba42	-	ineligible	out-of-family:x-noop	-	-	-	agent-ae3454fa0945ea1ac.jsonl	2026-09-03T19:14:10.043Z	claude-opus-5
7e7145bc43ec53bb	-	ineligible	out-of-family:x-noop	-	-	-	agent-ae3454fa0945ea1ac.jsonl	2026-09-03T19:18:56.847Z	claude-opus-5
8fccfdae20dbb673	-	ineligible	out-of-family:x-noop	-	-	-	agent-aa38a54d1be21189f.jsonl	2026-09-06T04:56:16.073Z	claude-opus-5
0626335ed03328f2	-	ineligible	out-of-family:x-noop	-	-	-	agent-aa38a54d1be21189f.jsonl	2026-09-06T04:56:28.668Z	claude-opus-5
54e3b1c80605b2af	T	ineligible	pre-edit-bytes-not-recoverable	/home/forge/src/clj-surgeon	-	-	agent-aa38a54d1be21189f.jsonl	2026-09-06T04:57:50.049Z	claude-opus-5
eea99920e1f03067	T	ineligible	pre-edit-bytes-not-recoverable	/home/forge/src/clj-surgeon	-	-	agent-aa38a54d1be21189f.jsonl	2026-09-06T04:57:59.652Z	claude-opus-5
d3cb1f854578a2ee	T	eligible	ok	/home/forge/src/clj-surgeon	test/clj_surgeon/lane_manifest_test.clj	f04298ccbbcd3f077cded43672b0471d235990a5	agent-aa38a54d1be21189f.jsonl	2026-09-06T04:59:47.662Z	claude-opus-5
3218e6e517822437	-	ineligible	out-of-family:x-other	-	-	-	agent-aa38a54d1be21189f.jsonl	2026-09-06T04:59:52.904Z	claude-opus-5
7c8bc802a279b061	-	ineligible	out-of-family:x-noop	-	-	-	agent-aa38a54d1be21189f.jsonl	2026-09-06T05:01:54.227Z	claude-opus-5
69416896a38a5e6a	-	ineligible	out-of-family:x-noop	-	-	-	agent-aa38a54d1be21189f.jsonl	2026-09-06T05:03:12.520Z	claude-opus-5
71a14a0485c302a8	-	ineligible	out-of-family:x-noop	-	-	-	agent-aa38a54d1be21189f.jsonl	2026-09-06T05:04:43.606Z	claude-opus-5
6f53f0fa02224e04	T	ineligible	pre-edit-bytes-not-recoverable	/home/forge/src/clj-surgeon	-	-	agent-aa38a54d1be21189f.jsonl	2026-09-06T05:04:48.773Z	claude-opus-5
5919e0bfb9069f0e	-	ineligible	out-of-family:x-noop	-	-	-	agent-af3ad0467f82ab676.jsonl	2026-09-04T06:45:34.447Z	claude-opus-5
bddd286390ab2a1c	-	ineligible	out-of-family:x-noop	-	-	-	agent-af3ad0467f82ab676.jsonl	2026-09-04T07:00:52.990Z	claude-opus-5
f563a8193c107e8b	-	ineligible	out-of-family:x-other	-	-	-	agent-af3ad0467f82ab676.jsonl	2026-09-04T07:01:19.035Z	claude-opus-5
410b31d78b80a2ee	-	ineligible	out-of-family:x-noop	-	-	-	agent-af3ad0467f82ab676.jsonl	2026-09-04T07:01:30.056Z	claude-opus-5
4332b90f6256b7b2	-	ineligible	out-of-family:x-noop	-	-	-	agent-a046640b9b590fc1b.jsonl	2026-09-08T08:06:02.625Z	claude-opus-5
9439b04e0bb95856	-	ineligible	out-of-family:x-noop	-	-	-	agent-a53bb7735301ed9ce.jsonl	2026-09-09T03:39:47.764Z	claude-opus-5
5faae317aba50af6	-	ineligible	out-of-family:x-noop	-	-	-	agent-a53bb7735301ed9ce.jsonl	2026-09-09T03:41:30.118Z	claude-opus-5
0b6fdf9a5d8f73c9	-	ineligible	out-of-family:x-noop	-	-	-	agent-a53bb7735301ed9ce.jsonl	2026-09-09T03:42:17.058Z	claude-opus-5
cd037dea0a16ebf4	-	ineligible	out-of-family:x-noop	-	-	-	agent-a53bb7735301ed9ce.jsonl	2026-09-09T03:42:35.874Z	claude-opus-5
7f820d2520aef953	-	ineligible	out-of-family:x-noop	-	-	-	agent-a53bb7735301ed9ce.jsonl	2026-09-09T03:44:01.027Z	claude-opus-5
c936d5486c44d35a	-	ineligible	out-of-family:x-noop	-	-	-	agent-a53bb7735301ed9ce.jsonl	2026-09-09T03:44:29.334Z	claude-opus-5
5ba1eb6dd1fc6303	-	ineligible	out-of-family:x-noop	-	-	-	agent-a53bb7735301ed9ce.jsonl	2026-09-09T04:05:21.624Z	claude-opus-5
c856cc12efb1fda0	-	ineligible	out-of-family:x-other	-	-	-	agent-a53bb7735301ed9ce.jsonl	2026-09-09T04:05:33.889Z	claude-opus-5
8053afd81fcb087d	-	ineligible	out-of-family:x-other	-	-	-	agent-a53bb7735301ed9ce.jsonl	2026-09-09T04:05:40.933Z	claude-opus-5
bc47d9b8c6e80a30	-	ineligible	out-of-family:x-noop	-	-	-	agent-a53bb7735301ed9ce.jsonl	2026-09-09T04:06:14.990Z	claude-opus-5
7a6fbfdbd5365d2b	-	ineligible	out-of-family:x-noop	-	-	-	agent-a53bb7735301ed9ce.jsonl	2026-09-09T04:06:55.295Z	claude-opus-5
23ba5b2a4135c99f	-	ineligible	out-of-family:x-noop	-	-	-	agent-a53bb7735301ed9ce.jsonl	2026-09-09T04:07:40.101Z	claude-opus-5
4b9c40792ca071b1	-	ineligible	out-of-family:x-noop	-	-	-	agent-a53bb7735301ed9ce.jsonl	2026-09-09T04:18:22.306Z	claude-opus-5
46833c16e06a926c	-	ineligible	out-of-family:x-noop	-	-	-	agent-a53bb7735301ed9ce.jsonl	2026-09-09T04:39:48.566Z	claude-opus-5
835c18141a60d802	-	ineligible	out-of-family:x-noop	-	-	-	agent-a53bb7735301ed9ce.jsonl	2026-09-09T04:40:36.491Z	claude-opus-5
78b881a6ba2db3c6	-	ineligible	out-of-family:x-noop	-	-	-	agent-a53bb7735301ed9ce.jsonl	2026-09-09T04:41:08.641Z	claude-opus-5
a8807a0cdf05e453	-	ineligible	out-of-family:x-noop	-	-	-	agent-a53bb7735301ed9ce.jsonl	2026-09-09T04:41:34.048Z	claude-opus-5
55063c7344668f50	-	ineligible	out-of-family:x-noop	-	-	-	agent-ab1504e3955ea4260.jsonl	2026-09-07T21:56:20.612Z	claude-opus-5
e5e52c09d17ea3d2	-	ineligible	out-of-family:x-noop	-	-	-	agent-ab1504e3955ea4260.jsonl	2026-09-07T21:56:29.356Z	claude-opus-5
396b6cfd87cdf5d7	-	ineligible	out-of-family:x-noop	-	-	-	agent-ab1504e3955ea4260.jsonl	2026-09-07T21:56:38.831Z	claude-opus-5
aeeb723199cd6bc5	-	ineligible	out-of-family:x-noop	-	-	-	agent-ab1504e3955ea4260.jsonl	2026-09-07T21:56:53.208Z	claude-opus-5
0f62c66f721a43be	-	ineligible	out-of-family:x-noop	-	-	-	agent-a1354cc443351aeca.jsonl	2026-09-04T00:07:12.150Z	claude-opus-5
98f918653c107d85	-	ineligible	out-of-family:x-noop	-	-	-	agent-a1354cc443351aeca.jsonl	2026-09-04T00:10:13.762Z	claude-opus-5
521f0779c2ab6f58	-	ineligible	out-of-family:x-other	-	-	-	agent-a1354cc443351aeca.jsonl	2026-09-04T00:10:24.164Z	claude-opus-5
bed1ad905eb23042	T	ineligible	pre-edit-bytes-not-recoverable	/home/forge/src/clj-surgeon	-	-	agent-a1354cc443351aeca.jsonl	2026-09-04T00:10:47.658Z	claude-opus-5
6c53f1a9478add86	-	ineligible	out-of-family:x-noop	-	-	-	agent-a1354cc443351aeca.jsonl	2026-09-04T00:12:22.148Z	claude-opus-5
952f9b18593d3562	-	ineligible	out-of-family:x-noop	-	-	-	agent-a1354cc443351aeca.jsonl	2026-09-04T00:12:39.291Z	claude-opus-5
b4453170895e4818	-	ineligible	out-of-family:x-noop	-	-	-	agent-a1354cc443351aeca.jsonl	2026-09-04T00:12:55.993Z	claude-opus-5
deafff0e6ee3f105	-	ineligible	out-of-family:x-noop	-	-	-	agent-a1354cc443351aeca.jsonl	2026-09-04T00:13:06.490Z	claude-opus-5
f6ac49fa6b5d5963	-	ineligible	out-of-family:x-other	-	-	-	agent-a1354cc443351aeca.jsonl	2026-09-04T00:13:11.440Z	claude-opus-5
42c3f09da4a0468a	-	ineligible	out-of-family:x-noop	-	-	-	agent-a1354cc443351aeca.jsonl	2026-09-04T00:13:27.460Z	claude-opus-5
4fae0b73dbbee88b	-	ineligible	out-of-family:x-other	-	-	-	agent-a1354cc443351aeca.jsonl	2026-09-04T00:13:33.350Z	claude-opus-5
4925860b45141ed9	-	ineligible	out-of-family:x-noop	-	-	-	agent-a1354cc443351aeca.jsonl	2026-09-04T00:13:42.459Z	claude-opus-5
bf645a8c47aed216	R	eligible	ok	/home/forge/src/clj-surgeon	test/clj_surgeon/core_discovery_test.clj	077f5a64dfc0b124a6326de37d27e1b1d3178057	agent-a1354cc443351aeca.jsonl	2026-09-04T00:14:02.952Z	claude-opus-5
295782f964f2fb23	-	ineligible	out-of-family:x-other	-	-	-	agent-a1354cc443351aeca.jsonl	2026-09-04T00:14:09.851Z	claude-opus-5
a8d43a31707f7a48	-	ineligible	out-of-family:x-noop	-	-	-	agent-a1354cc443351aeca.jsonl	2026-09-04T00:14:32.837Z	claude-opus-5
f8e44c9a56a0d0b1	-	ineligible	out-of-family:x-noop	-	-	-	agent-a1354cc443351aeca.jsonl	2026-09-04T00:14:37.718Z	claude-opus-5
96d223035a800ddc	-	ineligible	out-of-family:x-noop	-	-	-	agent-a1354cc443351aeca.jsonl	2026-09-04T00:21:49.435Z	claude-opus-5
4295f06a813ece3d	-	ineligible	out-of-family:x-noop	-	-	-	agent-a1354cc443351aeca.jsonl	2026-09-04T00:23:36.885Z	claude-opus-5
750babb388303799	-	ineligible	out-of-family:x-other	-	-	-	agent-a1354cc443351aeca.jsonl	2026-09-04T00:24:24.720Z	claude-opus-5
a57be007b9001b22	-	ineligible	out-of-family:x-noop	-	-	-	agent-a1354cc443351aeca.jsonl	2026-09-04T00:25:38.955Z	claude-opus-5
cc250515b43dc373	-	ineligible	out-of-family:x-noop	-	-	-	agent-a1354cc443351aeca.jsonl	2026-09-04T00:28:20.401Z	claude-opus-5
b8d0d26ed544438a	-	ineligible	out-of-family:x-noop	-	-	-	agent-a1354cc443351aeca.jsonl	2026-09-04T00:29:20.845Z	claude-opus-5
748f8f3f01077c5f	-	ineligible	out-of-family:x-noop	-	-	-	agent-a1354cc443351aeca.jsonl	2026-09-04T00:32:00.928Z	claude-opus-5
0915fb686f41e161	-	ineligible	out-of-family:x-other	-	-	-	agent-a1354cc443351aeca.jsonl	2026-09-04T00:32:09.928Z	claude-opus-5
1c92079c46561b65	-	ineligible	out-of-family:x-noop	-	-	-	agent-a1354cc443351aeca.jsonl	2026-09-04T00:32:49.226Z	claude-opus-5
d5820f49d377ed12	-	ineligible	out-of-family:x-other	-	-	-	agent-a1354cc443351aeca.jsonl	2026-09-04T00:39:35.471Z	claude-opus-5
793054fa991eb7ba	-	ineligible	out-of-family:x-noop	-	-	-	agent-a1354cc443351aeca.jsonl	2026-09-04T00:41:19.618Z	claude-opus-5
74507b8e5fdbe0e0	-	ineligible	out-of-family:x-other	-	-	-	agent-a73bbcd201045ba7f.jsonl	2026-09-07T07:05:18.152Z	claude-opus-5
f47c9df79798f230	-	ineligible	out-of-family:x-noop	-	-	-	agent-a73bbcd201045ba7f.jsonl	2026-09-07T07:05:40.194Z	claude-opus-5
6fdfd7581d57865c	-	ineligible	out-of-family:x-noop	-	-	-	agent-a24a8eab9ce018faf.jsonl	2026-09-06T22:01:43.726Z	claude-opus-5
3b95130b14fdf7e1	-	ineligible	out-of-family:x-noop	-	-	-	agent-a24a8eab9ce018faf.jsonl	2026-09-06T22:02:06.025Z	claude-opus-5
1eee733c3e6edb04	-	ineligible	out-of-family:x-other	-	-	-	agent-a24a8eab9ce018faf.jsonl	2026-09-06T22:03:05.660Z	claude-opus-5
b8a1417e742b8528	-	ineligible	out-of-family:x-other	-	-	-	agent-a24a8eab9ce018faf.jsonl	2026-09-06T22:03:50.804Z	claude-opus-5
b316dd24837f1200	-	ineligible	out-of-family:x-other	-	-	-	agent-a24a8eab9ce018faf.jsonl	2026-09-06T22:03:55.437Z	claude-opus-5
9e3c2ce9ee024279	-	ineligible	out-of-family:x-noop	-	-	-	agent-a24a8eab9ce018faf.jsonl	2026-09-06T22:04:05.742Z	claude-opus-5
c43a5d477861bb11	-	ineligible	out-of-family:x-noop	-	-	-	agent-a24a8eab9ce018faf.jsonl	2026-09-06T22:04:17.469Z	claude-opus-5
e80e63e274a45989	-	ineligible	out-of-family:x-noop	-	-	-	agent-a24a8eab9ce018faf.jsonl	2026-09-06T22:04:26.419Z	claude-opus-5
41116e69fe9cd2d1	-	ineligible	out-of-family:x-noop	-	-	-	agent-a24a8eab9ce018faf.jsonl	2026-09-06T22:04:47.474Z	claude-opus-5
4c47e003725450ba	-	ineligible	out-of-family:x-noop	-	-	-	agent-a24a8eab9ce018faf.jsonl	2026-09-06T22:05:04.353Z	claude-opus-5
21b05397fe7aa8e3	-	ineligible	out-of-family:x-noop	-	-	-	agent-a24a8eab9ce018faf.jsonl	2026-09-06T22:06:04.161Z	claude-opus-5
cd2c115a9a513f4e	-	ineligible	out-of-family:x-noop	-	-	-	agent-a24a8eab9ce018faf.jsonl	2026-09-06T22:07:55.189Z	claude-opus-5
ad6888fa350070db	-	ineligible	out-of-family:x-other	-	-	-	agent-a24a8eab9ce018faf.jsonl	2026-09-06T22:08:05.264Z	claude-opus-5
34baac7ec0a8b6c0	-	ineligible	out-of-family:x-noop	-	-	-	agent-a24a8eab9ce018faf.jsonl	2026-09-06T22:08:29.378Z	claude-opus-5
dad7ab78e9787cb0	-	ineligible	out-of-family:x-noop	-	-	-	agent-a24a8eab9ce018faf.jsonl	2026-09-06T22:16:19.157Z	claude-opus-5
d8e2012671cba2ec	-	ineligible	out-of-family:x-noop	-	-	-	agent-a24a8eab9ce018faf.jsonl	2026-09-06T22:16:38.926Z	claude-opus-5
cecfbc19f90df7fa	-	ineligible	out-of-family:x-noop	-	-	-	agent-a24a8eab9ce018faf.jsonl	2026-09-06T22:16:48.470Z	claude-opus-5
35507721fc74a143	-	ineligible	out-of-family:x-noop	-	-	-	agent-a24a8eab9ce018faf.jsonl	2026-09-06T22:17:23.665Z	claude-opus-5
a0803c9df47f65e0	-	ineligible	out-of-family:x-noop	-	-	-	agent-a24a8eab9ce018faf.jsonl	2026-09-06T22:18:03.225Z	claude-opus-5
26a9e6dd86a2b8cc	-	ineligible	out-of-family:x-noop	-	-	-	agent-a24a8eab9ce018faf.jsonl	2026-09-06T22:18:17.383Z	claude-opus-5
c838e317da2f66bc	-	ineligible	out-of-family:x-other	-	-	-	agent-a24a8eab9ce018faf.jsonl	2026-09-06T22:18:53.961Z	claude-opus-5
d205011a6986eeab	-	ineligible	out-of-family:x-noop	-	-	-	agent-a24a8eab9ce018faf.jsonl	2026-09-06T22:19:19.548Z	claude-opus-5
f6abb053471f2ab5	T	eligible	ok	/home/forge/src/clj-surgeon	test/clj_surgeon/lane_manifest_test.clj	0659d8b6c37430a6cfee7f54a7695ff6265e27b0	agent-a24a8eab9ce018faf.jsonl	2026-09-06T22:19:55.068Z	claude-opus-5
216d0e7227e77c70	-	ineligible	out-of-family:x-noop	-	-	-	agent-a24a8eab9ce018faf.jsonl	2026-09-06T22:27:15.239Z	claude-opus-5
9d25fcf76b7860bd	-	ineligible	out-of-family:x-noop	-	-	-	agent-a24a8eab9ce018faf.jsonl	2026-09-06T22:27:43.155Z	claude-opus-5
9ca209dcd2b7606f	T	ineligible	pre-edit-bytes-not-recoverable	/home/forge/src/clj-surgeon	-	-	agent-a24a8eab9ce018faf.jsonl	2026-09-06T22:27:53.962Z	claude-opus-5
643524cd73589d8f	-	ineligible	out-of-family:x-noop	-	-	-	agent-a24a8eab9ce018faf.jsonl	2026-09-06T22:28:26.097Z	claude-opus-5
73e71cd38381f1d9	-	ineligible	out-of-family:x-noop	-	-	-	agent-a24a8eab9ce018faf.jsonl	2026-09-06T22:28:35.846Z	claude-opus-5
c5444545fdad28de	T	ineligible	dup-episode-in-session	/home/forge/src/clj-surgeon	test/clj_surgeon/lane_manifest_test.clj	49f4cbb4e4ff56cdb24f9aecbdb3366daa4d8c84	agent-a24a8eab9ce018faf.jsonl	2026-09-06T22:28:59.067Z	claude-opus-5
ddf90188f0024a63	-	ineligible	out-of-family:x-other	-	-	-	agent-a24a8eab9ce018faf.jsonl	2026-09-06T22:30:43.300Z	claude-opus-5
8516ed84969525d0	-	ineligible	out-of-family:x-noop	-	-	-	agent-a24a8eab9ce018faf.jsonl	2026-09-06T22:30:54.562Z	claude-opus-5
5b9ae678f47d5f06	-	ineligible	out-of-family:x-noop	-	-	-	agent-a24a8eab9ce018faf.jsonl	2026-09-06T22:34:12.567Z	claude-opus-5
35daf96c694686ef	-	ineligible	out-of-family:x-other	-	-	-	agent-a24a8eab9ce018faf.jsonl	2026-09-06T22:34:18.740Z	claude-opus-5
76236b16b58332d2	-	ineligible	out-of-family:x-noop	-	-	-	agent-a24a8eab9ce018faf.jsonl	2026-09-06T22:34:38.514Z	claude-opus-5
e2b0e19541d4efc3	T	ineligible	dup-episode-in-session	/home/forge/src/clj-surgeon	test/clj_surgeon/lane_manifest_test.clj	4e9961281bdbef7708340b1ea556f482268f372b	agent-a24a8eab9ce018faf.jsonl	2026-09-06T22:34:45.185Z	claude-opus-5
fdb6e6a12b39437b	-	ineligible	out-of-family:x-other	-	-	-	agent-a24a8eab9ce018faf.jsonl	2026-09-06T22:35:11.871Z	claude-opus-5
3731b2971f73b0ef	-	ineligible	out-of-family:x-noop	-	-	-	agent-a24a8eab9ce018faf.jsonl	2026-09-06T23:18:20.561Z	claude-opus-5
343bed052b521a00	-	ineligible	out-of-family:x-noop	-	-	-	agent-a119833a9ae778fe0.jsonl	2026-09-04T22:19:20.402Z	claude-opus-5
860d3d9ec07bf390	-	ineligible	out-of-family:x-noop	-	-	-	agent-a119833a9ae778fe0.jsonl	2026-09-04T22:19:49.711Z	claude-opus-5
2c89afba92ee3ce9	-	ineligible	out-of-family:x-noop	-	-	-	agent-a119833a9ae778fe0.jsonl	2026-09-04T22:21:02.393Z	claude-opus-5
28233ba42071b316	-	ineligible	out-of-family:x-noop	-	-	-	agent-a119833a9ae778fe0.jsonl	2026-09-04T22:22:26.877Z	claude-opus-5
3397f26e64a82514	-	ineligible	out-of-family:x-noop	-	-	-	agent-a119833a9ae778fe0.jsonl	2026-09-04T22:22:53.842Z	claude-opus-5
d8bc14f30b4aa5fb	-	ineligible	out-of-family:x-noop	-	-	-	agent-a119833a9ae778fe0.jsonl	2026-09-04T22:23:11.007Z	claude-opus-5
1ddb4a264159faf8	-	ineligible	out-of-family:x-noop	-	-	-	agent-a119833a9ae778fe0.jsonl	2026-09-04T22:23:20.827Z	claude-opus-5
7ce2d5bac12b60aa	-	ineligible	out-of-family:x-noop	-	-	-	agent-a119833a9ae778fe0.jsonl	2026-09-04T22:24:13.875Z	claude-opus-5
473a6eba43300941	-	ineligible	out-of-family:x-noop	-	-	-	agent-a119833a9ae778fe0.jsonl	2026-09-04T22:25:43.910Z	claude-opus-5
c2f6f38934b5b67b	-	ineligible	out-of-family:x-noop	-	-	-	agent-a119833a9ae778fe0.jsonl	2026-09-04T22:26:28.318Z	claude-opus-5
be76a6b1f8663353	-	ineligible	out-of-family:x-noop	-	-	-	agent-a119833a9ae778fe0.jsonl	2026-09-04T22:26:46.391Z	claude-opus-5
6bd8dffd4c0d5f1e	-	ineligible	out-of-family:x-noop	-	-	-	agent-a119833a9ae778fe0.jsonl	2026-09-04T22:27:10.606Z	claude-opus-5
8d4c5730b732e1a3	-	ineligible	out-of-family:x-noop	-	-	-	agent-acffa7722710273de.jsonl	2026-09-03T04:09:24.355Z	claude-opus-5
34f32d0220b7b7f5	-	ineligible	out-of-family:x-noop	-	-	-	agent-acffa7722710273de.jsonl	2026-09-03T04:12:46.215Z	claude-opus-5
e61ae51ad75e2789	-	ineligible	out-of-family:x-noop	-	-	-	agent-acffa7722710273de.jsonl	2026-09-03T04:14:22.146Z	claude-opus-5
211ab307c4e4f164	-	ineligible	out-of-family:x-noop	-	-	-	agent-acffa7722710273de.jsonl	2026-09-03T04:14:59.179Z	claude-opus-5
742b6466bb126e4a	-	ineligible	out-of-family:x-noop	-	-	-	agent-acffa7722710273de.jsonl	2026-09-03T04:15:45.081Z	claude-opus-5
59659516416d712d	-	ineligible	out-of-family:x-noop	-	-	-	agent-acffa7722710273de.jsonl	2026-09-03T04:17:25.518Z	claude-opus-5
4aa3e720829ef498	-	ineligible	out-of-family:x-noop	-	-	-	agent-acffa7722710273de.jsonl	2026-09-03T04:17:49.809Z	claude-opus-5
42196c896d6d95de	-	ineligible	out-of-family:x-noop	-	-	-	agent-acffa7722710273de.jsonl	2026-09-03T04:17:56.604Z	claude-opus-5
667f977ba779dc1e	-	ineligible	out-of-family:x-noop	-	-	-	agent-acffa7722710273de.jsonl	2026-09-03T04:18:53.589Z	claude-opus-5
82f9886a1e832667	-	ineligible	out-of-family:x-other	-	-	-	agent-acffa7722710273de.jsonl	2026-09-03T04:18:59.385Z	claude-opus-5
f4fc53783abdbe35	-	ineligible	out-of-family:x-noop	-	-	-	agent-acffa7722710273de.jsonl	2026-09-03T04:21:59.558Z	claude-opus-5
8674b5b41f2e6058	-	ineligible	out-of-family:x-noop	-	-	-	agent-acffa7722710273de.jsonl	2026-09-03T04:22:57.212Z	claude-opus-5
a92cb1f473f97c92	-	ineligible	out-of-family:x-noop	-	-	-	agent-acffa7722710273de.jsonl	2026-09-03T04:23:12.840Z	claude-opus-5
5a32b3f7f9cd5dc6	-	ineligible	out-of-family:x-noop	-	-	-	agent-acffa7722710273de.jsonl	2026-09-03T04:24:43.927Z	claude-opus-5
29dfda8e334db740	-	ineligible	out-of-family:x-noop	-	-	-	agent-acffa7722710273de.jsonl	2026-09-03T04:26:15.270Z	claude-opus-5
e411063ec61f366e	-	ineligible	out-of-family:x-noop	-	-	-	agent-acffa7722710273de.jsonl	2026-09-03T04:33:59.822Z	claude-opus-5
5cd3b2ae772bc233	-	ineligible	out-of-family:x-noop	-	-	-	agent-acffa7722710273de.jsonl	2026-09-03T04:34:20.993Z	claude-opus-5
1e099254b7033c09	-	ineligible	out-of-family:x-noop	-	-	-	agent-acffa7722710273de.jsonl	2026-09-03T04:34:54.490Z	claude-opus-5
49b09d023e02d1d6	-	ineligible	out-of-family:x-noop	-	-	-	agent-acffa7722710273de.jsonl	2026-09-03T04:35:29.800Z	claude-opus-5
d60c985b5eb19ed0	-	ineligible	out-of-family:x-noop	-	-	-	agent-acffa7722710273de.jsonl	2026-09-03T04:36:00.551Z	claude-opus-5
d1d4ab5b03dcd2a1	-	ineligible	out-of-family:x-other	-	-	-	agent-acffa7722710273de.jsonl	2026-09-03T04:36:28.646Z	claude-opus-5
505acdc39762036e	-	ineligible	out-of-family:x-noop	-	-	-	agent-acffa7722710273de.jsonl	2026-09-03T04:39:14.028Z	claude-opus-5
5f4060ef810c1964	-	ineligible	out-of-family:x-noop	-	-	-	agent-acffa7722710273de.jsonl	2026-09-03T04:39:45.829Z	claude-opus-5
6a17039778dc51ba	-	ineligible	out-of-family:x-noop	-	-	-	agent-acffa7722710273de.jsonl	2026-09-03T04:40:15.115Z	claude-opus-5
ece5e1fb81bcbd96	-	ineligible	out-of-family:x-noop	-	-	-	agent-acffa7722710273de.jsonl	2026-09-03T04:40:41.239Z	claude-opus-5
e9dbf181da74f6fc	-	ineligible	out-of-family:x-noop	-	-	-	agent-acffa7722710273de.jsonl	2026-09-03T04:40:52.308Z	claude-opus-5
bb681679554c8e43	-	ineligible	out-of-family:x-noop	-	-	-	agent-acffa7722710273de.jsonl	2026-09-03T04:41:12.834Z	claude-opus-5
f51b97abd55407a1	-	ineligible	out-of-family:x-noop	-	-	-	agent-acffa7722710273de.jsonl	2026-09-03T04:41:39.896Z	claude-opus-5
7d21d8b0cd2dae2f	-	ineligible	out-of-family:x-other	-	-	-	agent-acffa7722710273de.jsonl	2026-09-03T04:42:08.664Z	claude-opus-5
800f3d51ec98bf8a	-	ineligible	out-of-family:x-noop	-	-	-	agent-acffa7722710273de.jsonl	2026-09-03T04:43:56.084Z	claude-opus-5
52ff4b20f20fb0bd	-	ineligible	out-of-family:x-noop	-	-	-	agent-acffa7722710273de.jsonl	2026-09-03T04:44:30.405Z	claude-opus-5
9a45e316b9c6349e	-	ineligible	out-of-family:x-noop	-	-	-	agent-acffa7722710273de.jsonl	2026-09-03T04:45:02.854Z	claude-opus-5
4e5520e70eaf9d95	-	ineligible	out-of-family:x-noop	-	-	-	agent-acffa7722710273de.jsonl	2026-09-03T04:45:27.993Z	claude-opus-5
5975aa596ecdf53a	-	ineligible	out-of-family:x-noop	-	-	-	agent-acffa7722710273de.jsonl	2026-09-03T04:45:48.074Z	claude-opus-5
116fda7c0a71b4ad	-	ineligible	out-of-family:x-noop	-	-	-	agent-acffa7722710273de.jsonl	2026-09-03T04:49:37.253Z	claude-opus-5
8cd9dbe4c5b2713e	-	ineligible	out-of-family:x-noop	-	-	-	agent-acffa7722710273de.jsonl	2026-09-03T04:50:04.067Z	claude-opus-5
a069363479ac4357	-	ineligible	out-of-family:x-noop	-	-	-	agent-acffa7722710273de.jsonl	2026-09-03T04:50:42.289Z	claude-opus-5
7b09a347db43818d	-	ineligible	out-of-family:x-noop	-	-	-	agent-acffa7722710273de.jsonl	2026-09-03T04:51:18.696Z	claude-opus-5
6ce6bf441e567917	-	ineligible	out-of-family:x-other	-	-	-	agent-acffa7722710273de.jsonl	2026-09-03T04:51:27.289Z	claude-opus-5
ca4d170bff024b5b	-	ineligible	out-of-family:x-noop	-	-	-	agent-acffa7722710273de.jsonl	2026-09-03T04:52:03.609Z	claude-opus-5
eebbdc0e44840585	-	ineligible	out-of-family:x-noop	-	-	-	agent-acffa7722710273de.jsonl	2026-09-03T04:53:09.245Z	claude-opus-5
775a259e072420d8	-	ineligible	out-of-family:x-noop	-	-	-	agent-acffa7722710273de.jsonl	2026-09-03T04:53:16.204Z	claude-opus-5
535a57a6c28d1330	-	ineligible	out-of-family:x-noop	-	-	-	agent-acffa7722710273de.jsonl	2026-09-03T04:54:48.053Z	claude-opus-5
3dfa5e6274292838	-	ineligible	out-of-family:x-noop	-	-	-	agent-acffa7722710273de.jsonl	2026-09-03T04:55:07.292Z	claude-opus-5
454151aa905205e7	-	ineligible	out-of-family:x-noop	-	-	-	agent-acffa7722710273de.jsonl	2026-09-03T05:05:34.386Z	claude-opus-5
1931db2cf681fda5	-	ineligible	out-of-family:x-noop	-	-	-	agent-acffa7722710273de.jsonl	2026-09-03T05:06:37.040Z	claude-opus-5
30044a3dd9e428bb	-	ineligible	out-of-family:x-noop	-	-	-	agent-acffa7722710273de.jsonl	2026-09-03T05:27:21.439Z	claude-opus-5
4cf19f96b1bd5104	-	ineligible	out-of-family:x-noop	-	-	-	agent-acb11b6108aff03a0.jsonl	2026-09-04T21:04:12.307Z	claude-opus-5
e7d84bfdfe6d3244	-	ineligible	out-of-family:x-noop	-	-	-	agent-acb11b6108aff03a0.jsonl	2026-09-04T21:04:41.483Z	claude-opus-5
3feba9f82bd528bc	-	ineligible	out-of-family:x-noop	-	-	-	agent-acb11b6108aff03a0.jsonl	2026-09-04T21:05:18.723Z	claude-opus-5
88128d5d007455c1	-	ineligible	out-of-family:x-noop	-	-	-	agent-acb11b6108aff03a0.jsonl	2026-09-04T21:05:42.163Z	claude-opus-5
c3e3b6d0ad9bad6d	-	ineligible	out-of-family:x-noop	-	-	-	agent-acb11b6108aff03a0.jsonl	2026-09-04T21:08:37.771Z	claude-opus-5
766402236d8a6a28	-	ineligible	out-of-family:x-noop	-	-	-	agent-acb11b6108aff03a0.jsonl	2026-09-04T21:09:42.029Z	claude-opus-5
12318202f6468bbc	-	ineligible	out-of-family:x-noop	-	-	-	agent-acb11b6108aff03a0.jsonl	2026-09-04T21:11:22.312Z	claude-opus-5
258086e7c39063f2	-	ineligible	out-of-family:x-other	-	-	-	agent-acb11b6108aff03a0.jsonl	2026-09-04T21:12:00.221Z	claude-opus-5
bfdbabf09088d310	-	ineligible	out-of-family:x-other	-	-	-	agent-acb11b6108aff03a0.jsonl	2026-09-04T21:12:12.194Z	claude-opus-5
bd6079570fbf4cc9	-	ineligible	out-of-family:x-other	-	-	-	agent-acb11b6108aff03a0.jsonl	2026-09-04T21:12:20.033Z	claude-opus-5
29ca4be00d54b658	-	ineligible	out-of-family:x-other	-	-	-	agent-acb11b6108aff03a0.jsonl	2026-09-04T21:12:29.540Z	claude-opus-5
f602313a1efca93a	-	ineligible	out-of-family:x-noop	-	-	-	agent-acb11b6108aff03a0.jsonl	2026-09-04T21:21:54.623Z	claude-opus-5
d3b1e6e906bb2618	-	ineligible	out-of-family:x-noop	-	-	-	agent-acb11b6108aff03a0.jsonl	2026-09-04T21:24:27.395Z	claude-opus-5
c0b84ad1af7518af	-	ineligible	out-of-family:x-noop	-	-	-	agent-a1d22e7f04e936d30.jsonl	2026-09-05T22:02:53.439Z	claude-opus-5
c757fae4632fdb45	-	ineligible	out-of-family:x-noop	-	-	-	agent-a1d22e7f04e936d30.jsonl	2026-09-05T22:03:23.816Z	claude-opus-5
06efec18530ccecd	-	ineligible	out-of-family:x-other	-	-	-	agent-a65aefee4d4f627a7.jsonl	2026-09-03T21:11:43.058Z	claude-opus-5
379623c26f340aac	-	ineligible	out-of-family:x-noop	-	-	-	agent-a65aefee4d4f627a7.jsonl	2026-09-03T21:12:27.267Z	claude-opus-5
c31fa51873fd322d	-	ineligible	out-of-family:x-noop	-	-	-	agent-a65aefee4d4f627a7.jsonl	2026-09-03T21:12:49.275Z	claude-opus-5
e3c794deaef68ef6	-	ineligible	out-of-family:x-noop	-	-	-	agent-a65aefee4d4f627a7.jsonl	2026-09-03T21:13:25.117Z	claude-opus-5
5ba85f1f842c8ded	-	ineligible	out-of-family:x-noop	-	-	-	agent-a65aefee4d4f627a7.jsonl	2026-09-03T21:14:10.307Z	claude-opus-5
178714d4490ab67e	-	ineligible	out-of-family:x-noop	-	-	-	agent-a65aefee4d4f627a7.jsonl	2026-09-03T21:14:26.323Z	claude-opus-5
d09bd434163de601	-	ineligible	out-of-family:x-noop	-	-	-	agent-a65aefee4d4f627a7.jsonl	2026-09-03T21:15:35.199Z	claude-opus-5
1f2cdb969e72f599	-	ineligible	out-of-family:I?	-	-	-	agent-a65aefee4d4f627a7.jsonl	2026-09-03T21:15:48.381Z	claude-opus-5
a958fbb4ce1eb56b	-	ineligible	out-of-family:x-noop	-	-	-	agent-a65aefee4d4f627a7.jsonl	2026-09-03T21:15:59.647Z	claude-opus-5
c672491d7d1c6521	-	ineligible	out-of-family:x-noop	-	-	-	agent-a65aefee4d4f627a7.jsonl	2026-09-03T21:16:12.798Z	claude-opus-5
de2197633e6262b8	-	ineligible	out-of-family:x-noop	-	-	-	agent-a65aefee4d4f627a7.jsonl	2026-09-03T21:16:46.852Z	claude-opus-5
11b10efd26b7b081	-	ineligible	out-of-family:x-noop	-	-	-	agent-a65aefee4d4f627a7.jsonl	2026-09-03T21:17:15.598Z	claude-opus-5
bd6808cab905b630	-	ineligible	out-of-family:x-noop	-	-	-	agent-a391ef63f7adada2f.jsonl	2026-09-06T23:21:56.500Z	claude-opus-5
55f5dcf2871eb4f9	-	ineligible	out-of-family:x-noop	-	-	-	agent-a391ef63f7adada2f.jsonl	2026-09-06T23:24:36.292Z	claude-opus-5
1442f84d4ae7eea4	-	ineligible	out-of-family:x-noop	-	-	-	agent-a391ef63f7adada2f.jsonl	2026-09-06T23:25:17.519Z	claude-opus-5
89c47076d7723fac	-	ineligible	out-of-family:x-noop	-	-	-	agent-a391ef63f7adada2f.jsonl	2026-09-06T23:25:38.491Z	claude-opus-5
79888c7f11be0c14	-	ineligible	out-of-family:x-noop	-	-	-	agent-a391ef63f7adada2f.jsonl	2026-09-06T23:25:47.262Z	claude-opus-5
f0c3c1ad86b8f0aa	-	ineligible	out-of-family:x-noop	-	-	-	agent-a391ef63f7adada2f.jsonl	2026-09-06T23:26:48.676Z	claude-opus-5
c16115fbc7e56ad2	-	ineligible	out-of-family:x-noop	-	-	-	agent-a391ef63f7adada2f.jsonl	2026-09-06T23:35:02.807Z	claude-opus-5
32a93242ec6488ed	-	ineligible	out-of-family:x-noop	-	-	-	agent-a391ef63f7adada2f.jsonl	2026-09-06T23:35:16.124Z	claude-opus-5
1d67c9890de02bdd	-	ineligible	out-of-family:x-noop	-	-	-	agent-a391ef63f7adada2f.jsonl	2026-09-06T23:35:26.125Z	claude-opus-5
cde66b15d0064317	-	ineligible	out-of-family:x-noop	-	-	-	agent-a391ef63f7adada2f.jsonl	2026-09-06T23:35:31.170Z	claude-opus-5
1fed8a0149138c37	-	ineligible	out-of-family:x-noop	-	-	-	agent-a391ef63f7adada2f.jsonl	2026-09-06T23:36:00.565Z	claude-opus-5
29ab9041ff92731a	-	ineligible	out-of-family:x-noop	-	-	-	agent-a391ef63f7adada2f.jsonl	2026-09-06T23:36:11.820Z	claude-opus-5
3f6f229ece481538	-	ineligible	out-of-family:x-noop	-	-	-	agent-a391ef63f7adada2f.jsonl	2026-09-06T23:36:39.706Z	claude-opus-5
6f025e8846a43271	-	ineligible	out-of-family:x-noop	-	-	-	agent-a391ef63f7adada2f.jsonl	2026-09-06T23:36:47.328Z	claude-opus-5
9ef68b207c507990	-	ineligible	out-of-family:x-noop	-	-	-	agent-a391ef63f7adada2f.jsonl	2026-09-06T23:37:18.102Z	claude-opus-5
ab0b6f0fa241c556	-	ineligible	out-of-family:x-noop	-	-	-	agent-a391ef63f7adada2f.jsonl	2026-09-06T23:39:58.360Z	claude-opus-5
bbf3363fe9ee94f3	-	ineligible	out-of-family:x-noop	-	-	-	agent-a391ef63f7adada2f.jsonl	2026-09-06T23:40:07.751Z	claude-opus-5
8f2424d7e65c46e0	-	ineligible	out-of-family:x-noop	-	-	-	agent-a391ef63f7adada2f.jsonl	2026-09-06T23:40:17.627Z	claude-opus-5
115a741155650682	-	ineligible	out-of-family:x-noop	-	-	-	agent-a391ef63f7adada2f.jsonl	2026-09-06T23:40:45.658Z	claude-opus-5
cd867c3630164d5b	-	ineligible	out-of-family:x-noop	-	-	-	agent-a391ef63f7adada2f.jsonl	2026-09-06T23:40:51.406Z	claude-opus-5
889378f827b55cb1	-	ineligible	out-of-family:x-noop	-	-	-	agent-a717778052d0b3fce.jsonl	2026-09-03T10:42:34.867Z	claude-opus-5
b3df5ee900da14eb	-	ineligible	out-of-family:x-noop	-	-	-	agent-a717778052d0b3fce.jsonl	2026-09-03T10:42:40.850Z	claude-opus-5
e50be78d4b12d21c	-	ineligible	out-of-family:x-noop	-	-	-	agent-a717778052d0b3fce.jsonl	2026-09-03T10:42:43.931Z	claude-opus-5
66a919daf3b27b83	-	ineligible	out-of-family:x-noop	-	-	-	agent-a717778052d0b3fce.jsonl	2026-09-03T10:44:06.643Z	claude-opus-5
6a5001405c4b633a	-	ineligible	out-of-family:x-noop	-	-	-	agent-a717778052d0b3fce.jsonl	2026-09-03T10:44:25.908Z	claude-opus-5
3ffe401c70d87d97	-	ineligible	out-of-family:x-noop	-	-	-	agent-a717778052d0b3fce.jsonl	2026-09-03T10:44:57.220Z	claude-opus-5
411a7fa6f0727fab	-	ineligible	out-of-family:x-noop	-	-	-	agent-a9a5705a1c5a13238.jsonl	2026-09-04T10:15:23.526Z	claude-opus-5
4581de821531f0cf	-	ineligible	out-of-family:x-noop	-	-	-	agent-a9a5705a1c5a13238.jsonl	2026-09-04T10:16:08.120Z	claude-opus-5
fb39b17e2df3f5a3	-	ineligible	out-of-family:x-noop	-	-	-	agent-a9a5705a1c5a13238.jsonl	2026-09-04T10:16:37.840Z	claude-opus-5
434666ea3cc35b1b	-	ineligible	out-of-family:x-noop	-	-	-	agent-a9a5705a1c5a13238.jsonl	2026-09-04T10:16:48.813Z	claude-opus-5
f7f24b1d209f1fb1	-	ineligible	out-of-family:x-noop	-	-	-	agent-a9a5705a1c5a13238.jsonl	2026-09-04T10:18:08.207Z	claude-opus-5
751ffcd69e5483dc	-	ineligible	out-of-family:x-noop	-	-	-	agent-a9a5705a1c5a13238.jsonl	2026-09-04T10:18:53.488Z	claude-opus-5
faba491b37b60fe0	-	ineligible	out-of-family:x-noop	-	-	-	agent-a9a5705a1c5a13238.jsonl	2026-09-04T10:26:46.501Z	claude-opus-5
f822286dc37995e6	-	ineligible	out-of-family:x-noop	-	-	-	agent-a8c37a8d745463106.jsonl	2026-09-04T15:50:11.942Z	claude-opus-5
dd0a1650de540651	-	ineligible	out-of-family:x-other	-	-	-	agent-a8c37a8d745463106.jsonl	2026-09-04T15:50:50.694Z	claude-opus-5
90092b1c60086e6e	-	ineligible	out-of-family:x-noop	-	-	-	agent-a8c37a8d745463106.jsonl	2026-09-04T15:52:05.680Z	claude-opus-5
de2483382e427671	-	ineligible	out-of-family:x-noop	-	-	-	agent-afba54e795b662eb9.jsonl	2026-09-03T12:33:24.814Z	claude-opus-5
c5853b02438fc2d8	-	ineligible	out-of-family:x-noop	-	-	-	agent-afba54e795b662eb9.jsonl	2026-09-03T12:34:41.277Z	claude-opus-5
aa8bbb305b90ec71	-	ineligible	out-of-family:x-noop	-	-	-	agent-afba54e795b662eb9.jsonl	2026-09-03T12:34:53.199Z	claude-opus-5
d59ff295d4944254	-	ineligible	out-of-family:x-noop	-	-	-	agent-afba54e795b662eb9.jsonl	2026-09-03T12:36:11.831Z	claude-opus-5
9d5dfc1aabcc78e6	-	ineligible	out-of-family:x-noop	-	-	-	agent-afba54e795b662eb9.jsonl	2026-09-03T12:37:16.146Z	claude-opus-5
fe89e1183a142688	-	ineligible	out-of-family:x-noop	-	-	-	agent-afba54e795b662eb9.jsonl	2026-09-03T12:39:04.957Z	claude-opus-5
9aa8fa96f0c550c4	-	ineligible	out-of-family:x-noop	-	-	-	agent-afba54e795b662eb9.jsonl	2026-09-03T12:41:00.195Z	claude-opus-5
166074318daa4d20	-	ineligible	out-of-family:x-noop	-	-	-	agent-afba54e795b662eb9.jsonl	2026-09-03T12:41:26.307Z	claude-opus-5
15983c1e85572a01	-	ineligible	out-of-family:x-noop	-	-	-	agent-afba54e795b662eb9.jsonl	2026-09-03T12:42:57.634Z	claude-opus-5
816670ff7d7ddf5b	-	ineligible	out-of-family:x-noop	-	-	-	agent-afba54e795b662eb9.jsonl	2026-09-03T12:43:38.938Z	claude-opus-5
90c96482ccc8b738	-	ineligible	out-of-family:x-noop	-	-	-	agent-afba54e795b662eb9.jsonl	2026-09-03T12:43:51.105Z	claude-opus-5
a718ff89b55465d8	-	ineligible	out-of-family:x-other	-	-	-	agent-a8ccf6f37c6ef5736.jsonl	2026-09-08T08:10:38.662Z	claude-opus-5
85b37138582e40e7	-	ineligible	out-of-family:x-noop	-	-	-	agent-a8ccf6f37c6ef5736.jsonl	2026-09-08T08:13:23.183Z	claude-opus-5
9e0d66309f33cee3	-	ineligible	out-of-family:x-noop	-	-	-	agent-ae218ef6577377b42.jsonl	2026-09-10T16:20:44.839Z	claude-opus-5
b34154a8a02df364	-	ineligible	out-of-family:x-noop	-	-	-	agent-ae218ef6577377b42.jsonl	2026-09-10T16:20:58.054Z	claude-opus-5
be4e8f898427c9f1	-	ineligible	out-of-family:x-noop	-	-	-	agent-ae218ef6577377b42.jsonl	2026-09-10T16:22:15.774Z	claude-opus-5
08031dcb3cc51b00	-	ineligible	out-of-family:x-noop	-	-	-	agent-ae218ef6577377b42.jsonl	2026-09-10T16:23:37.045Z	claude-opus-5
97829ee5c011d840	-	ineligible	out-of-family:x-noop	-	-	-	agent-ae218ef6577377b42.jsonl	2026-09-10T16:24:25.201Z	claude-opus-5
d0295f91bb3ac8bd	-	ineligible	out-of-family:x-noop	-	-	-	agent-ae218ef6577377b42.jsonl	2026-09-10T16:26:15.949Z	claude-opus-5
9b4fcd2db4647592	-	ineligible	out-of-family:x-noop	-	-	-	agent-ae218ef6577377b42.jsonl	2026-09-10T16:26:33.655Z	claude-opus-5
c229860eb7d1a4dd	-	ineligible	out-of-family:x-noop	-	-	-	agent-ae218ef6577377b42.jsonl	2026-09-10T16:27:06.948Z	claude-opus-5
7da63355783dcb5e	-	ineligible	out-of-family:x-noop	-	-	-	agent-ae218ef6577377b42.jsonl	2026-09-10T16:28:12.563Z	claude-opus-5
f168915546e198c1	-	ineligible	out-of-family:x-noop	-	-	-	agent-ae218ef6577377b42.jsonl	2026-09-10T16:30:21.017Z	claude-opus-5
546a2c4ae7ec9743	-	ineligible	out-of-family:x-noop	-	-	-	agent-ae218ef6577377b42.jsonl	2026-09-10T16:32:31.829Z	claude-opus-5
eef5a783ca35dc71	-	ineligible	out-of-family:x-noop	-	-	-	agent-ae218ef6577377b42.jsonl	2026-09-10T16:34:19.623Z	claude-opus-5
6eed46ff1a5f7cf6	-	ineligible	out-of-family:x-noop	-	-	-	agent-ae218ef6577377b42.jsonl	2026-09-10T16:34:47.690Z	claude-opus-5
ef5f8b700f838073	-	ineligible	out-of-family:x-noop	-	-	-	agent-ae218ef6577377b42.jsonl	2026-09-10T16:34:54.302Z	claude-opus-5
12e812d09bde68d0	-	ineligible	out-of-family:x-noop	-	-	-	agent-ae218ef6577377b42.jsonl	2026-09-10T16:35:11.536Z	claude-opus-5
5eb4ed7b3255f118	-	ineligible	out-of-family:x-noop	-	-	-	agent-ae218ef6577377b42.jsonl	2026-09-10T16:35:20.442Z	claude-opus-5
a269e85f0587443b	-	ineligible	out-of-family:x-other	-	-	-	agent-ae218ef6577377b42.jsonl	2026-09-10T16:35:29.233Z	claude-opus-5
84593b1bf08cb57a	-	ineligible	out-of-family:x-noop	-	-	-	agent-ae218ef6577377b42.jsonl	2026-09-10T16:35:41.067Z	claude-opus-5
b6ebc03b194deacf	-	ineligible	out-of-family:x-noop	-	-	-	agent-ae218ef6577377b42.jsonl	2026-09-10T16:37:16.260Z	claude-opus-5
45042627279d3a26	-	ineligible	out-of-family:x-noop	-	-	-	agent-ae218ef6577377b42.jsonl	2026-09-10T16:37:40.682Z	claude-opus-5
891d5f2107290e78	-	ineligible	out-of-family:x-noop	-	-	-	agent-ae218ef6577377b42.jsonl	2026-09-10T16:39:33.769Z	claude-opus-5
f9f498becce79cfe	-	ineligible	out-of-family:x-noop	-	-	-	agent-ae218ef6577377b42.jsonl	2026-09-10T16:39:52.430Z	claude-opus-5
3ebdc5b105bce4fe	-	ineligible	out-of-family:x-other	-	-	-	agent-ae218ef6577377b42.jsonl	2026-09-10T16:40:18.012Z	claude-opus-5
c5d09012ae21abb1	-	ineligible	out-of-family:x-other	-	-	-	agent-ae218ef6577377b42.jsonl	2026-09-10T16:40:25.793Z	claude-opus-5
7ea5e03d31889a53	-	ineligible	out-of-family:x-noop	-	-	-	agent-ae218ef6577377b42.jsonl	2026-09-10T16:41:45.604Z	claude-opus-5
8fb3d628fd680e7e	-	ineligible	out-of-family:x-other	-	-	-	agent-ae218ef6577377b42.jsonl	2026-09-10T16:41:50.671Z	claude-opus-5
325f77c22f5c2e49	-	ineligible	out-of-family:x-noop	-	-	-	agent-ae218ef6577377b42.jsonl	2026-09-10T16:42:42.935Z	claude-opus-5
cb611055c06ef0c9	-	ineligible	out-of-family:x-noop	-	-	-	agent-ae218ef6577377b42.jsonl	2026-09-10T16:42:58.190Z	claude-opus-5
88d4b3ac1140bee0	-	ineligible	out-of-family:x-other	-	-	-	agent-ae218ef6577377b42.jsonl	2026-09-10T16:43:16.861Z	claude-opus-5
ca495eacc06fc98c	-	ineligible	out-of-family:x-noop	-	-	-	agent-ae218ef6577377b42.jsonl	2026-09-10T16:44:52.679Z	claude-opus-5
2846ccdd490d9ef5	-	ineligible	out-of-family:x-noop	-	-	-	agent-ae218ef6577377b42.jsonl	2026-09-10T16:49:08.723Z	claude-opus-5
8266547961949982	-	ineligible	out-of-family:x-noop	-	-	-	agent-ae218ef6577377b42.jsonl	2026-09-10T16:51:45.050Z	claude-opus-5
98c78c20b8b10060	-	ineligible	out-of-family:x-noop	-	-	-	agent-ae218ef6577377b42.jsonl	2026-09-10T16:53:20.394Z	claude-opus-5
4caff53d01be1f48	-	ineligible	out-of-family:x-noop	-	-	-	agent-ae218ef6577377b42.jsonl	2026-09-10T16:53:56.431Z	claude-opus-5
edea64a3f037ba9a	-	ineligible	out-of-family:x-noop	-	-	-	agent-ae218ef6577377b42.jsonl	2026-09-10T16:55:15.311Z	claude-opus-5
521121b6a1f2244b	-	ineligible	out-of-family:x-noop	-	-	-	agent-ae218ef6577377b42.jsonl	2026-09-10T17:13:18.126Z	claude-opus-5
34b45198a02f9e9c	-	ineligible	out-of-family:x-noop	-	-	-	agent-a66c553bad8ed4b73.jsonl	2026-09-09T13:58:44.937Z	claude-opus-5
5ce52c1376524609	-	ineligible	out-of-family:x-other	-	-	-	agent-a66c553bad8ed4b73.jsonl	2026-09-09T13:59:49.391Z	claude-opus-5
d91571006ab33ef3	-	ineligible	out-of-family:x-noop	-	-	-	agent-a66c553bad8ed4b73.jsonl	2026-09-09T14:00:35.638Z	claude-opus-5
f252b227f667a5b1	-	ineligible	out-of-family:x-noop	-	-	-	agent-a66c553bad8ed4b73.jsonl	2026-09-09T14:01:05.203Z	claude-opus-5
6bd1523840a9d24f	-	ineligible	out-of-family:x-other	-	-	-	agent-a66c553bad8ed4b73.jsonl	2026-09-09T14:01:23.350Z	claude-opus-5
8493eb2a59a76325	-	ineligible	out-of-family:x-noop	-	-	-	agent-a66c553bad8ed4b73.jsonl	2026-09-09T14:02:24.219Z	claude-opus-5
960f8d18454eba1d	-	ineligible	out-of-family:x-noop	-	-	-	agent-a66c553bad8ed4b73.jsonl	2026-09-09T14:02:48.182Z	claude-opus-5
6b3b1792a03d1ed0	-	ineligible	out-of-family:x-noop	-	-	-	agent-a66c553bad8ed4b73.jsonl	2026-09-09T14:06:51.821Z	claude-opus-5
b54004de03379a11	-	ineligible	out-of-family:x-noop	-	-	-	agent-a66c553bad8ed4b73.jsonl	2026-09-09T14:07:33.683Z	claude-opus-5
104047e21734ff83	-	ineligible	out-of-family:x-noop	-	-	-	agent-a66c553bad8ed4b73.jsonl	2026-09-09T14:07:53.517Z	claude-opus-5
5224efd11a510a33	-	ineligible	out-of-family:x-noop	-	-	-	agent-a66c553bad8ed4b73.jsonl	2026-09-09T14:08:12.081Z	claude-opus-5
cb8bf191b12b4dcb	-	ineligible	out-of-family:x-noop	-	-	-	agent-a66c553bad8ed4b73.jsonl	2026-09-09T14:09:07.352Z	claude-opus-5
4842f1a984105e8e	-	ineligible	out-of-family:x-noop	-	-	-	agent-a66c553bad8ed4b73.jsonl	2026-09-09T14:09:18.615Z	claude-opus-5
182e5407e2e684f9	-	ineligible	out-of-family:x-other	-	-	-	agent-a66c553bad8ed4b73.jsonl	2026-09-09T14:10:36.576Z	claude-opus-5
119e87ea26fc107a	-	ineligible	out-of-family:x-noop	-	-	-	agent-a66c553bad8ed4b73.jsonl	2026-09-09T14:12:46.793Z	claude-opus-5
dbb62be5e377760e	-	ineligible	out-of-family:x-noop	-	-	-	agent-a66c553bad8ed4b73.jsonl	2026-09-09T14:14:45.668Z	claude-opus-5
3a69aca6e85478d2	-	ineligible	out-of-family:x-other	-	-	-	agent-a66c553bad8ed4b73.jsonl	2026-09-09T14:16:19.185Z	claude-opus-5
3c58939a2fe9b4da	-	ineligible	out-of-family:x-noop	-	-	-	agent-a66c553bad8ed4b73.jsonl	2026-09-09T14:19:39.648Z	claude-opus-5
676ccd024d9d80a1	-	ineligible	out-of-family:x-noop	-	-	-	agent-a66c553bad8ed4b73.jsonl	2026-09-09T14:20:06.015Z	claude-opus-5
d6b13e02008a35b6	-	ineligible	out-of-family:x-noop	-	-	-	agent-a66c553bad8ed4b73.jsonl	2026-09-09T14:21:09.498Z	claude-opus-5
031f4fd57affc67b	-	ineligible	out-of-family:x-noop	-	-	-	agent-a66c553bad8ed4b73.jsonl	2026-09-09T14:21:40.698Z	claude-opus-5
16b9308ccedd292b	-	ineligible	out-of-family:x-noop	-	-	-	agent-a66c553bad8ed4b73.jsonl	2026-09-09T14:21:57.839Z	claude-opus-5
a00f2abf085d6f47	-	ineligible	out-of-family:x-noop	-	-	-	agent-a66c553bad8ed4b73.jsonl	2026-09-09T14:24:15.733Z	claude-opus-5
2404ddb36664acf1	-	ineligible	out-of-family:x-noop	-	-	-	agent-a66c553bad8ed4b73.jsonl	2026-09-09T14:25:30.864Z	claude-opus-5
a4393c00b22ec15d	-	ineligible	out-of-family:x-other	-	-	-	agent-a66c553bad8ed4b73.jsonl	2026-09-09T14:28:49.458Z	claude-opus-5
6b4e402d60ce287d	-	ineligible	out-of-family:x-noop	-	-	-	agent-a66c553bad8ed4b73.jsonl	2026-09-09T14:29:51.697Z	claude-opus-5
38d96611828ed063	-	ineligible	out-of-family:x-other	-	-	-	agent-a66c553bad8ed4b73.jsonl	2026-09-09T14:32:26.326Z	claude-opus-5
f2f96aa6360b28be	-	ineligible	out-of-family:x-noop	-	-	-	agent-a66c553bad8ed4b73.jsonl	2026-09-09T14:32:45.405Z	claude-opus-5
81df75f4f4d99135	-	ineligible	out-of-family:x-other	-	-	-	agent-a66c553bad8ed4b73.jsonl	2026-09-09T14:35:52.268Z	claude-opus-5
02a2981fef315c90	-	ineligible	out-of-family:x-noop	-	-	-	agent-a66c553bad8ed4b73.jsonl	2026-09-09T14:37:06.400Z	claude-opus-5
0ea76eb8d8fa9945	-	ineligible	out-of-family:x-noop	-	-	-	agent-a66c553bad8ed4b73.jsonl	2026-09-09T14:37:23.415Z	claude-opus-5
acefe094fab37476	-	ineligible	out-of-family:x-other	-	-	-	agent-a66c553bad8ed4b73.jsonl	2026-09-09T14:39:50.733Z	claude-opus-5
fce7ccfa91954188	-	ineligible	out-of-family:x-noop	-	-	-	agent-a66c553bad8ed4b73.jsonl	2026-09-09T14:50:52.568Z	claude-opus-5
a16351cb0811a8be	-	ineligible	out-of-family:x-noop	-	-	-	agent-a66c553bad8ed4b73.jsonl	2026-09-09T15:02:24.361Z	claude-opus-5
f3e044a474e000ce	-	ineligible	out-of-family:x-noop	-	-	-	agent-a66c553bad8ed4b73.jsonl	2026-09-09T15:02:40.707Z	claude-opus-5
9d1860ba19d6d9cd	-	ineligible	out-of-family:x-noop	-	-	-	agent-a66c553bad8ed4b73.jsonl	2026-09-09T15:03:16.459Z	claude-opus-5
c3e2f33a95f35890	-	ineligible	out-of-family:x-other	-	-	-	agent-a66c553bad8ed4b73.jsonl	2026-09-09T15:03:25.356Z	claude-opus-5
797262ef347e56fa	-	ineligible	out-of-family:x-noop	-	-	-	agent-a66c553bad8ed4b73.jsonl	2026-09-09T15:10:56.714Z	claude-opus-5
fcc6c78184111bff	-	ineligible	out-of-family:x-noop	-	-	-	agent-a66c553bad8ed4b73.jsonl	2026-09-09T15:11:19.814Z	claude-opus-5
6a301e5ad218a5d8	-	ineligible	out-of-family:x-noop	-	-	-	agent-a66c553bad8ed4b73.jsonl	2026-09-09T15:12:04.965Z	claude-opus-5
45ca6bdeb44f0fd4	-	ineligible	out-of-family:x-noop	-	-	-	agent-a66c553bad8ed4b73.jsonl	2026-09-09T15:12:14.851Z	claude-opus-5
9effe681630175f8	-	ineligible	out-of-family:x-noop	-	-	-	agent-a66c553bad8ed4b73.jsonl	2026-09-09T15:12:39.599Z	claude-opus-5
ab7fa976b1deca12	-	ineligible	out-of-family:x-noop	-	-	-	agent-a66c553bad8ed4b73.jsonl	2026-09-09T15:12:56.954Z	claude-opus-5
964100e0f3b683dc	-	ineligible	out-of-family:x-noop	-	-	-	agent-a66c553bad8ed4b73.jsonl	2026-09-09T15:13:08.400Z	claude-opus-5
98c3f3932b499f9a	-	ineligible	out-of-family:x-noop	-	-	-	agent-a66c553bad8ed4b73.jsonl	2026-09-09T15:14:42.054Z	claude-opus-5
cdad73d9dd75e877	-	ineligible	out-of-family:x-noop	-	-	-	agent-a66c553bad8ed4b73.jsonl	2026-09-09T15:15:07.325Z	claude-opus-5
96d70e7416478c6d	-	ineligible	out-of-family:x-noop	-	-	-	agent-a66c553bad8ed4b73.jsonl	2026-09-09T15:15:29.051Z	claude-opus-5
50c5203a3ca9e690	-	ineligible	out-of-family:x-noop	-	-	-	agent-a66c553bad8ed4b73.jsonl	2026-09-09T15:15:46.644Z	claude-opus-5
ddec00654c22c083	-	ineligible	out-of-family:x-noop	-	-	-	agent-a66c553bad8ed4b73.jsonl	2026-09-09T15:18:33.977Z	claude-opus-5
1ae8c383d85c5450	-	ineligible	out-of-family:x-noop	-	-	-	agent-a66c553bad8ed4b73.jsonl	2026-09-09T15:19:02.247Z	claude-opus-5
b86b00dae1f42780	-	ineligible	out-of-family:x-noop	-	-	-	agent-a66c553bad8ed4b73.jsonl	2026-09-09T15:19:26.306Z	claude-opus-5
bdf75ef3663d5995	-	ineligible	out-of-family:x-other	-	-	-	agent-a66c553bad8ed4b73.jsonl	2026-09-09T15:20:00.420Z	claude-opus-5
969d1d2b559690c5	-	ineligible	out-of-family:x-noop	-	-	-	agent-a66c553bad8ed4b73.jsonl	2026-09-09T15:20:28.507Z	claude-opus-5
80ea3761f87f0a12	-	ineligible	out-of-family:x-noop	-	-	-	agent-a66c553bad8ed4b73.jsonl	2026-09-09T15:20:49.626Z	claude-opus-5
f40044469998402c	-	ineligible	out-of-family:x-noop	-	-	-	agent-a66c553bad8ed4b73.jsonl	2026-09-09T15:27:33.613Z	claude-opus-5
a67dc8a6a314b445	-	ineligible	out-of-family:x-noop	-	-	-	agent-a66c553bad8ed4b73.jsonl	2026-09-09T15:28:15.867Z	claude-opus-5
1338688ad8ad8a16	-	ineligible	out-of-family:x-noop	-	-	-	agent-a66c553bad8ed4b73.jsonl	2026-09-09T15:51:24.629Z	claude-opus-5
6ca486ac0dc28dad	-	ineligible	out-of-family:x-noop	-	-	-	agent-a66c553bad8ed4b73.jsonl	2026-09-09T15:51:48.482Z	claude-opus-5
d0be24852b2c54f8	-	ineligible	out-of-family:x-other	-	-	-	agent-a66c553bad8ed4b73.jsonl	2026-09-09T15:52:02.940Z	claude-opus-5
4a39e3e3fb07e666	-	ineligible	out-of-family:x-noop	-	-	-	agent-a66c553bad8ed4b73.jsonl	2026-09-09T15:52:23.161Z	claude-opus-5
387458ce76635f85	-	ineligible	out-of-family:x-noop	-	-	-	agent-a66c553bad8ed4b73.jsonl	2026-09-09T15:53:09.988Z	claude-opus-5
63193254e09066e7	-	ineligible	out-of-family:x-noop	-	-	-	agent-a66c553bad8ed4b73.jsonl	2026-09-09T15:53:20.800Z	claude-opus-5
56296374990bd852	-	ineligible	out-of-family:x-noop	-	-	-	agent-a66c553bad8ed4b73.jsonl	2026-09-09T15:56:33.054Z	claude-opus-5
a6a88887a9e5eadf	-	ineligible	out-of-family:x-noop	-	-	-	agent-a66c553bad8ed4b73.jsonl	2026-09-09T15:57:11.440Z	claude-opus-5
094ed67ec0179ac9	-	ineligible	out-of-family:x-noop	-	-	-	agent-a66c553bad8ed4b73.jsonl	2026-09-09T16:01:43.787Z	claude-opus-5
bb966d9eef38a6d8	-	ineligible	out-of-family:x-noop	-	-	-	agent-a66c553bad8ed4b73.jsonl	2026-09-09T16:03:03.914Z	claude-opus-5
a5f084bb3ef6605b	-	ineligible	out-of-family:x-noop	-	-	-	agent-a66c553bad8ed4b73.jsonl	2026-09-09T16:03:18.364Z	claude-opus-5
1b0d61f3b06738ee	-	ineligible	out-of-family:x-noop	-	-	-	agent-a66c553bad8ed4b73.jsonl	2026-09-09T16:04:38.431Z	claude-opus-5
241dad295365e626	-	ineligible	out-of-family:x-noop	-	-	-	agent-a66c553bad8ed4b73.jsonl	2026-09-09T16:04:50.997Z	claude-opus-5
fb3a6ef967b516d5	-	ineligible	out-of-family:x-noop	-	-	-	agent-a66c553bad8ed4b73.jsonl	2026-09-09T16:05:53.862Z	claude-opus-5
98e1e39f3b9ffcba	-	ineligible	out-of-family:x-noop	-	-	-	agent-a66c553bad8ed4b73.jsonl	2026-09-09T16:07:05.421Z	claude-opus-5
8f042d20826dca9b	-	ineligible	out-of-family:x-noop	-	-	-	agent-a66c553bad8ed4b73.jsonl	2026-09-09T16:08:12.026Z	claude-opus-5
fe24fab8ac53237e	-	ineligible	out-of-family:x-other	-	-	-	agent-a66c553bad8ed4b73.jsonl	2026-09-09T16:09:07.622Z	claude-opus-5
4e216d1c8f524935	-	ineligible	out-of-family:x-other	-	-	-	agent-a66c553bad8ed4b73.jsonl	2026-09-09T16:10:21.387Z	claude-opus-5
0ce07420e58562a0	-	ineligible	out-of-family:x-other	-	-	-	agent-a66c553bad8ed4b73.jsonl	2026-09-09T16:11:27.831Z	claude-opus-5
1eb226c0d861dd82	-	ineligible	out-of-family:x-noop	-	-	-	agent-a66c553bad8ed4b73.jsonl	2026-09-09T16:12:50.013Z	claude-opus-5
14b3afb44abf0cb3	-	ineligible	out-of-family:x-other	-	-	-	agent-a66c553bad8ed4b73.jsonl	2026-09-09T16:13:56.921Z	claude-opus-5
0a91ba13c5e51f70	-	ineligible	out-of-family:x-other	-	-	-	agent-a66c553bad8ed4b73.jsonl	2026-09-09T16:15:12.289Z	claude-opus-5
1d8bf15dfc83073e	-	ineligible	out-of-family:x-noop	-	-	-	agent-a66c553bad8ed4b73.jsonl	2026-09-09T16:17:09.191Z	claude-opus-5
4c873e76a8da6335	-	ineligible	out-of-family:x-noop	-	-	-	agent-a66c553bad8ed4b73.jsonl	2026-09-09T16:18:57.560Z	claude-opus-5
ee5964045eb5d15e	-	ineligible	out-of-family:x-noop	-	-	-	agent-a66c553bad8ed4b73.jsonl	2026-09-09T16:20:43.623Z	claude-opus-5
67f452726e6a49f8	-	ineligible	out-of-family:x-noop	-	-	-	agent-a66c553bad8ed4b73.jsonl	2026-09-09T16:24:54.127Z	claude-opus-5
885db151ea528833	-	ineligible	out-of-family:x-noop	-	-	-	agent-a66c553bad8ed4b73.jsonl	2026-09-09T16:25:40.405Z	claude-opus-5
a0c1faa3f46229a3	-	ineligible	out-of-family:x-noop	-	-	-	agent-a66c553bad8ed4b73.jsonl	2026-09-09T16:30:10.918Z	claude-opus-5
d6c450eb8d76e9a7	-	ineligible	out-of-family:x-noop	-	-	-	agent-a66c553bad8ed4b73.jsonl	2026-09-09T16:51:55.278Z	claude-opus-5
5d792b233fb498d4	-	ineligible	out-of-family:x-noop	-	-	-	agent-a66c553bad8ed4b73.jsonl	2026-09-09T16:52:19.345Z	claude-opus-5
c9846059b64c7066	-	ineligible	out-of-family:x-noop	-	-	-	agent-a66c553bad8ed4b73.jsonl	2026-09-09T17:12:24.974Z	claude-opus-5
a37ffba4b3cb43ab	-	ineligible	out-of-family:x-other	-	-	-	agent-a66c553bad8ed4b73.jsonl	2026-09-09T17:12:47.861Z	claude-opus-5
eb21151f83ab9c1e	-	ineligible	out-of-family:x-noop	-	-	-	agent-a66c553bad8ed4b73.jsonl	2026-09-09T17:13:19.303Z	claude-opus-5
08438c1a115176ec	-	ineligible	out-of-family:x-noop	-	-	-	agent-a66c553bad8ed4b73.jsonl	2026-09-09T17:14:07.337Z	claude-opus-5
dfdb0ab71ac1f438	-	ineligible	out-of-family:x-other	-	-	-	agent-a66c553bad8ed4b73.jsonl	2026-09-09T17:14:21.071Z	claude-opus-5
1cdf7c364f4428dc	-	ineligible	out-of-family:x-other	-	-	-	agent-a66c553bad8ed4b73.jsonl	2026-09-09T17:14:36.451Z	claude-opus-5
f404b97f5fdd0691	-	ineligible	out-of-family:x-other	-	-	-	agent-a66c553bad8ed4b73.jsonl	2026-09-09T17:15:35.433Z	claude-opus-5
dcd2dcbec461907d	-	ineligible	out-of-family:x-other	-	-	-	agent-a66c553bad8ed4b73.jsonl	2026-09-09T17:15:50.169Z	claude-opus-5
6b7d9d3bb8aed19d	-	ineligible	out-of-family:x-noop	-	-	-	agent-a66c553bad8ed4b73.jsonl	2026-09-09T17:18:46.982Z	claude-opus-5
c9588cc6a1b9ea4f	-	ineligible	out-of-family:x-other	-	-	-	agent-a66c553bad8ed4b73.jsonl	2026-09-09T17:18:55.045Z	claude-opus-5
5faea2f111f947dd	-	ineligible	out-of-family:x-noop	-	-	-	agent-a66c553bad8ed4b73.jsonl	2026-09-09T17:22:24.654Z	claude-opus-5
8397814a5aa416af	-	ineligible	out-of-family:x-other	-	-	-	agent-a66c553bad8ed4b73.jsonl	2026-09-09T17:23:10.503Z	claude-opus-5
c1628e7a1ed97124	-	ineligible	out-of-family:x-noop	-	-	-	agent-a66c553bad8ed4b73.jsonl	2026-09-09T17:26:50.296Z	claude-opus-5
889fe8f60c831eb7	-	ineligible	out-of-family:x-noop	-	-	-	agent-a66c553bad8ed4b73.jsonl	2026-09-09T17:33:56.667Z	claude-opus-5
d46aa58004e79d4a	-	ineligible	out-of-family:x-other	-	-	-	agent-a66c553bad8ed4b73.jsonl	2026-09-09T17:37:39.697Z	claude-opus-5
77bee6b9feb4e779	-	ineligible	out-of-family:x-noop	-	-	-	agent-a66c553bad8ed4b73.jsonl	2026-09-09T17:41:38.587Z	claude-opus-5
47424918414fa884	-	ineligible	out-of-family:x-noop	-	-	-	agent-a66c553bad8ed4b73.jsonl	2026-09-09T17:45:15.727Z	claude-opus-5
6cb76a40fb3851a3	-	ineligible	out-of-family:x-other	-	-	-	agent-a66c553bad8ed4b73.jsonl	2026-09-09T17:49:01.140Z	claude-opus-5
65c1d4c68eac5e37	-	ineligible	out-of-family:x-other	-	-	-	agent-a66c553bad8ed4b73.jsonl	2026-09-09T17:53:01.156Z	claude-opus-5
a17f417e70263608	-	ineligible	out-of-family:x-noop	-	-	-	agent-a66c553bad8ed4b73.jsonl	2026-09-09T17:58:35.571Z	claude-opus-5
4ae888636f2bd119	-	ineligible	out-of-family:x-noop	-	-	-	agent-a66c553bad8ed4b73.jsonl	2026-09-09T17:58:50.257Z	claude-opus-5
f4cab610b8d783b1	-	ineligible	out-of-family:x-noop	-	-	-	agent-a66c553bad8ed4b73.jsonl	2026-09-09T17:59:25.287Z	claude-opus-5
3e35de8e56140cb9	-	ineligible	out-of-family:x-other	-	-	-	agent-aa8fdf8de2a660468.jsonl	2026-09-04T06:49:01.277Z	claude-opus-5
29468aecc25d343c	-	ineligible	out-of-family:x-other	-	-	-	agent-aa8fdf8de2a660468.jsonl	2026-09-04T06:49:37.099Z	claude-opus-5
0b6672a2879440f5	-	ineligible	out-of-family:x-noop	-	-	-	agent-aa8fdf8de2a660468.jsonl	2026-09-04T06:51:33.501Z	claude-opus-5
b9037fc402f81830	-	ineligible	out-of-family:x-noop	-	-	-	agent-a13dae6c73113c8f7.jsonl	2026-09-09T07:27:00.021Z	claude-opus-5
e946faf2fe190b9c	-	ineligible	out-of-family:x-noop	-	-	-	agent-a13dae6c73113c8f7.jsonl	2026-09-09T07:27:12.634Z	claude-opus-5
79dcb2459a529f2d	-	ineligible	out-of-family:x-noop	-	-	-	agent-a18025b517c679ffb.jsonl	2026-09-03T10:09:07.721Z	claude-opus-5
7c68ded5df84c6ef	-	ineligible	out-of-family:x-noop	-	-	-	agent-a18025b517c679ffb.jsonl	2026-09-03T10:12:38.094Z	claude-opus-5
0ae882bdefcf1271	-	ineligible	out-of-family:x-noop	-	-	-	agent-a18025b517c679ffb.jsonl	2026-09-03T10:13:32.627Z	claude-opus-5
99efbeda3d202aaa	-	ineligible	out-of-family:x-noop	-	-	-	agent-a18025b517c679ffb.jsonl	2026-09-03T10:15:46.133Z	claude-opus-5
68410337fd4bac16	-	ineligible	out-of-family:x-noop	-	-	-	agent-a18025b517c679ffb.jsonl	2026-09-03T10:16:09.954Z	claude-opus-5
6b63104dc094c1ff	-	ineligible	out-of-family:x-noop	-	-	-	agent-a18025b517c679ffb.jsonl	2026-09-03T10:23:04.168Z	claude-opus-5
e4f3d5161e314a1f	-	ineligible	out-of-family:x-noop	-	-	-	agent-a18025b517c679ffb.jsonl	2026-09-03T10:26:46.898Z	claude-opus-5
92d2ad835f772b33	-	ineligible	out-of-family:x-other	-	-	-	agent-a18025b517c679ffb.jsonl	2026-09-03T10:31:21.640Z	claude-opus-5
d307c87559ae521a	-	ineligible	out-of-family:x-noop	-	-	-	agent-afb4b0059724e9f11.jsonl	2026-09-08T14:27:40.323Z	claude-opus-5
e8164a1768dacd09	-	ineligible	out-of-family:x-noop	-	-	-	agent-afb4b0059724e9f11.jsonl	2026-09-08T14:27:51.614Z	claude-opus-5
0b344980911baabe	-	ineligible	out-of-family:x-noop	-	-	-	agent-afb4b0059724e9f11.jsonl	2026-09-08T14:27:58.998Z	claude-opus-5
b4994b3a1d6b38f6	-	ineligible	out-of-family:x-noop	-	-	-	agent-afb4b0059724e9f11.jsonl	2026-09-08T14:28:11.982Z	claude-opus-5
36da2a81d17c232a	-	ineligible	out-of-family:x-noop	-	-	-	agent-afb4b0059724e9f11.jsonl	2026-09-08T14:29:10.090Z	claude-opus-5
b3fbe5b7765443f9	-	ineligible	out-of-family:x-noop	-	-	-	agent-a35ab171314068d0a.jsonl	2026-09-03T20:09:13.280Z	claude-opus-5
8e1a902bf30ae74d	-	ineligible	out-of-family:x-noop	-	-	-	agent-a35ab171314068d0a.jsonl	2026-09-03T20:09:57.540Z	claude-opus-5
39f6975019fc3c3f	-	ineligible	out-of-family:x-noop	-	-	-	agent-a35ab171314068d0a.jsonl	2026-09-03T20:10:08.775Z	claude-opus-5
409a0b61925ef49a	-	ineligible	out-of-family:x-noop	-	-	-	agent-afb591cf06f6e0ae4.jsonl	2026-09-06T20:59:02.428Z	claude-opus-5
48926db0f87b341a	-	ineligible	out-of-family:x-other	-	-	-	agent-afb591cf06f6e0ae4.jsonl	2026-09-06T20:59:36.445Z	claude-opus-5
afcaa1c7ca9af3f0	-	ineligible	out-of-family:x-noop	-	-	-	agent-a59ddc7dc027d8938.jsonl	2026-09-03T19:28:02.953Z	claude-opus-5
583bcd88e06a9070	-	ineligible	out-of-family:x-noop	-	-	-	agent-a59ddc7dc027d8938.jsonl	2026-09-03T19:28:08.853Z	claude-opus-5
d9918eecd36a80f7	-	ineligible	out-of-family:x-noop	-	-	-	agent-a59ddc7dc027d8938.jsonl	2026-09-03T19:28:15.723Z	claude-opus-5
ee13b68274077736	-	ineligible	out-of-family:x-noop	-	-	-	agent-a59ddc7dc027d8938.jsonl	2026-09-03T19:28:25.541Z	claude-opus-5
56d2ee6c1d8a95f5	-	ineligible	out-of-family:x-noop	-	-	-	agent-a59ddc7dc027d8938.jsonl	2026-09-03T19:31:27.407Z	claude-opus-5
9f8211de27fdc9d0	-	ineligible	out-of-family:x-noop	-	-	-	agent-a59ddc7dc027d8938.jsonl	2026-09-03T19:31:59.433Z	claude-opus-5
fb24ab61a8157a8c	-	ineligible	out-of-family:x-noop	-	-	-	agent-a59ddc7dc027d8938.jsonl	2026-09-03T19:32:21.959Z	claude-opus-5
300b1f5807d92d56	-	ineligible	out-of-family:x-noop	-	-	-	agent-a59ddc7dc027d8938.jsonl	2026-09-03T19:32:33.221Z	claude-opus-5
90313bb8c5de0bc7	-	ineligible	out-of-family:x-noop	-	-	-	agent-a59ddc7dc027d8938.jsonl	2026-09-03T19:33:03.103Z	claude-opus-5
6f000c6904f8d5bf	-	ineligible	out-of-family:x-noop	-	-	-	agent-a59ddc7dc027d8938.jsonl	2026-09-03T19:34:18.788Z	claude-opus-5
887209472d2dd060	-	ineligible	out-of-family:x-noop	-	-	-	agent-a59ddc7dc027d8938.jsonl	2026-09-03T19:34:33.664Z	claude-opus-5
87cbd03fe886dc49	-	ineligible	out-of-family:x-noop	-	-	-	agent-a59ddc7dc027d8938.jsonl	2026-09-03T19:35:42.377Z	claude-opus-5
c9adb5e0f12f6c12	-	ineligible	out-of-family:x-noop	-	-	-	agent-a59ddc7dc027d8938.jsonl	2026-09-03T19:36:01.027Z	claude-opus-5
be75bc20fc382b1e	-	ineligible	out-of-family:x-noop	-	-	-	agent-a59ddc7dc027d8938.jsonl	2026-09-03T19:36:20.898Z	claude-opus-5
0ba9aa599c0278c4	-	ineligible	out-of-family:x-noop	-	-	-	agent-a20e36107f5c9588b.jsonl	2026-09-03T06:04:01.193Z	claude-sonnet-5
8e194a60abcae297	-	ineligible	out-of-family:x-other	-	-	-	agent-a1541867f14115238.jsonl	2026-09-08T02:27:38.782Z	claude-opus-5
488d9f243b7ad46c	-	ineligible	out-of-family:x-noop	-	-	-	agent-afbd15781b1abfdcb.jsonl	2026-09-03T20:53:31.690Z	claude-opus-5
ee3dce412be37e07	-	ineligible	out-of-family:x-noop	-	-	-	agent-afbd15781b1abfdcb.jsonl	2026-09-03T20:55:57.654Z	claude-opus-5
a8ee772d7411dc9a	-	ineligible	out-of-family:x-noop	-	-	-	agent-afbd15781b1abfdcb.jsonl	2026-09-03T21:02:54.582Z	claude-opus-5
d01c09acbdef2833	-	ineligible	out-of-family:x-noop	-	-	-	agent-afbd15781b1abfdcb.jsonl	2026-09-03T21:03:20.825Z	claude-opus-5
797fb940c9002efd	-	ineligible	out-of-family:x-noop	-	-	-	agent-afbd15781b1abfdcb.jsonl	2026-09-03T21:03:30.875Z	claude-opus-5
48fe7134f308ac63	-	ineligible	out-of-family:x-noop	-	-	-	agent-afbd15781b1abfdcb.jsonl	2026-09-03T21:03:58.538Z	claude-opus-5
47fa941ddcb1333a	-	ineligible	out-of-family:x-noop	-	-	-	agent-afbd15781b1abfdcb.jsonl	2026-09-03T21:04:51.873Z	claude-opus-5
3de6ef773953d436	-	ineligible	out-of-family:x-noop	-	-	-	agent-afbd15781b1abfdcb.jsonl	2026-09-03T21:15:54.726Z	claude-opus-5
d45c9039860b806c	-	ineligible	out-of-family:x-noop	-	-	-	agent-ab1c28fd9941d16c2.jsonl	2026-09-04T05:36:10.070Z	claude-opus-5
9b560675abd857ab	-	ineligible	out-of-family:x-noop	-	-	-	agent-ab1c28fd9941d16c2.jsonl	2026-09-04T05:37:51.178Z	claude-opus-5
e23e60f02cc8ed5f	-	ineligible	out-of-family:x-noop	-	-	-	agent-ab1c28fd9941d16c2.jsonl	2026-09-04T05:38:17.284Z	claude-opus-5
e6d1da0a5e944a53	-	ineligible	out-of-family:x-other	-	-	-	agent-ab1c28fd9941d16c2.jsonl	2026-09-04T05:38:29.542Z	claude-opus-5
c0d993db10ae858d	-	ineligible	out-of-family:x-noop	-	-	-	agent-ab1c28fd9941d16c2.jsonl	2026-09-04T05:42:07.385Z	claude-opus-5
a63bec76dbc6c60e	-	ineligible	out-of-family:x-noop	-	-	-	agent-ab1c28fd9941d16c2.jsonl	2026-09-04T05:42:39.339Z	claude-opus-5
33a95ca432098c4c	-	ineligible	out-of-family:x-noop	-	-	-	agent-ab1c28fd9941d16c2.jsonl	2026-09-04T05:43:00.466Z	claude-opus-5
25f12d81d208f1ed	-	ineligible	out-of-family:x-noop	-	-	-	agent-ab1c28fd9941d16c2.jsonl	2026-09-04T05:43:28.910Z	claude-opus-5
ada655b07fdd0975	-	ineligible	out-of-family:x-noop	-	-	-	agent-ab1c28fd9941d16c2.jsonl	2026-09-04T05:43:42.836Z	claude-opus-5
89cc76519b4b2d5a	-	ineligible	out-of-family:x-noop	-	-	-	agent-ab1c28fd9941d16c2.jsonl	2026-09-04T05:46:07.597Z	claude-opus-5
9178c25b0c8ba552	-	ineligible	out-of-family:x-other	-	-	-	agent-ab1c28fd9941d16c2.jsonl	2026-09-04T05:46:47.203Z	claude-opus-5
8ee24c482070dc4e	-	ineligible	out-of-family:x-noop	-	-	-	agent-ab1c28fd9941d16c2.jsonl	2026-09-04T05:47:41.866Z	claude-opus-5
574c10d2c526848a	-	ineligible	out-of-family:x-noop	-	-	-	agent-ab1c28fd9941d16c2.jsonl	2026-09-04T05:50:32.320Z	claude-opus-5
748f2ceaa00869fd	-	ineligible	out-of-family:x-noop	-	-	-	agent-ab1c28fd9941d16c2.jsonl	2026-09-04T05:52:14.819Z	claude-opus-5
2213cb7d30a197aa	-	ineligible	out-of-family:x-noop	-	-	-	agent-ab1c28fd9941d16c2.jsonl	2026-09-04T05:53:08.420Z	claude-opus-5
1b913cb5bcef8b75	-	ineligible	out-of-family:x-noop	-	-	-	agent-ab1c28fd9941d16c2.jsonl	2026-09-04T05:54:37.350Z	claude-opus-5
ef67bce7a6e32414	-	ineligible	out-of-family:x-noop	-	-	-	agent-ab1c28fd9941d16c2.jsonl	2026-09-04T05:55:24.499Z	claude-opus-5
989c4282d68739b7	-	ineligible	out-of-family:x-noop	-	-	-	agent-ab1c28fd9941d16c2.jsonl	2026-09-04T05:58:00.381Z	claude-opus-5
a2428ab97c9d15c7	-	ineligible	out-of-family:x-other	-	-	-	agent-ab1c28fd9941d16c2.jsonl	2026-09-04T05:58:16.172Z	claude-opus-5
6056f206188561ea	-	ineligible	out-of-family:x-noop	-	-	-	agent-ab1c28fd9941d16c2.jsonl	2026-09-04T05:59:25.281Z	claude-opus-5
81c00b5aa8ad2729	-	ineligible	out-of-family:x-other	-	-	-	agent-ab1c28fd9941d16c2.jsonl	2026-09-04T06:01:08.929Z	claude-opus-5
8a9ab8498b65e84d	-	ineligible	out-of-family:x-noop	-	-	-	agent-ab1c28fd9941d16c2.jsonl	2026-09-04T06:01:37.806Z	claude-opus-5
e1867a2736bb6a77	-	ineligible	out-of-family:x-noop	-	-	-	agent-ab1c28fd9941d16c2.jsonl	2026-09-04T06:01:55.972Z	claude-opus-5
9b25f7fb566681c3	-	ineligible	out-of-family:x-noop	-	-	-	agent-ab1c28fd9941d16c2.jsonl	2026-09-04T06:03:20.789Z	claude-opus-5
cd7ee3af06728a0b	-	ineligible	out-of-family:x-noop	-	-	-	agent-ab1c28fd9941d16c2.jsonl	2026-09-04T06:04:51.686Z	claude-opus-5
622bc26164ddf323	-	ineligible	out-of-family:x-noop	-	-	-	agent-ab1c28fd9941d16c2.jsonl	2026-09-04T06:05:18.426Z	claude-opus-5
7526b3334b2feee6	-	ineligible	out-of-family:x-noop	-	-	-	agent-ab1c28fd9941d16c2.jsonl	2026-09-04T06:10:37.924Z	claude-opus-5
a483c332053766a4	-	ineligible	out-of-family:x-noop	-	-	-	agent-ab1c28fd9941d16c2.jsonl	2026-09-04T06:11:15.979Z	claude-opus-5
bb17e2cd0f4ba3db	-	ineligible	out-of-family:x-noop	-	-	-	agent-ab1c28fd9941d16c2.jsonl	2026-09-04T06:11:44.515Z	claude-opus-5
430206fcc20e9439	-	ineligible	out-of-family:x-other	-	-	-	agent-ab1c28fd9941d16c2.jsonl	2026-09-04T06:14:09.952Z	claude-opus-5
59491712e3e1efae	-	ineligible	out-of-family:x-noop	-	-	-	agent-ab1c28fd9941d16c2.jsonl	2026-09-04T06:16:30.112Z	claude-opus-5
6748afa191033dd5	-	ineligible	out-of-family:x-other	-	-	-	agent-ab1c28fd9941d16c2.jsonl	2026-09-04T06:17:47.695Z	claude-opus-5
0f53cae4aae185d8	-	ineligible	out-of-family:x-noop	-	-	-	agent-ab1c28fd9941d16c2.jsonl	2026-09-04T06:18:58.284Z	claude-opus-5
0e89980c53fe5a57	-	ineligible	out-of-family:x-noop	-	-	-	agent-ab1c28fd9941d16c2.jsonl	2026-09-04T06:19:58.750Z	claude-opus-5
b9d915a2486a1f76	-	ineligible	out-of-family:x-noop	-	-	-	agent-ab1c28fd9941d16c2.jsonl	2026-09-04T06:20:44.363Z	claude-opus-5
51997ba7073629b8	-	ineligible	out-of-family:x-noop	-	-	-	agent-ab1c28fd9941d16c2.jsonl	2026-09-04T06:21:09.843Z	claude-opus-5
ed4e93933de2a5fe	-	ineligible	out-of-family:x-other	-	-	-	agent-ab1c28fd9941d16c2.jsonl	2026-09-04T06:21:37.699Z	claude-opus-5
8a3617453fc4c597	-	ineligible	out-of-family:x-noop	-	-	-	agent-ab1c28fd9941d16c2.jsonl	2026-09-04T06:22:04.392Z	claude-opus-5
89b0f19f2bf0cbef	-	ineligible	out-of-family:x-noop	-	-	-	agent-ab1c28fd9941d16c2.jsonl	2026-09-04T06:24:13.179Z	claude-opus-5
a4af62fee03c3eba	-	ineligible	out-of-family:x-noop	-	-	-	agent-ab1c28fd9941d16c2.jsonl	2026-09-04T06:24:39.240Z	claude-opus-5
2353bafebec63fd2	-	ineligible	out-of-family:x-noop	-	-	-	agent-ab1c28fd9941d16c2.jsonl	2026-09-04T06:25:38.466Z	claude-opus-5
d4388dfa7bb2edbc	-	ineligible	out-of-family:x-noop	-	-	-	agent-ab1c28fd9941d16c2.jsonl	2026-09-04T06:26:29.318Z	claude-opus-5
f9194928daa42809	-	ineligible	out-of-family:x-noop	-	-	-	agent-ab1c28fd9941d16c2.jsonl	2026-09-04T06:27:13.149Z	claude-opus-5
a3c7196e1b8d5892	-	ineligible	out-of-family:x-other	-	-	-	agent-ab1c28fd9941d16c2.jsonl	2026-09-04T06:27:30.170Z	claude-opus-5
747178de35456717	-	ineligible	out-of-family:x-noop	-	-	-	agent-ab1c28fd9941d16c2.jsonl	2026-09-04T06:27:52.442Z	claude-opus-5
0c2289d24ef0508e	-	ineligible	out-of-family:x-noop	-	-	-	agent-ab1c28fd9941d16c2.jsonl	2026-09-04T06:28:38.805Z	claude-opus-5
252a802df819ee81	-	ineligible	out-of-family:x-noop	-	-	-	agent-a26c1a2d353219639.jsonl	2026-09-05T18:58:03.817Z	claude-opus-5
b5c574af1fc48663	-	ineligible	out-of-family:x-noop	-	-	-	agent-a26c1a2d353219639.jsonl	2026-09-05T18:58:31.732Z	claude-opus-5
d776116840fffb4a	-	ineligible	out-of-family:x-noop	-	-	-	agent-a26c1a2d353219639.jsonl	2026-09-05T18:58:54.073Z	claude-opus-5
9189daf3dcecbaad	T	eligible	ok	/home/forge/src/clj-surgeon	test/clj_surgeon/mission_test.clj	e00fb7e9e2c03c4ed2afa6c683d5153dc4933dce	agent-a26c1a2d353219639.jsonl	2026-09-05T18:59:12.107Z	claude-opus-5
c53e212e645bcdf8	-	ineligible	out-of-family:x-noop	-	-	-	agent-a26c1a2d353219639.jsonl	2026-09-05T18:59:48.121Z	claude-opus-5
db58f704a39e77e7	-	ineligible	out-of-family:x-noop	-	-	-	agent-a26c1a2d353219639.jsonl	2026-09-05T19:00:06.623Z	claude-opus-5
ca667ba638456fc2	-	ineligible	out-of-family:x-noop	-	-	-	agent-a26c1a2d353219639.jsonl	2026-09-05T19:01:51.523Z	claude-opus-5
d8e07ea5817c8358	-	ineligible	out-of-family:x-noop	-	-	-	agent-a26c1a2d353219639.jsonl	2026-09-05T19:02:10.296Z	claude-opus-5
20c6de34aab81f8e	-	ineligible	out-of-family:x-noop	-	-	-	agent-a26c1a2d353219639.jsonl	2026-09-05T19:06:30.359Z	claude-opus-5
a9b6f039b254cf76	-	ineligible	out-of-family:x-other	-	-	-	agent-a26c1a2d353219639.jsonl	2026-09-05T19:06:47.538Z	claude-opus-5
7a6f92e6facd26a1	-	ineligible	out-of-family:x-noop	-	-	-	agent-a26c1a2d353219639.jsonl	2026-09-05T19:07:53.703Z	claude-opus-5
d17629ddf6b72e40	T	ineligible	dup-episode-in-session	/home/forge/src/clj-surgeon	test/clj_surgeon/mission_test.clj	57c9bb42f910b67fa131dc026fbc7b18f8430a13	agent-a26c1a2d353219639.jsonl	2026-09-05T19:10:24.580Z	claude-opus-5
4f2d2657db270df2	-	ineligible	out-of-family:x-other	-	-	-	agent-a26c1a2d353219639.jsonl	2026-09-05T19:11:46.228Z	claude-opus-5
abbc78f57a9bcfe8	T	ineligible	pre-edit-bytes-not-recoverable	/home/forge/src/clj-surgeon	-	-	agent-a26c1a2d353219639.jsonl	2026-09-05T19:12:07.023Z	claude-opus-5
45f0a274d901d30d	T	ineligible	pre-edit-bytes-not-recoverable	/home/forge/src/clj-surgeon	-	-	agent-a26c1a2d353219639.jsonl	2026-09-05T19:13:26.617Z	claude-opus-5
d82e7605cd3582c3	-	ineligible	out-of-family:x-other	-	-	-	agent-a26c1a2d353219639.jsonl	2026-09-05T19:14:12.576Z	claude-opus-5
37f6c4102c6d35e8	-	ineligible	out-of-family:x-noop	-	-	-	agent-a26c1a2d353219639.jsonl	2026-09-05T19:15:33.970Z	claude-opus-5
05a8f274f4b1953c	-	ineligible	out-of-family:x-other	-	-	-	agent-a26c1a2d353219639.jsonl	2026-09-05T19:15:42.459Z	claude-opus-5
5220ed913deba677	-	ineligible	out-of-family:x-noop	-	-	-	agent-a26c1a2d353219639.jsonl	2026-09-05T19:16:14.772Z	claude-opus-5
dc38a17d807fefbe	I	eligible	ok	/home/forge/src/clj-surgeon	src/clj_surgeon/mission_cli.clj	57c9bb42f910b67fa131dc026fbc7b18f8430a13	agent-a26c1a2d353219639.jsonl	2026-09-05T19:17:04.480Z	claude-opus-5
ffc939449d64850d	-	ineligible	out-of-family:x-other	-	-	-	agent-a26c1a2d353219639.jsonl	2026-09-05T19:17:21.848Z	claude-opus-5
76fffe6b0d40f539	-	ineligible	out-of-family:x-other	-	-	-	agent-a26c1a2d353219639.jsonl	2026-09-05T19:17:39.953Z	claude-opus-5
c5a8544e8e00cfc8	-	ineligible	out-of-family:x-noop	-	-	-	agent-a26c1a2d353219639.jsonl	2026-09-05T19:18:28.356Z	claude-opus-5
d305fc960f236c7e	T	ineligible	pre-edit-bytes-not-recoverable	/home/forge/src/clj-surgeon	-	-	agent-a26c1a2d353219639.jsonl	2026-09-05T19:20:47.516Z	claude-opus-5
8679b2a3c2029f16	-	ineligible	out-of-family:x-other	-	-	-	agent-a26c1a2d353219639.jsonl	2026-09-05T19:29:47.114Z	claude-opus-5
257316ba9c3182a8	-	ineligible	out-of-family:x-noop	-	-	-	agent-a26c1a2d353219639.jsonl	2026-09-05T19:30:12.116Z	claude-opus-5
163b9323e6098cac	-	ineligible	out-of-family:x-other	-	-	-	agent-a26c1a2d353219639.jsonl	2026-09-05T19:30:24.264Z	claude-opus-5
88d40807834ab19e	T	ineligible	dup-episode-in-session	/home/forge/src/clj-surgeon	test/clj_surgeon/mission_test.clj	c627e1d8e3105ea2727330620731ff72f28a52fc	agent-a26c1a2d353219639.jsonl	2026-09-05T19:30:54.118Z	claude-opus-5
4d4ec882f22fb1b0	-	ineligible	out-of-family:x-noop	-	-	-	agent-ae1b0fcd9999f9072.jsonl	2026-09-04T11:36:21.361Z	claude-opus-5
a073ab743a0500bb	-	ineligible	out-of-family:x-noop	-	-	-	agent-ae1b0fcd9999f9072.jsonl	2026-09-04T11:44:24.361Z	claude-opus-5
5f302815e1cb737b	-	ineligible	out-of-family:x-noop	-	-	-	agent-a63c222bbd1f4ff0a.jsonl	2026-09-04T03:45:28.016Z	claude-opus-5
345799e54512a922	-	ineligible	out-of-family:x-noop	-	-	-	agent-a63c222bbd1f4ff0a.jsonl	2026-09-04T03:50:41.637Z	claude-opus-5
0565f0ffe49af997	-	ineligible	out-of-family:x-noop	-	-	-	agent-a63c222bbd1f4ff0a.jsonl	2026-09-04T03:54:28.997Z	claude-opus-5
9cc3fc2bdfb24f5c	-	ineligible	out-of-family:x-noop	-	-	-	agent-a63c222bbd1f4ff0a.jsonl	2026-09-04T03:55:34.465Z	claude-opus-5
4deefa4d8be45691	-	ineligible	out-of-family:x-noop	-	-	-	agent-a63c222bbd1f4ff0a.jsonl	2026-09-04T03:56:29.664Z	claude-opus-5
d340ffb81a7bce82	-	ineligible	out-of-family:x-other	-	-	-	agent-a63c222bbd1f4ff0a.jsonl	2026-09-04T03:56:33.690Z	claude-opus-5
d657c31db6ca89e3	-	ineligible	out-of-family:x-noop	-	-	-	agent-a63c222bbd1f4ff0a.jsonl	2026-09-04T03:57:20.839Z	claude-opus-5
8dc6e60e2f4ca59b	-	ineligible	out-of-family:x-noop	-	-	-	agent-a63c222bbd1f4ff0a.jsonl	2026-09-04T03:58:12.938Z	claude-opus-5
8ba13986da162165	-	ineligible	out-of-family:x-noop	-	-	-	agent-a63c222bbd1f4ff0a.jsonl	2026-09-04T03:58:22.357Z	claude-opus-5
74b5f8d7ddee38c7	-	ineligible	out-of-family:x-noop	-	-	-	agent-a63c222bbd1f4ff0a.jsonl	2026-09-04T03:58:35.587Z	claude-opus-5
bfe4a3b9e1affef7	-	ineligible	out-of-family:x-noop	-	-	-	agent-a63c222bbd1f4ff0a.jsonl	2026-09-04T03:58:46.805Z	claude-opus-5
1b2c7524ea968d44	-	ineligible	out-of-family:x-noop	-	-	-	agent-a63c222bbd1f4ff0a.jsonl	2026-09-04T04:05:32.665Z	claude-opus-5
396f058b017dfe9c	-	ineligible	out-of-family:x-noop	-	-	-	agent-a63c222bbd1f4ff0a.jsonl	2026-09-04T04:05:40.245Z	claude-opus-5
1272b8ac109d503e	-	ineligible	out-of-family:x-noop	-	-	-	agent-a63c222bbd1f4ff0a.jsonl	2026-09-04T04:07:20.536Z	claude-opus-5
729542a8e3f3739e	-	ineligible	out-of-family:x-noop	-	-	-	agent-a63c222bbd1f4ff0a.jsonl	2026-09-04T04:09:10.384Z	claude-opus-5
02feb833fe510b60	-	ineligible	out-of-family:x-noop	-	-	-	agent-a63c222bbd1f4ff0a.jsonl	2026-09-04T04:12:26.154Z	claude-opus-5
cfe25e5503c55276	-	ineligible	out-of-family:x-noop	-	-	-	agent-a63c222bbd1f4ff0a.jsonl	2026-09-04T04:18:05.274Z	claude-opus-5
98f78347542e7799	-	ineligible	out-of-family:x-noop	-	-	-	agent-a63c222bbd1f4ff0a.jsonl	2026-09-04T04:21:07.856Z	claude-opus-5
702f7e994766b39b	-	ineligible	out-of-family:x-noop	-	-	-	agent-a63c222bbd1f4ff0a.jsonl	2026-09-04T04:21:26.338Z	claude-opus-5
f16b3cd4572eabfd	-	ineligible	out-of-family:x-noop	-	-	-	agent-a63c222bbd1f4ff0a.jsonl	2026-09-04T04:21:42.565Z	claude-opus-5
a86200db12d9e1fc	-	ineligible	out-of-family:x-noop	-	-	-	agent-a63c222bbd1f4ff0a.jsonl	2026-09-04T04:22:56.113Z	claude-opus-5
b32c0b86abef7e4b	-	ineligible	out-of-family:x-noop	-	-	-	agent-a1b5f15cdcf0bf01e.jsonl	2026-09-04T01:46:47.533Z	claude-opus-5
5ad375ef9f3a179d	-	ineligible	out-of-family:x-noop	-	-	-	agent-a1b5f15cdcf0bf01e.jsonl	2026-09-04T01:50:20.499Z	claude-opus-5
d9946e069f4e3c96	-	ineligible	out-of-family:x-noop	-	-	-	agent-a1b5f15cdcf0bf01e.jsonl	2026-09-04T01:52:10.249Z	claude-opus-5
a40e7166a2dd62f4	-	ineligible	out-of-family:x-noop	-	-	-	agent-a1b5f15cdcf0bf01e.jsonl	2026-09-04T01:53:59.683Z	claude-opus-5
afb438b37e26beb8	-	ineligible	out-of-family:x-noop	-	-	-	agent-a1b5f15cdcf0bf01e.jsonl	2026-09-04T01:55:50.378Z	claude-opus-5
b2c4ac30c1948b96	-	ineligible	out-of-family:x-other	-	-	-	agent-a1b5f15cdcf0bf01e.jsonl	2026-09-04T02:01:39.316Z	claude-opus-5
898135498a9d9b58	-	ineligible	out-of-family:x-noop	-	-	-	agent-a1b5f15cdcf0bf01e.jsonl	2026-09-04T02:08:17.017Z	claude-opus-5
dffd2558dc32a7fe	-	ineligible	out-of-family:x-noop	-	-	-	agent-a1b5f15cdcf0bf01e.jsonl	2026-09-04T02:08:33.869Z	claude-opus-5
5594d58b8a199395	-	ineligible	out-of-family:x-noop	-	-	-	agent-a1b5f15cdcf0bf01e.jsonl	2026-09-04T02:08:58.269Z	claude-opus-5
77726bec26ea86ae	-	ineligible	out-of-family:x-noop	-	-	-	agent-a1b5f15cdcf0bf01e.jsonl	2026-09-04T02:09:24.821Z	claude-opus-5
e424b46fb186ec8a	-	ineligible	out-of-family:x-noop	-	-	-	agent-a1b5f15cdcf0bf01e.jsonl	2026-09-04T02:10:12.215Z	claude-opus-5
65027659d17b4ed6	-	ineligible	out-of-family:x-noop	-	-	-	agent-a1b5f15cdcf0bf01e.jsonl	2026-09-04T02:11:35.239Z	claude-opus-5
017d4ee8a22117d3	-	ineligible	out-of-family:x-noop	-	-	-	agent-a1b5f15cdcf0bf01e.jsonl	2026-09-04T02:12:03.842Z	claude-opus-5
43928a7a6d48481a	-	ineligible	out-of-family:x-other	-	-	-	agent-a1b5f15cdcf0bf01e.jsonl	2026-09-04T02:16:40.283Z	claude-opus-5
3c21abacbc5b1973	-	ineligible	out-of-family:x-noop	-	-	-	agent-a1b5f15cdcf0bf01e.jsonl	2026-09-04T02:17:14.599Z	claude-opus-5
03020d290f6000e4	-	ineligible	out-of-family:x-noop	-	-	-	agent-a1b5f15cdcf0bf01e.jsonl	2026-09-04T02:22:24.725Z	claude-opus-5
cd2a012fa1b36060	-	ineligible	out-of-family:x-noop	-	-	-	agent-a1260032d8088f33c.jsonl	2026-09-04T01:53:20.972Z	claude-opus-5
ea88b54b5f6171a3	-	ineligible	out-of-family:x-noop	-	-	-	agent-a1260032d8088f33c.jsonl	2026-09-04T01:56:50.452Z	claude-opus-5
8e1cb2631950cfa9	-	ineligible	out-of-family:x-noop	-	-	-	agent-a1260032d8088f33c.jsonl	2026-09-04T01:57:18.000Z	claude-opus-5
f0a8eaa53885909c	-	ineligible	out-of-family:x-noop	-	-	-	agent-a1260032d8088f33c.jsonl	2026-09-04T01:57:52.299Z	claude-opus-5
c5b602d0936022d2	-	ineligible	out-of-family:x-noop	-	-	-	agent-a1260032d8088f33c.jsonl	2026-09-04T01:58:15.893Z	claude-opus-5
daa2d42e5b5d41b0	-	ineligible	out-of-family:x-noop	-	-	-	agent-a1260032d8088f33c.jsonl	2026-09-04T02:01:52.529Z	claude-opus-5
72f8ce65f2707877	-	ineligible	out-of-family:x-noop	-	-	-	agent-a1260032d8088f33c.jsonl	2026-09-04T02:03:25.626Z	claude-opus-5
2c5ec24d8c337d64	-	ineligible	out-of-family:x-noop	-	-	-	agent-a1260032d8088f33c.jsonl	2026-09-04T02:04:31.157Z	claude-opus-5
65f22504a22ca773	-	ineligible	out-of-family:x-noop	-	-	-	agent-a1260032d8088f33c.jsonl	2026-09-04T02:04:39.518Z	claude-opus-5
510896c7ffddaae6	-	ineligible	out-of-family:x-noop	-	-	-	agent-a1260032d8088f33c.jsonl	2026-09-04T02:10:22.414Z	claude-opus-5
40298c006d8e0e7e	-	ineligible	out-of-family:x-noop	-	-	-	agent-a1260032d8088f33c.jsonl	2026-09-04T02:10:55.783Z	claude-opus-5
8f3b7cd2a33ed8a3	-	ineligible	out-of-family:x-noop	-	-	-	agent-a1260032d8088f33c.jsonl	2026-09-04T02:12:30.930Z	claude-opus-5
a301051d49e0d42a	-	ineligible	out-of-family:x-noop	-	-	-	agent-a1260032d8088f33c.jsonl	2026-09-04T02:12:37.283Z	claude-opus-5
c82ea3da12a5995e	-	ineligible	out-of-family:x-noop	-	-	-	agent-a1260032d8088f33c.jsonl	2026-09-04T02:12:46.578Z	claude-opus-5
93817f0af9ee21de	-	ineligible	out-of-family:x-noop	-	-	-	agent-a1260032d8088f33c.jsonl	2026-09-04T02:14:40.377Z	claude-opus-5
d804fb7753bf2869	-	ineligible	out-of-family:x-noop	-	-	-	agent-a1260032d8088f33c.jsonl	2026-09-04T02:15:12.766Z	claude-opus-5
d59fdee560b8365d	-	ineligible	out-of-family:x-noop	-	-	-	agent-a1260032d8088f33c.jsonl	2026-09-04T02:20:45.062Z	claude-opus-5
6c29d4c47817d1f7	-	ineligible	out-of-family:x-noop	-	-	-	agent-a1260032d8088f33c.jsonl	2026-09-04T02:22:31.876Z	claude-opus-5
2f54353c2c16bb21	-	ineligible	out-of-family:x-noop	-	-	-	agent-a1260032d8088f33c.jsonl	2026-09-04T02:22:52.657Z	claude-opus-5
fcc48df86811afbf	-	ineligible	out-of-family:x-noop	-	-	-	agent-a1260032d8088f33c.jsonl	2026-09-04T02:24:29.100Z	claude-opus-5
7d9f596903815b9d	-	ineligible	out-of-family:x-other	-	-	-	agent-a1260032d8088f33c.jsonl	2026-09-04T02:26:15.397Z	claude-opus-5
e53f9625c607758e	-	ineligible	out-of-family:x-other	-	-	-	agent-a1260032d8088f33c.jsonl	2026-09-04T02:30:21.067Z	claude-opus-5
bf0e564c0e437b0b	-	ineligible	out-of-family:x-noop	-	-	-	agent-a1260032d8088f33c.jsonl	2026-09-04T02:30:51.684Z	claude-opus-5
094738e6ae05edc4	-	ineligible	out-of-family:x-other	-	-	-	agent-a1260032d8088f33c.jsonl	2026-09-04T02:32:18.171Z	claude-opus-5
bca48044d28fe417	-	ineligible	out-of-family:x-other	-	-	-	agent-a1260032d8088f33c.jsonl	2026-09-04T02:32:33.941Z	claude-opus-5
2d5d50cb9923bfe8	-	ineligible	out-of-family:x-noop	-	-	-	agent-a1260032d8088f33c.jsonl	2026-09-04T02:33:39.943Z	claude-opus-5
205da05fb4e2a1ea	-	ineligible	out-of-family:x-noop	-	-	-	agent-a1260032d8088f33c.jsonl	2026-09-04T02:35:12.055Z	claude-opus-5
17f1c3b564c466f8	-	ineligible	out-of-family:x-noop	-	-	-	agent-a1260032d8088f33c.jsonl	2026-09-04T02:37:55.371Z	claude-opus-5
d9629ddf5488a667	-	ineligible	out-of-family:x-other	-	-	-	agent-a1260032d8088f33c.jsonl	2026-09-04T02:38:59.392Z	claude-opus-5
51ea692ccd4fcc91	-	ineligible	out-of-family:x-other	-	-	-	agent-a1260032d8088f33c.jsonl	2026-09-04T02:39:13.607Z	claude-opus-5
db6e35bdabe1d0fc	-	ineligible	out-of-family:x-noop	-	-	-	agent-a1260032d8088f33c.jsonl	2026-09-04T02:41:55.236Z	claude-opus-5
1db2725fd2c7e53f	-	ineligible	out-of-family:x-noop	-	-	-	agent-a1260032d8088f33c.jsonl	2026-09-04T02:43:56.267Z	claude-opus-5
250a7e5ed48f29d2	-	ineligible	out-of-family:x-noop	-	-	-	agent-a1260032d8088f33c.jsonl	2026-09-04T02:44:16.796Z	claude-opus-5
c84cd34649d4104a	-	ineligible	out-of-family:x-noop	-	-	-	agent-a1260032d8088f33c.jsonl	2026-09-04T02:45:29.545Z	claude-opus-5
1fca9365053c1307	-	ineligible	out-of-family:x-other	-	-	-	agent-a1260032d8088f33c.jsonl	2026-09-04T02:46:35.313Z	claude-opus-5
104d5914d440c3fa	-	ineligible	out-of-family:x-noop	-	-	-	agent-a1260032d8088f33c.jsonl	2026-09-04T02:51:33.063Z	claude-opus-5
ab9d6661904eb842	-	ineligible	out-of-family:x-noop	-	-	-	agent-a1260032d8088f33c.jsonl	2026-09-04T02:51:53.309Z	claude-opus-5
6d43906a8d9fe2f8	-	ineligible	out-of-family:x-noop	-	-	-	agent-a1260032d8088f33c.jsonl	2026-09-04T02:53:41.841Z	claude-opus-5
859189be0f39d040	-	ineligible	out-of-family:x-noop	-	-	-	agent-a1260032d8088f33c.jsonl	2026-09-04T02:57:40.339Z	claude-opus-5
070190f0e9e502e2	-	ineligible	out-of-family:x-noop	-	-	-	agent-a1260032d8088f33c.jsonl	2026-09-04T02:57:45.009Z	claude-opus-5
a571ab5852939d71	-	ineligible	out-of-family:x-other	-	-	-	agent-a8206949b6186eb23.jsonl	2026-09-08T08:35:18.579Z	claude-opus-5
ee3ee2063bfa718b	-	ineligible	out-of-family:x-other	-	-	-	agent-a8206949b6186eb23.jsonl	2026-09-08T08:35:24.067Z	claude-opus-5
18f0f24cbc490c77	-	ineligible	out-of-family:x-other	-	-	-	agent-a8206949b6186eb23.jsonl	2026-09-08T08:36:04.483Z	claude-opus-5
b1267ca0482d0d34	-	ineligible	out-of-family:x-other	-	-	-	agent-a8206949b6186eb23.jsonl	2026-09-08T08:36:08.997Z	claude-opus-5
bce27b02225055a0	-	ineligible	out-of-family:x-noop	-	-	-	agent-ad78360516a62bff1.jsonl	2026-09-05T01:18:46.117Z	claude-opus-5
c1fe81334ef41c5e	-	ineligible	out-of-family:x-noop	-	-	-	agent-ad78360516a62bff1.jsonl	2026-09-05T01:44:25.087Z	claude-opus-5
311aea5cb39304cf	-	ineligible	out-of-family:x-other	-	-	-	agent-ad78360516a62bff1.jsonl	2026-09-05T01:51:04.567Z	claude-opus-5
30fb79bea91a17fa	-	ineligible	out-of-family:x-noop	-	-	-	agent-ad78360516a62bff1.jsonl	2026-09-05T01:55:19.024Z	claude-opus-5
84e2dcac604be793	-	ineligible	out-of-family:x-noop	-	-	-	agent-a5bb3cfaeb93827df.jsonl	2026-09-06T21:20:59.147Z	claude-sonnet-5
56b726bf0fa816ea	-	ineligible	out-of-family:x-other	-	-	-	agent-a5bb3cfaeb93827df.jsonl	2026-09-06T21:21:05.008Z	claude-sonnet-5
24a681345db7830a	-	ineligible	out-of-family:x-noop	-	-	-	agent-acea8447a1d3342ff.jsonl	2026-09-04T04:37:29.269Z	claude-sonnet-5
710168d51fd037ad	-	ineligible	out-of-family:x-noop	-	-	-	agent-acea8447a1d3342ff.jsonl	2026-09-04T04:38:01.955Z	claude-sonnet-5
eab1e888fb1e4ade	-	ineligible	out-of-family:x-noop	-	-	-	agent-acea8447a1d3342ff.jsonl	2026-09-04T04:38:06.468Z	claude-sonnet-5
06cd6b54959aab27	-	ineligible	out-of-family:x-noop	-	-	-	agent-acea8447a1d3342ff.jsonl	2026-09-04T04:38:34.305Z	claude-sonnet-5
410dba375d376ee9	-	ineligible	out-of-family:x-noop	-	-	-	agent-acea8447a1d3342ff.jsonl	2026-09-04T04:49:39.294Z	claude-sonnet-5
c20c7478dd840ddd	-	ineligible	out-of-family:x-noop	-	-	-	agent-acea8447a1d3342ff.jsonl	2026-09-04T04:51:22.609Z	claude-sonnet-5
ef6a18f02bec14e3	-	ineligible	out-of-family:x-noop	-	-	-	agent-acea8447a1d3342ff.jsonl	2026-09-04T04:58:36.162Z	claude-sonnet-5
394351a7de47a31c	-	ineligible	out-of-family:x-other	-	-	-	agent-abf0ead23d43655fa.jsonl	2026-09-10T03:41:32.474Z	claude-opus-5
799e0ed2e6486ffa	-	ineligible	out-of-family:x-noop	-	-	-	agent-abf0ead23d43655fa.jsonl	2026-09-10T03:43:36.665Z	claude-opus-5
ff1cf3f5d893fef6	-	ineligible	out-of-family:x-other	-	-	-	agent-abf0ead23d43655fa.jsonl	2026-09-10T04:23:40.244Z	claude-opus-5
5167fda3d616e70e	-	ineligible	out-of-family:x-noop	-	-	-	agent-abf0ead23d43655fa.jsonl	2026-09-10T05:47:39.921Z	claude-opus-5
3586e2e737ce0a2f	-	ineligible	out-of-family:x-noop	-	-	-	agent-abf0ead23d43655fa.jsonl	2026-09-10T05:47:54.449Z	claude-opus-5
153f296f9ad75dee	-	ineligible	out-of-family:x-noop	-	-	-	agent-abf0ead23d43655fa.jsonl	2026-09-10T07:19:19.528Z	claude-opus-5
9809f775d89ea478	-	ineligible	out-of-family:x-noop	-	-	-	agent-abf0ead23d43655fa.jsonl	2026-09-10T07:20:32.177Z	claude-opus-5
a5da3aba3e9d88c5	-	ineligible	out-of-family:x-other	-	-	-	agent-abf0ead23d43655fa.jsonl	2026-09-10T07:23:39.343Z	claude-opus-5
04c8b088281d8510	-	ineligible	out-of-family:x-noop	-	-	-	agent-a69b3efa79f061931.jsonl	2026-09-04T05:09:32.223Z	claude-opus-5
26ff2c161e317f27	-	ineligible	out-of-family:x-noop	-	-	-	agent-a69b3efa79f061931.jsonl	2026-09-04T05:10:11.916Z	claude-opus-5
959aba8fd19bbdd0	-	ineligible	out-of-family:x-noop	-	-	-	agent-a69b3efa79f061931.jsonl	2026-09-04T05:10:34.201Z	claude-opus-5
99c605377635b1fb	-	ineligible	out-of-family:x-noop	-	-	-	agent-a69b3efa79f061931.jsonl	2026-09-04T05:10:58.763Z	claude-opus-5
43ca2e6097c3ea87	-	ineligible	out-of-family:x-other	-	-	-	agent-a69b3efa79f061931.jsonl	2026-09-04T05:11:13.679Z	claude-opus-5
585c22a13371b669	-	ineligible	out-of-family:x-noop	-	-	-	agent-a69b3efa79f061931.jsonl	2026-09-04T05:11:50.464Z	claude-opus-5
afeba0e8318e9359	-	ineligible	out-of-family:x-noop	-	-	-	agent-a69b3efa79f061931.jsonl	2026-09-04T05:13:35.537Z	claude-opus-5
1d0adb9d624a9fdc	-	ineligible	out-of-family:x-noop	-	-	-	agent-a69b3efa79f061931.jsonl	2026-09-04T05:17:07.952Z	claude-opus-5
7e5be140384013cc	-	ineligible	out-of-family:x-noop	-	-	-	agent-a69b3efa79f061931.jsonl	2026-09-04T05:17:46.545Z	claude-opus-5
97644a27f4580dde	-	ineligible	out-of-family:x-noop	-	-	-	agent-a69b3efa79f061931.jsonl	2026-09-04T05:18:26.518Z	claude-opus-5
df30a784b3fcd7ee	-	ineligible	out-of-family:x-noop	-	-	-	agent-a69b3efa79f061931.jsonl	2026-09-04T05:18:53.638Z	claude-opus-5
07f290e172e9ed01	-	ineligible	out-of-family:x-noop	-	-	-	agent-a69b3efa79f061931.jsonl	2026-09-04T05:19:06.798Z	claude-opus-5
ef6ab7edb1837ead	-	ineligible	out-of-family:x-other	-	-	-	agent-a69b3efa79f061931.jsonl	2026-09-04T05:19:16.657Z	claude-opus-5
e9e39d2e8fe5fc8d	-	ineligible	out-of-family:x-noop	-	-	-	agent-a69b3efa79f061931.jsonl	2026-09-04T05:20:41.478Z	claude-opus-5
a62af8008e520ee2	-	ineligible	out-of-family:x-noop	-	-	-	agent-a69b3efa79f061931.jsonl	2026-09-04T05:21:09.419Z	claude-opus-5
c12c74aa5b3d8e85	-	ineligible	out-of-family:x-noop	-	-	-	agent-a69b3efa79f061931.jsonl	2026-09-04T05:21:36.022Z	claude-opus-5
3b919ddb8c49d36c	-	ineligible	out-of-family:x-noop	-	-	-	agent-a69b3efa79f061931.jsonl	2026-09-04T05:22:01.601Z	claude-opus-5
bc358963c306733d	-	ineligible	out-of-family:x-noop	-	-	-	agent-a69b3efa79f061931.jsonl	2026-09-04T05:23:03.922Z	claude-opus-5
7f914d9a0c26401d	-	ineligible	out-of-family:x-noop	-	-	-	agent-a69b3efa79f061931.jsonl	2026-09-04T05:26:01.354Z	claude-opus-5
72e3cb0e11e7ce53	-	ineligible	out-of-family:x-noop	-	-	-	agent-a69b3efa79f061931.jsonl	2026-09-04T05:30:49.012Z	claude-opus-5
9bcc593d8e2d5152	-	ineligible	out-of-family:x-noop	-	-	-	agent-a69b3efa79f061931.jsonl	2026-09-04T05:31:09.666Z	claude-opus-5
c81cc2c8daaf64cd	-	ineligible	out-of-family:x-noop	-	-	-	agent-a69b3efa79f061931.jsonl	2026-09-04T05:31:29.176Z	claude-opus-5
e2ca31dc5c854090	-	ineligible	out-of-family:x-noop	-	-	-	agent-a69b3efa79f061931.jsonl	2026-09-04T05:31:46.820Z	claude-opus-5
fade8246435b6f00	-	ineligible	out-of-family:x-noop	-	-	-	agent-a69b3efa79f061931.jsonl	2026-09-04T05:32:33.138Z	claude-opus-5
2d44f1c81fcc207e	-	ineligible	out-of-family:x-noop	-	-	-	agent-a69b3efa79f061931.jsonl	2026-09-04T05:36:00.017Z	claude-opus-5
ce22077ee5850363	-	ineligible	out-of-family:x-other	-	-	-	agent-a69b3efa79f061931.jsonl	2026-09-04T05:36:07.042Z	claude-opus-5
a414ab6f6264b6f7	-	ineligible	out-of-family:x-noop	-	-	-	agent-a8549b2966adc7ed5.jsonl	2026-09-07T07:23:03.815Z	claude-opus-5
fc37e7bd8fb5c514	-	ineligible	out-of-family:x-noop	-	-	-	agent-a8549b2966adc7ed5.jsonl	2026-09-07T07:23:19.518Z	claude-opus-5
b0f33480abfd463c	-	ineligible	out-of-family:x-noop	-	-	-	agent-a8549b2966adc7ed5.jsonl	2026-09-07T07:23:59.784Z	claude-opus-5
7d0a0fb9fd17ad94	-	ineligible	out-of-family:x-noop	-	-	-	agent-a8549b2966adc7ed5.jsonl	2026-09-07T07:24:13.478Z	claude-opus-5
20ca33e3239b6a15	T	ineligible	pre-edit-bytes-not-recoverable	/home/forge/src/clj-surgeon	-	-	agent-a8549b2966adc7ed5.jsonl	2026-09-07T07:24:39.532Z	claude-opus-5
6da1c7adf5f6f54f	-	ineligible	out-of-family:x-noop	-	-	-	agent-a8549b2966adc7ed5.jsonl	2026-09-07T07:25:16.575Z	claude-opus-5
da03271b2d9b2b6d	-	ineligible	out-of-family:x-noop	-	-	-	agent-a8549b2966adc7ed5.jsonl	2026-09-07T07:25:30.478Z	claude-opus-5
f943717b98ed1635	-	ineligible	out-of-family:x-noop	-	-	-	agent-a8549b2966adc7ed5.jsonl	2026-09-07T07:25:40.207Z	claude-opus-5
589440a08125713e	-	ineligible	out-of-family:x-other	-	-	-	agent-a8549b2966adc7ed5.jsonl	2026-09-07T07:27:55.950Z	claude-opus-5
810ab36a2f93ec37	T	eligible	ok	/home/forge/src/clj-surgeon	test/clj_surgeon/lane_manifest_test.clj	2e6109cc6986888c996180a68053b25eb9198e89	agent-a8549b2966adc7ed5.jsonl	2026-09-07T07:28:02.271Z	claude-opus-5
d23e615fa21eb1a1	-	ineligible	out-of-family:x-noop	-	-	-	agent-a8549b2966adc7ed5.jsonl	2026-09-07T07:28:19.563Z	claude-opus-5
450b5afa17412a82	-	ineligible	out-of-family:x-noop	-	-	-	agent-a8549b2966adc7ed5.jsonl	2026-09-07T07:30:00.232Z	claude-opus-5
68a0dc95adb134df	-	ineligible	out-of-family:x-other	-	-	-	agent-a8549b2966adc7ed5.jsonl	2026-09-07T07:31:41.543Z	claude-opus-5
6f6a8c2ff2ee3974	-	ineligible	out-of-family:x-noop	-	-	-	agent-a8549b2966adc7ed5.jsonl	2026-09-07T07:56:16.648Z	claude-opus-5
a04a5e588b513266	-	ineligible	out-of-family:x-noop	-	-	-	agent-a8549b2966adc7ed5.jsonl	2026-09-07T07:56:32.341Z	claude-opus-5
53fe816f5a0adbb7	-	ineligible	out-of-family:x-noop	-	-	-	agent-a8549b2966adc7ed5.jsonl	2026-09-07T07:56:35.840Z	claude-opus-5
e9fcc1fe080da9f6	-	ineligible	out-of-family:x-noop	-	-	-	agent-a8549b2966adc7ed5.jsonl	2026-09-07T07:56:48.827Z	claude-opus-5
a427a2afe9a2133e	-	ineligible	out-of-family:x-noop	-	-	-	agent-a8549b2966adc7ed5.jsonl	2026-09-07T07:57:45.200Z	claude-opus-5
2574938f262f1fe7	-	ineligible	out-of-family:x-noop	-	-	-	agent-a8549b2966adc7ed5.jsonl	2026-09-07T07:58:23.560Z	claude-opus-5
f22702bcb31806b9	-	ineligible	out-of-family:x-noop	-	-	-	agent-a8549b2966adc7ed5.jsonl	2026-09-07T08:00:12.827Z	claude-opus-5
e431a7396aa2b9ec	-	ineligible	out-of-family:x-noop	-	-	-	agent-a8549b2966adc7ed5.jsonl	2026-09-07T08:03:59.011Z	claude-opus-5
d367be9bc7494d65	-	ineligible	out-of-family:x-noop	-	-	-	agent-a8549b2966adc7ed5.jsonl	2026-09-07T08:04:17.103Z	claude-opus-5
fa5e95251770bc49	-	ineligible	out-of-family:x-noop	-	-	-	agent-a8549b2966adc7ed5.jsonl	2026-09-07T08:40:06.022Z	claude-opus-5
7c12d33cd83c3071	-	ineligible	out-of-family:x-noop	-	-	-	agent-a8549b2966adc7ed5.jsonl	2026-09-07T08:40:43.251Z	claude-opus-5
0c90098b1178bfe2	-	ineligible	out-of-family:x-noop	-	-	-	agent-a8549b2966adc7ed5.jsonl	2026-09-07T08:41:04.848Z	claude-opus-5
e04020c2fecc936b	-	ineligible	out-of-family:x-noop	-	-	-	agent-a8549b2966adc7ed5.jsonl	2026-09-07T08:41:26.691Z	claude-opus-5
289df90f9f01c885	-	ineligible	out-of-family:x-noop	-	-	-	agent-a8549b2966adc7ed5.jsonl	2026-09-07T08:41:56.045Z	claude-opus-5
94880c76cf245c7d	-	ineligible	out-of-family:x-noop	-	-	-	agent-a8549b2966adc7ed5.jsonl	2026-09-07T08:42:27.599Z	claude-opus-5
a9c4804e9f7af5b2	T	ineligible	dup-episode-in-session	/home/forge/src/clj-surgeon	test/clj_surgeon/lane_manifest_test.clj	3c69c7be1a09366d510a12048c899a6dd9694197	agent-a8549b2966adc7ed5.jsonl	2026-09-07T08:44:05.680Z	claude-opus-5
609d11f877f858bd	-	ineligible	out-of-family:x-noop	-	-	-	agent-a8549b2966adc7ed5.jsonl	2026-09-07T09:22:32.394Z	claude-opus-5
3d975a7fe526f82e	-	ineligible	out-of-family:x-noop	-	-	-	agent-a8549b2966adc7ed5.jsonl	2026-09-07T09:23:15.559Z	claude-opus-5
b0a671c51ace7592	-	ineligible	out-of-family:x-noop	-	-	-	agent-a8549b2966adc7ed5.jsonl	2026-09-07T09:23:39.492Z	claude-opus-5
f6c95c9ecc5b200d	-	ineligible	out-of-family:x-noop	-	-	-	agent-a8549b2966adc7ed5.jsonl	2026-09-07T09:23:53.222Z	claude-opus-5
a5e45befef7d8ee2	-	ineligible	out-of-family:x-noop	-	-	-	agent-a8549b2966adc7ed5.jsonl	2026-09-07T09:24:05.589Z	claude-opus-5
24d143ca28569a53	T	ineligible	dup-episode-in-session	/home/forge/src/clj-surgeon	test/clj_surgeon/lane_manifest_test.clj	a917b5a9e41fc25786c06353123234c6096118f4	agent-a8549b2966adc7ed5.jsonl	2026-09-07T09:24:17.540Z	claude-opus-5
4be05db0273f05cf	-	ineligible	out-of-family:x-noop	-	-	-	agent-a8549b2966adc7ed5.jsonl	2026-09-07T09:26:04.460Z	claude-opus-5
c2f92e5f10142b26	-	ineligible	out-of-family:x-noop	-	-	-	agent-a8549b2966adc7ed5.jsonl	2026-09-07T09:54:26.064Z	claude-opus-5
ce18b6c0861f6b97	-	ineligible	out-of-family:x-noop	-	-	-	agent-a8549b2966adc7ed5.jsonl	2026-09-07T09:54:44.623Z	claude-opus-5
c6b01e07d9918c8a	-	ineligible	out-of-family:x-noop	-	-	-	agent-a8549b2966adc7ed5.jsonl	2026-09-07T09:55:35.340Z	claude-opus-5
434f34e5b1ffbe2d	-	ineligible	out-of-family:x-noop	-	-	-	agent-a8549b2966adc7ed5.jsonl	2026-09-07T09:57:30.793Z	claude-opus-5
4a80317fb9552da6	-	ineligible	out-of-family:x-noop	-	-	-	agent-a8549b2966adc7ed5.jsonl	2026-09-07T10:01:01.126Z	claude-opus-5
f6a038a986fefcc5	-	ineligible	out-of-family:x-other	-	-	-	agent-a06f769b77889df50.jsonl	2026-09-04T23:17:39.008Z	claude-opus-5
39685b402de67c0d	-	ineligible	out-of-family:x-noop	-	-	-	agent-a06f769b77889df50.jsonl	2026-09-04T23:17:55.974Z	claude-opus-5
ee16af524e08c5f5	-	ineligible	out-of-family:x-noop	-	-	-	agent-a06f769b77889df50.jsonl	2026-09-04T23:20:04.656Z	claude-opus-5
c5ee7bc00c8447ff	-	ineligible	out-of-family:x-noop	-	-	-	agent-a06f769b77889df50.jsonl	2026-09-04T23:20:47.948Z	claude-opus-5
56a83b3dc13c95e2	-	ineligible	out-of-family:x-noop	-	-	-	agent-a06f769b77889df50.jsonl	2026-09-04T23:21:01.900Z	claude-opus-5
5f100ff5092a2d6f	T	eligible	ok	/home/forge/src/clj-surgeon	test/clj_surgeon/lane_manifest_test.clj	2522bd9566dce8f56ac7788f0a54ed4127d8dd89	agent-a06f769b77889df50.jsonl	2026-09-04T23:21:19.504Z	claude-opus-5
5a0fae5f96acdf8f	-	ineligible	out-of-family:x-noop	-	-	-	agent-a06f769b77889df50.jsonl	2026-09-04T23:24:23.863Z	claude-opus-5
6ee693bca3a32aa7	-	ineligible	out-of-family:x-noop	-	-	-	agent-a06f769b77889df50.jsonl	2026-09-04T23:26:52.339Z	claude-opus-5
e10b170cbdd439ad	-	ineligible	out-of-family:x-noop	-	-	-	agent-a06f769b77889df50.jsonl	2026-09-04T23:27:46.598Z	claude-opus-5
af35bd2701ffdf29	T	ineligible	pre-edit-bytes-not-recoverable	/home/forge/src/clj-surgeon	-	-	agent-a06f769b77889df50.jsonl	2026-09-04T23:27:53.642Z	claude-opus-5
3c9cd48006d35ca1	-	ineligible	out-of-family:x-noop	-	-	-	agent-a06f769b77889df50.jsonl	2026-09-04T23:30:57.036Z	claude-opus-5
5b63467a97790378	-	ineligible	out-of-family:x-noop	-	-	-	agent-a06f769b77889df50.jsonl	2026-09-04T23:34:07.608Z	claude-opus-5
97dfc772b188c003	-	ineligible	out-of-family:x-noop	-	-	-	agent-a06f769b77889df50.jsonl	2026-09-04T23:34:36.922Z	claude-opus-5
b65431a4f796e6ea	-	ineligible	out-of-family:x-noop	-	-	-	agent-a06f769b77889df50.jsonl	2026-09-04T23:38:18.777Z	claude-opus-5
3cafe33789aad9bd	-	ineligible	out-of-family:x-other	-	-	-	agent-a06f769b77889df50.jsonl	2026-09-04T23:38:39.620Z	claude-opus-5
f9bf4a2f292b21f4	-	ineligible	out-of-family:x-noop	-	-	-	agent-a90f9ebd74d4100af.jsonl	2026-09-03T03:15:32.810Z	claude-opus-5
58793d6065255ed2	-	ineligible	out-of-family:x-noop	-	-	-	agent-a90f9ebd74d4100af.jsonl	2026-09-03T03:15:40.750Z	claude-opus-5
f2961b071654861d	-	ineligible	out-of-family:x-noop	-	-	-	agent-a90f9ebd74d4100af.jsonl	2026-09-03T03:16:00.764Z	claude-opus-5
b3dc7cd89d13ff48	-	ineligible	out-of-family:x-noop	-	-	-	agent-a90f9ebd74d4100af.jsonl	2026-09-03T03:17:24.701Z	claude-opus-5
4ed76fddfaf45914	-	ineligible	out-of-family:x-other	-	-	-	agent-a90f9ebd74d4100af.jsonl	2026-09-03T03:17:36.819Z	claude-opus-5
cd15f4609214619f	-	ineligible	out-of-family:x-noop	-	-	-	agent-a90f9ebd74d4100af.jsonl	2026-09-03T03:24:41.281Z	claude-opus-5
6335bf31a2480e54	-	ineligible	out-of-family:x-other	-	-	-	agent-a90f9ebd74d4100af.jsonl	2026-09-03T03:24:59.650Z	claude-opus-5
8a7784b1ebc8f1d3	-	ineligible	out-of-family:x-noop	-	-	-	agent-a90f9ebd74d4100af.jsonl	2026-09-03T03:26:20.920Z	claude-opus-5
869d1548f5eae25d	-	ineligible	out-of-family:x-other	-	-	-	agent-a90f9ebd74d4100af.jsonl	2026-09-03T03:26:26.019Z	claude-opus-5
695cb487c47b6d9c	-	ineligible	out-of-family:x-noop	-	-	-	agent-a90f9ebd74d4100af.jsonl	2026-09-03T03:26:52.464Z	claude-opus-5
63c0f21ed5dac2dd	-	ineligible	out-of-family:x-noop	-	-	-	agent-a90f9ebd74d4100af.jsonl	2026-09-03T03:33:32.534Z	claude-opus-5
78c8db40a772cca9	-	ineligible	out-of-family:x-other	-	-	-	agent-a90f9ebd74d4100af.jsonl	2026-09-03T03:34:11.556Z	claude-opus-5
030e3d6f98f3b97e	-	ineligible	out-of-family:x-noop	-	-	-	agent-a90f9ebd74d4100af.jsonl	2026-09-03T03:34:55.253Z	claude-opus-5
26de6407aaaf6ecb	-	ineligible	out-of-family:x-noop	-	-	-	agent-a90f9ebd74d4100af.jsonl	2026-09-03T03:40:18.781Z	claude-opus-5
fd63919b882d6e04	-	ineligible	out-of-family:x-noop	-	-	-	agent-a90f9ebd74d4100af.jsonl	2026-09-03T03:40:54.271Z	claude-opus-5
9738e440b5337cec	-	ineligible	out-of-family:x-noop	-	-	-	agent-a90f9ebd74d4100af.jsonl	2026-09-03T03:41:05.965Z	claude-opus-5
2533ca1b1cd4a094	-	ineligible	out-of-family:x-noop	-	-	-	agent-a90f9ebd74d4100af.jsonl	2026-09-03T03:41:46.752Z	claude-opus-5
5f3568dc7496eaf7	-	ineligible	out-of-family:x-noop	-	-	-	agent-a90f9ebd74d4100af.jsonl	2026-09-03T03:48:25.571Z	claude-opus-5
7317248daa40c162	-	ineligible	out-of-family:x-noop	-	-	-	agent-a90f9ebd74d4100af.jsonl	2026-09-03T03:48:43.612Z	claude-opus-5
c95b9d2dcc6f9298	-	ineligible	out-of-family:x-noop	-	-	-	agent-a90f9ebd74d4100af.jsonl	2026-09-03T03:49:37.879Z	claude-opus-5
c0b293f1ec66dbab	T	ineligible	pre-edit-bytes-not-recoverable	/home/forge/src/clj-surgeon	-	-	agent-a90f9ebd74d4100af.jsonl	2026-09-03T03:49:56.997Z	claude-opus-5
2a18f79f6d3d3393	-	ineligible	out-of-family:x-noop	-	-	-	agent-a90f9ebd74d4100af.jsonl	2026-09-03T03:50:20.728Z	claude-opus-5
cfad6f4f32fc9666	-	ineligible	out-of-family:x-noop	-	-	-	agent-a90f9ebd74d4100af.jsonl	2026-09-03T03:53:48.974Z	claude-opus-5
6e572c0b131c088a	-	ineligible	out-of-family:x-noop	-	-	-	agent-a90f9ebd74d4100af.jsonl	2026-09-03T03:54:19.318Z	claude-opus-5
6088199b14bf7d75	-	ineligible	out-of-family:x-other	-	-	-	agent-a90f9ebd74d4100af.jsonl	2026-09-03T03:54:33.479Z	claude-opus-5
c82f2f44f387b4a5	-	ineligible	out-of-family:x-noop	-	-	-	agent-a90f9ebd74d4100af.jsonl	2026-09-03T03:54:47.876Z	claude-opus-5
79afc0f918f1c5a9	-	ineligible	out-of-family:x-noop	-	-	-	agent-a90f9ebd74d4100af.jsonl	2026-09-03T03:58:08.319Z	claude-opus-5
7f456edbef4ac1b6	-	ineligible	out-of-family:x-noop	-	-	-	agent-a90f9ebd74d4100af.jsonl	2026-09-03T03:58:37.242Z	claude-opus-5
7c9a0b016c498a37	-	ineligible	out-of-family:x-noop	-	-	-	agent-a90f9ebd74d4100af.jsonl	2026-09-03T03:58:59.936Z	claude-opus-5
00efdf02eaef3205	-	ineligible	out-of-family:x-noop	-	-	-	agent-a90f9ebd74d4100af.jsonl	2026-09-03T04:01:04.084Z	claude-opus-5
7fc954e5b2f95392	-	ineligible	out-of-family:x-noop	-	-	-	agent-a90f9ebd74d4100af.jsonl	2026-09-03T04:01:10.535Z	claude-opus-5
87c437261dfd51ae	-	ineligible	out-of-family:x-other	-	-	-	agent-a90f9ebd74d4100af.jsonl	2026-09-03T04:01:20.503Z	claude-opus-5
17d576d1aa56b403	-	ineligible	out-of-family:x-noop	-	-	-	agent-a90f9ebd74d4100af.jsonl	2026-09-03T04:08:38.742Z	claude-opus-5
9d16d1862fe568b0	-	ineligible	out-of-family:x-noop	-	-	-	agent-a90f9ebd74d4100af.jsonl	2026-09-03T04:09:02.402Z	claude-opus-5
bd223fb380116c7c	-	ineligible	out-of-family:x-noop	-	-	-	agent-a90f9ebd74d4100af.jsonl	2026-09-03T04:09:31.958Z	claude-opus-5
55151c780b596a4e	-	ineligible	out-of-family:x-noop	-	-	-	agent-a90f9ebd74d4100af.jsonl	2026-09-03T04:09:53.687Z	claude-opus-5
540da8dbca2771f8	-	ineligible	out-of-family:x-noop	-	-	-	agent-a90f9ebd74d4100af.jsonl	2026-09-03T04:11:01.467Z	claude-opus-5
37ddd2146a3a7f4a	-	ineligible	out-of-family:x-other	-	-	-	agent-ab354ffc4f015062f.jsonl	2026-09-08T17:27:32.133Z	claude-opus-5
8b7d5487f42ccf00	-	ineligible	out-of-family:x-other	-	-	-	agent-ab354ffc4f015062f.jsonl	2026-09-08T17:27:42.678Z	claude-opus-5
a2657d76cbe67e38	-	ineligible	out-of-family:x-noop	-	-	-	agent-ab354ffc4f015062f.jsonl	2026-09-08T17:28:00.224Z	claude-opus-5
109751e6b700a17e	-	ineligible	out-of-family:x-other	-	-	-	agent-ab354ffc4f015062f.jsonl	2026-09-08T17:34:09.082Z	claude-opus-5
67c03f0bdb6e58a6	-	ineligible	out-of-family:x-noop	-	-	-	agent-afb1591629eefd4b1.jsonl	2026-09-04T16:54:50.787Z	claude-sonnet-5
61578b4220ab0ed3	-	ineligible	out-of-family:x-noop	-	-	-	agent-afb1591629eefd4b1.jsonl	2026-09-04T16:57:03.207Z	claude-sonnet-5
7dda7f3de3e99046	-	ineligible	out-of-family:x-noop	-	-	-	agent-afb1591629eefd4b1.jsonl	2026-09-04T16:57:12.785Z	claude-sonnet-5
b59654497e7fa440	-	ineligible	out-of-family:x-other	-	-	-	agent-afb1591629eefd4b1.jsonl	2026-09-04T17:06:24.581Z	claude-sonnet-5
5163ca367084d913	-	ineligible	out-of-family:x-other	-	-	-	agent-afb1591629eefd4b1.jsonl	2026-09-04T17:10:41.946Z	claude-sonnet-5
ef2f9d7e1e5cf0de	-	ineligible	out-of-family:x-noop	-	-	-	agent-a94115e036825ce9d.jsonl	2026-09-06T21:20:57.030Z	claude-sonnet-5
58542c69267da789	-	ineligible	out-of-family:x-noop	-	-	-	agent-a94115e036825ce9d.jsonl	2026-09-06T21:21:15.487Z	claude-sonnet-5
1275b657fc7f456e	-	ineligible	out-of-family:x-noop	-	-	-	agent-a94115e036825ce9d.jsonl	2026-09-06T21:21:51.528Z	claude-sonnet-5
7720af4eeaf6c3da	-	ineligible	out-of-family:x-noop	-	-	-	agent-a94115e036825ce9d.jsonl	2026-09-06T21:22:11.348Z	claude-sonnet-5
b7f6898b12a6eb27	-	ineligible	out-of-family:x-noop	-	-	-	agent-a8b2e5920af499efe.jsonl	2026-09-04T17:17:21.566Z	claude-opus-5
e06e2d524798b682	-	ineligible	out-of-family:x-noop	-	-	-	agent-a8b2e5920af499efe.jsonl	2026-09-04T17:19:44.846Z	claude-opus-5
15df4ff4801be94c	-	ineligible	out-of-family:x-other	-	-	-	agent-a8b2e5920af499efe.jsonl	2026-09-04T17:22:30.148Z	claude-opus-5
2b2af7751f5262c8	-	ineligible	out-of-family:x-noop	-	-	-	agent-a8b2e5920af499efe.jsonl	2026-09-04T17:22:38.658Z	claude-opus-5
92c3b0c02a4445b2	-	ineligible	out-of-family:x-noop	-	-	-	agent-a8b2e5920af499efe.jsonl	2026-09-04T17:22:48.702Z	claude-opus-5
837d51e3b1ff82e0	-	ineligible	out-of-family:x-noop	-	-	-	agent-a8b2e5920af499efe.jsonl	2026-09-04T17:23:55.973Z	claude-opus-5
e758dd19c1fdd4de	-	ineligible	out-of-family:x-noop	-	-	-	agent-a8b2e5920af499efe.jsonl	2026-09-04T17:24:31.565Z	claude-opus-5
9d26aa58111f4324	-	ineligible	out-of-family:x-noop	-	-	-	agent-a8b2e5920af499efe.jsonl	2026-09-04T17:26:05.549Z	claude-opus-5
98e2e8ba84095dc3	-	ineligible	out-of-family:x-noop	-	-	-	agent-a8b2e5920af499efe.jsonl	2026-09-04T17:26:18.502Z	claude-opus-5
3d7c1fe6f16c5319	-	ineligible	out-of-family:x-noop	-	-	-	agent-a8b2e5920af499efe.jsonl	2026-09-04T17:27:29.746Z	claude-opus-5
c2af259e3d0b2e5e	-	ineligible	out-of-family:x-noop	-	-	-	agent-a8b2e5920af499efe.jsonl	2026-09-04T17:27:44.019Z	claude-opus-5
628bf04562f8b4cf	-	ineligible	out-of-family:x-noop	-	-	-	agent-a8b2e5920af499efe.jsonl	2026-09-04T17:29:20.731Z	claude-opus-5
852f68d017852233	-	ineligible	out-of-family:x-noop	-	-	-	agent-a8b2e5920af499efe.jsonl	2026-09-04T17:30:40.651Z	claude-opus-5
2f03be98c54cf987	-	ineligible	out-of-family:x-noop	-	-	-	agent-a8b2e5920af499efe.jsonl	2026-09-04T17:31:58.490Z	claude-opus-5
d5a26c391130a08c	-	ineligible	out-of-family:x-noop	-	-	-	agent-a8b2e5920af499efe.jsonl	2026-09-04T17:32:54.674Z	claude-opus-5
3970e004617247cc	-	ineligible	out-of-family:x-noop	-	-	-	agent-a8b2e5920af499efe.jsonl	2026-09-04T17:34:11.931Z	claude-opus-5
faefa51b76588c9d	-	ineligible	out-of-family:x-noop	-	-	-	agent-a8b2e5920af499efe.jsonl	2026-09-04T17:35:26.420Z	claude-opus-5
8a774f047c919a70	-	ineligible	out-of-family:x-other	-	-	-	agent-a8b2e5920af499efe.jsonl	2026-09-04T17:35:42.904Z	claude-opus-5
a5f098860b3fb0a0	-	ineligible	out-of-family:x-noop	-	-	-	agent-a8b2e5920af499efe.jsonl	2026-09-04T17:36:29.243Z	claude-opus-5
50867db10f6f7a66	-	ineligible	out-of-family:x-noop	-	-	-	agent-a8b2e5920af499efe.jsonl	2026-09-04T17:36:47.790Z	claude-opus-5
c82b932e4a5ebc0b	-	ineligible	out-of-family:x-noop	-	-	-	agent-a8b2e5920af499efe.jsonl	2026-09-04T17:38:05.189Z	claude-opus-5
32a3a16caeb9abd8	-	ineligible	out-of-family:x-other	-	-	-	agent-a8b2e5920af499efe.jsonl	2026-09-04T17:38:13.065Z	claude-opus-5
ad38ed9d465432fd	-	ineligible	out-of-family:x-other	-	-	-	agent-a8b2e5920af499efe.jsonl	2026-09-04T17:39:20.504Z	claude-opus-5
7c035e02447bafea	-	ineligible	out-of-family:x-noop	-	-	-	agent-a8b2e5920af499efe.jsonl	2026-09-04T17:41:12.760Z	claude-opus-5
860f17728b50f77a	-	ineligible	out-of-family:x-noop	-	-	-	agent-a7c90051d205bdb9e.jsonl	2026-09-08T18:47:21.954Z	claude-opus-5
2f0a1981b72dc9d0	-	ineligible	out-of-family:x-other	-	-	-	agent-a7c90051d205bdb9e.jsonl	2026-09-08T18:48:11.639Z	claude-opus-5
8a4d725fcbf40e82	-	ineligible	out-of-family:x-noop	-	-	-	agent-a5b05a3314408a2f3.jsonl	2026-09-04T06:35:18.583Z	claude-opus-5
2ce7e3ddd6f21205	-	ineligible	out-of-family:x-noop	-	-	-	agent-a5b05a3314408a2f3.jsonl	2026-09-04T06:36:05.691Z	claude-opus-5
56482ef1a69e833d	-	ineligible	out-of-family:x-noop	-	-	-	agent-a5b05a3314408a2f3.jsonl	2026-09-04T06:36:16.773Z	claude-opus-5
004f07cc4a10c355	-	ineligible	out-of-family:x-noop	-	-	-	agent-a5b05a3314408a2f3.jsonl	2026-09-04T06:39:00.745Z	claude-opus-5
6081507e21b4e3ab	-	ineligible	out-of-family:x-noop	-	-	-	agent-a5b05a3314408a2f3.jsonl	2026-09-04T06:39:22.161Z	claude-opus-5
4615db828ea61dab	-	ineligible	out-of-family:x-noop	-	-	-	agent-a5b05a3314408a2f3.jsonl	2026-09-04T06:39:46.880Z	claude-opus-5
c6b7e94ab48aee39	-	ineligible	out-of-family:x-noop	-	-	-	agent-a5b05a3314408a2f3.jsonl	2026-09-04T06:40:25.410Z	claude-opus-5
1d82b23564ee6de7	-	ineligible	out-of-family:x-noop	-	-	-	agent-a5b05a3314408a2f3.jsonl	2026-09-04T06:41:16.510Z	claude-opus-5
ef26ef0809337cb5	-	ineligible	out-of-family:x-noop	-	-	-	agent-a5b05a3314408a2f3.jsonl	2026-09-04T06:41:38.938Z	claude-opus-5
31520d02aba3fee7	-	ineligible	out-of-family:x-noop	-	-	-	agent-a5b05a3314408a2f3.jsonl	2026-09-04T06:44:06.087Z	claude-opus-5
836ede005818cadb	-	ineligible	out-of-family:x-other	-	-	-	agent-a5b05a3314408a2f3.jsonl	2026-09-04T06:48:15.614Z	claude-opus-5
97d6487274babd49	-	ineligible	out-of-family:x-noop	-	-	-	agent-a5b05a3314408a2f3.jsonl	2026-09-04T07:02:43.983Z	claude-opus-5
6f8d982c82890e1a	-	ineligible	out-of-family:x-noop	-	-	-	agent-a25193f1f844c7da2.jsonl	2026-09-08T13:39:40.480Z	claude-opus-5
da42a5a73b4a6dd3	-	ineligible	out-of-family:x-noop	-	-	-	agent-a25193f1f844c7da2.jsonl	2026-09-08T13:39:45.134Z	claude-opus-5
5b7964f46cc35b2f	-	ineligible	out-of-family:x-noop	-	-	-	agent-a25193f1f844c7da2.jsonl	2026-09-08T13:39:55.539Z	claude-opus-5
372b9568f2690386	-	ineligible	out-of-family:x-noop	-	-	-	agent-a25193f1f844c7da2.jsonl	2026-09-08T13:40:19.162Z	claude-opus-5
6e33f79c43561ba2	-	ineligible	out-of-family:x-noop	-	-	-	agent-ade79b8afb62cf1bc.jsonl	2026-09-08T05:21:21.596Z	claude-opus-5
a6e828c667a78f12	-	ineligible	out-of-family:x-noop	-	-	-	agent-ade79b8afb62cf1bc.jsonl	2026-09-08T05:25:25.996Z	claude-opus-5
549a5ce8422f5e84	-	ineligible	out-of-family:x-noop	-	-	-	agent-ade79b8afb62cf1bc.jsonl	2026-09-08T05:25:48.251Z	claude-opus-5
27f307c4573998e4	-	ineligible	out-of-family:x-noop	-	-	-	agent-abd7fc65de9301f76.jsonl	2026-09-03T03:01:47.847Z	claude-sonnet-5
445272831928f805	-	ineligible	out-of-family:x-noop	-	-	-	agent-ad7cd58f8537c3a5f.jsonl	2026-09-09T05:46:20.194Z	claude-opus-5
a880680337b55923	-	ineligible	out-of-family:x-noop	-	-	-	agent-a1da8653fb1008ea4.jsonl	2026-09-06T03:05:18.882Z	claude-opus-5
b6e04c41228097ca	-	ineligible	out-of-family:x-noop	-	-	-	agent-a1da8653fb1008ea4.jsonl	2026-09-06T03:05:31.555Z	claude-opus-5
bde84233b9a667c1	-	ineligible	out-of-family:x-other	-	-	-	agent-a1da8653fb1008ea4.jsonl	2026-09-06T03:05:39.541Z	claude-opus-5
8011ccb85d67e02b	-	ineligible	out-of-family:x-noop	-	-	-	agent-a1da8653fb1008ea4.jsonl	2026-09-06T03:05:51.496Z	claude-opus-5
f5546f617ac923fa	-	ineligible	out-of-family:x-noop	-	-	-	agent-a1da8653fb1008ea4.jsonl	2026-09-06T03:06:05.630Z	claude-opus-5
843315f60218471d	-	ineligible	out-of-family:x-noop	-	-	-	agent-a1da8653fb1008ea4.jsonl	2026-09-06T03:06:32.531Z	claude-opus-5
bb5a340df6ec34f6	T	ineligible	pre-edit-bytes-not-recoverable	/home/forge/src/clj-surgeon	-	-	agent-a1da8653fb1008ea4.jsonl	2026-09-06T03:06:51.110Z	claude-opus-5
94edd4e63d17910b	-	ineligible	out-of-family:x-noop	-	-	-	agent-a1da8653fb1008ea4.jsonl	2026-09-06T03:07:33.003Z	claude-opus-5
043647ac94fb5c7a	T	ineligible	pre-edit-bytes-not-recoverable	/home/forge/src/clj-surgeon	-	-	agent-a1da8653fb1008ea4.jsonl	2026-09-06T03:07:40.884Z	claude-opus-5
74afb4228ac387a1	T	eligible	ok	/home/forge/src/clj-surgeon	test/clj_surgeon/lane_manifest_test.clj	dce1d9edfeed4acca2d033c4318e142ee4af05d7	agent-a1da8653fb1008ea4.jsonl	2026-09-06T03:09:16.362Z	claude-opus-5
9e6f089ff3b40e85	-	ineligible	out-of-family:x-noop	-	-	-	agent-a1da8653fb1008ea4.jsonl	2026-09-06T03:10:15.768Z	claude-opus-5
b76c741b7b84baeb	-	ineligible	out-of-family:x-other	-	-	-	agent-a1da8653fb1008ea4.jsonl	2026-09-06T03:10:38.782Z	claude-opus-5
3c7ec6118953204e	-	ineligible	out-of-family:x-noop	-	-	-	agent-a90e0939d75efde34.jsonl	2026-09-03T09:19:46.003Z	claude-opus-5
17f6a51493ceee55	-	ineligible	out-of-family:x-noop	-	-	-	agent-a90e0939d75efde34.jsonl	2026-09-03T09:22:20.894Z	claude-opus-5
934557f95aa441d5	-	ineligible	out-of-family:x-other	-	-	-	agent-a90e0939d75efde34.jsonl	2026-09-03T09:22:33.797Z	claude-opus-5
3f0a393a30ce56fe	-	ineligible	out-of-family:x-noop	-	-	-	agent-a90e0939d75efde34.jsonl	2026-09-03T09:23:18.433Z	claude-opus-5
28adbd4365244a58	-	ineligible	out-of-family:x-noop	-	-	-	agent-a90e0939d75efde34.jsonl	2026-09-03T09:23:30.556Z	claude-opus-5
cd6bb8c9dc46b1c9	-	ineligible	out-of-family:x-noop	-	-	-	agent-a90e0939d75efde34.jsonl	2026-09-03T09:23:41.869Z	claude-opus-5
79193229566fff38	-	ineligible	out-of-family:x-noop	-	-	-	agent-a90e0939d75efde34.jsonl	2026-09-03T09:26:26.706Z	claude-opus-5
fcaa12c7b4f9e8d2	-	ineligible	out-of-family:x-noop	-	-	-	agent-a90e0939d75efde34.jsonl	2026-09-03T09:32:21.436Z	claude-opus-5
9e084eba5af3f0d4	-	ineligible	out-of-family:x-noop	-	-	-	agent-a90e0939d75efde34.jsonl	2026-09-03T09:33:29.596Z	claude-opus-5
3cf27ce17e5aca41	-	ineligible	out-of-family:x-noop	-	-	-	agent-a90e0939d75efde34.jsonl	2026-09-03T09:36:32.022Z	claude-opus-5
3ce02a7cf0492211	-	ineligible	out-of-family:x-other	-	-	-	agent-a90e0939d75efde34.jsonl	2026-09-03T09:36:42.792Z	claude-opus-5
fcb0421541cb69a4	-	ineligible	out-of-family:x-noop	-	-	-	agent-afa2127bf3da8af20.jsonl	2026-09-03T08:36:59.953Z	claude-opus-5
0d23df60f0cf188d	-	ineligible	out-of-family:x-noop	-	-	-	agent-afa2127bf3da8af20.jsonl	2026-09-03T08:39:06.393Z	claude-opus-5
a415315ccc5924c7	-	ineligible	out-of-family:x-noop	-	-	-	agent-afa2127bf3da8af20.jsonl	2026-09-03T08:39:32.866Z	claude-opus-5
80d67a85dfa7fc35	-	ineligible	out-of-family:x-noop	-	-	-	agent-afa2127bf3da8af20.jsonl	2026-09-03T08:39:40.864Z	claude-opus-5
a6ae1ec1c01ae753	-	ineligible	out-of-family:x-noop	-	-	-	agent-afa2127bf3da8af20.jsonl	2026-09-03T08:39:52.168Z	claude-opus-5
4f5eab3c69463b29	-	ineligible	out-of-family:x-noop	-	-	-	agent-afa2127bf3da8af20.jsonl	2026-09-03T08:46:35.460Z	claude-opus-5
bec8c19f871a260f	-	ineligible	out-of-family:x-noop	-	-	-	agent-afa2127bf3da8af20.jsonl	2026-09-03T08:48:15.749Z	claude-opus-5
e5f0ddf1545a4bc8	-	ineligible	out-of-family:x-noop	-	-	-	agent-afa2127bf3da8af20.jsonl	2026-09-03T08:51:44.844Z	claude-opus-5
5209880a16250135	-	ineligible	out-of-family:x-noop	-	-	-	agent-afa2127bf3da8af20.jsonl	2026-09-03T08:53:55.383Z	claude-opus-5
9315d8e66adb58b1	-	ineligible	out-of-family:x-noop	-	-	-	agent-a3dfe428cd36ad8a1.jsonl	2026-09-04T03:03:43.820Z	claude-sonnet-5
451db61b9e053a83	-	ineligible	out-of-family:x-noop	-	-	-	agent-a3dfe428cd36ad8a1.jsonl	2026-09-04T03:06:12.161Z	claude-sonnet-5
c96a1a1d6581350a	-	ineligible	out-of-family:x-noop	-	-	-	agent-a8897d2262ed9b994.jsonl	2026-09-03T05:08:17.249Z	claude-opus-5
7dd65a0dafa4e9c9	-	ineligible	out-of-family:x-noop	-	-	-	agent-a8897d2262ed9b994.jsonl	2026-09-03T05:08:32.506Z	claude-opus-5
96a8b99f92f2e14f	-	ineligible	out-of-family:x-other	-	-	-	agent-acd9ce94dae2a2d0e.jsonl	2026-09-04T04:56:58.668Z	claude-opus-5
effe69394b049edd	-	ineligible	out-of-family:x-noop	-	-	-	agent-acd9ce94dae2a2d0e.jsonl	2026-09-04T05:02:10.089Z	claude-opus-5
bbd88222abcdda18	-	ineligible	out-of-family:x-noop	-	-	-	agent-acd9ce94dae2a2d0e.jsonl	2026-09-04T05:02:19.400Z	claude-opus-5
b2c520445b7d7084	-	ineligible	out-of-family:x-other	-	-	-	agent-acd9ce94dae2a2d0e.jsonl	2026-09-04T05:02:33.632Z	claude-opus-5
e4190c1a675df60c	-	ineligible	out-of-family:x-other	-	-	-	agent-acd9ce94dae2a2d0e.jsonl	2026-09-04T05:02:49.137Z	claude-opus-5
e6814a4ac536d4d8	-	ineligible	out-of-family:x-noop	-	-	-	agent-a26cb0594bfc62ac1.jsonl	2026-09-03T07:59:14.982Z	claude-sonnet-5
92e691a254e2a751	-	ineligible	out-of-family:x-noop	-	-	-	agent-a806d03f6741e9eec.jsonl	2026-09-03T11:08:28.102Z	claude-sonnet-5
efccb4a0ea5de3b8	-	ineligible	out-of-family:x-noop	-	-	-	agent-a806d03f6741e9eec.jsonl	2026-09-03T11:09:08.122Z	claude-sonnet-5
ad391eac60a00019	-	ineligible	out-of-family:x-noop	-	-	-	agent-a806d03f6741e9eec.jsonl	2026-09-03T11:10:03.527Z	claude-sonnet-5
8976f14f8b335c6f	-	ineligible	out-of-family:x-noop	-	-	-	agent-af2fbde760adead45.jsonl	2026-09-03T02:26:10.199Z	claude-opus-5
10915ee6efe5e173	-	ineligible	out-of-family:x-noop	-	-	-	agent-af2fbde760adead45.jsonl	2026-09-03T02:26:25.366Z	claude-opus-5
21160684d76ee13b	-	ineligible	out-of-family:x-noop	-	-	-	agent-a42fcaf819878e30f.jsonl	2026-09-06T03:44:54.468Z	claude-opus-5
7e550c3a96696078	-	ineligible	out-of-family:x-noop	-	-	-	agent-a42fcaf819878e30f.jsonl	2026-09-06T03:45:12.299Z	claude-opus-5
a8e606ddd7991448	-	ineligible	out-of-family:x-noop	-	-	-	agent-a42fcaf819878e30f.jsonl	2026-09-06T03:45:50.138Z	claude-opus-5
54b23025c9f1bdcb	-	ineligible	out-of-family:x-noop	-	-	-	agent-a42fcaf819878e30f.jsonl	2026-09-06T03:46:36.817Z	claude-opus-5
b2a157e4d4e30109	-	ineligible	out-of-family:x-other	-	-	-	agent-a42fcaf819878e30f.jsonl	2026-09-06T03:47:07.396Z	claude-opus-5
768ac49dde14148c	-	ineligible	out-of-family:x-noop	-	-	-	agent-a42fcaf819878e30f.jsonl	2026-09-06T03:47:32.416Z	claude-opus-5
619d21547edd3a7b	-	ineligible	out-of-family:x-noop	-	-	-	agent-a42fcaf819878e30f.jsonl	2026-09-06T03:48:58.209Z	claude-opus-5
35ad8167c9ca8031	-	ineligible	out-of-family:x-noop	-	-	-	agent-a08fcb536ecb51387.jsonl	2026-09-03T08:58:36.532Z	claude-opus-5
d9cd2384327b144a	-	ineligible	out-of-family:x-noop	-	-	-	agent-a08fcb536ecb51387.jsonl	2026-09-03T08:59:03.423Z	claude-opus-5
78ac8a0865b00ef1	-	ineligible	out-of-family:x-noop	-	-	-	agent-a08fcb536ecb51387.jsonl	2026-09-03T09:01:00.214Z	claude-opus-5
0c5b23b791d7a4e8	-	ineligible	out-of-family:x-noop	-	-	-	agent-a08fcb536ecb51387.jsonl	2026-09-03T09:01:11.088Z	claude-opus-5
3e92e7d9d61705a5	-	ineligible	out-of-family:x-noop	-	-	-	agent-a08fcb536ecb51387.jsonl	2026-09-03T09:01:56.323Z	claude-opus-5
585096fdcc5fb467	-	ineligible	out-of-family:x-noop	-	-	-	agent-a08fcb536ecb51387.jsonl	2026-09-03T09:02:22.586Z	claude-opus-5
8c826b178faf9da5	-	ineligible	out-of-family:x-noop	-	-	-	agent-a08fcb536ecb51387.jsonl	2026-09-03T09:02:46.863Z	claude-opus-5
81d8410c7c80c7aa	-	ineligible	out-of-family:x-noop	-	-	-	agent-a08fcb536ecb51387.jsonl	2026-09-03T09:02:56.816Z	claude-opus-5
fefaa7d31024c60f	-	ineligible	out-of-family:x-noop	-	-	-	agent-a08fcb536ecb51387.jsonl	2026-09-03T09:03:30.691Z	claude-opus-5
10728bcdce0b257c	-	ineligible	out-of-family:x-noop	-	-	-	agent-a08fcb536ecb51387.jsonl	2026-09-03T09:04:05.523Z	claude-opus-5
682dd56b9362a72f	-	ineligible	out-of-family:x-noop	-	-	-	agent-a08fcb536ecb51387.jsonl	2026-09-03T09:04:17.889Z	claude-opus-5
3f7304ef8b678481	-	ineligible	out-of-family:x-other	-	-	-	agent-a08fcb536ecb51387.jsonl	2026-09-03T09:04:27.051Z	claude-opus-5
ea4121e716cce1c5	-	ineligible	out-of-family:x-noop	-	-	-	agent-a08fcb536ecb51387.jsonl	2026-09-03T09:04:45.550Z	claude-opus-5
8994784de6597069	-	ineligible	out-of-family:x-noop	-	-	-	agent-a08fcb536ecb51387.jsonl	2026-09-03T09:05:16.308Z	claude-opus-5
b19dcc0be037d820	-	ineligible	out-of-family:x-noop	-	-	-	agent-a08fcb536ecb51387.jsonl	2026-09-03T09:05:41.335Z	claude-opus-5
c36ab617eccfa823	-	ineligible	out-of-family:x-other	-	-	-	agent-a08fcb536ecb51387.jsonl	2026-09-03T09:06:02.426Z	claude-opus-5
1ce876a35cc52e16	-	ineligible	out-of-family:x-noop	-	-	-	agent-a08fcb536ecb51387.jsonl	2026-09-03T09:06:47.826Z	claude-opus-5
683acfd2331c43c1	-	ineligible	out-of-family:x-noop	-	-	-	agent-a08fcb536ecb51387.jsonl	2026-09-03T09:07:04.752Z	claude-opus-5
73a7d69f6c182e6c	-	ineligible	out-of-family:x-noop	-	-	-	agent-a08fcb536ecb51387.jsonl	2026-09-03T09:09:07.348Z	claude-opus-5
881a55b80303ef5e	-	ineligible	out-of-family:x-noop	-	-	-	agent-a08fcb536ecb51387.jsonl	2026-09-03T09:10:17.849Z	claude-opus-5
b207229f8573cd2e	-	ineligible	out-of-family:x-noop	-	-	-	agent-a08fcb536ecb51387.jsonl	2026-09-03T09:10:49.213Z	claude-opus-5
369d5dab6f9f63a7	-	ineligible	out-of-family:x-noop	-	-	-	agent-a08fcb536ecb51387.jsonl	2026-09-03T09:11:19.311Z	claude-opus-5
6af8f476a8151909	-	ineligible	out-of-family:x-noop	-	-	-	agent-a08fcb536ecb51387.jsonl	2026-09-03T09:11:56.251Z	claude-opus-5
c0e0b6d086d4cacb	-	ineligible	out-of-family:x-noop	-	-	-	agent-a08fcb536ecb51387.jsonl	2026-09-03T09:12:15.063Z	claude-opus-5
632aabb776ca5e7e	-	ineligible	out-of-family:x-noop	-	-	-	agent-a08fcb536ecb51387.jsonl	2026-09-03T09:12:41.775Z	claude-opus-5
d2ad31fdc0b87a52	-	ineligible	out-of-family:x-other	-	-	-	agent-a08fcb536ecb51387.jsonl	2026-09-03T09:12:58.378Z	claude-opus-5
1c0f5814e3b36b16	-	ineligible	out-of-family:x-other	-	-	-	agent-a08fcb536ecb51387.jsonl	2026-09-03T09:13:07.414Z	claude-opus-5
4d5e230313ac424d	-	ineligible	out-of-family:x-noop	-	-	-	agent-a08fcb536ecb51387.jsonl	2026-09-03T09:13:29.540Z	claude-opus-5
27270464f32dfe35	-	ineligible	out-of-family:x-other	-	-	-	agent-a08fcb536ecb51387.jsonl	2026-09-03T09:13:42.095Z	claude-opus-5
247427e36759f354	-	ineligible	out-of-family:x-noop	-	-	-	agent-a08fcb536ecb51387.jsonl	2026-09-03T09:14:05.852Z	claude-opus-5
58c360defa8f09dc	-	ineligible	out-of-family:x-noop	-	-	-	agent-a56948ccb0631f850.jsonl	2026-09-07T22:15:49.572Z	claude-opus-5
e914f2117b4ddb5d	-	ineligible	out-of-family:x-noop	-	-	-	agent-a56948ccb0631f850.jsonl	2026-09-07T22:17:09.212Z	claude-opus-5
ba9129345518b2e9	-	ineligible	out-of-family:x-noop	-	-	-	agent-a56948ccb0631f850.jsonl	2026-09-07T22:18:16.074Z	claude-opus-5
d5d3002f5863316a	-	ineligible	out-of-family:x-noop	-	-	-	agent-a86363f6b638e8bc8.jsonl	2026-09-03T07:12:45.799Z	claude-opus-5
23d28aba724b48c9	-	ineligible	out-of-family:x-noop	-	-	-	agent-a86363f6b638e8bc8.jsonl	2026-09-03T07:14:54.011Z	claude-opus-5
cb301712b1b2562f	-	ineligible	out-of-family:x-noop	-	-	-	agent-a86363f6b638e8bc8.jsonl	2026-09-03T07:15:40.679Z	claude-opus-5
25344587f1126b4d	-	ineligible	out-of-family:x-noop	-	-	-	agent-a86363f6b638e8bc8.jsonl	2026-09-03T07:16:32.980Z	claude-opus-5
96807ed05e045566	-	ineligible	out-of-family:x-noop	-	-	-	agent-a86363f6b638e8bc8.jsonl	2026-09-03T07:18:33.845Z	claude-opus-5
898be8989d3d5b28	-	ineligible	out-of-family:x-noop	-	-	-	agent-a86363f6b638e8bc8.jsonl	2026-09-03T07:20:16.210Z	claude-opus-5
d204452021fe1339	-	ineligible	out-of-family:x-noop	-	-	-	agent-a86363f6b638e8bc8.jsonl	2026-09-03T07:21:08.064Z	claude-opus-5
081670bce11ceec9	-	ineligible	out-of-family:x-noop	-	-	-	agent-a86363f6b638e8bc8.jsonl	2026-09-03T07:22:12.776Z	claude-opus-5
23b0825d355fad11	-	ineligible	out-of-family:x-noop	-	-	-	agent-a86363f6b638e8bc8.jsonl	2026-09-03T07:22:33.509Z	claude-opus-5
ea3643376a734c58	-	ineligible	out-of-family:x-noop	-	-	-	agent-a86363f6b638e8bc8.jsonl	2026-09-03T07:24:48.956Z	claude-opus-5
46f2300246d95830	-	ineligible	out-of-family:x-noop	-	-	-	agent-a86363f6b638e8bc8.jsonl	2026-09-03T07:26:21.677Z	claude-opus-5
d6fe2a17859e2ca6	-	ineligible	out-of-family:x-noop	-	-	-	agent-a86363f6b638e8bc8.jsonl	2026-09-03T07:29:39.698Z	claude-opus-5
02c2f74e48162f9a	-	ineligible	out-of-family:x-noop	-	-	-	agent-a86363f6b638e8bc8.jsonl	2026-09-03T07:29:57.273Z	claude-opus-5
caa5ef81cb521d57	-	ineligible	out-of-family:x-noop	-	-	-	agent-aa3d089c2dd1745c2.jsonl	2026-09-03T20:11:32.606Z	claude-opus-5
0a7f1ec3f854a3ce	-	ineligible	out-of-family:x-noop	-	-	-	agent-aa3d089c2dd1745c2.jsonl	2026-09-03T20:12:27.053Z	claude-opus-5
bd7c3f424e964102	-	ineligible	out-of-family:x-noop	-	-	-	agent-aa3d089c2dd1745c2.jsonl	2026-09-03T20:13:44.398Z	claude-opus-5
534208c28d79412b	-	ineligible	out-of-family:x-noop	-	-	-	agent-aa3d089c2dd1745c2.jsonl	2026-09-03T20:14:46.170Z	claude-opus-5
3c1e37c0ad9f5d2c	-	ineligible	out-of-family:x-noop	-	-	-	agent-aa3d089c2dd1745c2.jsonl	2026-09-03T20:16:11.348Z	claude-opus-5
17b833341068b640	-	ineligible	out-of-family:x-noop	-	-	-	agent-a2445607a16883fa2.jsonl	2026-09-03T19:37:58.923Z	claude-opus-5
5542a5d40b08557c	-	ineligible	out-of-family:x-noop	-	-	-	agent-a2445607a16883fa2.jsonl	2026-09-03T19:38:27.194Z	claude-opus-5
dc7cf7845229db98	-	ineligible	out-of-family:x-noop	-	-	-	agent-a2445607a16883fa2.jsonl	2026-09-03T19:40:30.396Z	claude-opus-5
898940937ed1f6da	-	ineligible	out-of-family:x-noop	-	-	-	agent-a2445607a16883fa2.jsonl	2026-09-03T19:43:23.341Z	claude-opus-5
72d7a5aa0db792c4	-	ineligible	out-of-family:x-noop	-	-	-	agent-a2445607a16883fa2.jsonl	2026-09-03T19:44:04.116Z	claude-opus-5
5d0445acf2999125	-	ineligible	out-of-family:x-noop	-	-	-	agent-a2445607a16883fa2.jsonl	2026-09-03T19:44:29.579Z	claude-opus-5
a6dd6d6f5eec54e8	-	ineligible	out-of-family:x-noop	-	-	-	agent-a2445607a16883fa2.jsonl	2026-09-03T19:47:44.910Z	claude-opus-5
5b1af9f2c2610233	-	ineligible	out-of-family:x-noop	-	-	-	agent-a2445607a16883fa2.jsonl	2026-09-03T19:48:49.075Z	claude-opus-5
1e195bc95c1f119f	-	ineligible	out-of-family:x-noop	-	-	-	agent-a2445607a16883fa2.jsonl	2026-09-03T19:49:16.080Z	claude-opus-5
6ded591bf9c4e485	-	ineligible	out-of-family:x-noop	-	-	-	agent-a2445607a16883fa2.jsonl	2026-09-03T19:49:30.883Z	claude-opus-5
7de93b9d4db33006	-	ineligible	out-of-family:x-noop	-	-	-	agent-a2445607a16883fa2.jsonl	2026-09-03T19:50:07.766Z	claude-opus-5
ff8a3d920f054c8c	-	ineligible	out-of-family:x-noop	-	-	-	agent-a2445607a16883fa2.jsonl	2026-09-03T19:50:33.233Z	claude-opus-5
6fb31d21f25afd62	-	ineligible	out-of-family:x-noop	-	-	-	agent-a2445607a16883fa2.jsonl	2026-09-03T19:51:03.687Z	claude-opus-5
0c9a8ea7ee0518b0	R	ineligible	lab-fixture-repo-not-original	/home/forge/src/mvr-row2-P6-N	-	-	agent-ab41938282079b018.jsonl	2026-09-08T09:05:23.405Z	claude-opus-5
c7f301573aaf14d2	-	ineligible	out-of-family:x-other	-	-	-	agent-ab41938282079b018.jsonl	2026-09-08T09:05:46.243Z	claude-opus-5
1ec14ea9e813f035	-	ineligible	out-of-family:x-noop	-	-	-	agent-abbe2cfad934084ea.jsonl	2026-09-03T04:48:19.945Z	claude-opus-5
91102ad040a28774	-	ineligible	out-of-family:x-noop	-	-	-	agent-abbe2cfad934084ea.jsonl	2026-09-03T04:50:19.103Z	claude-opus-5
44458f323d20aa19	-	ineligible	out-of-family:x-other	-	-	-	agent-abbe2cfad934084ea.jsonl	2026-09-03T04:50:39.578Z	claude-opus-5
4cfcd28963381cac	-	ineligible	out-of-family:x-noop	-	-	-	agent-abbe2cfad934084ea.jsonl	2026-09-03T04:50:43.683Z	claude-opus-5
782d487077476dea	-	ineligible	out-of-family:x-noop	-	-	-	agent-abbe2cfad934084ea.jsonl	2026-09-03T04:51:21.868Z	claude-opus-5
a1095e5a13edf7f6	-	ineligible	out-of-family:x-noop	-	-	-	agent-abbe2cfad934084ea.jsonl	2026-09-03T04:53:55.600Z	claude-opus-5
dc2fcf7c0010847a	-	ineligible	out-of-family:x-other	-	-	-	agent-abbe2cfad934084ea.jsonl	2026-09-03T05:06:32.167Z	claude-opus-5
a1f2ca6181b0e60d	-	ineligible	out-of-family:x-noop	-	-	-	agent-ab92b2e3aef61d20e.jsonl	2026-09-03T07:00:27.332Z	claude-sonnet-5
b36395093b02f5e7	-	ineligible	out-of-family:x-noop	-	-	-	agent-a9ac74419a97745a6.jsonl	2026-09-03T19:54:50.418Z	claude-opus-5
e719da67e244196f	-	ineligible	out-of-family:x-noop	-	-	-	agent-a9ac74419a97745a6.jsonl	2026-09-03T19:57:02.413Z	claude-opus-5
3f87a3a02ae8af73	-	ineligible	out-of-family:x-noop	-	-	-	agent-a9ac74419a97745a6.jsonl	2026-09-03T19:57:27.398Z	claude-opus-5
4e27b31a31289d74	-	ineligible	out-of-family:x-noop	-	-	-	agent-a9ac74419a97745a6.jsonl	2026-09-03T20:00:22.494Z	claude-opus-5
b97db048105e75e8	-	ineligible	out-of-family:x-noop	-	-	-	agent-a9577f0e1d9cd4387.jsonl	2026-09-06T03:57:49.990Z	claude-opus-5
00ba1c92ee9d6b21	-	ineligible	out-of-family:x-noop	-	-	-	agent-a9577f0e1d9cd4387.jsonl	2026-09-06T03:59:52.683Z	claude-opus-5
12fef9eaa701ea9b	-	ineligible	out-of-family:x-noop	-	-	-	agent-a65c7ff1a6478de7d.jsonl	2026-09-04T08:15:13.748Z	claude-opus-5
9dcb9dca159e2b71	-	ineligible	out-of-family:x-noop	-	-	-	agent-a65c7ff1a6478de7d.jsonl	2026-09-04T08:17:02.489Z	claude-opus-5
6c2bb1750feca17a	-	ineligible	out-of-family:x-noop	-	-	-	agent-a65c7ff1a6478de7d.jsonl	2026-09-04T08:19:17.634Z	claude-opus-5
f1a529be5d57f28e	-	ineligible	out-of-family:x-noop	-	-	-	agent-a65c7ff1a6478de7d.jsonl	2026-09-04T08:19:57.806Z	claude-opus-5
f023ca05768a3953	-	ineligible	out-of-family:x-noop	-	-	-	agent-a65c7ff1a6478de7d.jsonl	2026-09-04T08:20:42.055Z	claude-opus-5
322c19aeb3a0681e	-	ineligible	out-of-family:x-noop	-	-	-	agent-a65c7ff1a6478de7d.jsonl	2026-09-04T08:21:22.312Z	claude-opus-5
8956d7386eb066fd	-	ineligible	out-of-family:x-noop	-	-	-	agent-a65c7ff1a6478de7d.jsonl	2026-09-04T08:22:35.141Z	claude-opus-5
56de60fac9591bba	-	ineligible	out-of-family:x-other	-	-	-	agent-a65c7ff1a6478de7d.jsonl	2026-09-04T08:22:41.197Z	claude-opus-5
0982ce511de2f625	-	ineligible	out-of-family:x-noop	-	-	-	agent-a22ede4c471acdb1e.jsonl	2026-09-05T00:16:28.509Z	claude-opus-5
0464e0ffe79aaa96	-	ineligible	out-of-family:x-noop	-	-	-	agent-a22ede4c471acdb1e.jsonl	2026-09-05T00:16:55.542Z	claude-opus-5
0b76f9267e1a817e	-	ineligible	out-of-family:x-noop	-	-	-	agent-a22ede4c471acdb1e.jsonl	2026-09-05T00:17:44.339Z	claude-opus-5
2a5843e7ad62823c	-	ineligible	out-of-family:x-noop	-	-	-	agent-a22ede4c471acdb1e.jsonl	2026-09-05T00:18:12.501Z	claude-opus-5
97a3b4c6c403418f	-	ineligible	out-of-family:x-other	-	-	-	agent-a22ede4c471acdb1e.jsonl	2026-09-05T00:18:23.905Z	claude-opus-5
4cb28b8985953795	-	ineligible	out-of-family:x-noop	-	-	-	agent-a22ede4c471acdb1e.jsonl	2026-09-05T00:19:10.893Z	claude-opus-5
fbb72a4ed9104e61	-	ineligible	out-of-family:x-noop	-	-	-	agent-a22ede4c471acdb1e.jsonl	2026-09-05T00:20:23.341Z	claude-opus-5
b885410319adfe78	-	ineligible	out-of-family:x-noop	-	-	-	agent-a22ede4c471acdb1e.jsonl	2026-09-05T00:22:23.149Z	claude-opus-5
7ddc95d6a8e4bcba	-	ineligible	out-of-family:x-noop	-	-	-	agent-a22ede4c471acdb1e.jsonl	2026-09-05T00:22:37.712Z	claude-opus-5
06ca4bfcfb758f1d	-	ineligible	out-of-family:x-other	-	-	-	agent-a22ede4c471acdb1e.jsonl	2026-09-05T00:24:13.575Z	claude-opus-5
d428cd79625f5020	-	ineligible	out-of-family:x-noop	-	-	-	agent-a3a9d37e380c05229.jsonl	2026-09-04T12:36:16.261Z	claude-opus-5
1cb149be778b5358	-	ineligible	out-of-family:x-other	-	-	-	agent-a3a9d37e380c05229.jsonl	2026-09-04T12:36:32.648Z	claude-opus-5
252961d312a1ad47	-	ineligible	out-of-family:x-noop	-	-	-	agent-a3a9d37e380c05229.jsonl	2026-09-04T12:37:40.382Z	claude-opus-5
38229851763d38a7	-	ineligible	out-of-family:x-noop	-	-	-	agent-a3a9d37e380c05229.jsonl	2026-09-04T12:37:58.378Z	claude-opus-5
1b6c272ec8d4f7b8	-	ineligible	out-of-family:x-noop	-	-	-	agent-a3a9d37e380c05229.jsonl	2026-09-04T12:38:14.480Z	claude-opus-5
087ad9838341045c	-	ineligible	out-of-family:x-noop	-	-	-	agent-a3a9d37e380c05229.jsonl	2026-09-04T12:38:47.927Z	claude-opus-5
20f336d2cd4c9b33	-	ineligible	out-of-family:x-noop	-	-	-	agent-a3a9d37e380c05229.jsonl	2026-09-04T12:47:40.183Z	claude-opus-5
ebf86ccac9b64728	-	ineligible	out-of-family:x-noop	-	-	-	agent-a3a9d37e380c05229.jsonl	2026-09-04T12:49:46.490Z	claude-opus-5
652a7eb85ce61771	-	ineligible	out-of-family:x-other	-	-	-	agent-a3a9d37e380c05229.jsonl	2026-09-04T12:49:53.791Z	claude-opus-5
7649f12ce246693f	-	ineligible	out-of-family:x-noop	-	-	-	agent-a3a9d37e380c05229.jsonl	2026-09-04T12:52:32.119Z	claude-opus-5
fdbf389d493f0a54	-	ineligible	out-of-family:x-noop	-	-	-	agent-a3a9d37e380c05229.jsonl	2026-09-04T12:54:32.264Z	claude-opus-5
f124d739f1a2e6a1	-	ineligible	out-of-family:x-noop	-	-	-	agent-a3a9d37e380c05229.jsonl	2026-09-04T12:57:09.377Z	claude-opus-5
94c859bad81f8506	-	ineligible	out-of-family:x-noop	-	-	-	agent-a3a9d37e380c05229.jsonl	2026-09-04T12:59:23.348Z	claude-opus-5
885a438d0168df79	-	ineligible	out-of-family:x-noop	-	-	-	agent-a3a9d37e380c05229.jsonl	2026-09-04T13:01:47.382Z	claude-opus-5
7e99cc0629a3f9a4	-	ineligible	out-of-family:x-noop	-	-	-	agent-a3a9d37e380c05229.jsonl	2026-09-04T13:02:00.383Z	claude-opus-5
727a45db25520958	-	ineligible	out-of-family:x-noop	-	-	-	agent-a3a9d37e380c05229.jsonl	2026-09-04T13:04:06.441Z	claude-opus-5
8e45a046778f95c0	-	ineligible	out-of-family:x-noop	-	-	-	agent-a3a9d37e380c05229.jsonl	2026-09-04T13:06:07.652Z	claude-opus-5
cabcd6a10f58443a	-	ineligible	out-of-family:x-other	-	-	-	agent-a3a9d37e380c05229.jsonl	2026-09-04T13:06:29.399Z	claude-opus-5
7f8f560bae869eb9	-	ineligible	out-of-family:x-noop	-	-	-	agent-a3a9d37e380c05229.jsonl	2026-09-04T13:08:38.330Z	claude-opus-5
cc3c8a0d685a6625	-	ineligible	out-of-family:x-other	-	-	-	agent-a3a9d37e380c05229.jsonl	2026-09-04T13:10:37.785Z	claude-opus-5
87e96a577684c4f1	-	ineligible	out-of-family:x-noop	-	-	-	agent-a3a9d37e380c05229.jsonl	2026-09-04T13:17:00.094Z	claude-opus-5
90cec2d9245cfe3b	-	ineligible	out-of-family:x-other	-	-	-	agent-a3a9d37e380c05229.jsonl	2026-09-04T13:17:39.131Z	claude-opus-5
219e3e0a2fd08bcb	-	ineligible	out-of-family:x-noop	-	-	-	agent-aed9cf34bf2627012.jsonl	2026-09-04T02:36:33.411Z	claude-opus-5
74d4af02d80840d6	-	ineligible	out-of-family:x-noop	-	-	-	agent-aed9cf34bf2627012.jsonl	2026-09-04T02:38:13.137Z	claude-opus-5
c1cc7f8ec7e64ab3	-	ineligible	out-of-family:x-noop	-	-	-	agent-aed9cf34bf2627012.jsonl	2026-09-04T02:38:55.550Z	claude-opus-5
16c5e898962b3443	-	ineligible	out-of-family:x-noop	-	-	-	agent-aed9cf34bf2627012.jsonl	2026-09-04T02:39:12.384Z	claude-opus-5
b70ecbf558e19fdf	-	ineligible	out-of-family:x-noop	-	-	-	agent-aed9cf34bf2627012.jsonl	2026-09-04T02:39:55.868Z	claude-opus-5
2d7b8129c1d08fe4	-	ineligible	out-of-family:x-noop	-	-	-	agent-aed9cf34bf2627012.jsonl	2026-09-04T02:41:03.239Z	claude-opus-5
cc0464ed0b0c42cf	-	ineligible	out-of-family:x-noop	-	-	-	agent-aed9cf34bf2627012.jsonl	2026-09-04T02:41:53.245Z	claude-opus-5
806e190024af25aa	-	ineligible	out-of-family:x-noop	-	-	-	agent-aed9cf34bf2627012.jsonl	2026-09-04T02:43:07.661Z	claude-opus-5
4697b04c1efa6b5c	-	ineligible	out-of-family:x-noop	-	-	-	agent-aed9cf34bf2627012.jsonl	2026-09-04T02:43:54.386Z	claude-opus-5
bf3901be97921a88	-	ineligible	out-of-family:x-noop	-	-	-	agent-aed9cf34bf2627012.jsonl	2026-09-04T02:45:59.331Z	claude-opus-5
459b0ce5e12d61ba	-	ineligible	out-of-family:x-noop	-	-	-	agent-aed9cf34bf2627012.jsonl	2026-09-04T02:47:19.134Z	claude-opus-5
70aeaf1a2a1f7238	-	ineligible	out-of-family:x-noop	-	-	-	agent-aed9cf34bf2627012.jsonl	2026-09-04T02:49:01.726Z	claude-opus-5
a49b8c6747ebd38f	-	ineligible	out-of-family:x-other	-	-	-	agent-aed9cf34bf2627012.jsonl	2026-09-04T02:49:15.136Z	claude-opus-5
38c214193a448ac8	-	ineligible	out-of-family:x-noop	-	-	-	agent-a98ccebc30ea5a313.jsonl	2026-09-07T23:11:55.601Z	claude-opus-5
e9b03727632a2a23	-	ineligible	out-of-family:x-noop	-	-	-	agent-a98ccebc30ea5a313.jsonl	2026-09-07T23:12:28.782Z	claude-opus-5
4f24ad0acc80e000	-	ineligible	out-of-family:x-noop	-	-	-	agent-a98ccebc30ea5a313.jsonl	2026-09-07T23:14:40.077Z	claude-opus-5
5873d950bba818ec	-	ineligible	out-of-family:x-noop	-	-	-	agent-a98ccebc30ea5a313.jsonl	2026-09-07T23:15:50.642Z	claude-opus-5
fcc832efa65516dd	-	ineligible	out-of-family:x-noop	-	-	-	agent-a98ccebc30ea5a313.jsonl	2026-09-07T23:16:41.954Z	claude-opus-5
d1a7f955813ccfc5	-	ineligible	out-of-family:x-noop	-	-	-	agent-a98ccebc30ea5a313.jsonl	2026-09-07T23:16:57.565Z	claude-opus-5
b55e19d31c171c99	-	ineligible	out-of-family:x-noop	-	-	-	agent-a826d7db7906ad52c.jsonl	2026-09-03T06:28:17.831Z	claude-opus-5
8b6473a12137892a	-	ineligible	out-of-family:x-noop	-	-	-	agent-a826d7db7906ad52c.jsonl	2026-09-03T06:28:27.964Z	claude-opus-5
ca706ce110305de6	-	ineligible	out-of-family:x-noop	-	-	-	agent-a826d7db7906ad52c.jsonl	2026-09-03T06:31:55.370Z	claude-opus-5
abd41872e9f5ad0d	-	ineligible	out-of-family:x-noop	-	-	-	agent-a826d7db7906ad52c.jsonl	2026-09-03T06:32:49.134Z	claude-opus-5
57be304ec01e79eb	-	ineligible	out-of-family:x-noop	-	-	-	agent-a826d7db7906ad52c.jsonl	2026-09-03T06:36:00.244Z	claude-opus-5
ff6b9336a9a6951f	-	ineligible	out-of-family:x-noop	-	-	-	agent-a826d7db7906ad52c.jsonl	2026-09-03T06:38:02.614Z	claude-opus-5
e46af03d551adc27	-	ineligible	out-of-family:x-noop	-	-	-	agent-a826d7db7906ad52c.jsonl	2026-09-03T06:38:41.012Z	claude-opus-5
971b5d78b0d55621	-	ineligible	out-of-family:x-noop	-	-	-	agent-a826d7db7906ad52c.jsonl	2026-09-03T06:38:55.945Z	claude-opus-5
3949836b6a0b7061	-	ineligible	out-of-family:x-noop	-	-	-	agent-a826d7db7906ad52c.jsonl	2026-09-03T06:48:19.427Z	claude-opus-5
e6cbd499d636ce98	-	ineligible	out-of-family:x-noop	-	-	-	agent-a826d7db7906ad52c.jsonl	2026-09-03T06:48:37.788Z	claude-opus-5
a1b81deef8a57499	-	ineligible	out-of-family:x-noop	-	-	-	agent-a826d7db7906ad52c.jsonl	2026-09-03T06:57:20.271Z	claude-opus-5
02453cac2a19c109	-	ineligible	out-of-family:x-noop	-	-	-	agent-a826d7db7906ad52c.jsonl	2026-09-03T06:57:47.676Z	claude-opus-5
de29898ede21d91b	-	ineligible	out-of-family:x-other	-	-	-	agent-a826d7db7906ad52c.jsonl	2026-09-03T06:59:11.607Z	claude-opus-5
fd516e716acfe1ff	-	ineligible	out-of-family:x-noop	-	-	-	agent-a826d7db7906ad52c.jsonl	2026-09-03T06:59:20.892Z	claude-opus-5
f1c567da79f2c692	-	ineligible	out-of-family:x-noop	-	-	-	agent-a826d7db7906ad52c.jsonl	2026-09-03T07:00:47.145Z	claude-opus-5
61c1fa0fd6363099	-	ineligible	out-of-family:x-noop	-	-	-	agent-a826d7db7906ad52c.jsonl	2026-09-03T07:02:50.423Z	claude-opus-5
29a85283fee92c75	-	ineligible	out-of-family:x-other	-	-	-	agent-a826d7db7906ad52c.jsonl	2026-09-03T07:03:07.869Z	claude-opus-5
8c65f91a79bca30d	I	ineligible	pre-edit-bytes-not-recoverable	/home/forge/src/clj-surgeon-admit	-	-	agent-a826d7db7906ad52c.jsonl	2026-09-03T07:04:47.679Z	claude-opus-5
acea823116888aa9	-	ineligible	out-of-family:x-noop	-	-	-	agent-a826d7db7906ad52c.jsonl	2026-09-03T07:05:04.987Z	claude-opus-5
2d817bf003bb0495	-	ineligible	out-of-family:x-noop	-	-	-	agent-a826d7db7906ad52c.jsonl	2026-09-03T07:05:20.210Z	claude-opus-5
40dd5dcd00afbe22	-	ineligible	out-of-family:x-noop	-	-	-	agent-a826d7db7906ad52c.jsonl	2026-09-03T07:05:39.597Z	claude-opus-5
1eb509a03ac27078	-	ineligible	out-of-family:x-noop	-	-	-	agent-a826d7db7906ad52c.jsonl	2026-09-03T07:09:56.651Z	claude-opus-5
0812da2ecf12a188	-	ineligible	out-of-family:x-noop	-	-	-	agent-a826d7db7906ad52c.jsonl	2026-09-03T07:10:59.575Z	claude-opus-5
abdd762480e7f746	-	ineligible	out-of-family:x-other	-	-	-	agent-a826d7db7906ad52c.jsonl	2026-09-03T07:11:12.424Z	claude-opus-5
822e157c9e800559	-	ineligible	out-of-family:x-other	-	-	-	agent-a826d7db7906ad52c.jsonl	2026-09-03T07:14:40.509Z	claude-opus-5
3e14495399e17501	-	ineligible	out-of-family:x-noop	-	-	-	agent-ab750377ff642277f.jsonl	2026-09-08T13:15:52.303Z	claude-opus-5
84707b3ff0c408e1	-	ineligible	out-of-family:x-noop	-	-	-	agent-ab750377ff642277f.jsonl	2026-09-08T13:16:07.992Z	claude-opus-5
8ff1c31e380466ad	-	ineligible	out-of-family:x-noop	-	-	-	agent-ab750377ff642277f.jsonl	2026-09-08T13:16:20.128Z	claude-opus-5
894e0e732a28ca01	-	ineligible	out-of-family:x-noop	-	-	-	agent-ab750377ff642277f.jsonl	2026-09-08T13:16:35.820Z	claude-opus-5
3dd0edf6c92c7c5d	-	ineligible	out-of-family:x-noop	-	-	-	agent-ab750377ff642277f.jsonl	2026-09-08T13:17:19.830Z	claude-opus-5
84c163b942d9b88e	-	ineligible	out-of-family:x-noop	-	-	-	agent-ab750377ff642277f.jsonl	2026-09-08T13:17:26.441Z	claude-opus-5
b1fb1fd7f8e11c95	-	ineligible	out-of-family:x-other	-	-	-	agent-ab750377ff642277f.jsonl	2026-09-08T13:18:47.804Z	claude-opus-5
82a62b2093b54948	-	ineligible	out-of-family:x-noop	-	-	-	agent-a424ff2c1cc8022c3.jsonl	2026-09-06T21:59:30.805Z	claude-opus-5
5b8b74b4eef0042f	-	ineligible	out-of-family:x-noop	-	-	-	agent-a424ff2c1cc8022c3.jsonl	2026-09-06T22:00:35.784Z	claude-opus-5
c50d302ee485ddbd	T	eligible	ok	/home/forge/src/clj-surgeon	test/clj_surgeon/lane_manifest_test.clj	d6c0d035ac4b18839531eda55677cbc96176bf99	agent-a424ff2c1cc8022c3.jsonl	2026-09-06T22:01:03.807Z	claude-opus-5
01c532e5a8b4c66f	-	ineligible	out-of-family:x-noop	-	-	-	agent-a424ff2c1cc8022c3.jsonl	2026-09-06T22:01:52.613Z	claude-opus-5
01405a2fa69d708f	-	ineligible	out-of-family:x-noop	-	-	-	agent-a424ff2c1cc8022c3.jsonl	2026-09-06T22:02:49.462Z	claude-opus-5
13e8aaaea88803a2	-	ineligible	out-of-family:x-noop	-	-	-	agent-a424ff2c1cc8022c3.jsonl	2026-09-06T22:03:02.637Z	claude-opus-5
3bfa36141c06112c	-	ineligible	out-of-family:x-noop	-	-	-	agent-a424ff2c1cc8022c3.jsonl	2026-09-06T22:03:26.869Z	claude-opus-5
add5f694f1d0b78b	-	ineligible	out-of-family:x-noop	-	-	-	agent-a424ff2c1cc8022c3.jsonl	2026-09-06T22:04:00.590Z	claude-opus-5
14accaba6ef15152	-	ineligible	out-of-family:x-other	-	-	-	agent-a424ff2c1cc8022c3.jsonl	2026-09-06T22:05:17.250Z	claude-opus-5
7aab43027855e6ee	-	ineligible	out-of-family:x-noop	-	-	-	agent-a424ff2c1cc8022c3.jsonl	2026-09-06T22:09:48.699Z	claude-opus-5
2f829ebabb09b17d	-	ineligible	out-of-family:x-noop	-	-	-	agent-a424ff2c1cc8022c3.jsonl	2026-09-06T22:10:15.909Z	claude-opus-5
21c8e2c6a47e58bc	-	ineligible	out-of-family:x-noop	-	-	-	agent-a424ff2c1cc8022c3.jsonl	2026-09-06T22:10:35.945Z	claude-opus-5
cd3734cee748f6ee	-	ineligible	out-of-family:x-noop	-	-	-	agent-a424ff2c1cc8022c3.jsonl	2026-09-06T22:10:47.824Z	claude-opus-5
07b0aa45e3b16de3	-	ineligible	out-of-family:x-noop	-	-	-	agent-a424ff2c1cc8022c3.jsonl	2026-09-06T22:11:23.272Z	claude-opus-5
333b5221573e99a6	-	ineligible	out-of-family:x-other	-	-	-	agent-a424ff2c1cc8022c3.jsonl	2026-09-06T22:12:06.247Z	claude-opus-5
6585cd7f0e38a22e	-	ineligible	out-of-family:x-other	-	-	-	agent-a424ff2c1cc8022c3.jsonl	2026-09-06T22:12:30.530Z	claude-opus-5
5841c46967799a09	-	ineligible	out-of-family:x-noop	-	-	-	agent-a424ff2c1cc8022c3.jsonl	2026-09-06T22:13:13.748Z	claude-opus-5
1613ffc9d0f24127	-	ineligible	out-of-family:x-noop	-	-	-	agent-a424ff2c1cc8022c3.jsonl	2026-09-06T22:13:47.052Z	claude-opus-5
c1ac4c26c56ddd09	-	ineligible	out-of-family:x-noop	-	-	-	agent-a424ff2c1cc8022c3.jsonl	2026-09-06T22:15:41.594Z	claude-opus-5
7762c36492647608	-	ineligible	out-of-family:x-noop	-	-	-	agent-a424ff2c1cc8022c3.jsonl	2026-09-06T22:21:00.953Z	claude-opus-5
ab23ebcb6e9f103e	-	ineligible	out-of-family:x-noop	-	-	-	agent-a424ff2c1cc8022c3.jsonl	2026-09-06T22:21:35.465Z	claude-opus-5
f439d8695a7c4a7c	-	ineligible	out-of-family:x-noop	-	-	-	agent-a424ff2c1cc8022c3.jsonl	2026-09-06T22:21:58.705Z	claude-opus-5
6ef22c55945fa02c	-	ineligible	out-of-family:x-noop	-	-	-	agent-a424ff2c1cc8022c3.jsonl	2026-09-06T22:22:43.873Z	claude-opus-5
62abee4b7f20fec4	-	ineligible	out-of-family:I?	-	-	-	agent-a424ff2c1cc8022c3.jsonl	2026-09-06T22:23:07.361Z	claude-opus-5
91bc57c530b6b627	-	ineligible	out-of-family:x-other	-	-	-	agent-a424ff2c1cc8022c3.jsonl	2026-09-06T22:23:30.274Z	claude-opus-5
b05669f46674ac3d	-	ineligible	out-of-family:x-noop	-	-	-	agent-a424ff2c1cc8022c3.jsonl	2026-09-06T22:23:55.781Z	claude-opus-5
4a94d4dc0cc56cb2	-	ineligible	out-of-family:x-other	-	-	-	agent-a424ff2c1cc8022c3.jsonl	2026-09-06T22:25:33.455Z	claude-opus-5
d5b5941b88e9776e	-	ineligible	out-of-family:x-noop	-	-	-	agent-a424ff2c1cc8022c3.jsonl	2026-09-06T22:25:48.013Z	claude-opus-5
2a3ca342bf0f4668	-	ineligible	out-of-family:x-noop	-	-	-	agent-a424ff2c1cc8022c3.jsonl	2026-09-06T22:26:08.583Z	claude-opus-5
59fa68caeeef80dc	-	ineligible	out-of-family:x-noop	-	-	-	agent-aaa2ce88a97b44670.jsonl	2026-09-08T19:49:47.547Z	claude-opus-5
331e9af6792ce0da	-	ineligible	out-of-family:x-noop	-	-	-	agent-aa6d7693c9b343e40.jsonl	2026-09-06T05:23:57.883Z	claude-opus-5
a9f35db4914c4b18	-	ineligible	out-of-family:x-noop	-	-	-	agent-aa6d7693c9b343e40.jsonl	2026-09-06T05:24:17.849Z	claude-opus-5
1c92a0bc6ed555ab	-	ineligible	out-of-family:x-noop	-	-	-	agent-a59ea3ce2a6b2a7fc.jsonl	2026-09-03T03:34:59.486Z	claude-opus-5
f2f1fb398620cad5	-	ineligible	out-of-family:x-noop	-	-	-	agent-a59ea3ce2a6b2a7fc.jsonl	2026-09-03T03:37:06.055Z	claude-opus-5
4bfc1b53096a1b11	-	ineligible	out-of-family:x-noop	-	-	-	agent-a59ea3ce2a6b2a7fc.jsonl	2026-09-03T03:52:41.233Z	claude-opus-5
e08b37798be11459	-	ineligible	out-of-family:x-noop	-	-	-	agent-a59ea3ce2a6b2a7fc.jsonl	2026-09-03T03:52:54.291Z	claude-opus-5
57abf54648813dcc	-	ineligible	out-of-family:x-noop	-	-	-	agent-a59ea3ce2a6b2a7fc.jsonl	2026-09-03T03:53:05.913Z	claude-opus-5
67ee20d005a7ad9d	-	ineligible	out-of-family:x-noop	-	-	-	agent-a59ea3ce2a6b2a7fc.jsonl	2026-09-03T03:53:19.040Z	claude-opus-5
eda1e3e2ba159ba3	-	ineligible	out-of-family:x-noop	-	-	-	agent-a59ea3ce2a6b2a7fc.jsonl	2026-09-03T03:56:47.294Z	claude-opus-5
14dd1103d2183f11	-	ineligible	out-of-family:x-noop	-	-	-	agent-a59ea3ce2a6b2a7fc.jsonl	2026-09-03T03:58:33.392Z	claude-opus-5
929e5fc71f72944c	-	ineligible	out-of-family:x-noop	-	-	-	agent-a59ea3ce2a6b2a7fc.jsonl	2026-09-03T03:58:37.710Z	claude-opus-5
82052889a238cdc9	-	ineligible	out-of-family:x-noop	-	-	-	agent-a59ea3ce2a6b2a7fc.jsonl	2026-09-03T04:01:20.670Z	claude-opus-5
f4d72c39d2b8821e	-	ineligible	out-of-family:x-noop	-	-	-	agent-a59ea3ce2a6b2a7fc.jsonl	2026-09-03T04:04:48.748Z	claude-opus-5
6284ccde98ad8621	-	ineligible	out-of-family:x-noop	-	-	-	agent-a59ea3ce2a6b2a7fc.jsonl	2026-09-03T04:08:56.719Z	claude-opus-5
fc41d96b0eb7a84c	-	ineligible	out-of-family:x-noop	-	-	-	agent-a59ea3ce2a6b2a7fc.jsonl	2026-09-03T04:13:03.703Z	claude-opus-5
dfc37836bd32065c	-	ineligible	out-of-family:x-noop	-	-	-	agent-a59ea3ce2a6b2a7fc.jsonl	2026-09-03T04:21:47.474Z	claude-opus-5
878c1aa4ddee0adf	-	ineligible	out-of-family:x-noop	-	-	-	agent-a59ea3ce2a6b2a7fc.jsonl	2026-09-03T04:29:29.061Z	claude-opus-5
31d3d50d46a24f6e	-	ineligible	out-of-family:x-noop	-	-	-	agent-aaa221839d166323d.jsonl	2026-09-04T01:25:35.325Z	claude-opus-5
4445a7ca5ac070a5	-	ineligible	out-of-family:x-noop	-	-	-	agent-a856f1a1943f33c71.jsonl	2026-09-03T09:13:38.928Z	claude-opus-5
d18935b3a79f5734	-	ineligible	out-of-family:x-noop	-	-	-	agent-a856f1a1943f33c71.jsonl	2026-09-03T09:14:08.632Z	claude-opus-5
f7bc76f1164539f2	-	ineligible	out-of-family:x-noop	-	-	-	agent-a856f1a1943f33c71.jsonl	2026-09-03T09:14:18.208Z	claude-opus-5
1e860708afdba4cb	-	ineligible	out-of-family:x-noop	-	-	-	agent-a856f1a1943f33c71.jsonl	2026-09-03T09:15:23.799Z	claude-opus-5
7ec40c3618793300	-	ineligible	out-of-family:x-noop	-	-	-	agent-a856f1a1943f33c71.jsonl	2026-09-03T09:15:29.796Z	claude-opus-5
1a12b141f88e3ac6	-	ineligible	out-of-family:x-noop	-	-	-	agent-a856f1a1943f33c71.jsonl	2026-09-03T09:16:26.682Z	claude-opus-5
ca2695615e02bd2a	T	ineligible	pre-edit-bytes-not-recoverable	/home/forge/src/clj-surgeon-admit	-	-	agent-a856f1a1943f33c71.jsonl	2026-09-03T09:17:08.189Z	claude-opus-5
1ea2c33cd7e25f49	-	ineligible	out-of-family:x-noop	-	-	-	agent-a856f1a1943f33c71.jsonl	2026-09-03T09:20:06.960Z	claude-opus-5
e9f0fa558813bf17	-	ineligible	out-of-family:x-noop	-	-	-	agent-a856f1a1943f33c71.jsonl	2026-09-03T09:20:21.365Z	claude-opus-5
d8353a700b5290c2	-	ineligible	out-of-family:x-noop	-	-	-	agent-a856f1a1943f33c71.jsonl	2026-09-03T09:20:43.359Z	claude-opus-5
6bfd2f593926880d	-	ineligible	out-of-family:x-noop	-	-	-	agent-a856f1a1943f33c71.jsonl	2026-09-03T09:21:00.184Z	claude-opus-5
dcf230248f1d7ad0	-	ineligible	out-of-family:x-noop	-	-	-	agent-a856f1a1943f33c71.jsonl	2026-09-03T09:22:25.301Z	claude-opus-5
ce1c3000e6902d41	-	ineligible	out-of-family:x-noop	-	-	-	agent-a856f1a1943f33c71.jsonl	2026-09-03T09:23:40.282Z	claude-opus-5
f5742a346e1f5298	-	ineligible	out-of-family:x-noop	-	-	-	agent-a856f1a1943f33c71.jsonl	2026-09-03T09:23:59.160Z	claude-opus-5
86629bec603b3a51	-	ineligible	out-of-family:x-noop	-	-	-	agent-a856f1a1943f33c71.jsonl	2026-09-03T09:24:30.672Z	claude-opus-5
9fc08b7b510cbd59	-	ineligible	out-of-family:x-noop	-	-	-	agent-a856f1a1943f33c71.jsonl	2026-09-03T09:27:03.841Z	claude-opus-5
79ac6a4de39b75a2	-	ineligible	out-of-family:x-noop	-	-	-	agent-a856f1a1943f33c71.jsonl	2026-09-03T09:29:31.628Z	claude-opus-5
f284837bbcfc160c	-	ineligible	out-of-family:x-noop	-	-	-	agent-a856f1a1943f33c71.jsonl	2026-09-03T09:33:29.791Z	claude-opus-5
69ab0ebf3bc86264	-	ineligible	out-of-family:x-noop	-	-	-	agent-a856f1a1943f33c71.jsonl	2026-09-03T09:34:26.243Z	claude-opus-5
a543f1a2b2b40ef2	-	ineligible	out-of-family:x-noop	-	-	-	agent-a856f1a1943f33c71.jsonl	2026-09-03T09:35:04.328Z	claude-opus-5
9ddf70794145fbe7	-	ineligible	out-of-family:x-noop	-	-	-	agent-a856f1a1943f33c71.jsonl	2026-09-03T09:36:40.557Z	claude-opus-5
46ff2e3a99d3651d	-	ineligible	out-of-family:x-noop	-	-	-	agent-a856f1a1943f33c71.jsonl	2026-09-03T09:44:44.469Z	claude-opus-5
ab37b314a8c86b1e	-	ineligible	out-of-family:x-noop	-	-	-	agent-a982c41769e3e2d54.jsonl	2026-09-04T02:01:59.521Z	claude-opus-5
63d9d005da3358f6	-	ineligible	out-of-family:x-noop	-	-	-	agent-a982c41769e3e2d54.jsonl	2026-09-04T02:03:03.707Z	claude-opus-5
e8c792c7570b0c69	-	ineligible	out-of-family:x-other	-	-	-	agent-a982c41769e3e2d54.jsonl	2026-09-04T02:03:11.139Z	claude-opus-5
5ef4fa5d69b0d7c1	-	ineligible	out-of-family:x-other	-	-	-	agent-a982c41769e3e2d54.jsonl	2026-09-04T02:03:39.574Z	claude-opus-5
c5623d49c9e1a16a	-	ineligible	out-of-family:x-noop	-	-	-	agent-a982c41769e3e2d54.jsonl	2026-09-04T02:03:55.410Z	claude-opus-5
ec92d08209bdda37	-	ineligible	out-of-family:x-noop	-	-	-	agent-a982c41769e3e2d54.jsonl	2026-09-04T02:04:08.763Z	claude-opus-5
41ce6e855e2f3873	-	ineligible	out-of-family:x-noop	-	-	-	agent-a982c41769e3e2d54.jsonl	2026-09-04T02:04:20.016Z	claude-opus-5
8b964ea1cb7fd1fe	-	ineligible	out-of-family:x-noop	-	-	-	agent-a982c41769e3e2d54.jsonl	2026-09-04T02:04:30.574Z	claude-opus-5
9d6d6a2efe0f6c3a	-	ineligible	out-of-family:x-noop	-	-	-	agent-a982c41769e3e2d54.jsonl	2026-09-04T02:04:47.290Z	claude-opus-5
20e84970c3ff1a03	-	ineligible	out-of-family:x-other	-	-	-	agent-a982c41769e3e2d54.jsonl	2026-09-04T02:04:58.353Z	claude-opus-5
4f88837b3a2c0925	-	ineligible	out-of-family:x-other	-	-	-	agent-a982c41769e3e2d54.jsonl	2026-09-04T02:05:06.783Z	claude-opus-5
c42fcd6221864833	-	ineligible	out-of-family:x-noop	-	-	-	agent-a982c41769e3e2d54.jsonl	2026-09-04T02:05:50.789Z	claude-opus-5
1224dba7b9fe0ecb	-	ineligible	out-of-family:x-noop	-	-	-	agent-a982c41769e3e2d54.jsonl	2026-09-04T02:06:04.790Z	claude-opus-5
9daca3950706c523	-	ineligible	out-of-family:x-other	-	-	-	agent-a982c41769e3e2d54.jsonl	2026-09-04T02:06:13.858Z	claude-opus-5
54da7ca3108443dd	-	ineligible	out-of-family:x-noop	-	-	-	agent-a982c41769e3e2d54.jsonl	2026-09-04T02:11:04.989Z	claude-opus-5
cfd0b9067bdb162a	-	ineligible	out-of-family:x-noop	-	-	-	agent-a982c41769e3e2d54.jsonl	2026-09-04T02:11:32.123Z	claude-opus-5
4ee9370343957e75	-	ineligible	out-of-family:x-noop	-	-	-	agent-a982c41769e3e2d54.jsonl	2026-09-04T02:12:09.467Z	claude-opus-5
9d696fe38d1eeabc	-	ineligible	out-of-family:x-noop	-	-	-	agent-a982c41769e3e2d54.jsonl	2026-09-04T02:12:13.537Z	claude-opus-5
52fb9bf5d987f583	-	ineligible	out-of-family:x-other	-	-	-	agent-a982c41769e3e2d54.jsonl	2026-09-04T02:12:24.252Z	claude-opus-5
9752126063ee6f41	-	ineligible	out-of-family:x-noop	-	-	-	agent-a982c41769e3e2d54.jsonl	2026-09-04T02:18:46.654Z	claude-opus-5
edd22adec9ebbcac	-	ineligible	out-of-family:x-noop	-	-	-	agent-a982c41769e3e2d54.jsonl	2026-09-04T02:19:24.378Z	claude-opus-5
c639e1707a241d15	-	ineligible	out-of-family:x-noop	-	-	-	agent-a982c41769e3e2d54.jsonl	2026-09-04T02:20:18.118Z	claude-opus-5
ced9468d620751a0	-	ineligible	out-of-family:x-noop	-	-	-	agent-a982c41769e3e2d54.jsonl	2026-09-04T02:21:02.636Z	claude-opus-5
859e8e9699358833	-	ineligible	out-of-family:x-noop	-	-	-	agent-a982c41769e3e2d54.jsonl	2026-09-04T02:33:01.088Z	claude-opus-5
f00ae04e864812ec	-	ineligible	out-of-family:x-noop	-	-	-	agent-aefeed99c8dd0f082.jsonl	2026-09-04T02:24:39.182Z	claude-opus-5
70623398d7143b43	-	ineligible	out-of-family:x-noop	-	-	-	agent-aefeed99c8dd0f082.jsonl	2026-09-04T02:26:59.218Z	claude-opus-5
aba14e7073a379dd	-	ineligible	out-of-family:x-noop	-	-	-	agent-aefeed99c8dd0f082.jsonl	2026-09-04T02:27:15.525Z	claude-opus-5
0bd351dd765595c0	-	ineligible	out-of-family:x-noop	-	-	-	agent-aefeed99c8dd0f082.jsonl	2026-09-04T02:32:10.691Z	claude-opus-5
e2a59cc893d64634	-	ineligible	out-of-family:x-noop	-	-	-	agent-aefeed99c8dd0f082.jsonl	2026-09-04T02:32:15.476Z	claude-opus-5
4fda4f1925b54844	-	ineligible	out-of-family:x-noop	-	-	-	agent-aefeed99c8dd0f082.jsonl	2026-09-04T02:34:48.293Z	claude-opus-5
a29c848fb6471c8a	-	ineligible	out-of-family:x-other	-	-	-	agent-aefeed99c8dd0f082.jsonl	2026-09-04T02:34:54.388Z	claude-opus-5
b317bd8cefe0c821	-	ineligible	out-of-family:x-noop	-	-	-	agent-aefeed99c8dd0f082.jsonl	2026-09-04T02:38:44.135Z	claude-opus-5
a4ce66b87e409350	-	ineligible	out-of-family:x-other	-	-	-	agent-aefeed99c8dd0f082.jsonl	2026-09-04T02:38:51.250Z	claude-opus-5
db724f0eadeb53a7	-	ineligible	out-of-family:x-noop	-	-	-	agent-aefeed99c8dd0f082.jsonl	2026-09-04T02:39:00.997Z	claude-opus-5
e95af52e8d8d4552	-	ineligible	out-of-family:x-noop	-	-	-	agent-aefeed99c8dd0f082.jsonl	2026-09-04T02:42:36.447Z	claude-opus-5
80ceba0c38b24910	-	ineligible	out-of-family:x-noop	-	-	-	agent-aefeed99c8dd0f082.jsonl	2026-09-04T02:43:22.650Z	claude-opus-5
e8c3996749f26c03	-	ineligible	out-of-family:x-noop	-	-	-	agent-aefeed99c8dd0f082.jsonl	2026-09-04T02:44:13.503Z	claude-opus-5
c94001c30faf2c71	-	ineligible	out-of-family:x-noop	-	-	-	agent-aefeed99c8dd0f082.jsonl	2026-09-04T02:46:58.794Z	claude-opus-5
ac59c67505d0f8bd	-	ineligible	out-of-family:x-noop	-	-	-	agent-aefeed99c8dd0f082.jsonl	2026-09-04T02:48:44.908Z	claude-opus-5
ff780d0363cc230f	-	ineligible	out-of-family:x-noop	-	-	-	agent-aefeed99c8dd0f082.jsonl	2026-09-04T02:50:48.565Z	claude-opus-5
2425c1f4050ef41b	-	ineligible	out-of-family:x-noop	-	-	-	agent-aefeed99c8dd0f082.jsonl	2026-09-04T02:54:35.507Z	claude-opus-5
11f462be871ebb40	-	ineligible	out-of-family:x-noop	-	-	-	agent-aefeed99c8dd0f082.jsonl	2026-09-04T02:54:59.484Z	claude-opus-5
3b55291f68cc507d	-	ineligible	out-of-family:x-other	-	-	-	agent-aefeed99c8dd0f082.jsonl	2026-09-04T02:55:36.984Z	claude-opus-5
8c1589461c11710f	-	ineligible	out-of-family:x-noop	-	-	-	agent-aefeed99c8dd0f082.jsonl	2026-09-04T02:58:56.771Z	claude-opus-5
465d6ec946c8c159	-	ineligible	out-of-family:x-noop	-	-	-	agent-aefeed99c8dd0f082.jsonl	2026-09-04T03:00:26.752Z	claude-opus-5
9eae10b905e2bb5f	-	ineligible	out-of-family:x-noop	-	-	-	agent-aefeed99c8dd0f082.jsonl	2026-09-04T03:02:02.497Z	claude-opus-5
75215da4de61547e	-	ineligible	out-of-family:x-noop	-	-	-	agent-aefeed99c8dd0f082.jsonl	2026-09-04T03:03:26.940Z	claude-opus-5
12268e4b30eab515	-	ineligible	out-of-family:x-noop	-	-	-	agent-aefeed99c8dd0f082.jsonl	2026-09-04T03:05:25.765Z	claude-opus-5
a674832e13d17043	-	ineligible	out-of-family:x-noop	-	-	-	agent-aefeed99c8dd0f082.jsonl	2026-09-04T03:05:48.973Z	claude-opus-5
aec5895f2926b749	-	ineligible	out-of-family:x-noop	-	-	-	agent-aefeed99c8dd0f082.jsonl	2026-09-04T03:05:55.905Z	claude-opus-5
0ee65cb8450b8eb3	-	ineligible	out-of-family:x-other	-	-	-	agent-aefeed99c8dd0f082.jsonl	2026-09-04T03:06:20.532Z	claude-opus-5
9282d2fdc09d92ce	-	ineligible	out-of-family:x-noop	-	-	-	agent-aefeed99c8dd0f082.jsonl	2026-09-04T03:07:42.468Z	claude-opus-5
66dfcb01e5dd13dc	-	ineligible	out-of-family:x-other	-	-	-	agent-aefeed99c8dd0f082.jsonl	2026-09-04T03:11:45.949Z	claude-opus-5
93487f20351da29d	-	ineligible	out-of-family:x-noop	-	-	-	agent-aefeed99c8dd0f082.jsonl	2026-09-04T03:14:20.890Z	claude-opus-5
b0954df0daf05486	-	ineligible	out-of-family:x-noop	-	-	-	agent-aefeed99c8dd0f082.jsonl	2026-09-04T03:19:45.362Z	claude-opus-5
ecabe910294f87bb	-	ineligible	out-of-family:x-noop	-	-	-	agent-a596b8709cbaa0e8c.jsonl	2026-09-06T19:51:30.102Z	claude-opus-5
c5e8900e0959676c	-	ineligible	out-of-family:x-noop	-	-	-	agent-a596b8709cbaa0e8c.jsonl	2026-09-06T19:51:58.653Z	claude-opus-5
e9713eda18ce8c6d	-	ineligible	out-of-family:x-other	-	-	-	agent-a596b8709cbaa0e8c.jsonl	2026-09-06T19:54:48.401Z	claude-opus-5
e94be02a3cb19d94	-	ineligible	out-of-family:x-noop	-	-	-	agent-a596b8709cbaa0e8c.jsonl	2026-09-06T20:00:05.184Z	claude-opus-5
dca40e0de969e143	-	ineligible	out-of-family:x-noop	-	-	-	agent-a596b8709cbaa0e8c.jsonl	2026-09-06T20:00:32.996Z	claude-opus-5
67d0f844300de9f8	-	ineligible	out-of-family:x-noop	-	-	-	agent-a596b8709cbaa0e8c.jsonl	2026-09-06T20:01:49.279Z	claude-opus-5
48bbafcabbb92b6b	-	ineligible	out-of-family:x-noop	-	-	-	agent-a596b8709cbaa0e8c.jsonl	2026-09-06T20:09:48.698Z	claude-opus-5
d58153a1262a2d62	-	ineligible	out-of-family:x-noop	-	-	-	agent-a596b8709cbaa0e8c.jsonl	2026-09-06T20:10:14.383Z	claude-opus-5
930de678a5872fdf	-	ineligible	out-of-family:x-noop	-	-	-	agent-a596b8709cbaa0e8c.jsonl	2026-09-06T20:12:51.189Z	claude-opus-5
5ab3b330ef994fbc	-	ineligible	out-of-family:x-noop	-	-	-	agent-a596b8709cbaa0e8c.jsonl	2026-09-06T20:13:00.359Z	claude-opus-5
5d9fb6171aef7a2f	-	ineligible	out-of-family:x-noop	-	-	-	agent-aa8c9328e55a357e2.jsonl	2026-09-06T03:21:39.177Z	claude-opus-5
808c5cb36f83ce4a	-	ineligible	out-of-family:x-noop	-	-	-	agent-aa8c9328e55a357e2.jsonl	2026-09-06T03:21:49.665Z	claude-opus-5
a1b5c9a95a9e32ef	-	ineligible	out-of-family:x-other	-	-	-	agent-aa8c9328e55a357e2.jsonl	2026-09-06T03:21:52.521Z	claude-opus-5
8ad458466647b2ed	-	ineligible	out-of-family:x-noop	-	-	-	agent-aa8c9328e55a357e2.jsonl	2026-09-06T03:22:16.554Z	claude-opus-5
5b769637106637b0	-	ineligible	out-of-family:x-noop	-	-	-	agent-aa8c9328e55a357e2.jsonl	2026-09-06T03:22:23.463Z	claude-opus-5
34ee982b7e968dbe	-	ineligible	out-of-family:x-noop	-	-	-	agent-aa8c9328e55a357e2.jsonl	2026-09-06T03:22:32.203Z	claude-opus-5
5faa073cea7a6f1c	-	ineligible	out-of-family:x-noop	-	-	-	agent-aa8c9328e55a357e2.jsonl	2026-09-06T03:23:32.340Z	claude-opus-5
5b353672d76f3b32	-	ineligible	out-of-family:x-noop	-	-	-	agent-aa8c9328e55a357e2.jsonl	2026-09-06T03:24:01.186Z	claude-opus-5
c63c8145d5682076	-	ineligible	out-of-family:x-noop	-	-	-	agent-aa8c9328e55a357e2.jsonl	2026-09-06T03:24:30.468Z	claude-opus-5
a63b016befdacd42	-	ineligible	out-of-family:x-noop	-	-	-	agent-aa8c9328e55a357e2.jsonl	2026-09-06T03:24:41.641Z	claude-opus-5
d98ed8f1cacf0097	-	ineligible	out-of-family:x-noop	-	-	-	agent-aa8c9328e55a357e2.jsonl	2026-09-06T03:24:51.848Z	claude-opus-5
7afe13a0f05584b9	-	ineligible	out-of-family:x-other	-	-	-	agent-aa8c9328e55a357e2.jsonl	2026-09-06T03:26:53.544Z	claude-opus-5
3d5325071453745b	-	ineligible	out-of-family:x-other	-	-	-	agent-a3df102b4c4301d37.jsonl	2026-09-08T07:51:11.307Z	claude-opus-5
626167c745c9c0b9	-	ineligible	out-of-family:x-noop	-	-	-	agent-a8b5f361b1239201f.jsonl	2026-09-04T08:26:15.544Z	claude-opus-5
976f37b600d9cdd5	-	ineligible	out-of-family:x-noop	-	-	-	agent-a8b5f361b1239201f.jsonl	2026-09-04T08:27:13.108Z	claude-opus-5
b43fa31d65b1dbbf	-	ineligible	out-of-family:x-noop	-	-	-	agent-a8b5f361b1239201f.jsonl	2026-09-04T08:29:18.728Z	claude-opus-5
5304ee2431abcd38	-	ineligible	out-of-family:x-other	-	-	-	agent-a8b5f361b1239201f.jsonl	2026-09-04T08:31:08.478Z	claude-opus-5
e08b003f0947556c	-	ineligible	out-of-family:x-other	-	-	-	agent-a8b5f361b1239201f.jsonl	2026-09-04T08:33:38.594Z	claude-opus-5
19356f89fd3e146e	-	ineligible	out-of-family:x-noop	-	-	-	agent-a8b5f361b1239201f.jsonl	2026-09-04T08:51:13.931Z	claude-opus-5
e937b25d0115d57f	-	ineligible	out-of-family:x-noop	-	-	-	agent-a8b5f361b1239201f.jsonl	2026-09-04T08:51:22.499Z	claude-opus-5
dc95d35d31b8ffc8	-	ineligible	out-of-family:x-noop	-	-	-	agent-a8b5f361b1239201f.jsonl	2026-09-04T08:52:24.560Z	claude-opus-5
166e2a567c4d42c4	-	ineligible	out-of-family:x-noop	-	-	-	agent-a541d2ae17413b3af.jsonl	2026-09-04T00:32:17.984Z	claude-opus-5
3787d23e42a1bad2	-	ineligible	out-of-family:x-noop	-	-	-	agent-a541d2ae17413b3af.jsonl	2026-09-04T00:32:48.908Z	claude-opus-5
7fc07e15c4d290d4	-	ineligible	out-of-family:x-noop	-	-	-	agent-a541d2ae17413b3af.jsonl	2026-09-04T00:33:11.325Z	claude-opus-5
1276bc6061d21eed	-	ineligible	out-of-family:x-other	-	-	-	agent-a541d2ae17413b3af.jsonl	2026-09-04T00:34:19.875Z	claude-opus-5
d337e3993a25f1e3	-	ineligible	out-of-family:x-noop	-	-	-	agent-a541d2ae17413b3af.jsonl	2026-09-04T00:35:04.417Z	claude-opus-5
9a97aebd83efe638	-	ineligible	out-of-family:x-noop	-	-	-	agent-a4e97d85eb1deef70.jsonl	2026-09-03T06:24:42.129Z	claude-opus-5
6622220dcd2f259d	-	ineligible	out-of-family:x-noop	-	-	-	agent-a4e97d85eb1deef70.jsonl	2026-09-03T06:25:23.608Z	claude-opus-5
075ad1c46aa6cc42	-	ineligible	out-of-family:x-noop	-	-	-	agent-a4e97d85eb1deef70.jsonl	2026-09-03T06:25:57.102Z	claude-opus-5
89692976178881c6	-	ineligible	out-of-family:x-noop	-	-	-	agent-a4e97d85eb1deef70.jsonl	2026-09-03T06:26:19.510Z	claude-opus-5
a222b5bc45db0bb4	-	ineligible	out-of-family:x-noop	-	-	-	agent-a4e97d85eb1deef70.jsonl	2026-09-03T06:26:35.262Z	claude-opus-5
363d67e62a7a8a8a	-	ineligible	out-of-family:x-noop	-	-	-	agent-a4e97d85eb1deef70.jsonl	2026-09-03T06:29:03.579Z	claude-opus-5
c966437e8a4fa0cd	-	ineligible	out-of-family:x-noop	-	-	-	agent-a4e97d85eb1deef70.jsonl	2026-09-03T06:31:42.670Z	claude-opus-5
2ddc7d3cdc34693f	-	ineligible	out-of-family:x-noop	-	-	-	agent-a4e97d85eb1deef70.jsonl	2026-09-03T06:31:53.131Z	claude-opus-5
8341f72e283f679b	-	ineligible	out-of-family:x-noop	-	-	-	agent-a4e97d85eb1deef70.jsonl	2026-09-03T06:33:27.171Z	claude-opus-5
a8aecde6705fac12	-	ineligible	out-of-family:x-noop	-	-	-	agent-a4e97d85eb1deef70.jsonl	2026-09-03T06:33:36.640Z	claude-opus-5
416488935bf0369b	-	ineligible	out-of-family:x-noop	-	-	-	agent-a4e97d85eb1deef70.jsonl	2026-09-03T06:35:04.886Z	claude-opus-5
0d9409ede739f627	-	ineligible	out-of-family:x-noop	-	-	-	agent-a4e97d85eb1deef70.jsonl	2026-09-03T06:39:34.166Z	claude-opus-5
d203847253ce20cf	-	ineligible	out-of-family:x-other	-	-	-	agent-a3b4129b4515f8a33.jsonl	2026-09-03T22:52:29.844Z	claude-opus-5
963e50ee3ffd3d18	-	ineligible	out-of-family:x-noop	-	-	-	agent-a4fea3a582ecba32e.jsonl	2026-09-03T08:07:22.449Z	claude-opus-5
8e5963288a14ce74	-	ineligible	out-of-family:x-noop	-	-	-	agent-a4fea3a582ecba32e.jsonl	2026-09-03T08:08:08.594Z	claude-opus-5
95aea5057195b769	-	ineligible	out-of-family:x-noop	-	-	-	agent-a4fea3a582ecba32e.jsonl	2026-09-03T08:08:42.051Z	claude-opus-5
c6964809df0f5cb0	-	ineligible	out-of-family:x-other	-	-	-	agent-a4fea3a582ecba32e.jsonl	2026-09-03T08:10:41.271Z	claude-opus-5
68728b214d6df39b	-	ineligible	out-of-family:x-noop	-	-	-	agent-a4fea3a582ecba32e.jsonl	2026-09-03T08:13:50.806Z	claude-opus-5
fb18ed8c2d1cd3d8	-	ineligible	out-of-family:x-noop	-	-	-	agent-a4fea3a582ecba32e.jsonl	2026-09-03T08:14:39.751Z	claude-opus-5
3c669464c4dadc41	-	ineligible	out-of-family:x-noop	-	-	-	agent-a4fea3a582ecba32e.jsonl	2026-09-03T08:15:41.702Z	claude-opus-5
8c7f65e54f8cc846	-	ineligible	out-of-family:x-noop	-	-	-	agent-a5e23862cb9de738e.jsonl	2026-09-06T04:45:19.882Z	claude-opus-5
f0370e6d8f043252	-	ineligible	out-of-family:x-other	-	-	-	agent-a5e23862cb9de738e.jsonl	2026-09-06T04:45:41.423Z	claude-opus-5
4d4885ee4fb2b5af	-	ineligible	out-of-family:x-noop	-	-	-	agent-a5e23862cb9de738e.jsonl	2026-09-06T04:47:26.993Z	claude-opus-5
29c95d50f42da399	-	ineligible	out-of-family:x-other	-	-	-	agent-a1f5ccfcbbe1aa142.jsonl	2026-09-03T22:34:37.230Z	claude-opus-5
f652530f37c8014e	-	ineligible	out-of-family:x-other	-	-	-	agent-a1f5ccfcbbe1aa142.jsonl	2026-09-03T22:35:33.360Z	claude-opus-5
8459f75698f18360	-	ineligible	out-of-family:x-noop	-	-	-	agent-a1f5ccfcbbe1aa142.jsonl	2026-09-03T22:36:17.800Z	claude-opus-5
0e48f142bd66c202	-	ineligible	out-of-family:x-noop	-	-	-	agent-a1f5ccfcbbe1aa142.jsonl	2026-09-03T22:36:34.652Z	claude-opus-5
44fb4f86da5cf96e	-	ineligible	out-of-family:x-noop	-	-	-	agent-a1f5ccfcbbe1aa142.jsonl	2026-09-03T22:36:52.644Z	claude-opus-5
5c9aebb8bb168b94	-	ineligible	out-of-family:x-noop	-	-	-	agent-a1f5ccfcbbe1aa142.jsonl	2026-09-03T22:39:00.991Z	claude-opus-5
ee4110cfe347ec9a	-	ineligible	out-of-family:x-noop	-	-	-	agent-a1f5ccfcbbe1aa142.jsonl	2026-09-03T22:39:16.832Z	claude-opus-5
2d882e94aa007443	-	ineligible	out-of-family:x-noop	-	-	-	agent-a1f5ccfcbbe1aa142.jsonl	2026-09-03T22:39:39.525Z	claude-opus-5
b4d89c5f82b7723d	-	ineligible	out-of-family:x-noop	-	-	-	agent-a1f5ccfcbbe1aa142.jsonl	2026-09-03T22:45:02.861Z	claude-opus-5
8f798311307b8e98	-	ineligible	out-of-family:x-noop	-	-	-	agent-a5c9c21f252b46a41.jsonl	2026-09-03T08:54:05.159Z	claude-opus-5
1e6a93f6d78b60a6	-	ineligible	out-of-family:x-noop	-	-	-	agent-a5c9c21f252b46a41.jsonl	2026-09-03T08:55:01.689Z	claude-opus-5
b098f96f2fef544c	-	ineligible	out-of-family:x-noop	-	-	-	agent-a5c9c21f252b46a41.jsonl	2026-09-03T08:55:30.129Z	claude-opus-5
4dbaf7ad44c9fcd9	-	ineligible	out-of-family:x-noop	-	-	-	agent-a5c9c21f252b46a41.jsonl	2026-09-03T08:55:42.394Z	claude-opus-5
18304620ba73e253	-	ineligible	out-of-family:x-noop	-	-	-	agent-a5c9c21f252b46a41.jsonl	2026-09-03T08:56:06.730Z	claude-opus-5
ee7b45cda48bba1a	-	ineligible	out-of-family:x-noop	-	-	-	agent-a5c9c21f252b46a41.jsonl	2026-09-03T08:59:56.400Z	claude-opus-5
94e49b633c74135d	-	ineligible	out-of-family:x-noop	-	-	-	agent-a5c9c21f252b46a41.jsonl	2026-09-03T09:04:10.482Z	claude-opus-5
c6ea937c67710f3a	-	ineligible	out-of-family:x-noop	-	-	-	agent-a5c9c21f252b46a41.jsonl	2026-09-03T09:04:49.749Z	claude-opus-5
ceafe578429e32ba	-	ineligible	out-of-family:x-noop	-	-	-	agent-a5c9c21f252b46a41.jsonl	2026-09-03T09:06:10.526Z	claude-opus-5
f4b4a1a091bfcfab	-	ineligible	out-of-family:x-noop	-	-	-	agent-a5c9c21f252b46a41.jsonl	2026-09-03T09:06:38.778Z	claude-opus-5
624d3b6bc63caac7	-	ineligible	out-of-family:x-other	-	-	-	agent-a5c9c21f252b46a41.jsonl	2026-09-03T09:10:08.570Z	claude-opus-5
4a370d3736b2a31e	-	ineligible	out-of-family:x-other	-	-	-	agent-a5c9c21f252b46a41.jsonl	2026-09-03T09:10:19.053Z	claude-opus-5
56a7eff7a8cb9f0a	-	ineligible	out-of-family:x-noop	-	-	-	agent-a031a9f9a85a1c270.jsonl	2026-09-08T16:39:19.016Z	claude-opus-5
007f9b67047ae478	-	ineligible	out-of-family:x-noop	-	-	-	agent-a031a9f9a85a1c270.jsonl	2026-09-08T16:42:46.187Z	claude-opus-5
54877f3d9a4317b2	-	ineligible	out-of-family:x-noop	-	-	-	agent-a031a9f9a85a1c270.jsonl	2026-09-08T16:43:18.202Z	claude-opus-5
23612a0d678006b6	-	ineligible	out-of-family:x-noop	-	-	-	agent-a031a9f9a85a1c270.jsonl	2026-09-08T16:45:15.933Z	claude-opus-5
5eb275b59964cdab	-	ineligible	out-of-family:x-noop	-	-	-	agent-a031a9f9a85a1c270.jsonl	2026-09-08T16:45:36.277Z	claude-opus-5
1e2b0a88bdacd929	-	ineligible	out-of-family:x-noop	-	-	-	agent-a031a9f9a85a1c270.jsonl	2026-09-08T16:46:01.300Z	claude-opus-5
0cfb3903af91891d	-	ineligible	out-of-family:x-noop	-	-	-	agent-a031a9f9a85a1c270.jsonl	2026-09-08T16:46:30.619Z	claude-opus-5
ec6529c8630beeb6	-	ineligible	out-of-family:x-noop	-	-	-	agent-a031a9f9a85a1c270.jsonl	2026-09-08T16:46:48.232Z	claude-opus-5
a3fd1b5b8a42c986	-	ineligible	out-of-family:x-other	-	-	-	agent-a031a9f9a85a1c270.jsonl	2026-09-08T16:47:02.357Z	claude-opus-5
9cdd8cb292a06adb	-	ineligible	out-of-family:x-noop	-	-	-	agent-a031a9f9a85a1c270.jsonl	2026-09-08T16:47:52.872Z	claude-opus-5
2bc6df2bfb10443c	-	ineligible	out-of-family:x-noop	-	-	-	agent-a031a9f9a85a1c270.jsonl	2026-09-08T16:48:51.779Z	claude-opus-5
59297ced77b58071	-	ineligible	out-of-family:x-other	-	-	-	agent-a031a9f9a85a1c270.jsonl	2026-09-08T16:48:59.437Z	claude-opus-5
44111cb059d18b8e	-	ineligible	out-of-family:x-other	-	-	-	agent-a031a9f9a85a1c270.jsonl	2026-09-08T16:49:20.902Z	claude-opus-5
abf12ec2317044b4	-	ineligible	out-of-family:x-noop	-	-	-	agent-a031a9f9a85a1c270.jsonl	2026-09-08T16:49:54.110Z	claude-opus-5
2191b07c52f9f8dd	-	ineligible	out-of-family:x-noop	-	-	-	agent-a031a9f9a85a1c270.jsonl	2026-09-08T16:52:24.242Z	claude-opus-5
ebf172352ebb27e9	-	ineligible	out-of-family:x-noop	-	-	-	agent-a031a9f9a85a1c270.jsonl	2026-09-08T16:52:45.292Z	claude-opus-5
e55083fdcaf362bc	-	ineligible	out-of-family:x-noop	-	-	-	agent-a031a9f9a85a1c270.jsonl	2026-09-08T16:54:54.984Z	claude-opus-5
482d9d92bc45c3bf	-	ineligible	out-of-family:x-noop	-	-	-	agent-a031a9f9a85a1c270.jsonl	2026-09-08T16:55:42.293Z	claude-opus-5
4e34ef7a2a0ff9e3	-	ineligible	out-of-family:x-noop	-	-	-	agent-a031a9f9a85a1c270.jsonl	2026-09-08T16:56:16.011Z	claude-opus-5
471261ff91fe84b4	-	ineligible	out-of-family:x-noop	-	-	-	agent-a031a9f9a85a1c270.jsonl	2026-09-08T16:59:58.424Z	claude-opus-5
52738a4896877f3d	-	ineligible	out-of-family:x-noop	-	-	-	agent-a031a9f9a85a1c270.jsonl	2026-09-08T17:00:30.646Z	claude-opus-5
814bd9a832fab30c	-	ineligible	out-of-family:x-noop	-	-	-	agent-a031a9f9a85a1c270.jsonl	2026-09-08T17:00:47.848Z	claude-opus-5
dde5bf337eaa4ce3	-	ineligible	out-of-family:x-noop	-	-	-	agent-a031a9f9a85a1c270.jsonl	2026-09-08T17:01:06.191Z	claude-opus-5
80c13abd228f6ed2	T	ineligible	pre-edit-bytes-not-recoverable	/home/forge/src/marvin-voice-remote	-	-	agent-a031a9f9a85a1c270.jsonl	2026-09-08T17:02:23.723Z	claude-opus-5
b661595bbdb754cd	T	ineligible	pre-edit-bytes-not-recoverable	/home/forge/src/marvin-voice-remote	-	-	agent-a031a9f9a85a1c270.jsonl	2026-09-08T17:02:29.339Z	claude-opus-5
5bcd3cd825bacdad	T	ineligible	pre-edit-bytes-not-recoverable	/home/forge/src/marvin-voice-remote	-	-	agent-a031a9f9a85a1c270.jsonl	2026-09-08T17:03:18.831Z	claude-opus-5
af4d8f2c194d0c16	-	ineligible	out-of-family:x-noop	-	-	-	agent-a031a9f9a85a1c270.jsonl	2026-09-08T17:09:53.882Z	claude-opus-5
44b653e8dc19b640	-	ineligible	out-of-family:x-noop	-	-	-	agent-a031a9f9a85a1c270.jsonl	2026-09-08T17:39:31.406Z	claude-opus-5
b99a1931b56a06d4	-	ineligible	out-of-family:x-noop	-	-	-	agent-a031a9f9a85a1c270.jsonl	2026-09-08T17:39:42.240Z	claude-opus-5
7a1c4660e5116e84	-	ineligible	out-of-family:x-noop	-	-	-	agent-a031a9f9a85a1c270.jsonl	2026-09-08T17:40:04.717Z	claude-opus-5
3f6da74af17abddf	T	ineligible	pre-edit-bytes-not-recoverable	/home/forge/src/marvin-voice-remote	-	-	agent-a031a9f9a85a1c270.jsonl	2026-09-08T17:40:19.811Z	claude-opus-5
0c4d79028c07d045	T	ineligible	pre-edit-bytes-not-recoverable	/home/forge/src/marvin-voice-remote	-	-	agent-a031a9f9a85a1c270.jsonl	2026-09-08T17:40:33.745Z	claude-opus-5
aac79f99c92f0797	-	ineligible	out-of-family:x-noop	-	-	-	agent-a031a9f9a85a1c270.jsonl	2026-09-08T18:37:46.372Z	claude-opus-5
5097dc960d65bd47	-	ineligible	out-of-family:x-noop	-	-	-	agent-a031a9f9a85a1c270.jsonl	2026-09-08T18:38:00.649Z	claude-opus-5
ac11c8eb21549840	-	ineligible	out-of-family:x-noop	-	-	-	agent-a031a9f9a85a1c270.jsonl	2026-09-08T18:56:15.725Z	claude-opus-5
479f17ac86c6c686	-	ineligible	out-of-family:x-noop	-	-	-	agent-a031a9f9a85a1c270.jsonl	2026-09-08T18:56:36.161Z	claude-opus-5
5f66f66054a680e0	-	ineligible	out-of-family:x-noop	-	-	-	agent-a031a9f9a85a1c270.jsonl	2026-09-08T18:56:48.648Z	claude-opus-5
426453e9a5d04419	-	ineligible	out-of-family:x-noop	-	-	-	agent-a031a9f9a85a1c270.jsonl	2026-09-08T19:36:28.032Z	claude-opus-5
d117b0cba488dce4	-	ineligible	out-of-family:x-noop	-	-	-	agent-a031a9f9a85a1c270.jsonl	2026-09-08T19:36:51.461Z	claude-opus-5
1cd3d44ebc88d336	-	ineligible	out-of-family:x-other	-	-	-	agent-a0e2b73e06754ebf3.jsonl	2026-09-03T04:28:02.565Z	claude-opus-5
3cdc28c14f888bd3	-	ineligible	out-of-family:x-noop	-	-	-	agent-a0e2b73e06754ebf3.jsonl	2026-09-03T04:30:13.395Z	claude-opus-5
84a8fc52202716bd	-	ineligible	out-of-family:x-other	-	-	-	agent-a0e2b73e06754ebf3.jsonl	2026-09-03T04:30:44.706Z	claude-opus-5
ca8beed2205db904	-	ineligible	out-of-family:x-other	-	-	-	agent-a0e2b73e06754ebf3.jsonl	2026-09-03T04:31:01.383Z	claude-opus-5
3558ccab73be5a04	-	ineligible	out-of-family:x-noop	-	-	-	agent-a2e9b74901abbad20.jsonl	2026-09-03T21:10:18.573Z	claude-opus-5
ea7f672ae88ee9be	-	ineligible	out-of-family:x-noop	-	-	-	agent-a2e9b74901abbad20.jsonl	2026-09-03T21:11:03.080Z	claude-opus-5
ee2377486ebc79c1	-	ineligible	out-of-family:x-noop	-	-	-	agent-a2e9b74901abbad20.jsonl	2026-09-03T21:11:31.584Z	claude-opus-5
a199bee449aa8594	-	ineligible	out-of-family:x-noop	-	-	-	agent-a2e9b74901abbad20.jsonl	2026-09-03T21:11:44.819Z	claude-opus-5
2a592427d00126a9	-	ineligible	out-of-family:x-noop	-	-	-	agent-a2e9b74901abbad20.jsonl	2026-09-03T21:14:27.232Z	claude-opus-5
9d098a0ceaff5008	-	ineligible	out-of-family:x-noop	-	-	-	agent-a2e9b74901abbad20.jsonl	2026-09-03T21:14:39.140Z	claude-opus-5
3386fc7217d65e57	-	ineligible	out-of-family:x-noop	-	-	-	agent-a2e9b74901abbad20.jsonl	2026-09-03T21:16:07.347Z	claude-opus-5
5b690012a4fa837d	-	ineligible	out-of-family:x-noop	-	-	-	agent-a2e9b74901abbad20.jsonl	2026-09-03T21:16:24.969Z	claude-opus-5
f3e5f1e9a7db9d84	-	ineligible	out-of-family:x-noop	-	-	-	agent-a2e9b74901abbad20.jsonl	2026-09-03T21:17:27.883Z	claude-opus-5
dcb986c7576c7672	-	ineligible	out-of-family:x-noop	-	-	-	agent-a2e9b74901abbad20.jsonl	2026-09-03T21:17:46.476Z	claude-opus-5
f04c674354cb4c52	-	ineligible	out-of-family:x-noop	-	-	-	agent-a2e9b74901abbad20.jsonl	2026-09-03T21:18:15.241Z	claude-opus-5
0a0d9d78e9ab3e72	-	ineligible	out-of-family:x-noop	-	-	-	agent-a2e9b74901abbad20.jsonl	2026-09-03T21:19:22.293Z	claude-opus-5
ef0b20343097aa2f	-	ineligible	out-of-family:x-noop	-	-	-	agent-a2e9b74901abbad20.jsonl	2026-09-03T21:19:59.154Z	claude-opus-5
47f96b42ea777801	-	ineligible	out-of-family:x-noop	-	-	-	agent-a2e9b74901abbad20.jsonl	2026-09-03T21:20:44.580Z	claude-opus-5
508559a90ea0e989	-	ineligible	out-of-family:x-other	-	-	-	agent-abbab3722ada3d194.jsonl	2026-09-07T14:39:54.454Z	claude-opus-5
5be4f1ef3ca5c9ea	-	ineligible	out-of-family:x-noop	-	-	-	agent-abbab3722ada3d194.jsonl	2026-09-07T14:40:36.154Z	claude-opus-5
4ccf40f85d15109d	-	ineligible	out-of-family:x-noop	-	-	-	agent-ab6ce2acd88f946cd.jsonl	2026-09-06T00:49:50.827Z	claude-opus-5
31a571a3a631cf97	-	ineligible	out-of-family:x-noop	-	-	-	agent-ab6ce2acd88f946cd.jsonl	2026-09-06T00:50:16.055Z	claude-opus-5
8461e19e90d1c738	-	ineligible	out-of-family:x-noop	-	-	-	agent-ab6ce2acd88f946cd.jsonl	2026-09-06T00:50:38.805Z	claude-opus-5
321f63a21bd52b9b	-	ineligible	out-of-family:x-noop	-	-	-	agent-ab6ce2acd88f946cd.jsonl	2026-09-06T00:50:47.470Z	claude-opus-5
188b9f2df5f43374	-	ineligible	out-of-family:x-noop	-	-	-	agent-ab6ce2acd88f946cd.jsonl	2026-09-06T00:51:01.164Z	claude-opus-5
8c33f48e2e9af364	-	ineligible	out-of-family:x-noop	-	-	-	agent-ab6ce2acd88f946cd.jsonl	2026-09-06T00:51:18.637Z	claude-opus-5
5b18508e17ef72c7	-	ineligible	out-of-family:x-noop	-	-	-	agent-ab6ce2acd88f946cd.jsonl	2026-09-06T00:53:52.939Z	claude-opus-5
7c7bfce7a887f9fd	-	ineligible	out-of-family:x-noop	-	-	-	agent-aa0cd27d2fa33b646.jsonl	2026-09-04T10:56:22.128Z	claude-opus-5
0ef38390edcc4a36	-	ineligible	out-of-family:x-noop	-	-	-	agent-aa0cd27d2fa33b646.jsonl	2026-09-04T10:57:33.192Z	claude-opus-5
48f2091829eda2bd	-	ineligible	out-of-family:x-noop	-	-	-	agent-aa0cd27d2fa33b646.jsonl	2026-09-04T11:02:46.043Z	claude-opus-5
8c06db7b8ca25d86	-	ineligible	out-of-family:x-noop	-	-	-	agent-aa0cd27d2fa33b646.jsonl	2026-09-04T11:02:55.872Z	claude-opus-5
c308cc75c6261753	-	ineligible	out-of-family:x-noop	-	-	-	agent-aa0cd27d2fa33b646.jsonl	2026-09-04T11:05:15.134Z	claude-opus-5
2cad68068dd517a4	-	ineligible	out-of-family:x-noop	-	-	-	agent-aa0cd27d2fa33b646.jsonl	2026-09-04T11:06:32.828Z	claude-opus-5
ad709728bb87fcf9	-	ineligible	out-of-family:x-noop	-	-	-	agent-aa0cd27d2fa33b646.jsonl	2026-09-04T11:06:40.006Z	claude-opus-5
0558dd27cfb103f0	-	ineligible	out-of-family:x-noop	-	-	-	agent-aa0cd27d2fa33b646.jsonl	2026-09-04T11:07:36.451Z	claude-opus-5
0d36230d641f02b7	-	ineligible	out-of-family:x-noop	-	-	-	agent-aa0cd27d2fa33b646.jsonl	2026-09-04T11:08:04.824Z	claude-opus-5
c1d183b719403378	-	ineligible	out-of-family:x-noop	-	-	-	agent-a0b0679b429a3771d.jsonl	2026-09-03T07:41:45.458Z	claude-opus-5
c44e924221605a83	-	ineligible	out-of-family:x-noop	-	-	-	agent-a0b0679b429a3771d.jsonl	2026-09-03T07:42:04.235Z	claude-opus-5
b516859168f16e61	-	ineligible	out-of-family:x-noop	-	-	-	agent-a0b0679b429a3771d.jsonl	2026-09-03T07:42:24.971Z	claude-opus-5
1fe66ca6e9bc6143	-	ineligible	out-of-family:x-noop	-	-	-	agent-a0b0679b429a3771d.jsonl	2026-09-03T07:44:06.317Z	claude-opus-5
d0d03a13c1ac9a00	-	ineligible	out-of-family:x-noop	-	-	-	agent-a0b0679b429a3771d.jsonl	2026-09-03T07:46:35.723Z	claude-opus-5
47f4252530fa816f	-	ineligible	out-of-family:x-noop	-	-	-	agent-a0b0679b429a3771d.jsonl	2026-09-03T07:48:07.136Z	claude-opus-5
6cf234dbd3926175	-	ineligible	out-of-family:x-noop	-	-	-	agent-a0b0679b429a3771d.jsonl	2026-09-03T07:48:52.200Z	claude-opus-5
328c1249ea060498	-	ineligible	out-of-family:x-noop	-	-	-	agent-a0b0679b429a3771d.jsonl	2026-09-03T07:49:08.106Z	claude-opus-5
815561f6b906a0a8	-	ineligible	out-of-family:x-other	-	-	-	agent-a0b0679b429a3771d.jsonl	2026-09-03T07:49:13.447Z	claude-opus-5
5754cf2f99e10dd1	-	ineligible	out-of-family:x-other	-	-	-	agent-a0b0679b429a3771d.jsonl	2026-09-03T07:49:27.883Z	claude-opus-5
ac253c2dec56d507	-	ineligible	out-of-family:x-noop	-	-	-	agent-a0b0679b429a3771d.jsonl	2026-09-03T07:50:01.164Z	claude-opus-5
859ee77c7defb476	-	ineligible	out-of-family:x-other	-	-	-	agent-a0b0679b429a3771d.jsonl	2026-09-03T07:50:13.597Z	claude-opus-5
37d4d9f6a7305427	-	ineligible	out-of-family:x-other	-	-	-	agent-a0b0679b429a3771d.jsonl	2026-09-03T07:50:35.711Z	claude-opus-5
3620069bd9e9d8ab	-	ineligible	out-of-family:x-noop	-	-	-	agent-a0b0679b429a3771d.jsonl	2026-09-03T07:50:49.076Z	claude-opus-5
8b72647b29ea3961	-	ineligible	out-of-family:x-noop	-	-	-	agent-a0b0679b429a3771d.jsonl	2026-09-03T07:51:55.083Z	claude-opus-5
b47e2a5930d0da19	-	ineligible	out-of-family:x-noop	-	-	-	agent-a0b0679b429a3771d.jsonl	2026-09-03T07:54:57.950Z	claude-opus-5
d4ec52730310becd	-	ineligible	out-of-family:x-other	-	-	-	agent-a0b0679b429a3771d.jsonl	2026-09-03T07:55:05.907Z	claude-opus-5
a3f74f6756d0252f	-	ineligible	out-of-family:x-other	-	-	-	agent-a0b0679b429a3771d.jsonl	2026-09-03T07:55:12.201Z	claude-opus-5
d8bbdbacde6be180	-	ineligible	out-of-family:x-noop	-	-	-	agent-a0b0679b429a3771d.jsonl	2026-09-03T07:55:31.860Z	claude-opus-5
82062732c4a05e19	-	ineligible	out-of-family:x-noop	-	-	-	agent-a0b0679b429a3771d.jsonl	2026-09-03T07:55:48.364Z	claude-opus-5
24e59baeb9f15f80	-	ineligible	out-of-family:x-noop	-	-	-	agent-a0b0679b429a3771d.jsonl	2026-09-03T07:58:56.083Z	claude-opus-5
08ef36b00b3efb87	-	ineligible	out-of-family:x-noop	-	-	-	agent-aeb7e0f5597304423.jsonl	2026-09-08T09:28:54.462Z	claude-opus-5
e7a05d66f5c4ddb6	-	ineligible	out-of-family:x-noop	-	-	-	agent-aeb7e0f5597304423.jsonl	2026-09-08T09:29:00.078Z	claude-opus-5
b64fd1063267daed	-	ineligible	out-of-family:x-other	-	-	-	agent-aeb7e0f5597304423.jsonl	2026-09-08T09:29:11.841Z	claude-opus-5
03239f7cb44ef6c9	-	ineligible	out-of-family:x-noop	-	-	-	agent-aeb7e0f5597304423.jsonl	2026-09-08T09:29:57.037Z	claude-opus-5
8c57a0a12a11811c	-	ineligible	out-of-family:x-noop	-	-	-	agent-a784c81a8188e9a4f.jsonl	2026-09-03T05:37:57.773Z	claude-opus-5
981574b7c422cdf4	-	ineligible	out-of-family:x-noop	-	-	-	agent-a784c81a8188e9a4f.jsonl	2026-09-03T05:49:22.113Z	claude-opus-5
5f4b46616581e364	-	ineligible	out-of-family:x-noop	-	-	-	agent-a9113413ec7cff794.jsonl	2026-09-10T03:28:01.689Z	claude-opus-5
ab631ca7f299a81b	-	ineligible	out-of-family:x-noop	-	-	-	agent-a9113413ec7cff794.jsonl	2026-09-10T03:30:34.514Z	claude-opus-5
f5794ccbe0fe13ba	-	ineligible	out-of-family:x-noop	-	-	-	agent-a9113413ec7cff794.jsonl	2026-09-10T03:31:20.819Z	claude-opus-5
dd00753cc519f1ce	-	ineligible	out-of-family:x-noop	-	-	-	agent-a9113413ec7cff794.jsonl	2026-09-10T03:31:34.297Z	claude-opus-5
e7be785d843ff206	-	ineligible	out-of-family:x-noop	-	-	-	agent-a9113413ec7cff794.jsonl	2026-09-10T03:38:08.322Z	claude-opus-5
9cbf2a0507922fe5	-	ineligible	out-of-family:x-noop	-	-	-	agent-a9113413ec7cff794.jsonl	2026-09-10T03:38:16.538Z	claude-opus-5
390cd3294f0a9d03	-	ineligible	out-of-family:x-noop	-	-	-	agent-a9113413ec7cff794.jsonl	2026-09-10T03:38:33.624Z	claude-opus-5
95bc42c068d202e0	-	ineligible	out-of-family:x-noop	-	-	-	agent-a9113413ec7cff794.jsonl	2026-09-10T03:39:05.556Z	claude-opus-5
a2a3a38f11e2e2dc	-	ineligible	out-of-family:x-noop	-	-	-	agent-a9113413ec7cff794.jsonl	2026-09-10T03:39:43.906Z	claude-opus-5
6ccb46492790398a	-	ineligible	out-of-family:x-noop	-	-	-	agent-a9113413ec7cff794.jsonl	2026-09-10T04:01:31.021Z	claude-opus-5
64f606e9212b7142	-	ineligible	out-of-family:x-noop	-	-	-	agent-a9113413ec7cff794.jsonl	2026-09-10T04:16:50.613Z	claude-opus-5
13fa247d0ea78451	-	ineligible	out-of-family:x-noop	-	-	-	agent-a9113413ec7cff794.jsonl	2026-09-10T04:17:20.426Z	claude-opus-5
a622986de993efed	-	ineligible	out-of-family:x-noop	-	-	-	agent-a9113413ec7cff794.jsonl	2026-09-10T04:21:19.770Z	claude-opus-5
3a65aef8d252d37e	-	ineligible	out-of-family:x-noop	-	-	-	agent-a9113413ec7cff794.jsonl	2026-09-10T04:37:26.407Z	claude-opus-5
60f8838436052749	-	ineligible	out-of-family:x-noop	-	-	-	agent-a9113413ec7cff794.jsonl	2026-09-10T04:37:39.897Z	claude-opus-5
8021496d63f09e65	-	ineligible	out-of-family:x-noop	-	-	-	agent-a9113413ec7cff794.jsonl	2026-09-10T04:38:38.461Z	claude-opus-5
d425d0fb1ea810ca	-	ineligible	out-of-family:x-noop	-	-	-	agent-ace33b12c8f048b7f.jsonl	2026-09-08T09:58:14.343Z	claude-opus-5
6cd776decf63f3ad	-	ineligible	out-of-family:x-noop	-	-	-	agent-ace33b12c8f048b7f.jsonl	2026-09-08T09:58:19.887Z	claude-opus-5
714b9685e3c2ecb4	-	ineligible	out-of-family:x-other	-	-	-	agent-ace33b12c8f048b7f.jsonl	2026-09-08T09:58:35.689Z	claude-opus-5
435ab752c69f9df9	-	ineligible	out-of-family:x-other	-	-	-	agent-ace33b12c8f048b7f.jsonl	2026-09-08T09:58:47.768Z	claude-opus-5
e29a235617b16311	-	ineligible	out-of-family:x-noop	-	-	-	agent-ace33b12c8f048b7f.jsonl	2026-09-08T09:59:37.871Z	claude-opus-5
1585b6a314795e6b	-	ineligible	out-of-family:x-other	-	-	-	agent-ace33b12c8f048b7f.jsonl	2026-09-08T10:01:33.818Z	claude-opus-5
e0a51b963d575140	-	ineligible	out-of-family:x-noop	-	-	-	agent-aaf7e7aeab4cb4fc7.jsonl	2026-09-04T10:54:33.770Z	claude-opus-5
0ac46024a377802e	-	ineligible	out-of-family:x-other	-	-	-	agent-aaf7e7aeab4cb4fc7.jsonl	2026-09-04T10:55:39.145Z	claude-opus-5
7c7e63f87ba7f806	-	ineligible	out-of-family:x-noop	-	-	-	agent-aaf7e7aeab4cb4fc7.jsonl	2026-09-04T10:56:16.467Z	claude-opus-5
62cfa1341dc0f813	-	ineligible	out-of-family:x-noop	-	-	-	agent-aaf7e7aeab4cb4fc7.jsonl	2026-09-04T10:59:04.650Z	claude-opus-5
5e8a6b48dde39fa4	-	ineligible	out-of-family:x-noop	-	-	-	agent-aaf7e7aeab4cb4fc7.jsonl	2026-09-04T10:59:22.973Z	claude-opus-5
5df6f65ebcdec634	-	ineligible	out-of-family:x-noop	-	-	-	agent-aaf7e7aeab4cb4fc7.jsonl	2026-09-04T11:00:16.341Z	claude-opus-5
89bda77ba128d70f	-	ineligible	out-of-family:x-noop	-	-	-	agent-aaf7e7aeab4cb4fc7.jsonl	2026-09-04T11:01:09.022Z	claude-opus-5
0023cc75330ebea5	-	ineligible	out-of-family:x-noop	-	-	-	agent-aaf7e7aeab4cb4fc7.jsonl	2026-09-04T11:01:34.769Z	claude-opus-5
3d4d08ac58324168	-	ineligible	out-of-family:x-noop	-	-	-	agent-aaf7e7aeab4cb4fc7.jsonl	2026-09-04T11:01:43.803Z	claude-opus-5
e09e3c8d380e60b6	-	ineligible	out-of-family:x-noop	-	-	-	agent-aaf7e7aeab4cb4fc7.jsonl	2026-09-04T11:02:24.119Z	claude-opus-5
49f2e322908de428	-	ineligible	out-of-family:x-noop	-	-	-	agent-aaf7e7aeab4cb4fc7.jsonl	2026-09-04T11:02:35.494Z	claude-opus-5
fd5c05d9797dbd7d	-	ineligible	out-of-family:x-noop	-	-	-	agent-aaf7e7aeab4cb4fc7.jsonl	2026-09-04T11:03:37.824Z	claude-opus-5
ab67a1651c493c5f	-	ineligible	out-of-family:x-noop	-	-	-	agent-aaf7e7aeab4cb4fc7.jsonl	2026-09-04T11:04:29.437Z	claude-opus-5
e9c0e048956fb156	-	ineligible	out-of-family:x-noop	-	-	-	agent-aaf7e7aeab4cb4fc7.jsonl	2026-09-04T11:05:03.780Z	claude-opus-5
35d49a925cf31417	-	ineligible	out-of-family:x-noop	-	-	-	agent-aaf7e7aeab4cb4fc7.jsonl	2026-09-04T11:06:07.161Z	claude-opus-5
38c25c5849319500	-	ineligible	out-of-family:x-noop	-	-	-	agent-aaf7e7aeab4cb4fc7.jsonl	2026-09-04T11:06:52.608Z	claude-opus-5
7768bac1a56ebfd0	-	ineligible	out-of-family:x-noop	-	-	-	agent-aaf7e7aeab4cb4fc7.jsonl	2026-09-04T11:07:07.727Z	claude-opus-5
3d2dad98b8e91f98	-	ineligible	out-of-family:x-noop	-	-	-	agent-aaf7e7aeab4cb4fc7.jsonl	2026-09-04T11:07:44.167Z	claude-opus-5
11563f0233827452	-	ineligible	out-of-family:x-noop	-	-	-	agent-aaf7e7aeab4cb4fc7.jsonl	2026-09-04T11:08:25.890Z	claude-opus-5
c8e001ec2f4681c9	-	ineligible	out-of-family:x-noop	-	-	-	agent-aaf7e7aeab4cb4fc7.jsonl	2026-09-04T11:08:53.818Z	claude-opus-5
a77f7000531bb7e8	-	ineligible	out-of-family:x-noop	-	-	-	agent-aaf7e7aeab4cb4fc7.jsonl	2026-09-04T11:10:40.590Z	claude-opus-5
e9ebd26fa9225dd5	-	ineligible	out-of-family:x-noop	-	-	-	agent-aaf7e7aeab4cb4fc7.jsonl	2026-09-04T11:10:51.517Z	claude-opus-5
d9dea2e462c829e4	-	ineligible	out-of-family:x-noop	-	-	-	agent-aaf7e7aeab4cb4fc7.jsonl	2026-09-04T11:11:22.077Z	claude-opus-5
c5896296353aeb49	-	ineligible	out-of-family:x-noop	-	-	-	agent-aaf7e7aeab4cb4fc7.jsonl	2026-09-04T11:12:14.028Z	claude-opus-5
12790e8e3e2d3b06	-	ineligible	out-of-family:x-noop	-	-	-	agent-a88823437f98d64ab.jsonl	2026-09-08T08:23:30.357Z	claude-opus-5
57cc5af8e08bff63	-	ineligible	out-of-family:x-other	-	-	-	agent-afe709019027dc1fa.jsonl	2026-09-05T05:35:27.236Z	claude-opus-5
ac3b32ad2b521685	-	ineligible	out-of-family:x-noop	-	-	-	agent-afe709019027dc1fa.jsonl	2026-09-05T05:35:59.168Z	claude-opus-5
9877ecd1e6fe8fa0	-	ineligible	out-of-family:x-noop	-	-	-	agent-afe709019027dc1fa.jsonl	2026-09-05T05:36:14.687Z	claude-opus-5
1ed1102c6368519d	-	ineligible	out-of-family:x-other	-	-	-	agent-afe709019027dc1fa.jsonl	2026-09-05T05:36:29.170Z	claude-opus-5
4bfa2ea1c77f1728	-	ineligible	out-of-family:x-noop	-	-	-	agent-afe709019027dc1fa.jsonl	2026-09-05T05:37:25.567Z	claude-opus-5
058a8ceb29c2bde5	-	ineligible	out-of-family:x-noop	-	-	-	agent-afe709019027dc1fa.jsonl	2026-09-05T05:37:48.232Z	claude-opus-5
6e3c56ac4ffa01a3	-	ineligible	out-of-family:x-noop	-	-	-	agent-afe709019027dc1fa.jsonl	2026-09-05T05:38:00.860Z	claude-opus-5
66c281360b205bd0	-	ineligible	out-of-family:x-other	-	-	-	agent-afe709019027dc1fa.jsonl	2026-09-05T05:38:34.125Z	claude-opus-5
f1b96755a27db594	-	ineligible	out-of-family:x-noop	-	-	-	agent-afe709019027dc1fa.jsonl	2026-09-05T05:39:15.435Z	claude-opus-5
ebbf30c740f5c77e	-	ineligible	out-of-family:x-noop	-	-	-	agent-afe709019027dc1fa.jsonl	2026-09-05T05:47:21.043Z	claude-opus-5
76326242ef99634e	-	ineligible	out-of-family:x-noop	-	-	-	agent-afe709019027dc1fa.jsonl	2026-09-05T05:47:37.956Z	claude-opus-5
efd24d7b6536a471	-	ineligible	out-of-family:x-noop	-	-	-	agent-afe709019027dc1fa.jsonl	2026-09-05T05:50:58.211Z	claude-opus-5
6e46f4c15e7fe34a	-	ineligible	out-of-family:x-noop	-	-	-	agent-afe709019027dc1fa.jsonl	2026-09-05T05:51:20.317Z	claude-opus-5
b0f9abfcf6fb4401	-	ineligible	out-of-family:x-noop	-	-	-	agent-afe709019027dc1fa.jsonl	2026-09-05T05:52:28.797Z	claude-opus-5
fdf62a462c8873c8	-	ineligible	out-of-family:x-noop	-	-	-	agent-afe709019027dc1fa.jsonl	2026-09-05T05:52:34.205Z	claude-opus-5
688f6ef8e6de1c16	-	ineligible	out-of-family:x-noop	-	-	-	agent-afe709019027dc1fa.jsonl	2026-09-05T05:53:56.915Z	claude-opus-5
e8690877769adecc	-	ineligible	out-of-family:x-noop	-	-	-	agent-afe709019027dc1fa.jsonl	2026-09-05T05:54:04.810Z	claude-opus-5
d19de3b79ac20900	-	ineligible	out-of-family:x-noop	-	-	-	agent-afe709019027dc1fa.jsonl	2026-09-05T05:54:20.935Z	claude-opus-5
c4e3edf728e1ed99	-	ineligible	out-of-family:x-noop	-	-	-	agent-afe709019027dc1fa.jsonl	2026-09-05T05:55:02.918Z	claude-opus-5
b2b0e25bf48034be	-	ineligible	out-of-family:x-other	-	-	-	agent-afe709019027dc1fa.jsonl	2026-09-05T05:55:41.880Z	claude-opus-5
973000709216a041	-	ineligible	out-of-family:x-noop	-	-	-	agent-afe709019027dc1fa.jsonl	2026-09-05T06:09:05.560Z	claude-opus-5
6e58bedf7e4e0dbd	-	ineligible	out-of-family:x-noop	-	-	-	agent-afe709019027dc1fa.jsonl	2026-09-05T06:09:12.970Z	claude-opus-5
0efd4be7ea8427e5	-	ineligible	out-of-family:x-noop	-	-	-	agent-afe709019027dc1fa.jsonl	2026-09-05T06:09:26.731Z	claude-opus-5
f227fca8be83fe20	-	ineligible	out-of-family:x-noop	-	-	-	agent-ad078e9e7966b0f56.jsonl	2026-09-06T10:38:11.980Z	claude-opus-5
2f87c450cae19263	-	ineligible	out-of-family:x-noop	-	-	-	agent-ad078e9e7966b0f56.jsonl	2026-09-06T10:47:56.124Z	claude-opus-5
2382ec48d9ff1785	-	ineligible	out-of-family:I?	-	-	-	agent-ad078e9e7966b0f56.jsonl	2026-09-06T11:10:32.057Z	claude-opus-5
00c7340043c79f57	-	ineligible	out-of-family:x-noop	-	-	-	agent-ad078e9e7966b0f56.jsonl	2026-09-06T11:10:39.134Z	claude-opus-5
a422eddc2908ddc4	-	ineligible	out-of-family:x-noop	-	-	-	agent-ad078e9e7966b0f56.jsonl	2026-09-06T11:11:03.044Z	claude-opus-5
96553b092d4166b9	-	ineligible	out-of-family:x-noop	-	-	-	agent-ad078e9e7966b0f56.jsonl	2026-09-06T11:11:30.209Z	claude-opus-5
93df3fd7a8039bd5	-	ineligible	out-of-family:x-noop	-	-	-	agent-ad078e9e7966b0f56.jsonl	2026-09-06T11:46:20.843Z	claude-opus-5
c122bb536b6d5612	-	ineligible	out-of-family:x-noop	-	-	-	agent-ad078e9e7966b0f56.jsonl	2026-09-06T11:47:12.263Z	claude-opus-5
11b405d75a291e3b	R	ineligible	pre-edit-bytes-not-recoverable	/home/forge/src/clj-surgeon-refusal	-	-	agent-ad078e9e7966b0f56.jsonl	2026-09-06T11:48:09.402Z	claude-opus-5
8a351294763f2e33	-	ineligible	out-of-family:x-noop	-	-	-	agent-ad078e9e7966b0f56.jsonl	2026-09-06T11:48:22.186Z	claude-opus-5
0a9b5f293d2c7194	-	ineligible	out-of-family:x-noop	-	-	-	agent-ad078e9e7966b0f56.jsonl	2026-09-06T11:48:30.543Z	claude-opus-5
7bc892ceab684b82	-	ineligible	out-of-family:x-noop	-	-	-	agent-ad078e9e7966b0f56.jsonl	2026-09-06T11:48:35.310Z	claude-opus-5
74813e462a7798df	-	ineligible	out-of-family:x-noop	-	-	-	agent-ad078e9e7966b0f56.jsonl	2026-09-06T11:49:07.260Z	claude-opus-5
56706bb6a332f898	-	ineligible	out-of-family:x-noop	-	-	-	agent-ad078e9e7966b0f56.jsonl	2026-09-06T11:49:23.706Z	claude-opus-5
567fdd5fc71e37e3	-	ineligible	out-of-family:x-noop	-	-	-	agent-ad078e9e7966b0f56.jsonl	2026-09-06T11:50:33.297Z	claude-opus-5
5d0d5dd56f32c00e	-	ineligible	out-of-family:x-noop	-	-	-	agent-ad078e9e7966b0f56.jsonl	2026-09-06T11:50:52.612Z	claude-opus-5
d21b6970f2a5014d	-	ineligible	out-of-family:x-noop	-	-	-	agent-ad078e9e7966b0f56.jsonl	2026-09-06T11:51:14.908Z	claude-opus-5
888950f47cb1a24a	-	ineligible	out-of-family:x-noop	-	-	-	agent-ad078e9e7966b0f56.jsonl	2026-09-06T12:51:16.534Z	claude-opus-5
f826d4e47e3bb53b	-	ineligible	out-of-family:x-noop	-	-	-	agent-ad078e9e7966b0f56.jsonl	2026-09-06T12:51:31.962Z	claude-opus-5
50c0d2364cfd855b	-	ineligible	out-of-family:x-noop	-	-	-	agent-ad078e9e7966b0f56.jsonl	2026-09-06T12:51:40.077Z	claude-opus-5
848cb2c8bd1b97fa	-	ineligible	out-of-family:x-noop	-	-	-	agent-ad078e9e7966b0f56.jsonl	2026-09-06T12:52:18.552Z	claude-opus-5
3a08404aaf5d53cf	-	ineligible	out-of-family:x-noop	-	-	-	agent-ad078e9e7966b0f56.jsonl	2026-09-06T12:52:29.405Z	claude-opus-5
190ee4e1d1a6e86a	-	ineligible	out-of-family:x-noop	-	-	-	agent-ad078e9e7966b0f56.jsonl	2026-09-06T12:53:01.311Z	claude-opus-5
28865fb17c16d4e4	-	ineligible	out-of-family:x-noop	-	-	-	agent-ad078e9e7966b0f56.jsonl	2026-09-06T12:53:23.010Z	claude-opus-5
96850e762e99e329	-	ineligible	out-of-family:x-noop	-	-	-	agent-ad078e9e7966b0f56.jsonl	2026-09-06T12:54:12.377Z	claude-opus-5
425a2fef2202520b	T	ineligible	pre-edit-bytes-not-recoverable	/home/forge/src/clj-surgeon-refusal	-	-	agent-ad078e9e7966b0f56.jsonl	2026-09-06T12:54:26.264Z	claude-opus-5
ad4c1eb8bee92c2c	-	ineligible	out-of-family:x-noop	-	-	-	agent-ad078e9e7966b0f56.jsonl	2026-09-06T12:55:00.839Z	claude-opus-5
ce80729e0a1ddb51	-	ineligible	out-of-family:x-noop	-	-	-	agent-ad078e9e7966b0f56.jsonl	2026-09-06T12:55:27.361Z	claude-opus-5
297b5ecdee21e2a9	-	ineligible	out-of-family:x-noop	-	-	-	agent-ad078e9e7966b0f56.jsonl	2026-09-06T12:56:31.517Z	claude-opus-5
067acce818fae562	-	ineligible	out-of-family:x-noop	-	-	-	agent-ad078e9e7966b0f56.jsonl	2026-09-06T12:57:45.982Z	claude-opus-5
9170e7b6a4db5442	-	ineligible	out-of-family:x-noop	-	-	-	agent-ad078e9e7966b0f56.jsonl	2026-09-06T12:58:41.858Z	claude-opus-5
b86b48fc4e0e2a54	-	ineligible	out-of-family:x-noop	-	-	-	agent-ad078e9e7966b0f56.jsonl	2026-09-06T12:58:50.938Z	claude-opus-5
5a6ad2d0b2732cd5	-	ineligible	out-of-family:x-noop	-	-	-	agent-ad078e9e7966b0f56.jsonl	2026-09-06T13:00:04.415Z	claude-opus-5
75ca5e53a047a80b	-	ineligible	out-of-family:x-noop	-	-	-	agent-ad078e9e7966b0f56.jsonl	2026-09-06T13:06:48.283Z	claude-opus-5
313301c24df28edd	-	ineligible	out-of-family:x-noop	-	-	-	agent-ad078e9e7966b0f56.jsonl	2026-09-06T13:10:28.674Z	claude-opus-5
fe2938fa9ca7edcf	-	ineligible	out-of-family:x-noop	-	-	-	agent-ad078e9e7966b0f56.jsonl	2026-09-06T13:14:17.981Z	claude-opus-5
bfd71004e49d7de3	-	ineligible	out-of-family:x-noop	-	-	-	agent-ad078e9e7966b0f56.jsonl	2026-09-06T13:31:48.575Z	claude-opus-5
478181d2123ef143	-	ineligible	out-of-family:x-noop	-	-	-	agent-ad078e9e7966b0f56.jsonl	2026-09-06T13:32:03.476Z	claude-opus-5
7ebdc1679f5b1727	-	ineligible	out-of-family:x-noop	-	-	-	agent-ad078e9e7966b0f56.jsonl	2026-09-06T13:32:20.343Z	claude-opus-5
e5f2a8c42f5eada4	-	ineligible	out-of-family:x-noop	-	-	-	agent-ad078e9e7966b0f56.jsonl	2026-09-06T13:32:33.458Z	claude-opus-5
35a4e012517ea1b7	-	ineligible	out-of-family:x-noop	-	-	-	agent-ad078e9e7966b0f56.jsonl	2026-09-06T13:33:35.201Z	claude-opus-5
8e46d9b1e6e7b72c	-	ineligible	out-of-family:x-other	-	-	-	agent-a1e88804dd2c2c620.jsonl	2026-09-07T21:56:52.490Z	claude-opus-5
b62254beaa56f144	-	ineligible	out-of-family:x-other	-	-	-	agent-a1e88804dd2c2c620.jsonl	2026-09-07T21:56:59.938Z	claude-opus-5
26e8cdfb1df428da	-	ineligible	out-of-family:x-other	-	-	-	agent-a1e88804dd2c2c620.jsonl	2026-09-07T21:57:04.432Z	claude-opus-5
57fa783c4bac6e28	-	ineligible	out-of-family:x-other	-	-	-	agent-a178ed87502237e75.jsonl	2026-09-03T23:44:20.713Z	claude-opus-5
652ecaef87e646b7	-	ineligible	out-of-family:x-noop	-	-	-	agent-a178ed87502237e75.jsonl	2026-09-03T23:45:35.690Z	claude-opus-5
43115574a4cf61a3	-	ineligible	out-of-family:x-noop	-	-	-	agent-a178ed87502237e75.jsonl	2026-09-04T00:28:54.250Z	claude-opus-5
b3749224ea14bb3a	-	ineligible	out-of-family:x-other	-	-	-	agent-ae0e12eecefdcb3e9.jsonl	2026-09-08T20:18:15.190Z	claude-opus-5
4861db7b73bf4d5b	-	ineligible	out-of-family:x-noop	-	-	-	agent-a00bd35cf44e288df.jsonl	2026-09-04T04:34:32.531Z	claude-opus-5
47b101bccdaa2fe8	-	ineligible	out-of-family:x-noop	-	-	-	agent-a00bd35cf44e288df.jsonl	2026-09-04T04:36:34.838Z	claude-opus-5
08ebd637df1dd5cc	-	ineligible	out-of-family:x-noop	-	-	-	agent-a00bd35cf44e288df.jsonl	2026-09-04T04:36:43.940Z	claude-opus-5
e296af0762c8c2bb	-	ineligible	out-of-family:x-noop	-	-	-	agent-a00bd35cf44e288df.jsonl	2026-09-04T04:38:02.868Z	claude-opus-5
71784ea1a20e07df	-	ineligible	out-of-family:x-noop	-	-	-	agent-afa43ae32fa448261.jsonl	2026-09-04T07:54:15.534Z	claude-opus-5
3ece647f7a3aca99	-	ineligible	out-of-family:x-other	-	-	-	agent-afa43ae32fa448261.jsonl	2026-09-04T07:54:27.831Z	claude-opus-5
de71554ef566ec63	-	ineligible	out-of-family:x-other	-	-	-	agent-afa43ae32fa448261.jsonl	2026-09-04T07:54:31.703Z	claude-opus-5
1b27da008a6b5717	-	ineligible	out-of-family:x-other	-	-	-	agent-afa43ae32fa448261.jsonl	2026-09-04T07:54:37.386Z	claude-opus-5
5b743c7afbaeae4a	-	ineligible	out-of-family:x-noop	-	-	-	agent-afa43ae32fa448261.jsonl	2026-09-04T08:03:03.088Z	claude-opus-5
9cd26d2110308a01	-	ineligible	out-of-family:x-other	-	-	-	agent-afa43ae32fa448261.jsonl	2026-09-04T08:03:19.464Z	claude-opus-5
d2159ce7cd4c9797	-	ineligible	out-of-family:x-noop	-	-	-	agent-afa43ae32fa448261.jsonl	2026-09-04T08:03:32.394Z	claude-opus-5
f451418fe4e9aea9	-	ineligible	out-of-family:x-other	-	-	-	agent-afa43ae32fa448261.jsonl	2026-09-04T08:09:12.727Z	claude-opus-5
aec1012ea1c73633	-	ineligible	out-of-family:x-other	-	-	-	agent-afa43ae32fa448261.jsonl	2026-09-04T08:20:23.425Z	claude-opus-5
e3d0bb3732476131	-	ineligible	out-of-family:x-other	-	-	-	agent-afa43ae32fa448261.jsonl	2026-09-04T08:21:55.141Z	claude-opus-5
3b86f2939c1a8db0	-	ineligible	out-of-family:x-noop	-	-	-	agent-afa43ae32fa448261.jsonl	2026-09-04T08:22:45.628Z	claude-opus-5
a9787685f155b6c2	-	ineligible	out-of-family:x-noop	-	-	-	agent-afa43ae32fa448261.jsonl	2026-09-04T08:23:10.536Z	claude-opus-5
fe5a1993fbec6241	-	ineligible	out-of-family:x-noop	-	-	-	agent-afa43ae32fa448261.jsonl	2026-09-04T08:23:22.198Z	claude-opus-5
d30a4d5416553b91	-	ineligible	out-of-family:x-noop	-	-	-	agent-afa43ae32fa448261.jsonl	2026-09-04T08:27:58.583Z	claude-opus-5
c94306d53234f91f	-	ineligible	out-of-family:x-noop	-	-	-	agent-afa43ae32fa448261.jsonl	2026-09-04T08:28:33.143Z	claude-opus-5
feeb83e62e75f8e0	-	ineligible	out-of-family:x-noop	-	-	-	agent-afa43ae32fa448261.jsonl	2026-09-04T08:28:50.425Z	claude-opus-5
fe33f1826eed936b	-	ineligible	out-of-family:x-other	-	-	-	agent-afa43ae32fa448261.jsonl	2026-09-04T08:31:12.679Z	claude-opus-5
103c617147400644	-	ineligible	out-of-family:x-noop	-	-	-	agent-afa43ae32fa448261.jsonl	2026-09-04T08:34:43.586Z	claude-opus-5
6f64f6610bb9cc98	-	ineligible	out-of-family:x-noop	-	-	-	agent-afa43ae32fa448261.jsonl	2026-09-04T08:35:11.528Z	claude-opus-5
e9a3b05045c28ee3	-	ineligible	out-of-family:x-noop	-	-	-	agent-afa43ae32fa448261.jsonl	2026-09-04T08:35:45.496Z	claude-opus-5
8b8c62b1bad17ecb	-	ineligible	out-of-family:x-noop	-	-	-	agent-afa43ae32fa448261.jsonl	2026-09-04T08:36:00.887Z	claude-opus-5
9004fb3bf64411ab	-	ineligible	out-of-family:x-noop	-	-	-	agent-afa43ae32fa448261.jsonl	2026-09-04T08:39:59.346Z	claude-opus-5
f2f1e9f87c82a31d	-	ineligible	out-of-family:x-noop	-	-	-	agent-afa43ae32fa448261.jsonl	2026-09-04T08:42:53.585Z	claude-opus-5
3d46ce058ab0bd87	-	ineligible	out-of-family:x-noop	-	-	-	agent-afa43ae32fa448261.jsonl	2026-09-04T08:47:30.123Z	claude-opus-5
a7050caef1b4fa64	-	ineligible	out-of-family:x-noop	-	-	-	agent-afa43ae32fa448261.jsonl	2026-09-04T08:47:54.722Z	claude-opus-5
d66770fa8cef1c84	-	ineligible	out-of-family:x-other	-	-	-	agent-afa43ae32fa448261.jsonl	2026-09-04T08:54:59.390Z	claude-opus-5
203a576488cecbfb	-	ineligible	out-of-family:x-noop	-	-	-	agent-afa43ae32fa448261.jsonl	2026-09-04T08:57:34.823Z	claude-opus-5
b7c24357f171834c	-	ineligible	out-of-family:x-noop	-	-	-	agent-afa43ae32fa448261.jsonl	2026-09-04T08:59:05.804Z	claude-opus-5
4c6b9855af1d98ca	-	ineligible	out-of-family:x-noop	-	-	-	agent-ae77088874780e716.jsonl	2026-09-05T05:47:32.926Z	claude-opus-5
8c464ba873d32e4c	-	ineligible	out-of-family:x-noop	-	-	-	agent-ae77088874780e716.jsonl	2026-09-05T05:47:50.316Z	claude-opus-5
a059181b89571b6b	-	ineligible	out-of-family:x-noop	-	-	-	agent-ae77088874780e716.jsonl	2026-09-05T05:48:14.231Z	claude-opus-5
23f2587c6ed97cbe	-	ineligible	out-of-family:x-noop	-	-	-	agent-ae77088874780e716.jsonl	2026-09-05T05:49:47.406Z	claude-opus-5
168c5598fb2ba8e6	-	ineligible	out-of-family:x-noop	-	-	-	agent-ae77088874780e716.jsonl	2026-09-05T05:50:28.367Z	claude-opus-5
8eecc5ed0ecfdf13	-	ineligible	out-of-family:x-other	-	-	-	agent-ae77088874780e716.jsonl	2026-09-05T05:50:39.974Z	claude-opus-5
1f8246e5c65eeca1	-	ineligible	out-of-family:x-noop	-	-	-	agent-ae77088874780e716.jsonl	2026-09-05T05:50:52.451Z	claude-opus-5
26fed0497dc9a0d2	-	ineligible	out-of-family:x-noop	-	-	-	agent-ae77088874780e716.jsonl	2026-09-05T05:57:15.396Z	claude-opus-5
57f746e042ca6b9a	-	ineligible	out-of-family:x-noop	-	-	-	agent-ae77088874780e716.jsonl	2026-09-05T06:00:02.108Z	claude-opus-5
9cb5627e0f6e286d	-	ineligible	out-of-family:x-noop	-	-	-	agent-ae77088874780e716.jsonl	2026-09-05T06:00:15.499Z	claude-opus-5
60692db0e14d3603	-	ineligible	out-of-family:x-noop	-	-	-	agent-ae77088874780e716.jsonl	2026-09-05T06:07:35.163Z	claude-opus-5
1423919443f3e5f6	-	ineligible	out-of-family:x-noop	-	-	-	agent-ae77088874780e716.jsonl	2026-09-05T06:09:46.975Z	claude-opus-5
95e25a96b7864468	-	ineligible	out-of-family:x-noop	-	-	-	agent-ae77088874780e716.jsonl	2026-09-05T06:10:10.339Z	claude-opus-5
dc93f55b1aa26f56	-	ineligible	out-of-family:x-noop	-	-	-	agent-ae77088874780e716.jsonl	2026-09-05T06:15:15.759Z	claude-opus-5
81bb6a4df0b106d1	-	ineligible	out-of-family:x-noop	-	-	-	agent-ae77088874780e716.jsonl	2026-09-05T06:45:36.064Z	claude-opus-5
5c74c16245f820ae	-	ineligible	out-of-family:x-noop	-	-	-	agent-ae77088874780e716.jsonl	2026-09-05T06:46:04.499Z	claude-opus-5
a485918b9ebb9137	-	ineligible	out-of-family:x-noop	-	-	-	agent-ae77088874780e716.jsonl	2026-09-05T06:46:34.608Z	claude-opus-5
5a59d7f37f3d5ca2	-	ineligible	out-of-family:x-noop	-	-	-	agent-ae77088874780e716.jsonl	2026-09-05T06:47:10.757Z	claude-opus-5
e87d3623ce25469f	-	ineligible	out-of-family:x-noop	-	-	-	agent-ae77088874780e716.jsonl	2026-09-05T06:47:44.398Z	claude-opus-5
1f88f52537835bd8	-	ineligible	out-of-family:x-noop	-	-	-	agent-ae77088874780e716.jsonl	2026-09-05T06:48:18.612Z	claude-opus-5
4b0849975567daea	-	ineligible	out-of-family:x-noop	-	-	-	agent-ae77088874780e716.jsonl	2026-09-05T06:48:30.423Z	claude-opus-5
86a83adcdafca91a	-	ineligible	out-of-family:x-noop	-	-	-	agent-ae77088874780e716.jsonl	2026-09-05T06:48:54.611Z	claude-opus-5
9dca9bed51b485e5	-	ineligible	out-of-family:x-noop	-	-	-	agent-ae77088874780e716.jsonl	2026-09-05T06:49:53.248Z	claude-opus-5
e4dc5087f5aaca73	-	ineligible	out-of-family:x-noop	-	-	-	agent-ae77088874780e716.jsonl	2026-09-05T06:50:17.407Z	claude-opus-5
2dfdb44d6fd3994e	-	ineligible	out-of-family:x-other	-	-	-	agent-ae77088874780e716.jsonl	2026-09-05T06:53:39.691Z	claude-opus-5
d74b9e2556ea3279	-	ineligible	out-of-family:x-noop	-	-	-	agent-ae77088874780e716.jsonl	2026-09-05T06:55:35.434Z	claude-opus-5
ad5e7215f2a17bc9	-	ineligible	out-of-family:x-noop	-	-	-	agent-ae77088874780e716.jsonl	2026-09-05T06:55:57.336Z	claude-opus-5
4baaf3c5d0ac173d	-	ineligible	out-of-family:x-noop	-	-	-	agent-ae77088874780e716.jsonl	2026-09-05T06:57:58.488Z	claude-opus-5
cd410c6345e1ed61	-	ineligible	out-of-family:x-other	-	-	-	agent-ae77088874780e716.jsonl	2026-09-05T07:01:13.498Z	claude-opus-5
76956e1d0c97d74d	-	ineligible	out-of-family:x-noop	-	-	-	agent-ae77088874780e716.jsonl	2026-09-05T07:23:17.174Z	claude-opus-5
11550862344a6893	-	ineligible	out-of-family:x-noop	-	-	-	agent-ae77088874780e716.jsonl	2026-09-05T07:29:03.543Z	claude-opus-5
83ab7a6b0437d0ed	-	ineligible	out-of-family:x-noop	-	-	-	agent-ae77088874780e716.jsonl	2026-09-05T07:29:12.056Z	claude-opus-5
d736b4ca9db9a21b	-	ineligible	out-of-family:x-noop	-	-	-	agent-ae77088874780e716.jsonl	2026-09-05T07:46:24.729Z	claude-opus-5
d83651933cf56940	-	ineligible	out-of-family:x-noop	-	-	-	agent-ae77088874780e716.jsonl	2026-09-05T07:46:48.971Z	claude-opus-5
c0e32e725b9ebe1c	-	ineligible	out-of-family:x-other	-	-	-	agent-ae77088874780e716.jsonl	2026-09-05T07:47:34.935Z	claude-opus-5
72fc56800fc43a1f	-	ineligible	out-of-family:x-noop	-	-	-	agent-ae77088874780e716.jsonl	2026-09-05T07:54:20.563Z	claude-opus-5
c6a8eb2f0124eb9b	-	ineligible	out-of-family:x-noop	-	-	-	agent-ae77088874780e716.jsonl	2026-09-05T08:33:30.768Z	claude-opus-5
c3c27a851b184022	-	ineligible	out-of-family:x-noop	-	-	-	agent-ae77088874780e716.jsonl	2026-09-05T08:42:51.078Z	claude-opus-5
1522f93744fd5adc	-	ineligible	out-of-family:x-noop	-	-	-	agent-ae77088874780e716.jsonl	2026-09-05T08:56:47.971Z	claude-opus-5
a11801ee3649d6b9	-	ineligible	out-of-family:x-noop	-	-	-	agent-ae77088874780e716.jsonl	2026-09-05T08:57:31.887Z	claude-opus-5
863346b939f5d893	-	ineligible	out-of-family:x-noop	-	-	-	agent-ae77088874780e716.jsonl	2026-09-05T08:57:59.402Z	claude-opus-5
5cd75db09b1bc67a	-	ineligible	out-of-family:x-noop	-	-	-	agent-ae77088874780e716.jsonl	2026-09-05T09:00:06.882Z	claude-opus-5
899d1860255686ff	-	ineligible	out-of-family:x-noop	-	-	-	agent-ae77088874780e716.jsonl	2026-09-05T09:02:21.500Z	claude-opus-5
1a2088c3d00b4803	-	ineligible	out-of-family:x-noop	-	-	-	agent-ae77088874780e716.jsonl	2026-09-05T09:02:35.973Z	claude-opus-5
a94cae14a77b5cb4	-	ineligible	out-of-family:x-noop	-	-	-	agent-ae77088874780e716.jsonl	2026-09-05T09:03:02.354Z	claude-opus-5
e233b1a9dc1d831e	-	ineligible	out-of-family:x-other	-	-	-	agent-ae77088874780e716.jsonl	2026-09-05T09:03:17.292Z	claude-opus-5
16774927c8c8b90b	-	ineligible	out-of-family:x-noop	-	-	-	agent-ae77088874780e716.jsonl	2026-09-05T09:23:59.361Z	claude-opus-5
8385bc1a8198958c	-	ineligible	out-of-family:x-noop	-	-	-	agent-ae77088874780e716.jsonl	2026-09-05T09:24:24.259Z	claude-opus-5
bd8e75d484bfccff	-	ineligible	out-of-family:x-noop	-	-	-	agent-ae77088874780e716.jsonl	2026-09-05T09:48:33.439Z	claude-opus-5
2ab07d61de092271	-	ineligible	out-of-family:x-noop	-	-	-	agent-ae77088874780e716.jsonl	2026-09-05T09:48:56.986Z	claude-opus-5
c9dc51ab9be1745e	-	ineligible	out-of-family:x-noop	-	-	-	agent-ae77088874780e716.jsonl	2026-09-05T09:49:21.397Z	claude-opus-5
6f06275c1a8b8f5d	-	ineligible	out-of-family:x-noop	-	-	-	agent-ae77088874780e716.jsonl	2026-09-05T09:49:47.535Z	claude-opus-5
f31fe5a7849efe27	-	ineligible	out-of-family:x-noop	-	-	-	agent-ae77088874780e716.jsonl	2026-09-05T09:50:27.774Z	claude-opus-5
1abe4dc37f642029	-	ineligible	out-of-family:x-noop	-	-	-	agent-ae77088874780e716.jsonl	2026-09-05T10:01:26.679Z	claude-opus-5
d8c71c5dfaf3d283	-	ineligible	out-of-family:x-noop	-	-	-	agent-ae77088874780e716.jsonl	2026-09-05T10:01:43.194Z	claude-opus-5
55d43063c66711b4	-	ineligible	out-of-family:x-noop	-	-	-	agent-a26d6ab6a23da2388.jsonl	2026-09-03T21:37:16.545Z	claude-opus-5
1c8b1b492e131de1	-	ineligible	out-of-family:x-noop	-	-	-	agent-a26d6ab6a23da2388.jsonl	2026-09-03T21:38:03.832Z	claude-opus-5
643a5e0f8a7d0210	-	ineligible	out-of-family:x-noop	-	-	-	agent-a26d6ab6a23da2388.jsonl	2026-09-03T21:38:42.063Z	claude-opus-5
f8ecd53f909ac92f	-	ineligible	out-of-family:x-noop	-	-	-	agent-a57ff998f985ea6bf.jsonl	2026-09-04T11:35:00.245Z	claude-opus-5
356741080c471a9f	-	ineligible	out-of-family:x-noop	-	-	-	agent-aab4a75c2025a93f6.jsonl	2026-09-08T09:44:20.519Z	claude-opus-5
66af5dfdc3b622ee	-	ineligible	out-of-family:x-noop	-	-	-	agent-aab4a75c2025a93f6.jsonl	2026-09-08T09:44:40.029Z	claude-opus-5
424d360c1b7b9b26	-	ineligible	out-of-family:x-other	-	-	-	agent-aab4a75c2025a93f6.jsonl	2026-09-08T09:44:56.390Z	claude-opus-5
0bbb2b084a94d0a4	-	ineligible	out-of-family:x-noop	-	-	-	agent-aab4a75c2025a93f6.jsonl	2026-09-08T09:45:22.561Z	claude-opus-5
5b8915079c6187a0	-	ineligible	out-of-family:x-noop	-	-	-	agent-aab4a75c2025a93f6.jsonl	2026-09-08T09:45:40.674Z	claude-opus-5
584bdcb937802cf9	-	ineligible	out-of-family:x-noop	-	-	-	agent-afe79201eba4d05cb.jsonl	2026-09-07T22:27:56.849Z	claude-opus-5
6c68a883e0f3ae63	-	ineligible	out-of-family:x-other	-	-	-	agent-afe79201eba4d05cb.jsonl	2026-09-07T22:28:12.498Z	claude-opus-5
3a8a18c9fff56f0d	-	ineligible	out-of-family:x-noop	-	-	-	agent-afe79201eba4d05cb.jsonl	2026-09-07T22:28:22.242Z	claude-opus-5
76c109af58c3401d	-	ineligible	out-of-family:x-noop	-	-	-	agent-aec8264bd4db1cd4c.jsonl	2026-09-08T21:10:37.398Z	claude-opus-5
95a4c5dbdc3e3062	-	ineligible	out-of-family:x-other	-	-	-	agent-aec8264bd4db1cd4c.jsonl	2026-09-08T21:10:52.806Z	claude-opus-5
d69566ecb20819bd	-	ineligible	out-of-family:x-other	-	-	-	agent-aec8264bd4db1cd4c.jsonl	2026-09-08T21:11:01.802Z	claude-opus-5
0e0928e9c4240c25	-	ineligible	out-of-family:x-noop	-	-	-	agent-aec8264bd4db1cd4c.jsonl	2026-09-08T21:12:00.268Z	claude-opus-5
1e90a210229b2bd7	-	ineligible	out-of-family:x-other	-	-	-	agent-aec8264bd4db1cd4c.jsonl	2026-09-08T21:12:07.524Z	claude-opus-5
b7219a2efcf66a4a	-	ineligible	out-of-family:x-other	-	-	-	agent-aec8264bd4db1cd4c.jsonl	2026-09-08T21:12:19.103Z	claude-opus-5
cfd2590afd6d68b6	-	ineligible	out-of-family:x-noop	-	-	-	agent-aec8264bd4db1cd4c.jsonl	2026-09-08T21:13:31.447Z	claude-opus-5
d01151bc51991992	-	ineligible	out-of-family:x-noop	-	-	-	agent-aec8264bd4db1cd4c.jsonl	2026-09-08T21:20:18.097Z	claude-opus-5
cb6650a3e4613770	-	ineligible	out-of-family:x-noop	-	-	-	17fcdbef-77c6-4998-9e6b-727971ea6cc7.jsonl	2026-09-08T16:40:30.103Z	claude-opus-5
ee033306c5425e66	-	ineligible	out-of-family:x-noop	-	-	-	f9ce4253-9aa0-4713-96e2-06d1908edb70.jsonl	2026-09-08T04:46:07.179Z	claude-opus-5
2ce7e6eb818618d7	-	ineligible	out-of-family:x-noop	-	-	-	bbc59eef-72c9-4baf-bf08-fe40af59f30a.jsonl	2026-09-08T09:33:16.290Z	claude-opus-5
75efb44f62358e2b	-	ineligible	out-of-family:x-noop	-	-	-	2863f3cd-9d63-4897-8c49-e8fb84863b2d.jsonl	2026-09-08T16:56:36.713Z	claude-opus-5
3423b6667eb2eb0f	-	ineligible	out-of-family:x-noop	-	-	-	4f98301f-44a2-4326-9195-762e04c09349.jsonl	2026-09-04T02:43:56.434Z	claude-sonnet-5
cd0644f11ad36813	-	ineligible	out-of-family:x-noop	-	-	-	2450abb7-1f00-4345-af07-a1ee6727aea0.jsonl	2026-09-08T17:57:38.377Z	claude-opus-5
7f5a37cdbe87a615	-	ineligible	out-of-family:x-noop	-	-	-	a6d01892-a7e6-43b4-ac1e-5ae1bb01680f.jsonl	2026-09-08T03:41:27.378Z	claude-opus-5
e13630be803a1cac	-	ineligible	out-of-family:x-noop	-	-	-	a6d01892-a7e6-43b4-ac1e-5ae1bb01680f.jsonl	2026-09-08T03:41:38.176Z	claude-opus-5
af5d8a4e732d9ae6	-	ineligible	out-of-family:x-noop	-	-	-	6616356a-6499-45bd-a9fc-ee49b2522856.jsonl	2026-09-08T16:40:05.667Z	claude-opus-5
5b3290a8f625c1d2	-	ineligible	out-of-family:x-noop	-	-	-	a8b20cbc-67e0-49ab-bf42-c2deeab6e915.jsonl	2026-09-06T04:39:50.356Z	claude-sonnet-5
a2eb979871288468	-	ineligible	out-of-family:x-noop	-	-	-	4eb26ad7-65cf-4c1b-ba4e-63d2bd2480ca.jsonl	2026-09-06T02:08:08.673Z	claude-opus-5
1bfc10ef4065f3f1	-	ineligible	out-of-family:x-noop	-	-	-	07c69a03-9f36-4833-acc9-abeb205ad458.jsonl	2026-09-08T08:35:35.129Z	claude-opus-5
1d1d9ed72c22649b	-	ineligible	out-of-family:x-noop	-	-	-	1c02658e-9657-4ec5-a275-491d58cb9d66.jsonl	2026-09-08T09:16:46.750Z	claude-opus-5
7cbe25e43bc2a3d1	-	ineligible	out-of-family:x-noop	-	-	-	77afb90b-9ce2-478d-87af-8cf8513a7ec3.jsonl	2026-09-04T02:56:25.027Z	claude-sonnet-5
0527bda0035f24b4	-	ineligible	out-of-family:x-noop	-	-	-	1886b06a-b721-43d6-af79-4a0a17dd4cc4.jsonl	2026-09-08T08:46:06.388Z	claude-opus-5
d350036a5b63f7d9	-	ineligible	out-of-family:x-noop	-	-	-	a74345db-552a-49f1-a268-b847e5a548b7.jsonl	2026-09-08T16:53:14.997Z	claude-opus-5
e41fa761e51ef686	-	ineligible	out-of-family:x-noop	-	-	-	186b7301-a6b9-4749-9e2f-c4e2c7d18fce.jsonl	2026-09-08T18:09:41.584Z	claude-opus-5
56d6be242c4809a1	-	ineligible	out-of-family:x-noop	-	-	-	b9906bae-48cc-481c-8395-fce7084f8215.jsonl	2026-09-08T04:23:55.739Z	claude-opus-5
789e5a58f68ed92e	-	ineligible	out-of-family:x-noop	-	-	-	b81f8b11-acdf-42e3-ad3a-40ed06e8a2a3.jsonl	2026-09-04T02:57:44.211Z	claude-sonnet-5
2826b0b8f93a171e	-	ineligible	out-of-family:x-noop	-	-	-	98daffdb-c107-49bf-a660-0bde579583a4.jsonl	2026-09-08T10:09:40.713Z	claude-opus-5
34892a2b6b7b47b7	-	ineligible	out-of-family:x-noop	-	-	-	9a5962ab-3615-4a42-8537-54a26d1365ea.jsonl	2026-09-08T03:32:29.753Z	claude-opus-5
c4050250ac670343	-	ineligible	out-of-family:x-noop	-	-	-	02d54805-188e-43f7-95f7-13be6cad712e.jsonl	2026-09-08T09:45:22.869Z	claude-opus-5
9463af0f3a9fa0a1	-	ineligible	out-of-family:x-noop	-	-	-	5c7350c1-8d19-47cc-b83d-86189a1f498c.jsonl	2026-09-06T04:12:18.036Z	claude-opus-5
5006e3dd68148add	-	ineligible	out-of-family:x-noop	-	-	-	5c7350c1-8d19-47cc-b83d-86189a1f498c.jsonl	2026-09-06T04:13:41.170Z	claude-opus-5
1008b112762e14a0	-	ineligible	out-of-family:x-other	-	-	-	5c7350c1-8d19-47cc-b83d-86189a1f498c.jsonl	2026-09-06T04:20:45.769Z	claude-opus-5
99e668299738c5bd	-	ineligible	out-of-family:x-noop	-	-	-	5c7350c1-8d19-47cc-b83d-86189a1f498c.jsonl	2026-09-06T04:21:32.549Z	claude-opus-5
a0c307b9fc34d47e	-	ineligible	out-of-family:x-noop	-	-	-	0699d529-47a8-49d6-8915-542ca0b3aa7f.jsonl	2026-09-08T03:05:52.569Z	claude-opus-5
3c0d8206e3563e17	-	ineligible	out-of-family:x-noop	-	-	-	0699d529-47a8-49d6-8915-542ca0b3aa7f.jsonl	2026-09-08T03:06:01.155Z	claude-opus-5
5984ff695d488cbd	-	ineligible	out-of-family:x-noop	-	-	-	0699d529-47a8-49d6-8915-542ca0b3aa7f.jsonl	2026-09-08T03:07:17.370Z	claude-opus-5
3d916ebdd00f0618	-	ineligible	out-of-family:x-noop	-	-	-	042f597c-0ca0-4874-ad60-805250b49e26.jsonl	2026-09-10T06:05:13.805Z	claude-opus-5
